question_type,lesson_title,prompt,prompt_image,prompt_audio,correct_answer,option_1,option_2,option_3,option_4,count_emoji_or_image,target_count,target_word,pair_1_left,pair_1_right,pair_2_left,pair_2_right,pair_3_left,pair_3_right


question_type,lesson_title,prompt,prompt_image,prompt_audio,correct_answer,option_1,option_2,option_3,option_4,count_emoji_or_image,target_count,target_word,pair_1_left,pair_1_right,pair_2_left,pair_2_right,pair_3_left,pair_3_right
multiple_choice,PP1-MATH-1.1.1_Dinosaur_Island_Number_Hunt,How many giant T-Rex dinosaurs do you see?,dino_q1.webp,audio_d1.mp3,1,3,1,5,,,1,,,,,,,
multiple_choice,PP1-MATH-1.1.1_Dinosaur_Island_Number_Hunt,What number comes after 2 on Dinosaur Island?,dino_q2.webp,audio_d2.mp3,1,3,1,4,,,1,,,,,,,
multiple_choice,PP1-MATH-1.1.1_Dinosaur_Island_Number_Hunt,Which number is smaller than 4?,dino_q3.webp,audio_d3.mp3,1,2,5,4,,,1,,,,,,,
multiple_choice,PP1-MATH-1.1.1_Dinosaur_Island_Number_Hunt,Count the green dino tracks: 1 2 3... what comes next?,dino_q4.webp,audio_d4.mp3,1,4,1,2,,,1,,,,,,,
multiple_choice,PP1-MATH-1.1.1_Dinosaur_Island_Number_Hunt,What number comes right before 5?,dino_q5.webp,audio_d5.mp3,1,4,2,1,,,1,,,,,,,
multiple_choice,PP1-MATH-1.1.1_Dinosaur_Island_Number_Hunt,Which number means no dinosaurs at all?,dino_q6.webp,audio_d6.mp3,1,0,3,5,,,1,,,,,,,
count_objects,PP1-MATH-1.1.1_Dinosaur_Island_Number_Hunt,Count 4 friendly dinosaurs on the island!,dino_count1.webp,audio_d7.mp3,1,4,2,3,,🦕,4,,,,,,,
count_objects,PP1-MATH-1.1.1_Dinosaur_Island_Number_Hunt,Count 2 big dinosaur eggs in the nest!,dino_count2.webp,audio_d8.mp3,1,2,1,5,,🥚,2,,,,,,,
count_objects,PP1-MATH-1.1.1_Dinosaur_Island_Number_Hunt,Count 5 green palm leaves for dino lunch!,dino_count3.webp,audio_d9.mp3,1,5,3,1,,🌿,5,,,,,,,
speak_repeat,PP1-MATH-1.1.1_Dinosaur_Island_Number_Hunt,Say out loud clearly: THREE DINOSAURS!,speak_d1.webp,audio_d10.mp3,1,Three Dinosaurs,,,,,,Three Dinosaurs,,,,,,,
speak_repeat,PP1-MATH-1.1.1_Dinosaur_Island_Number_Hunt,Say out loud clearly: COUNT TO FIVE!,speak_d2.webp,audio_d11.mp3,1,Count To Five,,,,,,Count To Five,,,,,,,
matching,PP1-MATH-1.1.1_Dinosaur_Island_Number_Hunt,Match numbers to dinosaur items!,,,1,,,,,,,,Dino 🦕,1,Eggs 🥚,2,Trees 🌴,3
matching,PP1-MATH-1.1.1_Dinosaur_Island_Number_Hunt,Match digits on Dinosaur Island!,,,1,,,,,,,,1,1,2,2,3,3
multiple_choice,PP1-MATH-1.1.2_Pirate_Cove_Number_Finder,How many treasure chests are in Pirate Cove?,pirate_q1.webp,audio_p1.mp3,1,5,2,1,,,1,,,,,,,
multiple_choice,PP1-MATH-1.1.2_Pirate_Cove_Number_Finder,What number comes after 3 on the treasure map?,pirate_q2.webp,audio_p2.mp3,1,4,1,2,,,1,,,,,,,
multiple_choice,PP1-MATH-1.1.2_Pirate_Cove_Number_Finder,Which number is bigger: 2 or 5?,pirate_q3.webp,audio_p3.mp3,1,5,2,0,,,1,,,,,,,
multiple_choice,PP1-MATH-1.1.2_Pirate_Cove_Number_Finder,What number comes before 2?,pirate_q4.webp,audio_p4.mp3,1,1,4,5,,,1,,,,,,,
multiple_choice,PP1-MATH-1.1.2_Pirate_Cove_Number_Finder,Count pirate flags: 1 2... what is next?,pirate_q5.webp,audio_p5.mp3,1,3,5,0,,,1,,,,,,,
multiple_choice,PP1-MATH-1.1.2_Pirate_Cove_Number_Finder,Find the number 4 gold coins!,pirate_q6.webp,audio_p6.mp3,1,4,1,3,,,1,,,,,,,
count_objects,PP1-MATH-1.1.2_Pirate_Cove_Number_Finder,Count 3 pirate treasure maps!,pirate_count1.webp,audio_p7.mp3,1,3,1,5,,🗺️,3,,,,,,,
count_objects,PP1-MATH-1.1.2_Pirate_Cove_Number_Finder,Count 5 shiny gold coins in the chest!,pirate_count2.webp,audio_p8.mp3,1,5,2,4,,🪙,5,,,,,,,
count_objects,PP1-MATH-1.1.2_Pirate_Cove_Number_Finder,Count 2 pirate ships sailing the sea!,pirate_count3.webp,audio_p9.mp3,1,2,1,3,,⛵,2,,,,,,,
speak_repeat,PP1-MATH-1.1.2_Pirate_Cove_Number_Finder,Say out loud clearly: FIVE GOLD COINS!,speak_p1.webp,audio_p10.mp3,1,Five Gold Coins,,,,,,Five Gold Coins,,,,,,,
speak_repeat,PP1-MATH-1.1.2_Pirate_Cove_Number_Finder,Say out loud clearly: PIRATE TREASURE NUMBER FOUR!,speak_p2.webp,audio_p11.mp3,1,Pirate Treasure Number Four,,,,,,Pirate Treasure Number Four,,,,,,,
matching,PP1-MATH-1.1.2_Pirate_Cove_Number_Finder,Match pirate objects to count!,,,1,,,,,,,,Map 🗺️,1,Coin 🪙,2,Ship ⛵,3
matching,PP1-MATH-1.1.2_Pirate_Cove_Number_Finder,Match numbers on pirate flags!,,,1,,,,,,,,4,4,5,5,2,2
multiple_choice,PP1-MATH-1.1.3_Space_Station_Countdown_6_to_10,What number comes after 5 in space?,space_q1.webp,audio_s1.mp3,1,6,2,10,,,1,,,,,,,
multiple_choice,PP1-MATH-1.1.3_Space_Station_Countdown_6_to_10,What number comes right before 10 for blastoff?,space_q2.webp,audio_s2.mp3,1,9,6,7,,,1,,,,,,,
multiple_choice,PP1-MATH-1.1.3_Space_Station_Countdown_6_to_10,Count the space rockets: 6 7... what is next?,space_q3.webp,audio_s3.mp3,1,8,10,5,,,1,,,,,,,
multiple_choice,PP1-MATH-1.1.3_Space_Station_Countdown_6_to_10,Which number is bigger: 6 or 9?,space_q4.webp,audio_s4.mp3,1,9,6,1,,,1,,,,,,,
multiple_choice,PP1-MATH-1.1.3_Space_Station_Countdown_6_to_10,What number comes after 7?,space_q5.webp,audio_s5.mp3,1,8,6,10,,,1,,,,,,,
multiple_choice,PP1-MATH-1.1.3_Space_Station_Countdown_6_to_10,Find the space number 10!,space_q6.webp,audio_s6.mp3,1,10,7,8,,,1,,,,,,,
count_objects,PP1-MATH-1.1.3_Space_Station_Countdown_6_to_10,Count 6 glowing rockets on the launchpad!,space_count1.webp,audio_s7.mp3,1,6,5,8,,🚀,6,,,,,,,
count_objects,PP1-MATH-1.1.3_Space_Station_Countdown_6_to_10,Count 8 bright stars in space!,space_count2.webp,audio_s8.mp3,1,8,6,10,,⭐,8,,,,,,,
count_objects,PP1-MATH-1.1.3_Space_Station_Countdown_6_to_10,Count 7 space helmets for astronauts!,space_count3.webp,audio_s9.mp3,1,7,6,9,,🪖,7,,,,,,,
speak_repeat,PP1-MATH-1.1.3_Space_Station_Countdown_6_to_10,Say out loud clearly: COUNTDOWN TEN TO BLASTOFF!,speak_s1.webp,audio_s10.mp3,1,Countdown Ten To Blastoff,,,,,,Countdown Ten To Blastoff,,,,,,,
speak_repeat,PP1-MATH-1.1.3_Space_Station_Countdown_6_to_10,Say out loud clearly: EIGHT SHINY STARS!,speak_s2.webp,audio_s11.mp3,1,Eight Shiny Stars,,,,,,Eight Shiny Stars,,,,,,,
matching,PP1-MATH-1.1.3_Space_Station_Countdown_6_to_10,Match space items to count!,,,1,,,,,,,,Rocket 🚀,6,Star ⭐,7,Moon 🌙,8
matching,PP1-MATH-1.1.3_Space_Station_Countdown_6_to_10,Match space countdown numbers!,,,1,,,,,,,,8,8,9,9,10,10
multiple_choice,PP1-MATH-1.1.4_Circus_Carnival_Numbers_11_to_15,What number comes after 10 at the circus?,circus_q1.webp,audio_c1.mp3,1,11,15,8,,,1,,,,,,,
multiple_choice,PP1-MATH-1.1.4_Circus_Carnival_Numbers_11_to_15,What number comes after 12?,circus_q2.webp,audio_c2.mp3,1,13,11,14,,,1,,,,,,,
multiple_choice,PP1-MATH-1.1.4_Circus_Carnival_Numbers_11_to_15,Which number is bigger: 11 or 15?,circus_q3.webp,audio_c3.mp3,1,15,11,10,,,1,,,,,,,
multiple_choice,PP1-MATH-1.1.4_Circus_Carnival_Numbers_11_to_15,What number comes right before 15?,circus_q4.webp,audio_c4.mp3,1,14,12,11,,,1,,,,,,,
multiple_choice,PP1-MATH-1.1.4_Circus_Carnival_Numbers_11_to_15,Count clown shoes: 11 12 13... what is next?,circus_q5.webp,audio_c5.mp3,1,14,15,10,,,1,,,,,,,
multiple_choice,PP1-MATH-1.1.4_Circus_Carnival_Numbers_11_to_15,Find circus number 12!,circus_q6.webp,audio_c6.mp3,1,12,14,15,,,1,,,,,,,
count_objects,PP1-MATH-1.1.4_Circus_Carnival_Numbers_11_to_15,Count 11 bright circus balloons!,circus_count1.webp,audio_c7.mp3,1,11,10,13,,🎈,11,,,,,,,
count_objects,PP1-MATH-1.1.4_Circus_Carnival_Numbers_11_to_15,Count 13 juggling balls in the air!,circus_count2.webp,audio_c8.mp3,1,13,11,14,,🤹,13,,,,,,,
count_objects,PP1-MATH-1.1.4_Circus_Carnival_Numbers_11_to_15,Count 12 circus clown hats!,circus_count3.webp,audio_c9.mp3,1,12,11,15,,🎪,12,,,,,,,
speak_repeat,PP1-MATH-1.1.4_Circus_Carnival_Numbers_11_to_15,Say out loud clearly: ELEVEN BALLOONS AT THE CIRCUS!,speak_c1.webp,audio_c10.mp3,1,Eleven Balloons At The Circus,,,,,,Eleven Balloons At The Circus,,,,,,,
speak_repeat,PP1-MATH-1.1.4_Circus_Carnival_Numbers_11_to_15,Say out loud clearly: FIFTEEN JUGGLING BALLS!,speak_c2.webp,audio_c11.mp3,1,Fifteen Juggling Balls,,,,,,Fifteen Juggling Balls,,,,,,,
matching,PP1-MATH-1.1.4_Circus_Carnival_Numbers_11_to_15,Match circus numbers!,,,1,,,,,,,,11,11,12,12,13,13
matching,PP1-MATH-1.1.4_Circus_Carnival_Numbers_11_to_15,Match carnival circus numbers!,,,1,,,,,,,,13,13,14,14,15,15
multiple_choice,PP1-MATH-1.1.5_Underwater_Reef_Numbers_16_to_20,What number comes after 15 underwater?,reef_q1.webp,audio_r1.mp3,1,16,18,20,,,1,,,,,,,
multiple_choice,PP1-MATH-1.1.5_Underwater_Reef_Numbers_16_to_20,What number comes right after 19?,reef_q2.webp,audio_r2.mp3,1,20,16,17,,,1,,,,,,,
multiple_choice,PP1-MATH-1.1.5_Underwater_Reef_Numbers_16_to_20,Which number is smaller: 16 or 20?,reef_q3.webp,audio_r3.mp3,1,16,20,19,,,1,,,,,,,
multiple_choice,PP1-MATH-1.1.5_Underwater_Reef_Numbers_16_to_20,Count sea shells: 16 17... what comes next?,reef_q4.webp,audio_r4.mp3,1,18,20,15,,,1,,,,,,,
multiple_choice,PP1-MATH-1.1.5_Underwater_Reef_Numbers_16_to_20,What number comes right before 20?,reef_q5.webp,audio_r5.mp3,1,19,17,16,,,1,,,,,,,
multiple_choice,PP1-MATH-1.1.5_Underwater_Reef_Numbers_16_to_20,Find ocean reef number 17!,reef_q6.webp,audio_r6.mp3,1,17,19,16,,,1,,,,,,,
count_objects,PP1-MATH-1.1.5_Underwater_Reef_Numbers_16_to_20,Count 16 colorful reef fish!,reef_count1.webp,audio_r7.mp3,1,16,15,18,,🐟,16,,,,,,,
count_objects,PP1-MATH-1.1.5_Underwater_Reef_Numbers_16_to_20,Count 20 sea bubbles underwater!,reef_count2.webp,audio_r8.mp3,1,20,18,19,,🫧,20,,,,,,,
count_objects,PP1-MATH-1.1.5_Underwater_Reef_Numbers_16_to_20,Count 17 sea starfish on the reef!,reef_count3.webp,audio_r9.mp3,1,17,16,19,,⭐,17,,,,,,,
speak_repeat,PP1-MATH-1.1.5_Underwater_Reef_Numbers_16_to_20,Say out loud clearly: SIXTEEN SWIMMING FISH!,speak_r1.webp,audio_r10.mp3,1,Sixteen Swimming Fish,,,,,,Sixteen Swimming Fish,,,,,,,
speak_repeat,PP1-MATH-1.1.5_Underwater_Reef_Numbers_16_to_20,Say out loud clearly: TWENTY OCEAN BUBBLES!,speak_r2.webp,audio_r11.mp3,1,Twenty Ocean Bubbles,,,,,,Twenty Ocean Bubbles,,,,,,,
matching,PP1-MATH-1.1.5_Underwater_Reef_Numbers_16_to_20,Match ocean reef numbers!,,,1,,,,,,,,16,16,17,17,18,18
matching,PP1-MATH-1.1.5_Underwater_Reef_Numbers_16_to_20,Match big ocean numbers!,,,1,,,,,,,,18,18,19,19,20,20
multiple_choice,PP1-MATH-1.1.6_Zero_Hero_Empty_Nest_Concept,Which number stands for empty or nothing?,zero_q1.webp,audio_z1.mp3,1,0,1,5,,,1,,,,,,,
multiple_choice,PP1-MATH-1.1.6_Zero_Hero_Empty_Nest_Concept,How many birds are in an empty nest?,zero_q2.webp,audio_z2.mp3,1,0,3,2,,,1,,,,,,,
multiple_choice,PP1-MATH-1.1.6_Zero_Hero_Empty_Nest_Concept,If you eat all 3 apples how many are left?,zero_q3.webp,audio_z3.mp3,1,0,1,3,,,1,,,,,,,
multiple_choice,PP1-MATH-1.1.6_Zero_Hero_Empty_Nest_Concept,Zero Hero means having how many items?,zero_q4.webp,audio_z4.mp3,1,NONE,MANY,SOME,,,1,,,,,,,
multiple_choice,PP1-MATH-1.1.6_Zero_Hero_Empty_Nest_Concept,Which basket is empty?,zero_q5.webp,audio_z5.mp3,1,0,4,2,,,1,,,,,,,
multiple_choice,PP1-MATH-1.1.6_Zero_Hero_Empty_Nest_Concept,What number comes before 1?,zero_q6.webp,audio_z6.mp3,1,0,2,3,,,1,,,,,,,
count_objects,PP1-MATH-1.1.6_Zero_Hero_Empty_Nest_Concept,Count 0 eggs in the empty nest!,zero_count1.webp,audio_z7.mp3,1,0,1,2,,🪹,0,,,,,,,
count_objects,PP1-MATH-1.1.6_Zero_Hero_Empty_Nest_Concept,Count 3 birds sitting in the nest!,zero_count2.webp,audio_z8.mp3,1,3,0,4,,🐦,3,,,,,,,
count_objects,PP1-MATH-1.1.6_Zero_Hero_Empty_Nest_Concept,Count 0 apples on the empty tree branch!,zero_count3.webp,audio_z9.mp3,1,0,2,1,,🌿,0,,,,,,,
speak_repeat,PP1-MATH-1.1.6_Zero_Hero_Empty_Nest_Concept,Say out loud clearly: ZERO MEANS NOTHING AT ALL!,speak_z1.webp,audio_z10.mp3,1,Zero Means Nothing At All,,,,,,Zero Means Nothing At All,,,,,,,
speak_repeat,PP1-MATH-1.1.6_Zero_Hero_Empty_Nest_Concept,Say out loud clearly: ZERO HERO EMPTY NEST!,speak_z2.webp,audio_z11.mp3,1,Zero Hero Empty Nest,,,,,,Zero Hero Empty Nest,,,,,,,
matching,PP1-MATH-1.1.6_Zero_Hero_Empty_Nest_Concept,Match numbers to concept!,,,1,,,,,,,,0,NONE,1,ONE,3,THREE
matching,PP1-MATH-1.1.6_Zero_Hero_Empty_Nest_Concept,Match zero hero symbols!,,,1,,,,,,,,0,0,🪹,EMPTY,NONE,0
multiple_choice,PP1-MATH-1.1.7_Before_After_Number_Line_0_to_20,On the number line what comes right after 7?,line_q1.webp,audio_l1.mp3,1,8,6,10,,,1,,,,,,,
multiple_choice,PP1-MATH-1.1.7_Before_After_Number_Line_0_to_20,What number comes right before 10?,line_q2.webp,audio_l2.mp3,1,9,11,8,,,1,,,,,,,
multiple_choice,PP1-MATH-1.1.7_Before_After_Number_Line_0_to_20,What number comes after 14?,line_q3.webp,audio_l3.mp3,1,15,13,12,,,1,,,,,,,
multiple_choice,PP1-MATH-1.1.7_Before_After_Number_Line_0_to_20,What number comes right before 20?,line_q4.webp,audio_l4.mp3,1,19,18,17,,,1,,,,,,,
multiple_choice,PP1-MATH-1.1.7_Before_After_Number_Line_0_to_20,What number is between 3 and 5?,line_q5.webp,audio_l5.mp3,1,4,2,6,,,1,,,,,,,
multiple_choice,PP1-MATH-1.1.7_Before_After_Number_Line_0_to_20,What number is between 11 and 13?,line_q6.webp,audio_l6.mp3,1,12,10,14,,,1,,,,,,,
count_objects,PP1-MATH-1.1.7_Before_After_Number_Line_0_to_20,Count 6 steps along the number line!,line_count1.webp,audio_l7.mp3,1,6,5,7,,🐾,6,,,,,,,
count_objects,PP1-MATH-1.1.7_Before_After_Number_Line_0_to_20,Count 10 markers on the track!,line_count2.webp,audio_l8.mp3,1,10,9,11,,🚩,10,,,,,,,
count_objects,PP1-MATH-1.1.7_Before_After_Number_Line_0_to_20,Count 4 hops forward on the line!,line_count3.webp,audio_l9.mp3,1,4,3,5,,🐸,4,,,,,,,
speak_repeat,PP1-MATH-1.1.7_Before_After_Number_Line_0_to_20,Say out loud clearly: EIGHT COMES AFTER SEVEN!,speak_l1.webp,audio_l10.mp3,1,Eight Comes After Seven,,,,,,Eight Comes After Seven,,,,,,,
speak_repeat,PP1-MATH-1.1.7_Before_After_Number_Line_0_to_20,Say out loud clearly: NINE COMES BEFORE TEN!,speak_l2.webp,audio_l11.mp3,1,Nine Comes Before Ten,,,,,,Nine Comes Before Ten,,,,,,,
matching,PP1-MATH-1.1.7_Before_After_Number_Line_0_to_20,Match before and after numbers!,,,1,,,,,,,,Before 5,4,After 5,6,After 9,10
matching,PP1-MATH-1.1.7_Before_After_Number_Line_0_to_20,Match number line neighbors!,,,1,,,,,,,,11,12,14,15,18,19
multiple_choice,PP1-MATH-1.1.8_More_Less_Equal_Quantity_Showdown,5 apples and 2 apples: Which group has MORE?,cmp_q1.webp,audio_m1.mp3,1,MORE,LESS,EQUAL,,,1,,,,,,,
multiple_choice,PP1-MATH-1.1.8_More_Less_Equal_Quantity_Showdown,1 banana and 4 bananas: Which group has LESS?,cmp_q2.webp,audio_m2.mp3,1,LESS,MORE,EQUAL,,,1,,,,,,,
multiple_choice,PP1-MATH-1.1.8_More_Less_Equal_Quantity_Showdown,3 frogs and 3 frogs: The groups are...?,cmp_q3.webp,audio_m3.mp3,1,EQUAL,MORE,LESS,,,1,,,,,,,
multiple_choice,PP1-MATH-1.1.8_More_Less_Equal_Quantity_Showdown,Which is MORE: 8 or 3?,cmp_q4.webp,audio_m4.mp3,1,8,3,EQUAL,,,1,,,,,,,
multiple_choice,PP1-MATH-1.1.8_More_Less_Equal_Quantity_Showdown,Which is LESS: 2 or 7?,cmp_q5.webp,audio_m5.mp3,1,2,7,EQUAL,,,1,,,,,,,
multiple_choice,PP1-MATH-1.1.8_More_Less_Equal_Quantity_Showdown,4 stars and 4 stars are...?,cmp_q6.webp,audio_m6.mp3,1,EQUAL,MORE,LESS,,,1,,,,,,,
count_objects,PP1-MATH-1.1.8_More_Less_Equal_Quantity_Showdown,Count 5 apples in the big group!,cmp_count1.webp,audio_m7.mp3,1,5,3,2,,🍎,5,,,,,,,
count_objects,PP1-MATH-1.1.8_More_Less_Equal_Quantity_Showdown,Count 2 apples in the small group!,cmp_count2.webp,audio_m8.mp3,1,2,5,4,,🍎,2,,,,,,,
count_objects,PP1-MATH-1.1.8_More_Less_Equal_Quantity_Showdown,Count 4 star stickers showing equal sets!,cmp_count3.webp,audio_m9.mp3,1,4,2,6,,⭐,4,,,,,,,
speak_repeat,PP1-MATH-1.1.8_More_Less_Equal_Quantity_Showdown,Say out loud clearly: FIVE IS MORE THAN TWO!,speak_m1.webp,audio_m10.mp3,1,Five Is More Than Two,,,,,,Five Is More Than Two,,,,,,,
speak_repeat,PP1-MATH-1.1.8_More_Less_Equal_Quantity_Showdown,Say out loud clearly: THREE AND THREE ARE EQUAL!,speak_m2.webp,audio_m11.mp3,1,Three And Three Are Equal,,,,,,Three And Three Are Equal,,,,,,,
matching,PP1-MATH-1.1.8_More_Less_Equal_Quantity_Showdown,Match quantity terms!,,,1,,,,,,,,5 vs 2,MORE,1 vs 4,LESS,3 vs 3,EQUAL
matching,PP1-MATH-1.1.8_More_Less_Equal_Quantity_Showdown,Match group comparisons!,,,1,,,,,,,,10,MORE,2,LESS,5,EQUAL
multiple_choice,PP1-MATH-1.1.9_Skip_Counting_by_2s_Safari,Skip count by 2s: 2 4... what comes next?,skip_q1.webp,audio_sk1.mp3,1,6,5,3,,,1,,,,,,,
multiple_choice,PP1-MATH-1.1.9_Skip_Counting_by_2s_Safari,Skip count by 2s: 2 4 6... what comes next?,skip_q2.webp,audio_sk2.mp3,1,8,7,9,,,1,,,,,,,
multiple_choice,PP1-MATH-1.1.9_Skip_Counting_by_2s_Safari,Skip count by 2s: 2 4 6 8... what comes next?,skip_q3.webp,audio_sk3.mp3,1,10,9,11,,,1,,,,,,,
multiple_choice,PP1-MATH-1.1.9_Skip_Counting_by_2s_Safari,What is the first number when skip counting by 2s?,skip_q4.webp,audio_sk4.mp3,1,2,1,0,,,1,,,,,,,
multiple_choice,PP1-MATH-1.1.9_Skip_Counting_by_2s_Safari,When we skip count by 2s we add how many each time?,skip_q5.webp,audio_sk5.mp3,1,2,1,5,,,1,,,,,,,
multiple_choice,PP1-MATH-1.1.9_Skip_Counting_by_2s_Safari,Which number is in the 2s count: 2 4 6...?,skip_q6.webp,audio_sk6.mp3,1,8,3,5,,,1,,,,,,,
count_objects,PP1-MATH-1.1.9_Skip_Counting_by_2s_Safari,Count 4 safari zebras in pairs of 2!,skip_count1.webp,audio_sk7.mp3,1,4,2,6,,🦓,4,,,,,,,
count_objects,PP1-MATH-1.1.9_Skip_Counting_by_2s_Safari,Count 6 safari lions in pairs of 2!,skip_count2.webp,audio_sk8.mp3,1,6,4,8,,🦁,6,,,,,,,
count_objects,PP1-MATH-1.1.9_Skip_Counting_by_2s_Safari,Count 8 safari elephants in pairs of 2!,skip_count3.webp,audio_sk9.mp3,1,8,6,10,,🐘,8,,,,,,,
speak_repeat,PP1-MATH-1.1.9_Skip_Counting_by_2s_Safari,Say out loud clearly: TWO FOUR SIX EIGHT TEN!,speak_sk1.webp,audio_sk10.mp3,1,Two Four Six Eight Ten,,,,,,Two Four Six Eight Ten,,,,,,,
speak_repeat,PP1-MATH-1.1.9_Skip_Counting_by_2s_Safari,Say out loud clearly: SKIP COUNTING BY TWOS!,speak_sk2.webp,audio_sk11.mp3,1,Skip Counting By Twos,,,,,,Skip Counting By Twos,,,,,,,
matching,PP1-MATH-1.1.9_Skip_Counting_by_2s_Safari,Match skip counting steps!,,,1,,,,,,,,2,4,6,8,8,10
matching,PP1-MATH-1.1.9_Skip_Counting_by_2s_Safari,Match 2s pattern numbers!,,,1,,,,,,,,2,2,6,6,10,10
multiple_choice,PP1-MATH-1.1.10_Numbers_0_to_20_Grand_Master,What number comes after 19?,gm_q1.webp,audio_g1.mp3,1,20,18,15,,,1,,,,,,,
multiple_choice,PP1-MATH-1.1.10_Numbers_0_to_20_Grand_Master,Which number means empty set?,gm_q2.webp,audio_g2.mp3,1,0,10,20,,,1,,,,,,,
multiple_choice,PP1-MATH-1.1.10_Numbers_0_to_20_Grand_Master,What number comes between 14 and 16?,gm_q3.webp,audio_g3.mp3,1,15,13,17,,,1,,,,,,,
multiple_choice,PP1-MATH-1.1.10_Numbers_0_to_20_Grand_Master,Which number is the biggest: 5 12 or 18?,gm_q4.webp,audio_g4.mp3,1,18,12,5,,,1,,,,,,,
multiple_choice,PP1-MATH-1.1.10_Numbers_0_to_20_Grand_Master,Count by 2s: 2 4 6 8... what is next?,gm_q5.webp,audio_g5.mp3,1,10,9,12,,,1,,,,,,,
multiple_choice,PP1-MATH-1.1.10_Numbers_0_to_20_Grand_Master,What number comes right before 1?,gm_q6.webp,audio_g6.mp3,1,0,2,3,,,1,,,,,,,
count_objects,PP1-MATH-1.1.10_Numbers_0_to_20_Grand_Master,Count 15 grand master stars!,gm_count1.webp,audio_g7.mp3,1,15,12,18,,⭐,15,,,,,,,
count_objects,PP1-MATH-1.1.10_Numbers_0_to_20_Grand_Master,Count 20 golden master trophies!,gm_count2.webp,audio_g8.mp3,1,20,15,19,,🏆,20,,,,,,,
count_objects,PP1-MATH-1.1.10_Numbers_0_to_20_Grand_Master,Count 10 winner badges!,gm_count3.webp,audio_g9.mp3,1,10,8,12,,🥇,10,,,,,,,
speak_repeat,PP1-MATH-1.1.10_Numbers_0_to_20_Grand_Master,Say out loud clearly: I AM A NUMBER GRAND MASTER!,speak_g1.webp,audio_g10.mp3,1,I Am A Number Grand Master,,,,,,I Am A Number Grand Master,,,,,,,
speak_repeat,PP1-MATH-1.1.10_Numbers_0_to_20_Grand_Master,Say out loud clearly: I CAN COUNT FROM ZERO TO TWENTY!,speak_g2.webp,audio_g11.mp3,1,I Can Count From Zero To Twenty,,,,,,I Can Count From Zero To Twenty,,,,,,,
matching,PP1-MATH-1.1.10_Numbers_0_to_20_Grand_Master,Match grand master numbers!,,,1,,,,,,,,5,5,15,15,20,20
matching,PP1-MATH-1.1.10_Numbers_0_to_20_Grand_Master,Match count symbols!,,,1,,,,,,,,0,0,10,10,20,20
multiple_choice,PP1-MATH-2.1.11_Addition_Adding_1_More_Safari,You have 3 lions and get 1 more lion. How many now?,add1_q1.webp,audio_a1.mp3,1,4,3,5,,,1,,,,,,,
multiple_choice,PP1-MATH-2.1.11_Addition_Adding_1_More_Safari,What is 5 plus 1 more?,add1_q2.webp,audio_a2.mp3,1,6,5,7,,,1,,,,,,,
multiple_choice,PP1-MATH-2.1.11_Addition_Adding_1_More_Safari,You have 2 zebras and 1 more joins. How many total?,add1_q3.webp,audio_a3.mp3,1,3,2,4,,,1,,,,,,,
multiple_choice,PP1-MATH-2.1.11_Addition_Adding_1_More_Safari,What is 4 plus 1 more?,add1_q4.webp,audio_a4.mp3,1,5,4,6,,,1,,,,,,,
multiple_choice,PP1-MATH-2.1.11_Addition_Adding_1_More_Safari,You have 1 monkey and get 1 more. How many now?,add1_q5.webp,audio_a5.mp3,1,2,1,3,,,1,,,,,,,
multiple_choice,PP1-MATH-2.1.11_Addition_Adding_1_More_Safari,What is 6 plus 1 more?,add1_q6.webp,audio_a6.mp3,1,7,6,8,,,1,,,,,,,
count_objects,PP1-MATH-2.1.11_Addition_Adding_1_More_Safari,Count 4 lions total after adding 1 more!,add1_count1.webp,audio_a7.mp3,1,4,3,5,,🦁,4,,,,,,,
count_objects,PP1-MATH-2.1.11_Addition_Adding_1_More_Safari,Count 6 safari trees total after adding 1 more!,add1_count2.webp,audio_a8.mp3,1,6,5,7,,🌴,6,,,,,,,
count_objects,PP1-MATH-2.1.11_Addition_Adding_1_More_Safari,Count 3 giraffes total after adding 1 more!,add1_count3.webp,audio_a9.mp3,1,3,2,4,,🦒,3,,,,,,,
speak_repeat,PP1-MATH-2.1.11_Addition_Adding_1_More_Safari,Say out loud clearly: THREE PLUS ONE EQUALS FOUR!,speak_a1.webp,audio_a10.mp3,1,Three Plus One Equals Four,,,,,,Three Plus One Equals Four,,,,,,,
speak_repeat,PP1-MATH-2.1.11_Addition_Adding_1_More_Safari,Say out loud clearly: ADDING ONE MORE MAKES IT BIGGER!,speak_a2.webp,audio_a11.mp3,1,Adding One More Makes It Bigger,,,,,,Adding One More Makes It Bigger,,,,,,,
matching,PP1-MATH-2.1.11_Addition_Adding_1_More_Safari,Match addition 1 more equations!,,,1,,,,,,,,3+1,4,5+1,6,2+1,3
matching,PP1-MATH-2.1.11_Addition_Adding_1_More_Safari,Match sum results!,,,1,,,,,,,,4+1,5,1+1,2,6+1,7
multiple_choice,PP1-MATH-2.1.12_Addition_Adding_2_More_Dino_Eggs,You have 2 dino eggs and find 2 more. How many now?,add2_q1.webp,audio_ae1.mp3,1,4,2,6,,,1,,,,,,,
multiple_choice,PP1-MATH-2.1.12_Addition_Adding_2_More_Dino_Eggs,What is 4 plus 2 more?,add2_q2.webp,audio_ae2.mp3,1,6,4,5,,,1,,,,,,,
multiple_choice,PP1-MATH-2.1.12_Addition_Adding_2_More_Dino_Eggs,You have 3 dino eggs and get 2 more. How many total?,add2_q3.webp,audio_ae3.mp3,1,5,3,6,,,1,,,,,,,
multiple_choice,PP1-MATH-2.1.12_Addition_Adding_2_More_Dino_Eggs,What is 1 plus 2 more?,add2_q4.webp,audio_ae4.mp3,1,3,1,4,,,1,,,,,,,
multiple_choice,PP1-MATH-2.1.12_Addition_Adding_2_More_Dino_Eggs,What is 5 plus 2 more?,add2_q5.webp,audio_ae5.mp3,1,7,5,8,,,1,,,,,,,
multiple_choice,PP1-MATH-2.1.12_Addition_Adding_2_More_Dino_Eggs,You have 0 eggs and get 2 more. How many now?,add2_q6.webp,audio_ae6.mp3,1,2,0,3,,,1,,,,,,,
count_objects,PP1-MATH-2.1.12_Addition_Adding_2_More_Dino_Eggs,Count 4 total dino eggs after adding 2 more!,add2_count1.webp,audio_ae7.mp3,1,4,2,5,,🥚,4,,,,,,,
count_objects,PP1-MATH-2.1.12_Addition_Adding_2_More_Dino_Eggs,Count 6 total green dinosaurs after adding 2 more!,add2_count2.webp,audio_ae8.mp3,1,6,4,7,,🦕,6,,,,,,,
count_objects,PP1-MATH-2.1.12_Addition_Adding_2_More_Dino_Eggs,Count 5 total dino footprints!,add2_count3.webp,audio_ae9.mp3,1,5,3,6,,🐾,5,,,,,,,
speak_repeat,PP1-MATH-2.1.12_Addition_Adding_2_More_Dino_Eggs,Say out loud clearly: TWO PLUS TWO EQUALS FOUR!,speak_ae1.webp,audio_ae10.mp3,1,Two Plus Two Equals Four,,,,,,Two Plus Two Equals Four,,,,,,,
speak_repeat,PP1-MATH-2.1.12_Addition_Adding_2_More_Dino_Eggs,Say out loud clearly: FOUR PLUS TWO EQUALS SIX!,speak_ae2.webp,audio_ae11.mp3,1,Four Plus Two Equals Six,,,,,,Four Plus Two Equals Six,,,,,,,
matching,PP1-MATH-2.1.12_Addition_Adding_2_More_Dino_Eggs,Match adding 2 equations!,,,1,,,,,,,,2+2,4,4+2,6,3+2,5
matching,PP1-MATH-2.1.12_Addition_Adding_2_More_Dino_Eggs,Match 2 more sums!,,,1,,,,,,,,1+2,3,5+2,7,0+2,2
multiple_choice,PP1-MATH-2.1.13_Addition_Combining_Sets_Sum_to_5,Combine 2 red apples and 1 green apple. Total?,sum5_q1.webp,audio_s51.mp3,1,3,2,4,,,1,,,,,,,
multiple_choice,PP1-MATH-2.1.13_Addition_Combining_Sets_Sum_to_5,Combine 3 stars and 2 stars. Total?,sum5_q2.webp,audio_s52.mp3,1,5,3,4,,,1,,,,,,,
multiple_choice,PP1-MATH-2.1.13_Addition_Combining_Sets_Sum_to_5,What is 1 plus 4?,sum5_q3.webp,audio_s53.mp3,1,5,4,2,,,1,,,,,,,
multiple_choice,PP1-MATH-2.1.13_Addition_Combining_Sets_Sum_to_5,Combine 2 balls and 2 balls. Total?,sum5_q4.webp,audio_s54.mp3,1,4,2,3,,,1,,,,,,,
multiple_choice,PP1-MATH-2.1.13_Addition_Combining_Sets_Sum_to_5,Combine 1 fish and 1 fish. Total?,sum5_q5.webp,audio_s55.mp3,1,2,1,3,,,1,,,,,,,
multiple_choice,PP1-MATH-2.1.13_Addition_Combining_Sets_Sum_to_5,What is 0 plus 5?,sum5_q6.webp,audio_s56.mp3,1,5,0,4,,,1,,,,,,,
count_objects,PP1-MATH-2.1.13_Addition_Combining_Sets_Sum_to_5,Count 5 combined items in the set!,sum5_count1.webp,audio_s57.mp3,1,5,3,4,,🍎,5,,,,,,,
count_objects,PP1-MATH-2.1.13_Addition_Combining_Sets_Sum_to_5,Count 3 combined stars in the set!,sum5_count2.webp,audio_s58.mp3,1,3,2,4,,⭐,3,,,,,,,
count_objects,PP1-MATH-2.1.13_Addition_Combining_Sets_Sum_to_5,Count 4 combined toy blocks!,sum5_count3.webp,audio_s59.mp3,1,4,2,5,,🧱,4,,,,,,,
speak_repeat,PP1-MATH-2.1.13_Addition_Combining_Sets_Sum_to_5,Say out loud clearly: THREE PLUS TWO EQUALS FIVE!,speak_s51.webp,audio_s510.mp3,1,Three Plus Two Equals Five,,,,,,Three Plus Two Equals Five,,,,,,,
speak_repeat,PP1-MATH-2.1.13_Addition_Combining_Sets_Sum_to_5,Say out loud clearly: COMBINING SETS MAKES A TOTAL!,speak_s52.webp,audio_s511.mp3,1,Combining Sets Makes A Total,,,,,,Combining Sets Makes A Total,,,,,,,
matching,PP1-MATH-2.1.13_Addition_Combining_Sets_Sum_to_5,Match sets with sum to 5!,,,1,,,,,,,,3+2,5,1+4,5,2+2,4
matching,PP1-MATH-2.1.13_Addition_Combining_Sets_Sum_to_5,Match simple set additions!,,,1,,,,,,,,2+1,3,1+1,2,0+5,5
multiple_choice,PP1-MATH-2.1.14_Addition_Combining_Sets_Sum_to_10,Combine 5 blue cars and 5 red cars. Total?,sum10_q1.webp,audio_s101.mp3,1,10,5,8,,,1,,,,,,,
multiple_choice,PP1-MATH-2.1.14_Addition_Combining_Sets_Sum_to_10,What is 6 plus 4?,sum10_q2.webp,audio_s102.mp3,1,10,6,9,,,1,,,,,,,
multiple_choice,PP1-MATH-2.1.14_Addition_Combining_Sets_Sum_to_10,Combine 7 stars and 2 stars. Total?,sum10_q3.webp,audio_s103.mp3,1,9,7,10,,,1,,,,,,,
multiple_choice,PP1-MATH-2.1.14_Addition_Combining_Sets_Sum_to_10,What is 8 plus 2?,sum10_q4.webp,audio_s104.mp3,1,10,8,6,,,1,,,,,,,
multiple_choice,PP1-MATH-2.1.14_Addition_Combining_Sets_Sum_to_10,Combine 4 birds and 3 birds. Total?,sum10_q5.webp,audio_s105.mp3,1,7,4,8,,,1,,,,,,,
multiple_choice,PP1-MATH-2.1.14_Addition_Combining_Sets_Sum_to_10,What is 9 plus 1?,sum10_q6.webp,audio_s106.mp3,1,10,9,8,,,1,,,,,,,
count_objects,PP1-MATH-2.1.14_Addition_Combining_Sets_Sum_to_10,Count 10 total cars combined in the set!,sum10_count1.webp,audio_s107.mp3,1,10,8,9,,🚗,10,,,,,,,
count_objects,PP1-MATH-2.1.14_Addition_Combining_Sets_Sum_to_10,Count 8 total fish combined underwater!,sum10_count2.webp,audio_s108.mp3,1,8,6,10,,🐟,8,,,,,,,
count_objects,PP1-MATH-2.1.14_Addition_Combining_Sets_Sum_to_10,Count 9 total balloons in the sky!,sum10_count3.webp,audio_s109.mp3,1,9,7,10,,🎈,9,,,,,,,
speak_repeat,PP1-MATH-2.1.14_Addition_Combining_Sets_Sum_to_10,Say out loud clearly: FIVE PLUS FIVE EQUALS TEN!,speak_s101.webp,audio_s1010.mp3,1,Five Plus Five Equals Ten,,,,,,Five Plus Five Equals Ten,,,,,,,
speak_repeat,PP1-MATH-2.1.14_Addition_Combining_Sets_Sum_to_10,Say out loud clearly: EIGHT PLUS TWO EQUALS TEN!,speak_s102.webp,audio_s1011.mp3,1,Eight Plus Two Equals Ten,,,,,,Eight Plus Two Equals Ten,,,,,,,
matching,PP1-MATH-2.1.14_Addition_Combining_Sets_Sum_to_10,Match equations summing to 10!,,,1,,,,,,,,5+5,10,6+4,10,8+2,10
matching,PP1-MATH-2.1.14_Addition_Combining_Sets_Sum_to_10,Match combined sets up to 10!,,,1,,,,,,,,7+2,9,4+3,7,9+1,10
multiple_choice,PP1-MATH-2.1.15_Addition_Word_Story_Problems_Sum_10,Sam has 3 apples. Pam gives him 2 more. Total?,story_q1.webp,audio_st1.mp3,1,5,3,2,,,1,,,,,,,
multiple_choice,PP1-MATH-2.1.15_Addition_Word_Story_Problems_Sum_10,4 birds on a tree. 4 more fly in. How many now?,story_q2.webp,audio_st2.mp3,1,8,4,6,,,1,,,,,,,
multiple_choice,PP1-MATH-2.1.15_Addition_Word_Story_Problems_Sum_10,Leo has 6 toy cars. He gets 1 more. How many total?,story_q3.webp,audio_st3.mp3,1,7,6,8,,,1,,,,,,,
multiple_choice,PP1-MATH-2.1.15_Addition_Word_Story_Problems_Sum_10,5 fish in a pond. 3 more swim over. Total?,story_q4.webp,audio_st4.mp3,1,8,5,7,,,1,,,,,,,
multiple_choice,PP1-MATH-2.1.15_Addition_Word_Story_Problems_Sum_10,2 cats on a wall. 3 more join. How many now?,story_q5.webp,audio_st5.mp3,1,5,2,4,,,1,,,,,,,
multiple_choice,PP1-MATH-2.1.15_Addition_Word_Story_Problems_Sum_10,7 stars shine. 3 more appear. How many total?,story_q6.webp,audio_st6.mp3,1,10,7,9,,,1,,,,,,,
count_objects,PP1-MATH-2.1.15_Addition_Word_Story_Problems_Sum_10,Count 5 story apples in Sam's basket!,story_count1.webp,audio_st7.mp3,1,5,3,4,,🍎,5,,,,,,,
count_objects,PP1-MATH-2.1.15_Addition_Word_Story_Problems_Sum_10,Count 8 total story birds on the branch!,story_count2.webp,audio_st8.mp3,1,8,6,10,,🐦,8,,,,,,,
count_objects,PP1-MATH-2.1.15_Addition_Word_Story_Problems_Sum_10,Count 10 total shiny story stars!,story_count3.webp,audio_st9.mp3,1,10,7,9,,⭐,10,,,,,,,
speak_repeat,PP1-MATH-2.1.15_Addition_Word_Story_Problems_Sum_10,Say out loud clearly: THREE PLUS TWO IS FIVE APPLES!,speak_st1.webp,audio_st10.mp3,1,Three Plus Two Is Five Apples,,,,,,Three Plus Two Is Five Apples,,,,,,,
speak_repeat,PP1-MATH-2.1.15_Addition_Word_Story_Problems_Sum_10,Say out loud clearly: ADDING TOGETHER SOLVES THE STORY!,speak_st2.webp,audio_st11.mp3,1,Adding Together Solves The Story,,,,,,Adding Together Solves The Story,,,,,,,
matching,PP1-MATH-2.1.15_Addition_Word_Story_Problems_Sum_10,Match story math problems!,,,1,,,,,,,,3+2,5,4+4,8,6+1,7
matching,PP1-MATH-2.1.15_Addition_Word_Story_Problems_Sum_10,Match addition story results!,,,1,,,,,,,,5+3,8,2+3,5,7+3,10
multiple_choice,PP1-MATH-3.1.16_3D_Shapes_Sphere_Ball_Hunt,What 3D shape looks like a round ball?,sph_q1.webp,audio_sh1.mp3,1,SPHERE,CUBE,CONE,,,1,,,,,,,
multiple_choice,PP1-MATH-3.1.16_3D_Shapes_Sphere_Ball_Hunt,A basketball is shaped like a...?,sph_q2.webp,audio_sh2.mp3,1,SPHERE,CUBE,CYLINDER,,,1,,,,,,,
multiple_choice,PP1-MATH-3.1.16_3D_Shapes_Sphere_Ball_Hunt,Can a sphere roll easily on the floor?,sph_q3.webp,audio_sh3.mp3,1,YES,NO,NEVER,,,1,,,,,,,
multiple_choice,PP1-MATH-3.1.16_3D_Shapes_Sphere_Ball_Hunt,Which object is a sphere?,sph_q4.webp,audio_sh4.mp3,1,BALL,BOX,CAN,,,1,,,,,,,
multiple_choice,PP1-MATH-3.1.16_3D_Shapes_Sphere_Ball_Hunt,A marble is an example of a...?,sph_q5.webp,audio_sh5.mp3,1,SPHERE,CONE,CUBE,,,1,,,,,,,
multiple_choice,PP1-MATH-3.1.16_3D_Shapes_Sphere_Ball_Hunt,Does a sphere have flat square sides?,sph_q6.webp,audio_sh6.mp3,1,NO,YES,ALWAYS,,,1,,,,,,,
count_objects,PP1-MATH-3.1.16_3D_Shapes_Sphere_Ball_Hunt,Count 4 round sphere balls!,sph_count1.webp,audio_sh7.mp3,1,4,2,3,,⚽,4,,,,,,,
count_objects,PP1-MATH-3.1.16_3D_Shapes_Sphere_Ball_Hunt,Count 3 rolling marble spheres!,sph_count2.webp,audio_sh8.mp3,1,3,1,5,,🔮,3,,,,,,,
count_objects,PP1-MATH-3.1.16_3D_Shapes_Sphere_Ball_Hunt,Count 2 globe spheres of planet earth!,sph_count3.webp,audio_sh9.mp3,1,2,1,4,,🌍,2,,,,,,,
speak_repeat,PP1-MATH-3.1.16_3D_Shapes_Sphere_Ball_Hunt,Say out loud clearly: A BALL IS A SPHERE!,speak_sh1.webp,audio_sh10.mp3,1,A Ball Is A Sphere,,,,,,A Ball Is A Sphere,,,,,,,
speak_repeat,PP1-MATH-3.1.16_3D_Shapes_Sphere_Ball_Hunt,Say out loud clearly: SPHERES ARE ROUND AND ROLL!,speak_sh2.webp,audio_sh11.mp3,1,Spheres Are Round And Roll,,,,,,Spheres Are Round And Roll,,,,,,,
matching,PP1-MATH-3.1.16_3D_Shapes_Sphere_Ball_Hunt,Match sphere objects!,,,1,,,,,,,,Ball ⚽,SPHERE,Marble 🔮,SPHERE,Globe 🌍,SPHERE
matching,PP1-MATH-3.1.16_3D_Shapes_Sphere_Ball_Hunt,Match shape property to SPHERE!,,,1,,,,,,,,Round,SPHERE,Rolls,SPHERE,No corners,SPHERE
multiple_choice,PP1-MATH-3.1.17_3D_Shapes_Cube_Box_Explorer,What 3D shape looks like a square box?,cube_q1.webp,audio_cb1.mp3,1,CUBE,SPHERE,CONE,,,1,,,,,,,
multiple_choice,PP1-MATH-3.1.17_3D_Shapes_Cube_Box_Explorer,A playing die or block is shaped like a...?,cube_q2.webp,audio_cb2.mp3,1,CUBE,CYLINDER,SPHERE,,,1,,,,,,,
multiple_choice,PP1-MATH-3.1.17_3D_Shapes_Cube_Box_Explorer,How many flat square faces does a cube have?,cube_q3.webp,audio_cb3.mp3,1,6,2,0,,,1,,,,,,,
multiple_choice,PP1-MATH-3.1.17_3D_Shapes_Cube_Box_Explorer,Which object is shaped like a cube?,cube_q4.webp,audio_cb4.mp3,1,BOX,BALL,HAT,,,1,,,,,,,
multiple_choice,PP1-MATH-3.1.17_3D_Shapes_Cube_Box_Explorer,Can a cube stack on top of another cube?,cube_q5.webp,audio_cb5.mp3,1,YES,NO,NEVER,,,1,,,,,,,
multiple_choice,PP1-MATH-3.1.17_3D_Shapes_Cube_Box_Explorer,An ice cube is an example of a...?,cube_q6.webp,audio_cb6.mp3,1,CUBE,CONE,SPHERE,,,1,,,,,,,
count_objects,PP1-MATH-3.1.17_3D_Shapes_Cube_Box_Explorer,Count 3 square block cubes!,cube_count1.webp,audio_cb7.mp3,1,3,2,4,,🧊,3,,,,,,,
count_objects,PP1-MATH-3.1.17_3D_Shapes_Cube_Box_Explorer,Count 5 toy gift box cubes!,cube_count2.webp,audio_cb8.mp3,1,5,3,4,,🎁,5,,,,,,,
count_objects,PP1-MATH-3.1.17_3D_Shapes_Cube_Box_Explorer,Count 2 playing dice cubes!,cube_count3.webp,audio_cb9.mp3,1,2,1,3,,🎲,2,,,,,,,
speak_repeat,PP1-MATH-3.1.17_3D_Shapes_Cube_Box_Explorer,Say out loud clearly: A BOX IS A CUBE!,speak_cb1.webp,audio_cb10.mp3,1,A Box Is A Cube,,,,,,A Box Is A Cube,,,,,,,
speak_repeat,PP1-MATH-3.1.17_3D_Shapes_Cube_Box_Explorer,Say out loud clearly: CUBES HAVE FLAT SQUARE SIDES!,speak_cb2.webp,audio_cb11.mp3,1,Cubes Have Flat Square Sides,,,,,,Cubes Have Flat Square Sides,,,,,,,
matching,PP1-MATH-3.1.17_3D_Shapes_Cube_Box_Explorer,Match cube objects!,,,1,,,,,,,,Ice 🧊,CUBE,Gift 🎁,CUBE,Dice 🎲,CUBE
matching,PP1-MATH-3.1.17_3D_Shapes_Cube_Box_Explorer,Match shape characteristics!,,,1,,,,,,,,Box,CUBE,Flat sides,CUBE,Stacks,CUBE
multiple_choice,PP1-MATH-3.1.18_3D_Shapes_Cone_Party_Hat,What 3D shape looks like a party hat?,cone_q1.webp,audio_cn1.mp3,1,CONE,SPHERE,CUBE,,,1,,,,,,,
multiple_choice,PP1-MATH-3.1.18_3D_Shapes_Cone_Party_Hat,An ice cream cone is shaped like a...?,cone_q2.webp,audio_cn2.mp3,1,CONE,CYLINDER,SPHERE,,,1,,,,,,,
multiple_choice,PP1-MATH-3.1.18_3D_Shapes_Cone_Party_Hat,Does a cone have a pointy top?,cone_q3.webp,audio_cn3.mp3,1,YES,NO,NEVER,,,1,,,,,,,
multiple_choice,PP1-MATH-3.1.18_3D_Shapes_Cone_Party_Hat,Which object is shaped like a cone?,cone_q4.webp,audio_cn4.mp3,1,PARTY HAT,BALL,BOX,,,1,,,,,,,
multiple_choice,PP1-MATH-3.1.18_3D_Shapes_Cone_Party_Hat,A traffic safety cone is a...?,cone_q5.webp,audio_cn5.mp3,1,CONE,CUBE,CYLINDER,,,1,,,,,,,
multiple_choice,PP1-MATH-3.1.18_3D_Shapes_Cone_Party_Hat,A cone has a round flat base and a pointy...?,cone_q6.webp,audio_cn6.mp3,1,TOP,SIDE,EDGE,,,1,,,,,,,
count_objects,PP1-MATH-3.1.18_3D_Shapes_Cone_Party_Hat,Count 4 festive party hat cones!,cone_count1.webp,audio_cn7.mp3,1,4,2,3,,🎉,4,,,,,,,
count_objects,PP1-MATH-3.1.18_3D_Shapes_Cone_Party_Hat,Count 2 tasty ice cream cones!,cone_count2.webp,audio_cn8.mp3,1,2,1,3,,🍦,2,,,,,,,
count_objects,PP1-MATH-3.1.18_3D_Shapes_Cone_Party_Hat,Count 3 orange traffic cones!,cone_count3.webp,audio_cn9.mp3,1,3,2,5,,⚠️,3,,,,,,,
speak_repeat,PP1-MATH-3.1.18_3D_Shapes_Cone_Party_Hat,Say out loud clearly: A PARTY HAT IS A CONE!,speak_cn1.webp,audio_cn10.mp3,1,A Party Hat Is A Cone,,,,,,A Party Hat Is A Cone,,,,,,,
speak_repeat,PP1-MATH-3.1.18_3D_Shapes_Cone_Party_Hat,Say out loud clearly: CONES HAVE POINTY TOPS!,speak_cn2.webp,audio_cn11.mp3,1,Cones Have Pointy Tops,,,,,,Cones Have Pointy Tops,,,,,,,
matching,PP1-MATH-3.1.18_3D_Shapes_Cone_Party_Hat,Match cone objects!,,,1,,,,,,,,Ice Cream 🍦,CONE,Party Hat 🎉,CONE,Traffic ⚠️,CONE
matching,PP1-MATH-3.1.18_3D_Shapes_Cone_Party_Hat,Match shape feature to CONE!,,,1,,,,,,,,Pointy top,CONE,Flat circle base,CONE,Funnel,CONE
multiple_choice,PP1-MATH-3.1.19_3D_Shapes_Cylinder_Can_Safari,What 3D shape looks like a soup can?,cyl_q1.webp,audio_cy1.mp3,1,CYLINDER,SPHERE,CONE,,,1,,,,,,,
multiple_choice,PP1-MATH-3.1.19_3D_Shapes_Cylinder_Can_Safari,A log or tin can is shaped like a...?,cyl_q2.webp,audio_cy2.mp3,1,CYLINDER,CUBE,CONE,,,1,,,,,,,
multiple_choice,PP1-MATH-3.1.19_3D_Shapes_Cylinder_Can_Safari,Does a cylinder have 2 flat circle ends?,cyl_q3.webp,audio_cy3.mp3,1,YES,NO,NEVER,,,1,,,,,,,
multiple_choice,PP1-MATH-3.1.19_3D_Shapes_Cylinder_Can_Safari,Which object is shaped like a cylinder?,cyl_q4.webp,audio_cy4.mp3,1,CAN,BALL,BOX,,,1,,,,,,,
multiple_choice,PP1-MATH-3.1.19_3D_Shapes_Cylinder_Can_Safari,Can a cylinder roll on its curved side?,cyl_q5.webp,audio_cy5.mp3,1,YES,NO,NEVER,,,1,,,,,,,
multiple_choice,PP1-MATH-3.1.19_3D_Shapes_Cylinder_Can_Safari,A drinking glass or mug is like a...?,cyl_q6.webp,audio_cy6.mp3,1,CYLINDER,SPHERE,CONE,,,1,,,,,,,
count_objects,PP1-MATH-3.1.19_3D_Shapes_Cylinder_Can_Safari,Count 3 soup can cylinders!,cyl_count1.webp,audio_cy7.mp3,1,3,2,4,,🥫,3,,,,,,,
count_objects,PP1-MATH-3.1.19_3D_Shapes_Cylinder_Can_Safari,Count 5 wooden log cylinders!,cyl_count2.webp,audio_cy8.mp3,1,5,3,4,,🪵,5,,,,,,,
count_objects,PP1-MATH-3.1.19_3D_Shapes_Cylinder_Can_Safari,Count 2 drum cylinders!,cyl_count3.webp,audio_cy9.mp3,1,2,1,3,,🥁,2,,,,,,,
speak_repeat,PP1-MATH-3.1.19_3D_Shapes_Cylinder_Can_Safari,Say out loud clearly: A CAN IS A CYLINDER!,speak_cy1.webp,audio_cy10.mp3,1,A Can Is A Cylinder,,,,,,A Can Is A Cylinder,,,,,,,
speak_repeat,PP1-MATH-3.1.19_3D_Shapes_Cylinder_Can_Safari,Say out loud clearly: CYLINDERS HAVE CIRCLE ENDS!,speak_cy2.webp,audio_cy11.mp3,1,Cylinders Have Circle Ends,,,,,,Cylinders Have Circle Ends,,,,,,,
matching,PP1-MATH-3.1.19_3D_Shapes_Cylinder_Can_Safari,Match cylinder objects!,,,1,,,,,,,,Can 🥫,CYLINDER,Log 🪵,CYLINDER,Drum 🥁,CYLINDER
matching,PP1-MATH-3.1.19_3D_Shapes_Cylinder_Can_Safari,Match cylinder shape features!,,,1,,,,,,,,Can shape,CYLINDER,2 circles,CYLINDER,Curved body,CYLINDER
multiple_choice,PP1-MATH-3.1.20_3D_Shapes_Grand_Master,Which shape is round like a ball?,3dgm_q1.webp,audio_3g1.mp3,1,SPHERE,CUBE,CONE,,,1,,,,,,,
multiple_choice,PP1-MATH-3.1.20_3D_Shapes_Grand_Master,Which shape looks like a square box?,3dgm_q2.webp,audio_3g2.mp3,1,CUBE,SPHERE,CYLINDER,,,1,,,,,,,
multiple_choice,PP1-MATH-3.1.20_3D_Shapes_Grand_Master,Which shape looks like a party hat?,3dgm_q3.webp,audio_3g3.mp3,1,CONE,CYLINDER,CUBE,,,1,,,,,,,
multiple_choice,PP1-MATH-3.1.20_3D_Shapes_Grand_Master,Which shape looks like a soup can?,3dgm_q4.webp,audio_3g4.mp3,1,CYLINDER,SPHERE,CONE,,,1,,,,,,,
multiple_choice,PP1-MATH-3.1.20_3D_Shapes_Grand_Master,Which two shapes can roll?,3dgm_q5.webp,audio_3g5.mp3,1,SPHERE,CUBE,BOX,,,1,,,,,,,
multiple_choice,PP1-MATH-3.1.20_3D_Shapes_Grand_Master,Which shape has 6 flat square faces?,3dgm_q6.webp,audio_3g6.mp3,1,CUBE,CONE,SPHERE,,,1,,,,,,,
count_objects,PP1-MATH-3.1.20_3D_Shapes_Grand_Master,Count 4 sphere balls in the master collection!,3dgm_count1.webp,audio_3g7.mp3,1,4,2,3,,⚽,4,,,,,,,
count_objects,PP1-MATH-3.1.20_3D_Shapes_Grand_Master,Count 3 cube boxes in the collection!,3dgm_count2.webp,audio_3g8.mp3,1,3,2,5,,🎁,3,,,,,,,
count_objects,PP1-MATH-3.1.20_3D_Shapes_Grand_Master,Count 2 party hat cones in the collection!,3dgm_count3.webp,audio_3g9.mp3,1,2,1,4,,🎉,2,,,,,,,
speak_repeat,PP1-MATH-3.1.20_3D_Shapes_Grand_Master,Say out loud clearly: SPHERE CUBE CONE AND CYLINDER!,speak_3g1.webp,audio_3g10.mp3,1,Sphere Cube Cone And Cylinder,,,,,,Sphere Cube Cone And Cylinder,,,,,,,
speak_repeat,PP1-MATH-3.1.20_3D_Shapes_Grand_Master,Say out loud clearly: I AM A 3D SHAPES GRAND MASTER!,speak_3g2.webp,audio_3g11.mp3,1,I Am A 3D Shapes Grand Master,,,,,,I Am A 3D Shapes Grand Master,,,,,,,
matching,PP1-MATH-3.1.20_3D_Shapes_Grand_Master,Match objects to 3D shapes!,,,1,,,,,,,,Ball ⚽,SPHERE,Box 🎁,CUBE,Hat 🎉,CONE
matching,PP1-MATH-3.1.20_3D_Shapes_Grand_Master,Match more 3D shapes!,,,1,,,,,,,,Can 🥫,CYLINDER,Dice 🎲,CUBE,Globe 🌍,SPHERE


question_type,lesson_title,prompt,prompt_image,prompt_audio,correct_answer,option_1,option_2,option_3,option_4,count_emoji_or_image,target_count,target_word,pair_1_left,pair_1_right,pair_2_left,pair_2_right,pair_3_left,pair_3_right
multiple_choice,PP1-MATH-4.1.21_Patterns_ABC_Pattern_Safari,Red Blue Green... Red Blue Green... What color comes next?,pat_q1.webp,audio_p1.mp3,1,RED,BLUE,GREEN,,,1,,,,,,,
multiple_choice,PP1-MATH-4.1.21_Patterns_ABC_Pattern_Safari,In the pattern Red Blue Green, what is the second color?,pat_q2.webp,audio_p2.mp3,1,BLUE,RED,GREEN,,,1,,,,,,,
multiple_choice,PP1-MATH-4.1.21_Patterns_ABC_Pattern_Safari,In the pattern Red Blue Green, what is the third color?,pat_q3.webp,audio_p3.mp3,1,GREEN,RED,BLUE,,,1,,,,,,,
multiple_choice,PP1-MATH-4.1.21_Patterns_ABC_Pattern_Safari,Red Blue Green Red... What color is next?,pat_q4.webp,audio_p4.mp3,1,BLUE,GREEN,RED,,,1,,,,,,,
multiple_choice,PP1-MATH-4.1.21_Patterns_ABC_Pattern_Safari,Red Blue Green Red Blue... What color completes the set?,pat_q5.webp,audio_p5.mp3,1,GREEN,RED,BLUE,,,1,,,,,,,
multiple_choice,PP1-MATH-4.1.21_Patterns_ABC_Pattern_Safari,Is Red Blue Green an ABC pattern?,pat_q6.webp,audio_p6.mp3,1,YES,NO,NEVER,,,1,,,,,,,
count_objects,PP1-MATH-4.1.21_Patterns_ABC_Pattern_Safari,Count 3 safari pattern flags: Red Blue Green!,pat_count1.webp,audio_p7.mp3,1,3,2,4,,🚩,3,,,,,,,
count_objects,PP1-MATH-4.1.21_Patterns_ABC_Pattern_Safari,Count 6 safari beads in two ABC sets!,pat_count2.webp,audio_p8.mp3,1,6,3,5,,📿,6,,,,,,,
count_objects,PP1-MATH-4.1.21_Patterns_ABC_Pattern_Safari,Count 3 colorful safari parrots!,pat_count3.webp,audio_p9.mp3,1,3,1,4,,🦜,3,,,,,,,
speak_repeat,PP1-MATH-4.1.21_Patterns_ABC_Pattern_Safari,Say out loud clearly: RED BLUE GREEN ABC PATTERN!,speak_p1.webp,audio_p10.mp3,1,Red Blue Green ABC Pattern,,,,,,Red Blue Green ABC Pattern,,,,,,,
speak_repeat,PP1-MATH-4.1.21_Patterns_ABC_Pattern_Safari,Say out loud clearly: PATTERNS REPEAT IN ORDER!,speak_p2.webp,audio_p11.mp3,1,Patterns Repeat In Order,,,,,,Patterns Repeat In Order,,,,,,,
matching,PP1-MATH-4.1.21_Patterns_ABC_Pattern_Safari,Match ABC pattern colors!,,,1,,,,,,,,First,RED,Second,BLUE,Third,GREEN
matching,PP1-MATH-4.1.21_Patterns_ABC_Pattern_Safari,Match color spots to pattern!,,,1,,,,,,,,Red 🔴,RED,Blue 🔵,BLUE,Green 🟢,GREEN
multiple_choice,PP1-MATH-4.2.22_Patterns_AABB_Pattern_Dino_Track,Dino Dino Egg Egg... Dino Dino... What comes next?,aabb_q1.webp,audio_ab1.mp3,1,EGG,DINO,TREE,,,1,,,,,,,
multiple_choice,PP1-MATH-4.2.22_Patterns_AABB_Pattern_Dino_Track,In AABB pattern Dino Dino Egg Egg, how many dinos are together?,aabb_q2.webp,audio_ab2.mp3,1,2,1,3,,,1,,,,,,,
multiple_choice,PP1-MATH-4.2.22_Patterns_AABB_Pattern_Dino_Track,In AABB pattern Dino Dino Egg Egg, how many eggs are together?,aabb_q3.webp,audio_ab3.mp3,1,2,1,4,,,1,,,,,,,
multiple_choice,PP1-MATH-4.2.22_Patterns_AABB_Pattern_Dino_Track,Dino Dino Egg Egg Dino... What comes next?,aabb_q4.webp,audio_ab4.mp3,1,DINO,EGG,TREE,,,1,,,,,,,
multiple_choice,PP1-MATH-4.2.22_Patterns_AABB_Pattern_Dino_Track,Dino Dino Egg... What is missing to make Egg Egg?,aabb_q5.webp,audio_ab5.mp3,1,EGG,DINO,LEAF,,,1,,,,,,,
multiple_choice,PP1-MATH-4.2.22_Patterns_AABB_Pattern_Dino_Track,Is Dino Dino Egg Egg an AABB pattern?,aabb_q6.webp,audio_ab6.mp3,1,YES,NO,NEVER,,,1,,,,,,,
count_objects,PP1-MATH-4.2.22_Patterns_AABB_Pattern_Dino_Track,Count 4 items in one AABB dino set!,aabb_count1.webp,audio_ab7.mp3,1,4,2,3,,🦖,4,,,,,,,
count_objects,PP1-MATH-4.2.22_Patterns_AABB_Pattern_Dino_Track,Count 2 dino eggs in the pattern!,aabb_count2.webp,audio_ab8.mp3,1,2,1,4,,🥚,2,,,,,,,
count_objects,PP1-MATH-4.2.22_Patterns_AABB_Pattern_Dino_Track,Count 2 dinosaurs on the track!,aabb_count3.webp,audio_ab9.mp3,1,2,3,5,,🦕,2,,,,,,,
speak_repeat,PP1-MATH-4.2.22_Patterns_AABB_Pattern_Dino_Track,Say out loud clearly: DINO DINO EGG EGG PATTERN!,speak_ab1.webp,audio_ab10.mp3,1,Dino Dino Egg Egg Pattern,,,,,,Dino Dino Egg Egg Pattern,,,,,,,
speak_repeat,PP1-MATH-4.2.22_Patterns_AABB_Pattern_Dino_Track,Say out loud clearly: TWO DINOS AND TWO EGGS!,speak_ab2.webp,audio_ab11.mp3,1,Two Dinos And Two Eggs,,,,,,Two Dinos And Two Eggs,,,,,,,
matching,PP1-MATH-4.2.22_Patterns_AABB_Pattern_Dino_Track,Match AABB track items!,,,1,,,,,,,,AA,DINO,BB,EGG,Pattern,AABB
matching,PP1-MATH-4.2.22_Patterns_AABB_Pattern_Dino_Track,Match pattern counts!,,,1,,,,,,,,Dinos,2,Eggs,2,Total,4
multiple_choice,PP1-MATH-4.1.23_Patterns_Growing_Patterns_1_2_3,1 star... 2 stars... 3 stars... What comes next?,grow_q1.webp,audio_g1.mp3,1,4,2,1,,,1,,,,,,,
multiple_choice,PP1-MATH-4.1.23_Patterns_Growing_Patterns_1_2_3,Growing patterns get...?,grow_q2.webp,audio_g2.mp3,1,BIGGER,SMALLER,SAME,,,1,,,,,,,
multiple_choice,PP1-MATH-4.1.23_Patterns_Growing_Patterns_1_2_3,1 dino egg... 2 dino eggs... What is the next growing step?,grow_q3.webp,audio_g3.mp3,1,3,1,0,,,1,,,,,,,
multiple_choice,PP1-MATH-4.1.23_Patterns_Growing_Patterns_1_2_3,If a pattern starts with 1 block and adds 1 each time, what comes after 3?,grow_q4.webp,audio_g4.mp3,1,4,2,5,,,1,,,,,,,
multiple_choice,PP1-MATH-4.1.23_Patterns_Growing_Patterns_1_2_3,In 1 2 3 4, does the group grow by 1 each step?,grow_q5.webp,audio_g5.mp3,1,YES,NO,NEVER,,,1,,,,,,,
multiple_choice,PP1-MATH-4.1.23_Patterns_Growing_Patterns_1_2_3,Which sequence is a growing pattern?,grow_q6.webp,audio_g6.mp3,1,1 2 3,1 1 1,3 2 1,,,1,,,,,,,
count_objects,PP1-MATH-4.1.23_Patterns_Growing_Patterns_1_2_3,Count 1 star in step one!,grow_count1.webp,audio_g7.mp3,1,1,2,3,,⭐,1,,,,,,,
count_objects,PP1-MATH-4.1.23_Patterns_Growing_Patterns_1_2_3,Count 2 stars in step two!,grow_count2.webp,audio_g8.mp3,1,2,1,3,,⭐,2,,,,,,,
count_objects,PP1-MATH-4.1.23_Patterns_Growing_Patterns_1_2_3,Count 3 stars in step three!,grow_count3.webp,audio_g9.mp3,1,3,2,4,,⭐,3,,,,,,,
speak_repeat,PP1-MATH-4.1.23_Patterns_Growing_Patterns_1_2_3,Say out loud clearly: ONE TWO THREE GROWING PATTERN!,speak_g1.webp,audio_g10.mp3,1,One Two Three Growing Pattern,,,,,,One Two Three Growing Pattern,,,,,,,
speak_repeat,PP1-MATH-4.1.23_Patterns_Growing_Patterns_1_2_3,Say out loud clearly: GROWING PATTERNS GET BIGGER!,speak_g2.webp,audio_g11.mp3,1,Growing Patterns Get Bigger,,,,,,Growing Patterns Get Bigger,,,,,,,
matching,PP1-MATH-4.1.23_Patterns_Growing_Patterns_1_2_3,Match growing pattern steps!,,,1,,,,,,,,Step 1,1,Step 2,2,Step 3,3
matching,PP1-MATH-4.1.23_Patterns_Growing_Patterns_1_2_3,Match item counts in sequence!,,,1,,,,,,,,One,1,Two,2,Three,3
multiple_choice,PP1-MATH-4.1.24_Patterns_Missing_Pattern_Piece,Red Blue ___ Red Blue. What is missing?,miss_q1.webp,audio_mp1.mp3,1,RED,BLUE,GREEN,,,1,,,,,,,
multiple_choice,PP1-MATH-4.1.24_Patterns_Missing_Pattern_Piece,Dino Egg Dino ___ Dino Egg. What is missing?,miss_q2.webp,audio_mp2.mp3,1,EGG,DINO,TREE,,,1,,,,,,,
multiple_choice,PP1-MATH-4.1.24_Patterns_Missing_Pattern_Piece,1 2 ___ 4 5. What number is missing?,miss_q3.webp,audio_mp3.mp3,1,3,1,5,,,1,,,,,,,
multiple_choice,PP1-MATH-4.1.24_Patterns_Missing_Pattern_Piece,Star Moon Star ___ Star Moon. What is missing?,miss_q4.webp,audio_mp4.mp3,1,MOON,STAR,SUN,,,1,,,,,,,
multiple_choice,PP1-MATH-4.1.24_Patterns_Missing_Pattern_Piece,2 4 ___ 8 10. What number is missing in skip counting?,miss_q5.webp,audio_mp5.mp3,1,6,3,5,,,1,,,,,,,
multiple_choice,PP1-MATH-4.1.24_Patterns_Missing_Pattern_Piece,A B A ___ A B. What letter completes the pattern?,miss_q6.webp,audio_mp6.mp3,1,B,A,C,,,1,,,,,,,
count_objects,PP1-MATH-4.1.24_Patterns_Missing_Pattern_Piece,Count 4 complete pattern pieces!,miss_count1.webp,audio_mp7.mp3,1,4,2,3,,🧩,4,,,,,,,
count_objects,PP1-MATH-4.1.24_Patterns_Missing_Pattern_Piece,Count 3 star shape pieces in the line!,miss_count2.webp,audio_mp8.mp3,1,3,1,5,,⭐,3,,,,,,,
count_objects,PP1-MATH-4.1.24_Patterns_Missing_Pattern_Piece,Count 2 missing puzzle blocks!,miss_count3.webp,audio_mp9.mp3,1,2,1,4,,🧱,2,,,,,,,
speak_repeat,PP1-MATH-4.1.24_Patterns_Missing_Pattern_Piece,Say out loud clearly: FIND THE MISSING PATTERN PIECE!,speak_mp1.webp,audio_mp10.mp3,1,Find The Missing Pattern Piece,,,,,,Find The Missing Pattern Piece,,,,,,,
speak_repeat,PP1-MATH-4.1.24_Patterns_Missing_Pattern_Piece,Say out loud clearly: LOOK CLOSELY TO FIX THE PATTERN!,speak_mp2.webp,audio_mp11.mp3,1,Look Closely To Fix The Pattern,,,,,,Look Closely To Fix The Pattern,,,,,,,
matching,PP1-MATH-4.1.24_Patterns_Missing_Pattern_Piece,Match pattern to missing piece!,,,1,,,,,,,,Red Blue,RED,1 2 _ 4,3,Star _,MOON
matching,PP1-MATH-4.1.24_Patterns_Missing_Pattern_Piece,Match missing pieces!,,,1,,,,,,,,Red,RED,Egg,EGG,Three,3
multiple_choice,PP1-MATH-4.1.25_Patterns_Master_Grand_Master,Which pattern repeats two items over and over?,pm_q1.webp,audio_pm1.mp3,1,AB,ABC,AABB,,,1,,,,,,,
multiple_choice,PP1-MATH-4.1.25_Patterns_Master_Grand_Master,Red Blue Green Red Blue Green is what pattern?,pm_q2.webp,audio_pm2.mp3,1,ABC,AB,AABB,,,1,,,,,,,
multiple_choice,PP1-MATH-4.1.25_Patterns_Master_Grand_Master,1 2 3 4 is what type of pattern?,pm_q3.webp,audio_pm3.mp3,1,GROWING,REPEAT,SAME,,,1,,,,,,,
multiple_choice,PP1-MATH-4.1.25_Patterns_Master_Grand_Master,Dino Dino Egg Egg is an example of...?,pm_q4.webp,audio_pm4.mp3,1,AABB,ABC,AB,,,1,,,,,,,
multiple_choice,PP1-MATH-4.1.25_Patterns_Master_Grand_Master,What completes: 2 4 6 ___ 10?,pm_q5.webp,audio_pm5.mp3,1,8,7,9,,,1,,,,,,,
multiple_choice,PP1-MATH-4.1.25_Patterns_Master_Grand_Master,Are patterns all around us in nature?,pm_q6.webp,audio_pm6.mp3,1,YES,NO,NEVER,,,1,,,,,,,
count_objects,PP1-MATH-4.1.25_Patterns_Master_Grand_Master,Count 5 master pattern stars!,pm_count1.webp,audio_pm7.mp3,1,5,3,4,,⭐,5,,,,,,,
count_objects,PP1-MATH-4.1.25_Patterns_Master_Grand_Master,Count 4 master pattern blocks!,pm_count2.webp,audio_pm8.mp3,1,4,2,6,,🧱,4,,,,,,,
count_objects,PP1-MATH-4.1.25_Patterns_Master_Grand_Master,Count 3 pattern trophies!,pm_count3.webp,audio_pm9.mp3,1,3,1,5,,🏆,3,,,,,,,
speak_repeat,PP1-MATH-4.1.25_Patterns_Master_Grand_Master,Say out loud clearly: I AM A PATTERNS GRAND MASTER!,speak_pm1.webp,audio_pm10.mp3,1,I Am A Patterns Grand Master,,,,,,I Am A Patterns Grand Master,,,,,,,
speak_repeat,PP1-MATH-4.1.25_Patterns_Master_Grand_Master,Say out loud clearly: PATTERNS ARE FUN AND EASY!,speak_pm2.webp,audio_pm11.mp3,1,Patterns Are Fun And Easy,,,,,,Patterns Are Fun And Easy,,,,,,,
matching,PP1-MATH-4.1.25_Patterns_Master_Grand_Master,Match pattern types!,,,1,,,,,,,,Red Blue,AB,Red Blue Green,ABC,Dino Dino Egg Egg,AABB
matching,PP1-MATH-4.1.25_Patterns_Master_Grand_Master,Match master sequence types!,,,1,,,,,,,,1 2 3,GROWING,2 4 6,SKIP,A B A B,REPEAT
multiple_choice,PP1-MATH-5.1.26_Measurement_Long_vs_Short,A snake stretches across the grass. Is it long or short?,ls_q1.webp,audio_ls1.mp3,1,LONG,SHORT,TALL,,,1,,,,,,,
multiple_choice,PP1-MATH-5.1.26_Measurement_Long_vs_Short,A small worm on a leaf is...?,ls_q2.webp,audio_ls2.mp3,1,SHORT,LONG,HEAVY,,,1,,,,,,,
multiple_choice,PP1-MATH-5.1.26_Measurement_Long_vs_Short,Which rope reaches further across the ground?,ls_q3.webp,audio_ls3.mp3,1,LONG,SHORT,EMPTY,,,1,,,,,,,
multiple_choice,PP1-MATH-5.1.26_Measurement_Long_vs_Short,A tiny crayon used many times is...?,ls_q4.webp,audio_ls4.mp3,1,SHORT,LONG,TALL,,,1,,,,,,,
multiple_choice,PP1-MATH-5.1.26_Measurement_Long_vs_Short,Compare a long train to a short bus. The train is...?,ls_q5.webp,audio_ls5.mp3,1,LONG,SHORT,LIGHT,,,1,,,,,,,
multiple_choice,PP1-MATH-5.1.26_Measurement_Long_vs_Short,Which pencil is easier to store in a small pocket?,ls_q6.webp,audio_ls6.mp3,1,SHORT,LONG,FULL,,,1,,,,,,,
count_objects,PP1-MATH-5.1.26_Measurement_Long_vs_Short,Count 2 long snakes in the safari grass!,ls_count1.webp,audio_ls7.mp3,1,2,1,4,,🐍,2,,,,,,,
count_objects,PP1-MATH-5.1.26_Measurement_Long_vs_Short,Count 4 short pencils on the table!,ls_count2.webp,audio_ls8.mp3,1,4,2,5,,✏️,4,,,,,,,
count_objects,PP1-MATH-5.1.26_Measurement_Long_vs_Short,Count 3 long train cars on the track!,ls_count3.webp,audio_ls9.mp3,1,3,1,5,,🚃,3,,,,,,,
speak_repeat,PP1-MATH-5.1.26_Measurement_Long_vs_Short,Say out loud clearly: LONG SNAKE AND SHORT WORM!,speak_ls1.webp,audio_ls10.mp3,1,Long Snake And Short Worm,,,,,,Long Snake And Short Worm,,,,,,,
speak_repeat,PP1-MATH-5.1.26_Measurement_Long_vs_Short,Say out loud clearly: COMPARE LENGTH LONG AND SHORT!,speak_ls2.webp,audio_ls11.mp3,1,Compare Length Long And Short,,,,,,Compare Length Long And Short,,,,,,,
matching,PP1-MATH-5.1.26_Measurement_Long_vs_Short,Match objects to length!,,,1,,,,,,,,Train 🚃,LONG,Worm 🐛,SHORT,Rope 🪢,LONG
matching,PP1-MATH-5.1.26_Measurement_Long_vs_Short,Match opposite length words!,,,1,,,,,,,,Long,SHORT,Short,LONG,Snake,LONG
multiple_choice,PP1-MATH-5.1.27_Measurement_Tall_vs_Short,A safari giraffe reaches the high tree top. Is it tall or short?,ts_q1.webp,audio_ts1.mp3,1,TALL,SHORT,LONG,,,1,,,,,,,
multiple_choice,PP1-MATH-5.1.27_Measurement_Tall_vs_Short,A little rabbit on the ground is...?,ts_q2.webp,audio_ts2.mp3,1,SHORT,TALL,HEAVY,,,1,,,,,,,
multiple_choice,PP1-MATH-5.1.27_Measurement_Tall_vs_Short,A tall coconut tree goes way up into the sky. It is...?,ts_q3.webp,audio_ts3.mp3,1,TALL,SHORT,LIGHT,,,1,,,,,,,
multiple_choice,PP1-MATH-5.1.27_Measurement_Tall_vs_Short,A tiny flower near the grass is...?,ts_q4.webp,audio_ts4.mp3,1,SHORT,TALL,FULL,,,1,,,,,,,
multiple_choice,PP1-MATH-5.1.27_Measurement_Tall_vs_Short,Who is taller: a giraffe or a turtle?,ts_q5.webp,audio_ts5.mp3,1,GIRAFFE,TURTLE,SAME,,,1,,,,,,,
multiple_choice,PP1-MATH-5.1.27_Measurement_Tall_vs_Short,A big skyscraper building is...?,ts_q6.webp,audio_ts6.mp3,1,TALL,SHORT,EMPTY,,,1,,,,,,,
count_objects,PP1-MATH-5.1.27_Measurement_Tall_vs_Short,Count 3 tall giraffes standing in the safari!,ts_count1.webp,audio_ts7.mp3,1,3,1,4,,🦒,3,,,,,,,
count_objects,PP1-MATH-5.1.27_Measurement_Tall_vs_Short,Count 5 short bushes along the trail!,ts_count2.webp,audio_ts8.mp3,1,5,2,4,,🪴,5,,,,,,,
count_objects,PP1-MATH-5.1.27_Measurement_Tall_vs_Short,Count 2 tall palm trees reaching the sun!,ts_count3.webp,audio_ts9.mp3,1,2,1,3,,🌴,2,,,,,,,
speak_repeat,PP1-MATH-5.1.27_Measurement_Tall_vs_Short,Say out loud clearly: TALL GIRAFFE AND SHORT RABBIT!,speak_ts1.webp,audio_ts10.mp3,1,Tall Giraffe And Short Rabbit,,,,,,Tall Giraffe And Short Rabbit,,,,,,,
speak_repeat,PP1-MATH-5.1.27_Measurement_Tall_vs_Short,Say out loud clearly: MEASURE HEIGHT TALL AND SHORT!,speak_ts2.webp,audio_ts11.mp3,1,Measure Height Tall And Short,,,,,,Measure Height Tall And Short,,,,,,,
matching,PP1-MATH-5.1.27_Measurement_Tall_vs_Short,Match animals to height!,,,1,,,,,,,,Giraffe 🦒,TALL,Rabbit 🐇,SHORT,Tree 🌴,TALL
matching,PP1-MATH-5.1.27_Measurement_Tall_vs_Short,Match height opposites!,,,1,,,,,,,,Tall,SHORT,Short,TALL,Bush,SHORT
multiple_choice,PP1-MATH-5.1.28_Measurement_Heavy_vs_Light,A giant safari elephant steps on the scale. Is it heavy or light?,hl_q1.webp,audio_hl1.mp3,1,HEAVY,LIGHT,SHORT,,,1,,,,,,,
multiple_choice,PP1-MATH-5.1.28_Measurement_Heavy_vs_Light,A bird feather floats in the air. Is it heavy or light?,hl_q2.webp,audio_hl2.mp3,1,LIGHT,HEAVY,TALL,,,1,,,,,,,
multiple_choice,PP1-MATH-5.1.28_Measurement_Heavy_vs_Light,A big rock on the ground is...?,hl_q3.webp,audio_hl3.mp3,1,HEAVY,LIGHT,EMPTY,,,1,,,,,,,
multiple_choice,PP1-MATH-5.1.28_Measurement_Heavy_vs_Light,A dry tree leaf blown by the wind is...?,hl_q4.webp,audio_hl4.mp3,1,LIGHT,HEAVY,LONG,,,1,,,,,,,
multiple_choice,PP1-MATH-5.1.28_Measurement_Heavy_vs_Light,Which one is HEAVY: a hippo or a balloon?,hl_q5.webp,audio_hl5.mp3,1,HIPPO,BALLOON,SAME,,,1,,,,,,,
multiple_choice,PP1-MATH-5.1.28_Measurement_Heavy_vs_Light,Which one is LIGHT: a paper bird or a big truck?,hl_q6.webp,audio_hl6.mp3,1,PAPER BIRD,TRUCK,SAME,,,1,,,,,,,
count_objects,PP1-MATH-5.1.28_Measurement_Heavy_vs_Light,Count 2 heavy elephants on the safari!,hl_count1.webp,audio_hl7.mp3,1,2,1,4,,🐘,2,,,,,,,
count_objects,PP1-MATH-5.1.28_Measurement_Heavy_vs_Light,Count 5 light floating feathers!,hl_count2.webp,audio_hl8.mp3,1,5,3,4,,🪶,5,,,,,,,
count_objects,PP1-MATH-5.1.28_Measurement_Heavy_vs_Light,Count 3 heavy boulders in the field!,hl_count3.webp,audio_hl9.mp3,1,3,2,5,,🪨,3,,,,,,,
speak_repeat,PP1-MATH-5.1.28_Measurement_Heavy_vs_Light,Say out loud clearly: HEAVY ELEPHANT AND LIGHT FEATHER!,speak_hl1.webp,audio_hl10.mp3,1,Heavy Elephant And Light Feather,,,,,,Heavy Elephant And Light Feather,,,,,,,
speak_repeat,PP1-MATH-5.1.28_Measurement_Heavy_vs_Light,Say out loud clearly: COMPARE WEIGHT HEAVY AND LIGHT!,speak_hl2.webp,audio_hl11.mp3,1,Compare Weight Heavy And Light,,,,,,Compare Weight Heavy And Light,,,,,,,
matching,PP1-MATH-5.1.28_Measurement_Heavy_vs_Light,Match objects to weight!,,,1,,,,,,,,Elephant 🐘,HEAVY,Feather 🪶,LIGHT,Rock 🪨,HEAVY
matching,PP1-MATH-5.1.28_Measurement_Heavy_vs_Light,Match weight opposites!,,,1,,,,,,,,Heavy,LIGHT,Light,HEAVY,Leaf 🍃,LIGHT
multiple_choice,PP1-MATH-5.1.29_Measurement_Full_vs_Empty_Capacity,A jar packed with sweet honey to the top is...?,fe_q1.webp,audio_fe1.mp3,1,FULL,EMPTY,LIGHT,,,1,,,,,,,
multiple_choice,PP1-MATH-5.1.29_Measurement_Full_vs_Empty_Capacity,A glass with no water inside is...?,fe_q2.webp,audio_fe2.mp3,1,EMPTY,FULL,HEAVY,,,1,,,,,,,
multiple_choice,PP1-MATH-5.1.29_Measurement_Full_vs_Empty_Capacity,A bird nest with 4 eggs inside is...?,fe_q3.webp,audio_fe3.mp3,1,FULL,EMPTY,SHORT,,,1,,,,,,,
multiple_choice,PP1-MATH-5.1.29_Measurement_Full_vs_Empty_Capacity,A box after all toys are taken out is...?,fe_q4.webp,audio_fe4.mp3,1,EMPTY,FULL,TALL,,,1,,,,,,,
multiple_choice,PP1-MATH-5.1.29_Measurement_Full_vs_Empty_Capacity,A bucket filled with water for washing is...?,fe_q5.webp,audio_fe5.mp3,1,FULL,EMPTY,LIGHT,,,1,,,,,,,
multiple_choice,PP1-MATH-5.1.29_Measurement_Full_vs_Empty_Capacity,What word describes zero juice in a cup?,fe_q6.webp,audio_fe6.mp3,1,EMPTY,FULL,LONG,,,1,,,,,,,
count_objects,PP1-MATH-5.1.29_Measurement_Full_vs_Empty_Capacity,Count 4 full jars of sweet jam!,fe_count1.webp,audio_fe7.mp3,1,4,2,3,,🫙,4,,,,,,,
count_objects,PP1-MATH-5.1.29_Measurement_Full_vs_Empty_Capacity,Count 2 empty baskets on the shelf!,fe_count2.webp,audio_fe8.mp3,1,2,1,4,,🧺,2,,,,,,,
count_objects,PP1-MATH-5.1.29_Measurement_Full_vs_Empty_Capacity,Count 3 full water buckets!,fe_count3.webp,audio_fe9.mp3,1,3,2,5,,🪣,3,,,,,,,
speak_repeat,PP1-MATH-5.1.29_Measurement_Full_vs_Empty_Capacity,Say out loud clearly: FULL JAR AND EMPTY CUP!,speak_fe1.webp,audio_fe10.mp3,1,Full Jar And Empty Cup,,,,,,Full Jar And Empty Cup,,,,,,,
speak_repeat,PP1-MATH-5.1.29_Measurement_Full_vs_Empty_Capacity,Say out loud clearly: CAPACITY MEANS FULL OR EMPTY!,speak_fe2.webp,audio_fe11.mp3,1,Capacity Means Full Or Empty,,,,,,Capacity Means Full Or Empty,,,,,,,
matching,PP1-MATH-5.1.29_Measurement_Full_vs_Empty_Capacity,Match containers to state!,,,1,,,,,,,,Full Jar 🫙,FULL,Empty Cup 🥛,EMPTY,Full Bucket 🪣,FULL
matching,PP1-MATH-5.1.29_Measurement_Full_vs_Empty_Capacity,Match capacity opposites!,,,1,,,,,,,,Full,EMPTY,Empty,FULL,Zero,EMPTY
multiple_choice,PP1-MATH-5.1.30_Measurement_Day_vs_Night_Routine,When the sun shines brightly in the sky, it is...?,dn_q1.webp,audio_dn1.mp3,1,DAY,NIGHT,DARK,,,1,,,,,,,
multiple_choice,PP1-MATH-5.1.30_Measurement_Day_vs_Night_Routine,When the glowing moon and stars appear, it is...?,dn_q2.webp,audio_dn2.mp3,1,NIGHT,DAY,LIGHT,,,1,,,,,,,
multiple_choice,PP1-MATH-5.1.30_Measurement_Day_vs_Night_Routine,When do we go to school and play outside?,dn_q3.webp,audio_dn3.mp3,1,DAY,NIGHT,NONE,,,1,,,,,,,
multiple_choice,PP1-MATH-5.1.30_Measurement_Day_vs_Night_Routine,When do we sleep in our warm beds?,dn_q4.webp,audio_dn4.mp3,1,NIGHT,DAY,SUN,,,1,,,,,,,
multiple_choice,PP1-MATH-5.1.30_Measurement_Day_vs_Night_Routine,The sun gives us light during the...?,dn_q5.webp,audio_dn5.mp3,1,DAY,NIGHT,RAIN,,,1,,,,,,,
multiple_choice,PP1-MATH-5.1.30_Measurement_Day_vs_Night_Routine,Owls fly and stars shine during the...?,dn_q6.webp,audio_dn6.mp3,1,NIGHT,DAY,WIND,,,1,,,,,,,
count_objects,PP1-MATH-5.1.30_Measurement_Day_vs_Night_Routine,Count 1 bright yellow sun in the day sky!,dn_count1.webp,audio_dn7.mp3,1,1,2,3,,☀️,1,,,,,,,
count_objects,PP1-MATH-5.1.30_Measurement_Day_vs_Night_Routine,Count 5 night stars twinkling at bedtime!,dn_count2.webp,audio_dn8.mp3,1,5,3,4,,⭐,5,,,,,,,
count_objects,PP1-MATH-5.1.30_Measurement_Day_vs_Night_Routine,Count 2 glowing moons at night!,dn_count3.webp,audio_dn9.mp3,1,2,1,3,,🌙,2,,,,,,,
speak_repeat,PP1-MATH-5.1.30_Measurement_Day_vs_Night_Routine,Say out loud clearly: SUN IN THE DAY AND MOON AT NIGHT!,speak_dn1.webp,audio_dn10.mp3,1,Sun In The Day And Moon At Night,,,,,,Sun In The Day And Moon At Night,,,,,,,
speak_repeat,PP1-MATH-5.1.30_Measurement_Day_vs_Night_Routine,Say out loud clearly: DAYTIME TO PLAY AND NIGHTTIME TO SLEEP!,speak_dn2.webp,audio_dn11.mp3,1,Daytime To Play And Nighttime To Sleep,,,,,,Daytime To Play And Nighttime To Sleep,,,,,,,
matching,PP1-MATH-5.1.30_Measurement_Day_vs_Night_Routine,Match routines to time!,,,1,,,,,,,,Sun ☀️,DAY,Moon 🌙,NIGHT,Bed 🛌,NIGHT
matching,PP1-MATH-5.1.30_Measurement_Day_vs_Night_Routine,Match day and night symbols!,,,1,,,,,,,,Day,DAY,Night,NIGHT,Stars,NIGHT
multiple_choice,PP1-MATH-5.1.31_Measurement_Days_of_the_Week_Song,What day comes right after Monday?,dw_q1.webp,audio_dw1.mp3,1,TUESDAY,SUNDAY,FRIDAY,,,1,,,,,,,
multiple_choice,PP1-MATH-5.1.31_Measurement_Days_of_the_Week_Song,How many days are in one whole week?,dw_q2.webp,audio_dw2.mp3,1,7,5,10,,,1,,,,,,,
multiple_choice,PP1-MATH-5.1.31_Measurement_Days_of_the_Week_Song,What is the first day of the school week?,dw_q3.webp,audio_dw3.mp3,1,MONDAY,SATURDAY,SUNDAY,,,1,,,,,,,
multiple_choice,PP1-MATH-5.1.31_Measurement_Days_of_the_Week_Song,Which days make up the weekend?,dw_q4.webp,audio_dw4.mp3,1,SATURDAY,MONDAY,TUESDAY,,,1,,,,,,,
multiple_choice,PP1-MATH-5.1.31_Measurement_Days_of_the_Week_Song,What day comes before Sunday?,dw_q5.webp,audio_dw5.mp3,1,SATURDAY,WEDNESDAY,MONDAY,,,1,,,,,,,
multiple_choice,PP1-MATH-5.1.31_Measurement_Days_of_the_Week_Song,What day comes after Wednesday?,dw_q6.webp,audio_dw6.mp3,1,THURSDAY,FRIDAY,SUNDAY,,,1,,,,,,,
count_objects,PP1-MATH-5.1.31_Measurement_Days_of_the_Week_Song,Count 7 calendar days in one week!,dw_count1.webp,audio_dw7.mp3,1,7,5,6,,📅,7,,,,,,,
count_objects,PP1-MATH-5.1.31_Measurement_Days_of_the_Week_Song,Count 5 school days from Monday to Friday!,dw_count2.webp,audio_dw8.mp3,1,5,4,7,,🏫,5,,,,,,,
count_objects,PP1-MATH-5.1.31_Measurement_Days_of_the_Week_Song,Count 2 weekend days to rest and play!,dw_count3.webp,audio_dw9.mp3,1,2,1,3,,🎈,2,,,,,,,
speak_repeat,PP1-MATH-5.1.31_Measurement_Days_of_the_Week_Song,Say out loud clearly: SEVEN DAYS IN ONE WEEK!,speak_dw1.webp,audio_dw10.mp3,1,Seven Days In One Week,,,,,,Seven Days In One Week,,,,,,,
speak_repeat,PP1-MATH-5.1.31_Measurement_Days_of_the_Week_Song,Say out loud clearly: MONDAY TUESDAY WEDNESDAY THURSDAY FRIDAY!,speak_dw2.webp,audio_dw11.mp3,1,Monday Tuesday Wednesday Thursday Friday,,,,,,Monday Tuesday Wednesday Thursday Friday,,,,,,,
matching,PP1-MATH-5.1.31_Measurement_Days_of_the_Week_Song,Match days in order!,,,1,,,,,,,,1st,MONDAY,2nd,TUESDAY,3rd,WEDNESDAY
matching,PP1-MATH-5.1.31_Measurement_Days_of_the_Week_Song,Match week counts!,,,1,,,,,,,,Week,7,School,5,Weekend,2
multiple_choice,PP1-MATH-5.1.32_Measurement_Kenyan_Shilling_Coins_Intro,What money coin has the number 1 on it?,kes_q1.webp,audio_k1.mp3,1,1 KES,5 KES,10 KES,,,1,,,,,,,
multiple_choice,PP1-MATH-5.1.32_Measurement_Kenyan_Shilling_Coins_Intro,What coin has the number 5 on it?,kes_q2.webp,audio_k2.mp3,1,5 KES,1 KES,20 KES,,,1,,,,,,,
multiple_choice,PP1-MATH-5.1.32_Measurement_Kenyan_Shilling_Coins_Intro,Which coin is bigger in value: 1 KES or 10 KES?,kes_q3.webp,audio_k3.mp3,1,10 KES,1 KES,SAME,,,1,,,,,,,
multiple_choice,PP1-MATH-5.1.32_Measurement_Kenyan_Shilling_Coins_Intro,Find the 20 Kenyan Shilling coin!,kes_q4.webp,audio_k4.mp3,1,20 KES,5 KES,1 KES,,,1,,,,,,,
multiple_choice,PP1-MATH-5.1.32_Measurement_Kenyan_Shilling_Coins_Intro,We use coins in Kenya to buy...?,kes_q5.webp,audio_k5.mp3,1,FOOD,ROCKS,LEAVES,,,1,,,,,,,
multiple_choice,PP1-MATH-5.1.32_Measurement_Kenyan_Shilling_Coins_Intro,What is the currency used in Kenya?,kes_q6.webp,audio_k6.mp3,1,KES,USD,EUR,,,1,,,,,,,
count_objects,PP1-MATH-5.1.32_Measurement_Kenyan_Shilling_Coins_Intro,Count 4 shiny Kenyan Shilling coins!,kes_count1.webp,audio_k7.mp3,1,4,2,5,,🪙,4,,,,,,,
count_objects,PP1-MATH-5.1.32_Measurement_Kenyan_Shilling_Coins_Intro,Count 5 silver coins in the purse!,kes_count2.webp,audio_k8.mp3,1,5,3,4,,🪙,5,,,,,,,
count_objects,PP1-MATH-5.1.32_Measurement_Kenyan_Shilling_Coins_Intro,Count 2 gold-colored 20 KES coins!,kes_count3.webp,audio_k9.mp3,1,2,1,3,,🪙,2,,,,,,,
speak_repeat,PP1-MATH-5.1.32_Measurement_Kenyan_Shilling_Coins_Intro,Say out loud clearly: KENYAN SHILLING COINS FOR BUYING!,speak_k1.webp,audio_k10.mp3,1,Kenyan Shilling Coins For Buying,,,,,,Kenyan Shilling Coins For Buying,,,,,,,
speak_repeat,PP1-MATH-5.1.32_Measurement_Kenyan_Shilling_Coins_Intro,Say out loud clearly: ONE FIVE TEN AND TWENTY SHILLINGS!,speak_k2.webp,audio_k11.mp3,1,One Five Ten And Twenty Shillings,,,,,,One Five Ten And Twenty Shillings,,,,,,,
matching,PP1-MATH-5.1.32_Measurement_Kenyan_Shilling_Coins_Intro,Match coin values!,,,1,,,,,,,,1,1 KES,5,5 KES,10,10 KES
matching,PP1-MATH-5.1.32_Measurement_Kenyan_Shilling_Coins_Intro,Match money terms!,,,1,,,,,,,,Kenya,KES,Coin,🪙,Twenty,20 KES
multiple_choice,PP1-MATH-5.1.33_Measurement_Buying_Fruit_at_Market,An apple costs 5 KES. What coin do you give the seller?,mkt_q1.webp,audio_m1.mp3,1,5 KES,1 KES,20 KES,,,1,,,,,,,
multiple_choice,PP1-MATH-5.1.33_Measurement_Buying_Fruit_at_Market,A banana costs 10 KES. Which coin pays for it exactly?,mkt_q2.webp,audio_m2.mp3,1,10 KES,1 KES,5 KES,,,1,,,,,,,
multiple_choice,PP1-MATH-5.1.33_Measurement_Buying_Fruit_at_Market,If you have 1 KES and get 1 KES more, how much money do you have?,mkt_q3.webp,audio_m3.mp3,1,2 KES,5 KES,10 KES,,,1,,,,,,,
multiple_choice,PP1-MATH-5.1.33_Measurement_Buying_Fruit_at_Market,Where do we go to buy fresh fruit with coins?,mkt_q4.webp,audio_m4.mp3,1,MARKET,PARK,BED,,,1,,,,,,,
multiple_choice,PP1-MATH-5.1.33_Measurement_Buying_Fruit_at_Market,You buy 1 orange for 5 KES and 1 mango for 5 KES. Total cost?,mkt_q5.webp,audio_m5.mp3,1,10 KES,5 KES,20 KES,,,1,,,,,,,
multiple_choice,PP1-MATH-5.1.33_Measurement_Buying_Fruit_at_Market,Do we need money to pay for fruit at the market?,mkt_q6.webp,audio_m6.mp3,1,YES,NO,NEVER,,,1,,,,,,,
count_objects,PP1-MATH-5.1.33_Measurement_Buying_Fruit_at_Market,Count 3 red market apples to buy!,mkt_count1.webp,audio_m7.mp3,1,3,1,4,,🍎,3,,,,,,,
count_objects,PP1-MATH-5.1.33_Measurement_Buying_Fruit_at_Market,Count 5 yellow market bananas!,mkt_count2.webp,audio_m8.mp3,1,5,2,4,,🍌,5,,,,,,,
count_objects,PP1-MATH-5.1.33_Measurement_Buying_Fruit_at_Market,Count 2 sweet market oranges!,mkt_count3.webp,audio_m9.mp3,1,2,1,3,,🍊,2,,,,,,,
speak_repeat,PP1-MATH-5.1.33_Measurement_Buying_Fruit_at_Market,Say out loud clearly: BUYING FRUIT WITH SHILLING COINS!,speak_m1.webp,audio_m10.mp3,1,Buying Fruit With Shilling Coins,,,,,,Buying Fruit With Shilling Coins,,,,,,,
speak_repeat,PP1-MATH-5.1.33_Measurement_Buying_Fruit_at_Market,Say out loud clearly: FIVE SHILLINGS FOR AN APPLE!,speak_m2.webp,audio_m11.mp3,1,Five Shillings For An Apple,,,,,,Five Shillings For An Apple,,,,,,,
matching,PP1-MATH-5.1.33_Measurement_Buying_Fruit_at_Market,Match fruit to coin price!,,,1,,,,,,,,Apple 🍎,5 KES,Banana 🍌,10 KES,Orange 🍊,5 KES
matching,PP1-MATH-5.1.33_Measurement_Buying_Fruit_at_Market,Match market items!,,,1,,,,,,,,Coins,🪙,Market,🍎,Total,10 KES
multiple_choice,PP1-MATH-5.1.34_Measurement_Same_vs_Different_Weight,Two apples balance equally on the scale. Are they same or different weight?,bal_q1.webp,audio_b1.mp3,1,SAME,DIFFERENT,HEAVY,,,1,,,,,,,
multiple_choice,PP1-MATH-5.1.34_Measurement_Same_vs_Different_Weight,An elephant on one side and a feather on the other side are...?,bal_q2.webp,audio_b2.mp3,1,DIFFERENT,SAME,EQUAL,,,1,,,,,,,
multiple_choice,PP1-MATH-5.1.34_Measurement_Same_vs_Different_Weight,When the balance scale stays level straight, the weights are...?,bal_q3.webp,audio_b3.mp3,1,SAME,DIFFERENT,LIGHT,,,1,,,,,,,
multiple_choice,PP1-MATH-5.1.34_Measurement_Same_vs_Different_Weight,When one side goes way down and one side goes way up, weights are...?,bal_q4.webp,audio_b4.mp3,1,DIFFERENT,SAME,EQUAL,,,1,,,,,,,
multiple_choice,PP1-MATH-5.1.34_Measurement_Same_vs_Different_Weight,1 block on the left and 1 same block on the right have...?,bal_q5.webp,audio_b5.mp3,1,SAME,DIFFERENT,EMPTY,,,1,,,,,,,
multiple_choice,PP1-MATH-5.1.34_Measurement_Same_vs_Different_Weight,A heavy rock and a light leaf have...?,bal_q6.webp,audio_b6.mp3,1,DIFFERENT,SAME,EQUAL,,,1,,,,,,,
count_objects,PP1-MATH-5.1.34_Measurement_Same_vs_Different_Weight,Count 2 balance scales testing weight!,bal_count1.webp,audio_b7.mp3,1,2,1,3,,⚖️,2,,,,,,,
count_objects,PP1-MATH-5.1.34_Measurement_Same_vs_Different_Weight,Count 4 equal blocks on the scale!,bal_count2.webp,audio_b8.mp3,1,4,2,5,,🧱,4,,,,,,,
count_objects,PP1-MATH-5.1.34_Measurement_Same_vs_Different_Weight,Count 3 balanced wooden blocks!,bal_count3.webp,audio_b9.mp3,1,3,1,4,,🪵,3,,,,,,,
speak_repeat,PP1-MATH-5.1.34_Measurement_Same_vs_Different_Weight,Say out loud clearly: BALANCE SCALE SHOWS SAME OR DIFFERENT WEIGHT!,speak_b1.webp,audio_b10.mp3,1,Balance Scale Shows Same Or Different Weight,,,,,,Balance Scale Shows Same Or Different Weight,,,,,,,
speak_repeat,PP1-MATH-5.1.34_Measurement_Same_vs_Different_Weight,Say out loud clearly: EQUAL WEIGHTS BALANCE EVEN AND STRAIGHT!,speak_b2.webp,audio_b11.mp3,1,Equal Weights Balance Even And Straight,,,,,,Equal Weights Balance Even And Straight,,,,,,,
matching,PP1-MATH-5.1.34_Measurement_Same_vs_Different_Weight,Match scale comparisons!,,,1,,,,,,,,Equal sides,SAME,Heavy and light,DIFFERENT,Level scale,SAME
matching,PP1-MATH-5.1.34_Measurement_Same_vs_Different_Weight,Match balance concepts!,,,1,,,,,,,,Scale ⚖️,SAME,Tilt,DIFFERENT,Equal,SAME







question_type,lesson_title,prompt,prompt_image,prompt_audio,correct_answer,option_1,option_2,option_3,option_4,count_emoji_or_image,target_count,target_word,pair_1_left,pair_1_right,pair_2_left,pair_2_right,pair_3_left,pair_3_right
multiple_choice,PP1-MATH-5.1.35_Measurement_Grand_Master,A giraffe is tall and a worm is...?,meas_q1.webp,audio_mg1.mp3,1,SHORT,LONG,HEAVY,,,1,,,,,,,
multiple_choice,PP1-MATH-5.1.35_Measurement_Grand_Master,An elephant is heavy and a feather is...?,meas_q2.webp,audio_mg2.mp3,1,LIGHT,HEAVY,FULL,,,1,,,,,,,
multiple_choice,PP1-MATH-5.1.35_Measurement_Grand_Master,A full jar has water, a glass with no water is...?,meas_q3.webp,audio_mg3.mp3,1,EMPTY,FULL,SHORT,,,1,,,,,,,
multiple_choice,PP1-MATH-5.1.35_Measurement_Grand_Master,What coin is used in Kenya to buy fruit?,meas_q4.webp,audio_mg4.mp3,1,KES,USD,EUR,,,1,,,,,,,
multiple_choice,PP1-MATH-5.1.35_Measurement_Grand_Master,When the sun shines brightly, it is...?,meas_q5.webp,audio_mg5.mp3,1,DAY,NIGHT,DARK,,,1,,,,,,,
multiple_choice,PP1-MATH-5.1.35_Measurement_Grand_Master,A long train stretches further than a short...?,meas_q6.webp,audio_mg6.mp3,1,BUS,TALL,BALL,,,1,,,,,,,
count_objects,PP1-MATH-5.1.35_Measurement_Grand_Master,Count 4 measurement tools!,meas_count1.webp,audio_mg7.mp3,1,4,2,5,,📏,4,,,,,,,
count_objects,PP1-MATH-5.1.35_Measurement_Grand_Master,Count 3 shilling coins!,meas_count2.webp,audio_mg8.mp3,1,3,1,5,,🪙,3,,,,,,,
count_objects,PP1-MATH-5.1.35_Measurement_Grand_Master,Count 2 balance scales!,meas_count3.webp,audio_mg9.mp3,1,2,1,4,,⚖️,2,,,,,,,
speak_repeat,PP1-MATH-5.1.35_Measurement_Grand_Master,Say out loud clearly: I AM A MEASUREMENT MASTER!,speak_mg1.webp,audio_mg10.mp3,1,I Am A Measurement Master,,,,,,I Am A Measurement Master,,,,,,,
speak_repeat,PP1-MATH-5.1.35_Measurement_Grand_Master,Say out loud clearly: MEASURE LENGTH WEIGHT AND COINS!,speak_mg2.webp,audio_mg11.mp3,1,Measure Length Weight And Coins,,,,,,Measure Length Weight And Coins,,,,,,,
matching,PP1-MATH-5.1.35_Measurement_Grand_Master,Match measurement concepts!,,,1,,,,,,,,Giraffe,TALL,Elephant,HEAVY,Jar,FULL
matching,PP1-MATH-5.1.35_Measurement_Grand_Master,Match opposites!,,,1,,,,,,,,Long,SHORT,Heavy,LIGHT,Full,EMPTY
multiple_choice,PP1-MATH-6.1.36_Spatial_In_Front_vs_Behind,The leader dino walks at the head. Is it in front or behind?,sp_q1.webp,audio_sp1.mp3,1,FRONT,BEHIND,ABOVE,,,1,,,,,,,
multiple_choice,PP1-MATH-6.1.36_Spatial_In_Front_vs_Behind,A baby dino hiding behind a rock is...?,sp_q2.webp,audio_sp2.mp3,1,BEHIND,FRONT,BELOW,,,1,,,,,,,
multiple_choice,PP1-MATH-6.1.36_Spatial_In_Front_vs_Behind,The lion standing at the very front of the line is...?,sp_q3.webp,audio_sp3.mp3,1,FRONT,BEHIND,INSIDE,,,1,,,,,,,
multiple_choice,PP1-MATH-6.1.36_Spatial_In_Front_vs_Behind,If you follow someone, you walk...?,sp_q4.webp,audio_sp4.mp3,1,BEHIND,FRONT,ABOVE,,,1,,,,,,,
multiple_choice,PP1-MATH-6.1.36_Spatial_In_Front_vs_Behind,The driver sits at the ___ of the bus.,sp_q5.webp,audio_sp5.mp3,1,FRONT,BEHIND,OUTSIDE,,,1,,,,,,,
multiple_choice,PP1-MATH-6.1.36_Spatial_In_Front_vs_Behind,Where is the sun hidden when behind a cloud?,sp_q6.webp,audio_sp6.mp3,1,BEHIND,FRONT,LEFT,,,1,,,,,,,
count_objects,PP1-MATH-6.1.36_Spatial_In_Front_vs_Behind,Count 3 dinos standing in front!,sp_count1.webp,audio_sp7.mp3,1,3,2,4,,🦕,3,,,,,,,
count_objects,PP1-MATH-6.1.36_Spatial_In_Front_vs_Behind,Count 2 trees behind the house!,sp_count2.webp,audio_sp8.mp3,1,2,1,5,,🌴,2,,,,,,,
count_objects,PP1-MATH-6.1.36_Spatial_In_Front_vs_Behind,Count 4 kids walking in front!,sp_count3.webp,audio_sp9.mp3,1,4,3,5,,🚶,4,,,,,,,
speak_repeat,PP1-MATH-6.1.36_Spatial_In_Front_vs_Behind,Say out loud clearly: IN FRONT AND BEHIND!,speak_sp1.webp,audio_sp10.mp3,1,In Front And Behind,,,,,,In Front And Behind,,,,,,,
speak_repeat,PP1-MATH-6.1.36_Spatial_In_Front_vs_Behind,Say out loud clearly: LEADER IS IN FRONT!,speak_sp2.webp,audio_sp11.mp3,1,Leader Is In Front,,,,,,Leader Is In Front,,,,,,,
matching,PP1-MATH-6.1.36_Spatial_In_Front_vs_Behind,Match positions!,,,1,,,,,,,,Leader,FRONT,Follower,BEHIND,First,FRONT
matching,PP1-MATH-6.1.36_Spatial_In_Front_vs_Behind,Match position terms!,,,1,,,,,,,,Front,FRONT,Behind,BEHIND,Back,BEHIND
multiple_choice,PP1-MATH-6.1.37_Spatial_Above_vs_Below,Where is the bird flying in the sky?,ab_q1.webp,audio_ab1.mp3,1,ABOVE,BELOW,INSIDE,,,1,,,,,,,
multiple_choice,PP1-MATH-6.1.37_Spatial_Above_vs_Below,Where is the fish swimming in the water?,ab_q2.webp,audio_ab2.mp3,1,BELOW,ABOVE,OUTSIDE,,,1,,,,,,,
multiple_choice,PP1-MATH-6.1.37_Spatial_Above_vs_Below,The sun high in the sky is ___ the trees.,ab_q3.webp,audio_ab3.mp3,1,ABOVE,BELOW,BEHIND,,,1,,,,,,,
multiple_choice,PP1-MATH-6.1.37_Spatial_Above_vs_Below,The grass growing on the ground is ___ the sky.,ab_q4.webp,audio_ab4.mp3,1,BELOW,ABOVE,FRONT,,,1,,,,,,,
multiple_choice,PP1-MATH-6.1.37_Spatial_Above_vs_Below,Where is an airplane flying relative to clouds?,ab_q5.webp,audio_ab5.mp3,1,ABOVE,BELOW,LEFT,,,1,,,,,,,
multiple_choice,PP1-MATH-6.1.37_Spatial_Above_vs_Below,Where are earthworms digging under the dirt?,ab_q6.webp,audio_ab6.mp3,1,BELOW,ABOVE,RIGHT,,,1,,,,,,,
count_objects,PP1-MATH-6.1.37_Spatial_Above_vs_Below,Count 3 birds flying above!,ab_count1.webp,audio_ab7.mp3,1,3,2,4,,🕊️,3,,,,,,,
count_objects,PP1-MATH-6.1.37_Spatial_Above_vs_Below,Count 5 flowers growing below!,ab_count2.webp,audio_ab8.mp3,1,5,3,4,,🌻,5,,,,,,,
count_objects,PP1-MATH-6.1.37_Spatial_Above_vs_Below,Count 2 clouds above the mountain!,ab_count3.webp,audio_ab9.mp3,1,2,1,3,,☁️,2,,,,,,,
speak_repeat,PP1-MATH-6.1.37_Spatial_Above_vs_Below,Say out loud clearly: BIRDS FLY ABOVE AND FLOWERS GROW BELOW!,speak_ab1.webp,audio_ab10.mp3,1,Birds Fly Above And Flowers Grow Below,,,,,,Birds Fly Above And Flowers Grow Below,,,,,,,
speak_repeat,PP1-MATH-6.1.37_Spatial_Above_vs_Below,Say out loud clearly: SUN IS ABOVE THE EARTH!,speak_ab2.webp,audio_ab11.mp3,1,Sun Is Above The Earth,,,,,,Sun Is Above The Earth,,,,,,,
matching,PP1-MATH-6.1.37_Spatial_Above_vs_Below,Match position above and below!,,,1,,,,,,,,Bird 🕊️,ABOVE,Flower 🌻,BELOW,Cloud ☁️,ABOVE
matching,PP1-MATH-6.1.37_Spatial_Above_vs_Below,Match spatial opposites!,,,1,,,,,,,,Above,BELOW,Below,ABOVE,Sky,ABOVE
multiple_choice,PP1-MATH-6.1.38_Spatial_Inside_vs_Outside,Where is the lion in its cage?,io_q1.webp,audio_io1.mp3,1,INSIDE,OUTSIDE,ABOVE,,,1,,,,,,,
multiple_choice,PP1-MATH-6.1.38_Spatial_Inside_vs_Outside,Where are children playing in the yard?,io_q2.webp,audio_io2.mp3,1,OUTSIDE,INSIDE,BELOW,,,1,,,,,,,
multiple_choice,PP1-MATH-6.1.38_Spatial_Inside_vs_Outside,Where are eggs in a nest?,io_q3.webp,audio_io3.mp3,1,INSIDE,OUTSIDE,BEHIND,,,1,,,,,,,
multiple_choice,PP1-MATH-6.1.38_Spatial_Inside_vs_Outside,Where is the dog sitting on the porch?,io_q4.webp,audio_io4.mp3,1,OUTSIDE,INSIDE,FRONT,,,1,,,,,,,
multiple_choice,PP1-MATH-6.1.38_Spatial_Inside_vs_Outside,Where is juice in a cup?,io_q5.webp,audio_io5.mp3,1,INSIDE,OUTSIDE,LEFT,,,1,,,,,,,
multiple_choice,PP1-MATH-6.1.38_Spatial_Inside_vs_Outside,Where are trees growing in the park?,io_q6.webp,audio_io6.mp3,1,OUTSIDE,INSIDE,RIGHT,,,1,,,,,,,
count_objects,PP1-MATH-6.1.38_Spatial_Inside_vs_Outside,Count 3 eggs inside the nest!,io_count1.webp,audio_io7.mp3,1,3,2,4,,🥚,3,,,,,,,
count_objects,PP1-MATH-6.1.38_Spatial_Inside_vs_Outside,Count 4 trees outside the house!,io_count2.webp,audio_io8.mp3,1,4,2,5,,🌳,4,,,,,,,
count_objects,PP1-MATH-6.1.38_Spatial_Inside_vs_Outside,Count 2 fish inside the bowl!,io_count3.webp,audio_io9.mp3,1,2,1,3,,🐟,2,,,,,,,
speak_repeat,PP1-MATH-6.1.38_Spatial_Inside_vs_Outside,Say out loud clearly: INSIDE THE HOUSE AND OUTSIDE IN THE GARDEN!,speak_io1.webp,audio_io10.mp3,1,Inside The House And Outside In The Garden,,,,,,Inside The House And Outside In The Garden,,,,,,,
speak_repeat,PP1-MATH-6.1.38_Spatial_Inside_vs_Outside,Say out loud clearly: TOYS ARE INSIDE THE BOX!,speak_io2.webp,audio_io11.mp3,1,Toys Are Inside The Box,,,,,,Toys Are Inside The Box,,,,,,,
matching,PP1-MATH-6.1.38_Spatial_Inside_vs_Outside,Match positions inside and outside!,,,1,,,,,,,,Eggs 🥚,INSIDE,Trees 🌳,OUTSIDE,Fish 🐟,INSIDE
matching,PP1-MATH-6.1.38_Spatial_Inside_vs_Outside,Match inside outside terms!,,,1,,,,,,,,Inside,OUTSIDE,Outside,INSIDE,In,INSIDE
multiple_choice,PP1-MATH-6.1.39_Spatial_Left_vs_Right_Hands,Which hand wears the blue ring on the left side?,lr_q1.webp,audio_lr1.mp3,1,LEFT,RIGHT,FRONT,,,1,,,,,,,
multiple_choice,PP1-MATH-6.1.39_Spatial_Left_vs_Right_Hands,Which hand holds the star on the right side?,lr_q2.webp,audio_lr2.mp3,1,RIGHT,LEFT,BEHIND,,,1,,,,,,,
multiple_choice,PP1-MATH-6.1.39_Spatial_Left_vs_Right_Hands,Raise your hand on the left side: that is your ___ hand.,lr_q3.webp,audio_lr3.mp3,1,LEFT,RIGHT,ABOVE,,,1,,,,,,,
multiple_choice,PP1-MATH-6.1.39_Spatial_Left_vs_Right_Hands,Wave your hand on the right side: that is your ___ hand.,lr_q4.webp,audio_lr4.mp3,1,RIGHT,LEFT,BELOW,,,1,,,,,,,
multiple_choice,PP1-MATH-6.1.39_Spatial_Left_vs_Right_Hands,The arrow pointing to the left side goes...?,lr_q5.webp,audio_lr5.mp3,1,LEFT,RIGHT,INSIDE,,,1,,,,,,,
multiple_choice,PP1-MATH-6.1.39_Spatial_Left_vs_Right_Hands,The arrow pointing to the right side goes...?,lr_q6.webp,audio_lr6.mp3,1,RIGHT,LEFT,OUTSIDE,,,1,,,,,,,
count_objects,PP1-MATH-6.1.39_Spatial_Left_vs_Right_Hands,Count 2 hands: left hand and right hand!,lr_count1.webp,audio_lr7.mp3,1,2,1,3,,✋,2,,,,,,,
count_objects,PP1-MATH-6.1.39_Spatial_Left_vs_Right_Hands,Count 3 left arrows on the board!,lr_count2.webp,audio_lr8.mp3,1,3,2,4,,⬅️,3,,,,,,,
count_objects,PP1-MATH-6.1.39_Spatial_Left_vs_Right_Hands,Count 4 right arrows on the wall!,lr_count3.webp,audio_lr9.mp3,1,4,2,5,,➡️,4,,,,,,,
speak_repeat,PP1-MATH-6.1.39_Spatial_Left_vs_Right_Hands,Say out loud clearly: LEFT HAND AND RIGHT HAND!,speak_lr1.webp,audio_lr10.mp3,1,Left Hand And Right Hand,,,,,,Left Hand And Right Hand,,,,,,,
speak_repeat,PP1-MATH-6.1.39_Spatial_Left_vs_Right_Hands,Say out loud clearly: TURN LEFT AND TURN RIGHT!,speak_lr2.webp,audio_lr11.mp3,1,Turn Left And Turn Right,,,,,,Turn Left And Turn Right,,,,,,,
matching,PP1-MATH-6.1.39_Spatial_Left_vs_Right_Hands,Match directions!,,,1,,,,,,,,Left ⬅️,LEFT,Right ➡️,RIGHT,Left hand,LEFT
matching,PP1-MATH-6.1.39_Spatial_Left_vs_Right_Hands,Match directional opposites!,,,1,,,,,,,,Left,RIGHT,Right,LEFT,Side,RIGHT
multiple_choice,PP1-MATH-6.1.40_Spatial_Position_Grand_Master,A bird above and a flower below: what position is above?,spm_q1.webp,audio_sm1.mp3,1,ABOVE,BELOW,BEHIND,,,1,,,,,,,
multiple_choice,PP1-MATH-6.1.40_Spatial_Position_Grand_Master,Leader in front, follower behind: what position is leader?,spm_q2.webp,audio_sm2.mp3,1,FRONT,BEHIND,INSIDE,,,1,,,,,,,
multiple_choice,PP1-MATH-6.1.40_Spatial_Position_Grand_Master,Eggs inside nest, bird outside: where are eggs?,spm_q3.webp,audio_sm3.mp3,1,INSIDE,OUTSIDE,LEFT,,,1,,,,,,,
multiple_choice,PP1-MATH-6.1.40_Spatial_Position_Grand_Master,Which hand is on the right side?,spm_q4.webp,audio_sm4.mp3,1,RIGHT,LEFT,BELOW,,,1,,,,,,,
multiple_choice,PP1-MATH-6.1.40_Spatial_Position_Grand_Master,The opposite of FRONT is...?,spm_q5.webp,audio_sm5.mp3,1,BEHIND,ABOVE,INSIDE,,,1,,,,,,,
multiple_choice,PP1-MATH-6.1.40_Spatial_Position_Grand_Master,The opposite of INSIDE is...?,spm_q6.webp,audio_sm6.mp3,1,OUTSIDE,BELOW,RIGHT,,,1,,,,,,,
count_objects,PP1-MATH-6.1.40_Spatial_Position_Grand_Master,Count 5 spatial position stars!,spm_count1.webp,audio_sm7.mp3,1,5,3,4,,⭐,5,,,,,,,
count_objects,PP1-MATH-6.1.40_Spatial_Position_Grand_Master,Count 3 direction arrows!,spm_count2.webp,audio_sm8.mp3,1,3,2,4,,🏹,3,,,,,,,
count_objects,PP1-MATH-6.1.40_Spatial_Position_Grand_Master,Count 2 master compasses!,spm_count3.webp,audio_sm9.mp3,1,2,1,4,,🧭,2,,,,,,,
speak_repeat,PP1-MATH-6.1.40_Spatial_Position_Grand_Master,Say out loud clearly: I AM A SPATIAL POSITION MASTER!,speak_sm1.webp,audio_sm10.mp3,1,I Am A Spatial Position Master,,,,,,I Am A Spatial Position Master,,,,,,,
speak_repeat,PP1-MATH-6.1.40_Spatial_Position_Grand_Master,Say out loud clearly: FRONT BEHIND ABOVE BELOW INSIDE OUTSIDE!,speak_sm2.webp,audio_sm11.mp3,1,Front Behind Above Below Inside Outside,,,,,,Front Behind Above Below Inside Outside,,,,,,,
matching,PP1-MATH-6.1.40_Spatial_Position_Grand_Master,Match spatial terms!,,,1,,,,,,,,Front,FRONT,Above,ABOVE,Inside,INSIDE
matching,PP1-MATH-6.1.40_Spatial_Position_Grand_Master,Match position opposites!,,,1,,,,,,,,Front,BEHIND,Above,BELOW,Inside,OUTSIDE
multiple_choice,PP1-MATH-7.1.41_Data_Sorting_Fruits_by_Color,An apple is red. Which color group does it go to?,fc_q1.webp,audio_fc1.mp3,1,RED,YELLOW,GREEN,,,1,,,,,,,
multiple_choice,PP1-MATH-7.1.41_Data_Sorting_Fruits_by_Color,A banana is yellow. Which color group does it go to?,fc_q2.webp,audio_fc2.mp3,1,YELLOW,RED,GREEN,,,1,,,,,,,
multiple_choice,PP1-MATH-7.1.41_Data_Sorting_Fruits_by_Color,A leaf or green apple belongs to which color group?,fc_q3.webp,audio_fc3.mp3,1,GREEN,RED,YELLOW,,,1,,,,,,,
multiple_choice,PP1-MATH-7.1.41_Data_Sorting_Fruits_by_Color,A ripe strawberry is...?,fc_q4.webp,audio_fc4.mp3,1,RED,YELLOW,GREEN,,,1,,,,,,,
multiple_choice,PP1-MATH-7.1.41_Data_Sorting_Fruits_by_Color,A lemon is...?,fc_q5.webp,audio_fc5.mp3,1,YELLOW,RED,GREEN,,,1,,,,,,,
multiple_choice,PP1-MATH-7.1.41_Data_Sorting_Fruits_by_Color,When we sort fruits by color we group ones that look...?,fc_q6.webp,audio_fc6.mp3,1,SAME,DIFFERENT,BIG,,,1,,,,,,,
count_objects,PP1-MATH-7.1.41_Data_Sorting_Fruits_by_Color,Count 3 red apples in the red bowl!,fc_count1.webp,audio_fc7.mp3,1,3,2,4,,🍎,3,,,,,,,
count_objects,PP1-MATH-7.1.41_Data_Sorting_Fruits_by_Color,Count 4 yellow bananas in the yellow basket!,fc_count2.webp,audio_fc8.mp3,1,4,3,5,,🍌,4,,,,,,,
count_objects,PP1-MATH-7.1.41_Data_Sorting_Fruits_by_Color,Count 2 green pears in the green crate!,fc_count3.webp,audio_fc9.mp3,1,2,1,3,,🍐,2,,,,,,,
speak_repeat,PP1-MATH-7.1.41_Data_Sorting_Fruits_by_Color,Say out loud clearly: SORTING FRUITS BY RED YELLOW AND GREEN!,speak_fc1.webp,audio_fc10.mp3,1,Sorting Fruits By Red Yellow And Green,,,,,,Sorting Fruits By Red Yellow And Green,,,,,,,
speak_repeat,PP1-MATH-7.1.41_Data_Sorting_Fruits_by_Color,Say out loud clearly: GROUP SAME COLORS TOGETHER!,speak_fc2.webp,audio_fc11.mp3,1,Group Same Colors Together,,,,,,Group Same Colors Together,,,,,,,
matching,PP1-MATH-7.1.41_Data_Sorting_Fruits_by_Color,Match fruit to color!,,,1,,,,,,,,Apple 🍎,RED,Banana 🍌,YELLOW,Pear 🍐,GREEN
matching,PP1-MATH-7.1.41_Data_Sorting_Fruits_by_Color,Match color groups!,,,1,,,,,,,,Red,RED,Yellow,YELLOW,Green,GREEN
multiple_choice,PP1-MATH-7.1.42_Data_Sorting_Shapes_by_Size,A giant elephant block is big. A tiny mouse block is...?,ss_q1.webp,audio_ss1.mp3,1,SMALL,BIG,SAME,,,1,,,,,,,
multiple_choice,PP1-MATH-7.1.42_Data_Sorting_Shapes_by_Size,A huge star is placed in the ___ group.,ss_q2.webp,audio_ss2.mp3,1,BIG,SMALL,FEWER,,,1,,,,,,,
multiple_choice,PP1-MATH-7.1.42_Data_Sorting_Shapes_by_Size,A little circle is placed in the ___ group.,ss_q3.webp,audio_ss3.mp3,1,SMALL,BIG,MORE,,,1,,,,,,,
multiple_choice,PP1-MATH-7.1.42_Data_Sorting_Shapes_by_Size,Sorting by size means putting big with big and small with...?,ss_q4.webp,audio_ss4.mp3,1,SMALL,BIG,RED,,,1,,,,,,,
multiple_choice,PP1-MATH-7.1.42_Data_Sorting_Shapes_by_Size,Which shape is BIG: a mountain block or a tiny marble?,ss_q5.webp,audio_ss5.mp3,1,MOUNTAIN,MARBLE,SAME,,,1,,,,,,,
multiple_choice,PP1-MATH-7.1.42_Data_Sorting_Shapes_by_Size,Which shape is SMALL: a ant block or a house block?,ss_q6.webp,audio_ss6.mp3,1,ANT,HOUSE,SAME,,,1,,,,,,,
count_objects,PP1-MATH-7.1.42_Data_Sorting_Shapes_by_Size,Count 3 big shapes in the large box!,ss_count1.webp,audio_ss7.mp3,1,3,1,4,,🟥,3,,,,,,,
count_objects,PP1-MATH-7.1.42_Data_Sorting_Shapes_by_Size,Count 5 small shapes in the tiny box!,ss_count2.webp,audio_ss8.mp3,1,5,3,4,,🔹,5,,,,,,,
count_objects,PP1-MATH-7.1.42_Data_Sorting_Shapes_by_Size,Count 2 big star blocks!,ss_count3.webp,audio_ss9.mp3,1,2,1,3,,⭐,2,,,,,,,
speak_repeat,PP1-MATH-7.1.42_Data_Sorting_Shapes_by_Size,Say out loud clearly: SORTING SHAPES BY BIG AND SMALL!,speak_ss1.webp,audio_ss10.mp3,1,Sorting Shapes By Big And Small,,,,,,Sorting Shapes By Big And Small,,,,,,,
speak_repeat,PP1-MATH-7.1.42_Data_Sorting_Shapes_by_Size,Say out loud clearly: BIG SHAPES HERE SMALL SHAPES THERE!,speak_ss2.webp,audio_ss11.mp3,1,Big Shapes Here Small Shapes There,,,,,,Big Shapes Here Small Shapes There,,,,,,,
matching,PP1-MATH-7.1.42_Data_Sorting_Shapes_by_Size,Match shapes to size!,,,1,,,,,,,,Giant 🟥,BIG,Tiny 🔹,SMALL,Huge ⭐,BIG
matching,PP1-MATH-7.1.42_Data_Sorting_Shapes_by_Size,Match size terms!,,,1,,,,,,,,Big,BIG,Small,SMALL,Little,SMALL
multiple_choice,PP1-MATH-7.1.43_Data_Simple_Pictograph_Count,On the picture chart, how many apples are shown?,pic_q1.webp,audio_pc1.mp3,1,4,2,5,,,1,,,,,,,
multiple_choice,PP1-MATH-7.1.43_Data_Simple_Pictograph_Count,On the chart, how many bananas are listed?,pic_q2.webp,audio_pc2.mp3,1,3,1,4,,,1,,,,,,,
multiple_choice,PP1-MATH-7.1.43_Data_Simple_Pictograph_Count,Which fruit has 5 pictures on the chart?,pic_q3.webp,audio_pc3.mp3,1,ORANGE,APPLE,BANANA,,,1,,,,,,,
multiple_choice,PP1-MATH-7.1.43_Data_Simple_Pictograph_Count,In a pictograph, pictures stand for real...?,pic_q4.webp,audio_pc4.mp3,1,ITEMS,WORDS,COLORS,,,1,,,,,,,
multiple_choice,PP1-MATH-7.1.43_Data_Simple_Pictograph_Count,Count star pictures on the chart: 1 2... total is?,pic_q5.webp,audio_pc5.mp3,1,2,5,1,,,1,,,,,,,
multiple_choice,PP1-MATH-7.1.43_Data_Simple_Pictograph_Count,Reading a pictograph helps us compare...?,pic_q6.webp,audio_pc6.mp3,1,COUNTS,NAMES,ROADS,,,1,,,,,,,
count_objects,PP1-MATH-7.1.43_Data_Simple_Pictograph_Count,Count 4 apple icons on the graph!,pic_count1.webp,audio_pc7.mp3,1,4,2,3,,🍎,4,,,,,,,
count_objects,PP1-MATH-7.1.43_Data_Simple_Pictograph_Count,Count 3 banana icons on the graph!,pic_count2.webp,audio_pc8.mp3,1,3,1,4,,🍌,3,,,,,,,
count_objects,PP1-MATH-7.1.43_Data_Simple_Pictograph_Count,Count 5 star icons on the graph!,pic_count3.webp,audio_pc9.mp3,1,5,2,4,,⭐,5,,,,,,,
speak_repeat,PP1-MATH-7.1.43_Data_Simple_Pictograph_Count,Say out loud clearly: PICTOGRAPHS USE PICTURES TO COUNT!,speak_pc1.webp,audio_pc10.mp3,1,Pictographs Use Pictures To Count,,,,,,Pictographs Use Pictures To Count,,,,,,,
speak_repeat,PP1-MATH-7.1.43_Data_Simple_Pictograph_Count,Say out loud clearly: COUNT PICTURES ON THE CHART!,speak_pc2.webp,audio_pc11.mp3,1,Count Pictures On The Chart,,,,,,Count Pictures On The Chart,,,,,,,
matching,PP1-MATH-7.1.43_Data_Simple_Pictograph_Count,Match pictograph counts!,,,1,,,,,,,,Apples 🍎,4,Bananas 🍌,3,Stars ⭐,5
matching,PP1-MATH-7.1.43_Data_Simple_Pictograph_Count,Match chart symbols!,,,1,,,,,,,,Graph,📊,Picture,🖼️,Count,4
multiple_choice,PP1-MATH-7.1.44_Data_More_vs_Fewer_in_Chart,Chart shows 5 apples and 2 bananas. Which has MORE?,mf_q1.webp,audio_mf1.mp3,1,APPLES,BANANAS,EQUAL,,,1,,,,,,,
multiple_choice,PP1-MATH-7.1.44_Data_More_vs_Fewer_in_Chart,Chart shows 5 apples and 2 bananas. Which has FEWER?,mf_q2.webp,audio_mf2.mp3,1,BANANAS,APPLES,EQUAL,,,1,,,,,,,
multiple_choice,PP1-MATH-7.1.44_Data_More_vs_Fewer_in_Chart,Group A has 6 stars, Group B has 3 stars. Group B has...?,mf_q3.webp,audio_mf3.mp3,1,FEWER,MORE,EQUAL,,,1,,,,,,,
multiple_choice,PP1-MATH-7.1.44_Data_More_vs_Fewer_in_Chart,Group A has 6 stars, Group B has 3 stars. Group A has...?,mf_q4.webp,audio_mf4.mp3,1,MORE,FEWER,EQUAL,,,1,,,,,,,
multiple_choice,PP1-MATH-7.1.44_Data_More_vs_Fewer_in_Chart,Which word means a smaller count in a chart?,mf_q5.webp,audio_mf5.mp3,1,FEWER,MORE,MANY,,,1,,,,,,,
multiple_choice,PP1-MATH-7.1.44_Data_More_vs_Fewer_in_Chart,Which word means a larger count in a chart?,mf_q6.webp,audio_mf6.mp3,1,MORE,FEWER,LESS,,,1,,,,,,,
count_objects,PP1-MATH-7.1.44_Data_More_vs_Fewer_in_Chart,Count 6 items in the MORE group!,mf_count1.webp,audio_mf7.mp3,1,6,3,5,,🔴,6,,,,,,,
count_objects,PP1-MATH-7.1.44_Data_More_vs_Fewer_in_Chart,Count 2 items in the FEWER group!,mf_count2.webp,audio_mf8.mp3,1,2,1,4,,🔵,2,,,,,,,
count_objects,PP1-MATH-7.1.44_Data_More_vs_Fewer_in_Chart,Count 4 stars in the middle group!,mf_count3.webp,audio_mf9.mp3,1,4,2,5,,⭐,4,,,,,,,
speak_repeat,PP1-MATH-7.1.44_Data_More_vs_Fewer_in_Chart,Say out loud clearly: COMPARE CHART DATA MORE AND FEWER!,speak_mf1.webp,audio_mf10.mp3,1,Compare Chart Data More And Fewer,,,,,,Compare Chart Data More And Fewer,,,,,,,
speak_repeat,PP1-MATH-7.1.44_Data_More_vs_Fewer_in_Chart,Say out loud clearly: FIVE IS MORE AND TWO IS FEWER!,speak_mf2.webp,audio_mf11.mp3,1,Five Is More And Two Is Fewer,,,,,,Five Is More And Two Is Fewer,,,,,,,
matching,PP1-MATH-7.1.44_Data_More_vs_Fewer_in_Chart,Match group comparison terms!,,,1,,,,,,,,6 items,MORE,2 items,FEWER,Big count,MORE
matching,PP1-MATH-7.1.44_Data_More_vs_Fewer_in_Chart,Match chart opposites!,,,1,,,,,,,,More,FEWER,Fewer,MORE,Small count,FEWER
multiple_choice,PP1-MATH-7.1.45_Data_Handling_Grand_Master,When we group items by color or size, we are...?,dh_q1.webp,audio_dh1.mp3,1,SORTING,COUNTING,SINGING,,,1,,,,,,,
multiple_choice,PP1-MATH-7.1.45_Data_Handling_Grand_Master,A chart with pictures to count is a...?,dh_q2.webp,audio_dh2.mp3,1,PICTOGRAPH,MAP,SONG,,,1,,,,,,,
multiple_choice,PP1-MATH-7.1.45_Data_Handling_Grand_Master,Comparing 8 stars to 3 stars, 8 stars is...?,dh_q3.webp,audio_dh3.mp3,1,MORE,FEWER,SMALL,,,1,,,,,,,
multiple_choice,PP1-MATH-7.1.45_Data_Handling_Grand_Master,Comparing 8 stars to 3 stars, 3 stars is...?,dh_q4.webp,audio_dh4.mp3,1,FEWER,MORE,BIG,,,1,,,,,,,
multiple_choice,PP1-MATH-7.1.45_Data_Handling_Grand_Master,Red apples go in the red bowl. That is sorting by...?,dh_q5.webp,audio_dh5.mp3,1,COLOR,SIZE,WEIGHT,,,1,,,,,,,
multiple_choice,PP1-MATH-7.1.45_Data_Handling_Grand_Master,Big blocks go in the big box. That is sorting by...?,dh_q6.webp,audio_dh6.mp3,1,SIZE,COLOR,SOUND,,,1,,,,,,,
count_objects,PP1-MATH-7.1.45_Data_Handling_Grand_Master,Count 5 master chart icons!,dh_count1.webp,audio_dh7.mp3,1,5,3,4,,📊,5,,,,,,,
count_objects,PP1-MATH-7.1.45_Data_Handling_Grand_Master,Count 4 sorted fruit items!,dh_count2.webp,audio_dh8.mp3,1,4,2,3,,🍎,4,,,,,,,
count_objects,PP1-MATH-7.1.45_Data_Handling_Grand_Master,Count 3 graph tally marks!,dh_count3.webp,audio_dh9.mp3,1,3,1,5,,📝,3,,,,,,,
speak_repeat,PP1-MATH-7.1.45_Data_Handling_Grand_Master,Say out loud clearly: I AM A DATA HANDLING GRAND MASTER!,speak_dh1.webp,audio_dh10.mp3,1,I Am A Data Handling Grand Master,,,,,,I Am A Data Handling Grand Master,,,,,,,
speak_repeat,PP1-MATH-7.1.45_Data_Handling_Grand_Master,Say out loud clearly: SORT COUNT AND COMPARE DATA!,speak_dh2.webp,audio_dh11.mp3,1,Sort Count And Compare Data,,,,,,Sort Count And Compare Data,,,,,,,
matching,PP1-MATH-7.1.45_Data_Handling_Grand_Master,Match data terms!,,,1,,,,,,,,Sort,SORTING,Chart,PICTOGRAPH,Compare,MORE
matching,PP1-MATH-7.1.45_Data_Handling_Grand_Master,Match master data actions!,,,1,,,,,,,,Color,COLOR,Size,SIZE,Count,COUNT
multiple_choice,PP1-MATH-X.46_Dinosaur_Counting_0_to_20_Challenge,What number comes after 15 dinosaurs?,dc_q1.webp,audio_dc1.mp3,1,16,14,18,,,1,,,,,,,
multiple_choice,PP1-MATH-X.46_Dinosaur_Counting_0_to_20_Challenge,What number comes right before 20 dinosaurs?,dc_q2.webp,audio_dc2.mp3,1,19,18,17,,,1,,,,,,,
multiple_choice,PP1-MATH-X.46_Dinosaur_Counting_0_to_20_Challenge,How many dinos if the nest is completely empty?,dc_q3.webp,audio_dc3.mp3,1,0,1,10,,,1,,,,,,,
multiple_choice,PP1-MATH-X.46_Dinosaur_Counting_0_to_20_Challenge,Count dino tracks: 17 18... what is next?,dc_q4.webp,audio_dc4.mp3,1,19,20,16,,,1,,,,,,,
multiple_choice,PP1-MATH-X.46_Dinosaur_Counting_0_to_20_Challenge,Which is the biggest number of dinos: 5 12 or 20?,dc_q5.webp,audio_dc5.mp3,1,20,12,5,,,1,,,,,,,
multiple_choice,PP1-MATH-X.46_Dinosaur_Counting_0_to_20_Challenge,What number comes between 11 and 13 dinos?,dc_q6.webp,audio_dc6.mp3,1,12,10,14,,,1,,,,,,,
count_objects,PP1-MATH-X.46_Dinosaur_Counting_0_to_20_Challenge,Count 18 green T-Rex dinosaurs!,dc_count1.webp,audio_dc7.mp3,1,18,15,20,,🦕,18,,,,,,,
count_objects,PP1-MATH-X.46_Dinosaur_Counting_0_to_20_Challenge,Count 20 dinosaur footprints on the ground!,dc_count2.webp,audio_dc8.mp3,1,20,18,19,,🐾,20,,,,,,,
count_objects,PP1-MATH-X.46_Dinosaur_Counting_0_to_20_Challenge,Count 16 dino eggs in the safari nest!,dc_count3.webp,audio_dc9.mp3,1,16,14,17,,🥚,16,,,,,,,
speak_repeat,PP1-MATH-X.46_Dinosaur_Counting_0_to_20_Challenge,Say out loud clearly: DINOSAUR COUNTING CHALLENGE TWENTY!,speak_dc1.webp,audio_dc10.mp3,1,Dinosaur Counting Challenge Twenty,,,,,,Dinosaur Counting Challenge Twenty,,,,,,,
speak_repeat,PP1-MATH-X.46_Dinosaur_Counting_0_to_20_Challenge,Say out loud clearly: I CAN COUNT ALL DINOSAURS FROM ZERO TO TWENTY!,speak_dc2.webp,audio_dc11.mp3,1,I Can Count All Dinosaurs From Zero To Twenty,,,,,,I Can Count All Dinosaurs From Zero To Twenty,,,,,,,
matching,PP1-MATH-X.46_Dinosaur_Counting_0_to_20_Challenge,Match dinosaur counts!,,,1,,,,,,,,16,16,18,18,20,20
matching,PP1-MATH-X.46_Dinosaur_Counting_0_to_20_Challenge,Match dino challenge numbers!,,,1,,,,,,,,0,0,10,10,19,19
multiple_choice,PP1-MATH-X.47_Dinosaur_Egg_Addition_Safari,3 dino eggs plus 2 dino eggs equals how many total?,da_q1.webp,audio_da1.mp3,1,5,3,4,,,1,,,,,,,
multiple_choice,PP1-MATH-X.47_Dinosaur_Egg_Addition_Safari,What is 5 dino eggs plus 5 dino eggs?,da_q2.webp,audio_da2.mp3,1,10,8,9,,,1,,,,,,,
multiple_choice,PP1-MATH-X.47_Dinosaur_Egg_Addition_Safari,4 green eggs plus 1 green egg equals...?,da_q3.webp,audio_da3.mp3,1,5,4,6,,,1,,,,,,,
multiple_choice,PP1-MATH-X.47_Dinosaur_Egg_Addition_Safari,6 dino eggs plus 2 dino eggs equals...?,da_q4.webp,audio_da4.mp3,1,8,6,7,,,1,,,,,,,
multiple_choice,PP1-MATH-X.47_Dinosaur_Egg_Addition_Safari,7 eggs plus 3 eggs equals...?,da_q5.webp,audio_da5.mp3,1,10,7,9,,,1,,,,,,,
multiple_choice,PP1-MATH-X.47_Dinosaur_Egg_Addition_Safari,0 eggs plus 4 eggs equals...?,da_q6.webp,audio_da6.mp3,1,4,0,5,,,1,,,,,,,
count_objects,PP1-MATH-X.47_Dinosaur_Egg_Addition_Safari,Count 5 total dino eggs after adding 3 and 2!,da_count1.webp,audio_da7.mp3,1,5,3,4,,🥚,5,,,,,,,
count_objects,PP1-MATH-X.47_Dinosaur_Egg_Addition_Safari,Count 10 total dino eggs in the safari nest!,da_count2.webp,audio_da8.mp3,1,10,8,9,,🥚,10,,,,,,,
count_objects,PP1-MATH-X.47_Dinosaur_Egg_Addition_Safari,Count 8 total hatched baby dinos!,da_count3.webp,audio_da9.mp3,1,8,6,7,,🦖,8,,,,,,,
speak_repeat,PP1-MATH-X.47_Dinosaur_Egg_Addition_Safari,Say out loud clearly: THREE EGGS PLUS TWO EGGS EQUALS FIVE EGGS!,speak_da1.webp,audio_da10.mp3,1,Three Eggs Plus Two Eggs Equals Five Eggs,,,,,,Three Eggs Plus Two Eggs Equals Five Eggs,,,,,,,
speak_repeat,PP1-MATH-X.47_Dinosaur_Egg_Addition_Safari,Say out loud clearly: FIVE PLUS FIVE EQUALS TEN DINO EGGS!,speak_da2.webp,audio_da11.mp3,1,Five Plus Five Equals Ten Dino Eggs,,,,,,Five Plus Five Equals Ten Dino Eggs,,,,,,,
matching,PP1-MATH-X.47_Dinosaur_Egg_Addition_Safari,Match dino egg additions!,,,1,,,,,,,,3+2,5,5+5,10,4+1,5
matching,PP1-MATH-X.47_Dinosaur_Egg_Addition_Safari,Match egg sums!,,,1,,,,,,,,6+2,8,7+3,10,0+4,4
multiple_choice,PP1-MATH-X.48_Pirate_Treasure_Number_Line,On the pirate number line, what number comes after 11?,pnl_q1.webp,audio_p1.mp3,1,12,10,13,,,1,,,,,,,
multiple_choice,PP1-MATH-X.48_Pirate_Treasure_Number_Line,What number comes right before 15 on the treasure map?,pnl_q2.webp,audio_p2.mp3,1,14,13,16,,,1,,,,,,,
multiple_choice,PP1-MATH-X.48_Pirate_Treasure_Number_Line,Count pirate steps: 17 18... what comes next?,pnl_q3.webp,audio_p3.mp3,1,19,20,16,,,1,,,,,,,
multiple_choice,PP1-MATH-X.48_Pirate_Treasure_Number_Line,What is the final number at the treasure chest?,pnl_q4.webp,audio_p4.mp3,1,20,10,15,,,1,,,,,,,
multiple_choice,PP1-MATH-X.48_Pirate_Treasure_Number_Line,What number is between 8 and 10 on the map?,pnl_q5.webp,audio_p5.mp3,1,9,7,11,,,1,,,,,,,
multiple_choice,PP1-MATH-X.48_Pirate_Treasure_Number_Line,What is the first starting number on the pirate track?,pnl_q6.webp,audio_p6.mp3,1,0,1,5,,,1,,,,,,,
count_objects,PP1-MATH-X.48_Pirate_Treasure_Number_Line,Count 12 steps along the pirate map!,pnl_count1.webp,audio_p7.mp3,1,12,10,14,,👣,12,,,,,,,
count_objects,PP1-MATH-X.48_Pirate_Treasure_Number_Line,Count 15 treasure island flags!,pnl_count2.webp,audio_p8.mp3,1,15,12,16,,🚩,15,,,,,,,
count_objects,PP1-MATH-X.48_Pirate_Treasure_Number_Line,Count 20 golden pirate coins on the line!,pnl_count3.webp,audio_p9.mp3,1,20,18,19,,🪙,20,,,,,,,
speak_repeat,PP1-MATH-X.48_Pirate_Treasure_Number_Line,Say out loud clearly: PIRATE NUMBER LINE ZERO TO TWENTY!,speak_p1.webp,audio_p10.mp3,1,Pirate Number Line Zero To Twenty,,,,,,Pirate Number Line Zero To Twenty,,,,,,,
speak_repeat,PP1-MATH-X.48_Pirate_Treasure_Number_Line,Say out loud clearly: FOLLOW THE NUMBER MAP TO THE TREASURE!,speak_p2.webp,audio_p11.mp3,1,Follow The Number Map To The Treasure,,,,,,Follow The Number Map To The Treasure,,,,,,,
matching,PP1-MATH-X.48_Pirate_Treasure_Number_Line,Match pirate number line spots!,,,1,,,,,,,,11,12,14,15,19,20
matching,PP1-MATH-X.48_Pirate_Treasure_Number_Line,Match map steps!,,,1,,,,,,,,0,0,10,10,20,20
multiple_choice,PP1-MATH-X.49_Pirate_Coin_Addition_Quest,4 gold coins plus 3 gold coins equals how many?,pca_q1.webp,audio_pc1.mp3,1,7,4,6,,,1,,,,,,,
multiple_choice,PP1-MATH-X.49_Pirate_Coin_Addition_Quest,5 silver coins plus 5 silver coins equals...?,pca_q2.webp,audio_pc2.mp3,1,10,8,9,,,1,,,,,,,
multiple_choice,PP1-MATH-X.49_Pirate_Coin_Addition_Quest,2 coins in chest plus 6 coins in bag equals...?,pca_q3.webp,audio_pc3.mp3,1,8,6,7,,,1,,,,,,,
multiple_choice,PP1-MATH-X.49_Pirate_Coin_Addition_Quest,1 coin plus 8 coins equals...?,pca_q4.webp,audio_pc4.mp3,1,9,7,10,,,1,,,,,,,
multiple_choice,PP1-MATH-X.49_Pirate_Coin_Addition_Quest,3 coins plus 3 coins equals...?,pca_q5.webp,audio_pc5.mp3,1,6,3,5,,,1,,,,,,,
multiple_choice,PP1-MATH-X.49_Pirate_Coin_Addition_Quest,7 coins plus 2 coins equals...?,pca_q6.webp,audio_pc6.mp3,1,9,7,8,,,1,,,,,,,
count_objects,PP1-MATH-X.49_Pirate_Coin_Addition_Quest,Count 7 total coins collected on the quest!,pca_count1.webp,audio_pc7.mp3,1,7,5,8,,🪙,7,,,,,,,
count_objects,PP1-MATH-X.49_Pirate_Coin_Addition_Quest,Count 10 total coins in the chest!,pca_count2.webp,audio_pc8.mp3,1,10,8,9,,🏴‍☠️,10,,,,,,,
count_objects,PP1-MATH-X.49_Pirate_Coin_Addition_Quest,Count 8 total ruby gems found!,pca_count3.webp,audio_pc9.mp3,1,8,6,9,,💎,8,,,,,,,
speak_repeat,PP1-MATH-X.49_Pirate_Coin_Addition_Quest,Say out loud clearly: FOUR COINS PLUS THREE COINS EQUALS SEVEN COINS!,speak_pc1.webp,audio_pc10.mp3,1,Four Coins Plus Three Coins Equals Seven Coins,,,,,,Four Coins Plus Three Coins Equals Seven Coins,,,,,,,
speak_repeat,PP1-MATH-X.49_Pirate_Coin_Addition_Quest,Say out loud clearly: ADDING PIRATE TREASURE COINS!,speak_pc2.webp,audio_pc11.mp3,1,Adding Pirate Treasure Coins,,,,,,Adding Pirate Treasure Coins,,,,,,,
matching,PP1-MATH-X.49_Pirate_Coin_Addition_Quest,Match coin additions!,,,1,,,,,,,,4+3,7,5+5,10,2+6,8
matching,PP1-MATH-X.49_Pirate_Coin_Addition_Quest,Match coin sum totals!,,,1,,,,,,,,1+8,9,3+3,6,7+2,9
multiple_choice,PP1-MATH-X.50_Space_Rocket_Countdown_20_to_0,Countdown from 20: 20 19 18... what comes next?,src_q1.webp,audio_sr1.mp3,1,17,16,19,,,1,,,,,,,
multiple_choice,PP1-MATH-X.50_Space_Rocket_Countdown_20_to_0,Counting backward: 10 9 8... what comes next?,src_q2.webp,audio_sr2.mp3,1,7,6,10,,,1,,,,,,,
multiple_choice,PP1-MATH-X.50_Space_Rocket_Countdown_20_to_0,Counting backward: 3 2 1... what is the final blastoff number?,src_q3.webp,audio_sr3.mp3,1,0,4,5,,,1,,,,,,,
multiple_choice,PP1-MATH-X.50_Space_Rocket_Countdown_20_to_0,What number comes right before 15 when counting down?,src_q4.webp,audio_sr4.mp3,1,14,16,13,,,1,,,,,,,
multiple_choice,PP1-MATH-X.50_Space_Rocket_Countdown_20_to_0,What number comes right before 5 when counting down?,src_q5.webp,audio_sr5.mp3,1,4,6,3,,,1,,,,,,,
multiple_choice,PP1-MATH-X.50_Space_Rocket_Countdown_20_to_0,Space rocket blastoff starts counting down from...?,src_q6.webp,audio_sr6.mp3,1,20,1,0,,,1,,,,,,,
count_objects,PP1-MATH-X.50_Space_Rocket_Countdown_20_to_0,Count 20 countdown star markers in space!,src_count1.webp,audio_sr7.mp3,1,20,18,19,,⭐,20,,,,,,,
count_objects,PP1-MATH-X.50_Space_Rocket_Countdown_20_to_0,Count 10 space rockets preparing for blastoff!,src_count2.webp,audio_sr8.mp3,1,10,8,12,,🚀,10,,,,,,,
count_objects,PP1-MATH-X.50_Space_Rocket_Countdown_20_to_0,Count 5 glowing moons in the countdown sky!,src_count3.webp,audio_sr9.mp3,1,5,3,4,,🌙,5,,,,,,,
speak_repeat,PP1-MATH-X.50_Space_Rocket_Countdown_20_to_0,Say out loud clearly: TWENTY NINETEEN EIGHTEEN SEVENTEEN BLASTOFF!,speak_sr1.webp,audio_sr10.mp3,1,Twenty Nineteen Eighteen Seventeen Blastoff,,,,,,Twenty Nineteen Eighteen Seventeen Blastoff,,,,,,,
speak_repeat,PP1-MATH-X.50_Space_Rocket_Countdown_20_to_0,Say out loud clearly: THREE TWO ONE ZERO BLASTOFF!,speak_sr2.webp,audio_sr11.mp3,1,Three Two One Zero Blastoff,,,,,,Three Two One Zero Blastoff,,,,,,,
matching,PP1-MATH-X.50_Space_Rocket_Countdown_20_to_0,Match countdown backward order!,,,1,,,,,,,,20,19,15,14,5,4
matching,PP1-MATH-X.50_Space_Rocket_Countdown_20_to_0,Match blastoff numbers!,,,1,,,,,,,,3,2,1,0,10,9
multiple_choice,PP1-MATH-X.51_Space_Alien_3D_Shape_Search,Alien planet rock looks like a round ball. What 3D shape is it?,sa3_q1.webp,audio_sa1.mp3,1,SPHERE,CUBE,CONE,,,1,,,,,,,
multiple_choice,PP1-MATH-X.51_Space_Alien_3D_Shape_Search,Alien space box looks like a square cube. What shape is it?,sa3_q2.webp,audio_sa2.mp3,1,CUBE,SPHERE,CYLINDER,,,1,,,,,,,
multiple_choice,PP1-MATH-X.51_Space_Alien_3D_Shape_Search,Alien party hat in space is shaped like a...?,sa3_q3.webp,audio_sa3.mp3,1,CONE,CYLINDER,CUBE,,,1,,,,,,,
multiple_choice,PP1-MATH-X.51_Space_Alien_3D_Shape_Search,Alien rocket fuel can is shaped like a...?,sa3_q4.webp,audio_sa4.mp3,1,CYLINDER,SPHERE,CONE,,,1,,,,,,,
multiple_choice,PP1-MATH-X.51_Space_Alien_3D_Shape_Search,Which 3D shape has 6 flat square faces on the alien ship?,sa3_q5.webp,audio_sa5.mp3,1,CUBE,CONE,SPHERE,,,1,,,,,,,
multiple_choice,PP1-MATH-X.51_Space_Alien_3D_Shape_Search,Which 3D shape rolls smoothly across space?,sa3_q6.webp,audio_sa6.mp3,1,SPHERE,CUBE,BOX,,,1,,,,,,,
count_objects,PP1-MATH-X.51_Space_Alien_3D_Shape_Search,Count 4 alien sphere planets!,sa3_count1.webp,audio_sa7.mp3,1,4,2,5,,🪐,4,,,,,,,
count_objects,PP1-MATH-X.51_Space_Alien_3D_Shape_Search,Count 3 alien cube supply boxes!,sa3_count2.webp,audio_sa8.mp3,1,3,1,4,,📦,3,,,,,,,
count_objects,PP1-MATH-X.51_Space_Alien_3D_Shape_Search,Count 2 alien cone hats!,sa3_count3.webp,audio_sa9.mp3,1,2,1,3,,🎉,2,,,,,,,
speak_repeat,PP1-MATH-X.51_Space_Alien_3D_Shape_Search,Say out loud clearly: ALIEN SPACE 3D SHAPES SPHERE CUBE CONE CYLINDER!,speak_sa1.webp,audio_sa10.mp3,1,Alien Space 3D Shapes Sphere Cube Cone Cylinder,,,,,,Alien Space 3D Shapes Sphere Cube Cone Cylinder,,,,,,,
speak_repeat,PP1-MATH-X.51_Space_Alien_3D_Shape_Search,Say out loud clearly: PLANETS ARE SPHERES AND BOXES ARE CUBES!,speak_sa2.webp,audio_sa11.mp3,1,Planets Are Spheres And Boxes Are Cubes,,,,,,Planets Are Spheres And Boxes Are Cubes,,,,,,,
matching,PP1-MATH-X.51_Space_Alien_3D_Shape_Search,Match alien 3D objects!,,,1,,,,,,,,Planet 🪐,SPHERE,Box 📦,CUBE,Fuel Can 🥫,CYLINDER
matching,PP1-MATH-X.51_Space_Alien_3D_Shape_Search,Match space shapes!,,,1,,,,,,,,Cone 🎉,CONE,Sphere 🪐,SPHERE,Cube 📦,CUBE
multiple_choice,PP1-MATH-X.52_Circus_Clown_Pattern_Juggle,Clown juggles: Red Blue Green... Red Blue Green... What is next?,ccp_q1.webp,audio_cj1.mp3,1,RED,BLUE,GREEN,,,1,,,,,,,
multiple_choice,PP1-MATH-X.52_Circus_Clown_Pattern_Juggle,Clown juggles: Ball Ball Hat Hat... Ball Ball... What is next?,ccp_q2.webp,audio_cj2.mp3,1,HAT,BALL,CLOWN,,,1,,,,,,,
multiple_choice,PP1-MATH-X.52_Circus_Clown_Pattern_Juggle,What pattern type is Red Blue Green Red Blue Green?,ccp_q3.webp,audio_cj3.mp3,1,ABC,AABB,AB,,,1,,,,,,,
multiple_choice,PP1-MATH-X.52_Circus_Clown_Pattern_Juggle,What pattern type is Ball Ball Hat Hat?,ccp_q4.webp,audio_cj4.mp3,1,AABB,ABC,AB,,,1,,,,,,,
multiple_choice,PP1-MATH-X.52_Circus_Clown_Pattern_Juggle,Red Blue Green Red... What color ball is next in ABC pattern?,ccp_q5.webp,audio_cj5.mp3,1,BLUE,GREEN,RED,,,1,,,,,,,
multiple_choice,PP1-MATH-X.52_Circus_Clown_Pattern_Juggle,Ball Ball Hat... What is missing to make AABB pattern?,ccp_q6.webp,audio_cj6.mp3,1,HAT,BALL,STAR,,,1,,,,,,,
count_objects,PP1-MATH-X.52_Circus_Clown_Pattern_Juggle,Count 6 juggling balls in the ABC pattern!,ccp_count1.webp,audio_cj7.mp3,1,6,3,5,,🤹,6,,,,,,,
count_objects,PP1-MATH-X.52_Circus_Clown_Pattern_Juggle,Count 4 circus hats in the AABB pattern!,ccp_count2.webp,audio_cj8.mp3,1,4,2,5,,🎪,4,,,,,,,
count_objects,PP1-MATH-X.52_Circus_Clown_Pattern_Juggle,Count 3 clown noses in the row!,ccp_count3.webp,audio_cj9.mp3,1,3,1,4,,🔴,3,,,,,,,
speak_repeat,PP1-MATH-X.52_Circus_Clown_Pattern_Juggle,Say out loud clearly: CIRCUS CLOWN JUGGLING PATTERNS!,speak_cj1.webp,audio_cj10.mp3,1,Circus Clown Juggling Patterns,,,,,,Circus Clown Juggling Patterns,,,,,,,
speak_repeat,PP1-MATH-X.52_Circus_Clown_Pattern_Juggle,Say out loud clearly: ABC AND AABB PATTERNS ARE FUN!,speak_cj2.webp,audio_cj11.mp3,1,ABC And AABB Patterns Are Fun,,,,,,ABC And AABB Patterns Are Fun,,,,,,,
matching,PP1-MATH-X.52_Circus_Clown_Pattern_Juggle,Match clown pattern sequences!,,,1,,,,,,,,Red Blue Green,ABC,Ball Ball Hat Hat,AABB,Red Blue,AB
matching,PP1-MATH-X.52_Circus_Clown_Pattern_Juggle,Match juggling items!,,,1,,,,,,,,Ball 🤹,BALL,Hat 🎪,HAT,Nose 🔴,RED
multiple_choice,PP1-MATH-X.53_Circus_Popcorn_Addition,5 popcorn buckets plus 2 popcorn buckets equals...?,cpa_q1.webp,audio_cp1.mp3,1,7,5,6,,,1,,,,,,,
multiple_choice,PP1-MATH-X.53_Circus_Popcorn_Addition,4 buckets plus 4 buckets equals how many total?,cpa_q2.webp,audio_cp2.mp3,1,8,4,6,,,1,,,,,,,
multiple_choice,PP1-MATH-X.53_Circus_Popcorn_Addition,6 popcorn buckets plus 3 popcorn buckets equals...?,cpa_q3.webp,audio_cp3.mp3,1,9,6,8,,,1,,,,,,,
multiple_choice,PP1-MATH-X.53_Circus_Popcorn_Addition,5 buckets plus 5 buckets equals...?,cpa_q4.webp,audio_cp4.mp3,1,10,5,8,,,1,,,,,,,
multiple_choice,PP1-MATH-X.53_Circus_Popcorn_Addition,1 bucket plus 7 buckets equals...?,cpa_q5.webp,audio_cp5.mp3,1,8,7,9,,,1,,,,,,,
multiple_choice,PP1-MATH-X.53_Circus_Popcorn_Addition,3 buckets plus 2 buckets equals...?,cpa_q6.webp,audio_cp6.mp3,1,5,3,4,,,1,,,,,,,
count_objects,PP1-MATH-X.53_Circus_Popcorn_Addition,Count 7 total popcorn buckets at the circus!,cpa_count1.webp,audio_cp7.mp3,1,7,5,8,,🍿,7,,,,,,,
count_objects,PP1-MATH-X.53_Circus_Popcorn_Addition,Count 10 total circus popcorn buckets!,cpa_count2.webp,audio_cp8.mp3,1,10,8,9,,🍿,10,,,,,,,
count_objects,PP1-MATH-X.53_Circus_Popcorn_Addition,Count 8 total circus treats!,cpa_count3.webp,audio_cp9.mp3,1,8,6,7,,🎪,8,,,,,,,
speak_repeat,PP1-MATH-X.53_Circus_Popcorn_Addition,Say out loud clearly: FIVE POPCORN BUCKETS PLUS TWO EQUALS SEVEN!,speak_cp1.webp,audio_cp10.mp3,1,Five Popcorn Buckets Plus Two Equals Seven,,,,,,Five Popcorn Buckets Plus Two Equals Seven,,,,,,,
speak_repeat,PP1-MATH-X.53_Circus_Popcorn_Addition,Say out loud clearly: FIVE PLUS FIVE EQUALS TEN POPCORN BUCKETS!,speak_cp2.webp,audio_cp11.mp3,1,Five Plus Five Equals Ten Popcorn Buckets,,,,,,Five Plus Five Equals Ten Popcorn Buckets,,,,,,,
matching,PP1-MATH-X.53_Circus_Popcorn_Addition,Match popcorn additions!,,,1,,,,,,,,5+2,7,4+4,8,6+3,9
matching,PP1-MATH-X.53_Circus_Popcorn_Addition,Match popcorn sums!,,,1,,,,,,,,5+5,10,1+7,8,3+2,5
multiple_choice,PP1-MATH-X.54_Superhero_Shield_Number_Match,Which superhero shield has the number 16 on it?,snm_q1.webp,audio_sm1.mp3,1,16,14,18,,,1,,,,,,,
multiple_choice,PP1-MATH-X.54_Superhero_Shield_Number_Match,Which shield number comes after 18?,snm_q2.webp,audio_sm2.mp3,1,19,17,20,,,1,,,,,,,
multiple_choice,PP1-MATH-X.54_Superhero_Shield_Number_Match,Which shield number comes right before 20?,snm_q3.webp,audio_sm3.mp3,1,19,18,17,,,1,,,,,,,
multiple_choice,PP1-MATH-X.54_Superhero_Shield_Number_Match,Find the superhero shield with number 15!,snm_q4.webp,audio_sm4.mp3,1,15,12,14,,,1,,,,,,,
multiple_choice,PP1-MATH-X.54_Superhero_Shield_Number_Match,What shield number comes between 12 and 14?,snm_q5.webp,audio_sm5.mp3,1,13,11,15,,,1,,,,,,,
multiple_choice,PP1-MATH-X.54_Superhero_Shield_Number_Match,What is the highest power shield number up to 20?,snm_q6.webp,audio_sm6.mp3,1,20,10,15,,,1,,,,,,,
count_objects,PP1-MATH-X.54_Superhero_Shield_Number_Match,Count 16 superhero power shields!,snm_count1.webp,audio_sm7.mp3,1,16,14,18,,🛡️,16,,,,,,,
count_objects,PP1-MATH-X.54_Superhero_Shield_Number_Match,Count 19 superhero star badges!,snm_count2.webp,audio_sm8.mp3,1,19,17,20,,⭐,19,,,,,,,
count_objects,PP1-MATH-X.54_Superhero_Shield_Number_Match,Count 20 superhero power masks!,snm_count3.webp,audio_sm9.mp3,1,20,18,19,,🎭,20,,,,,,,
speak_repeat,PP1-MATH-X.54_Superhero_Shield_Number_Match,Say out loud clearly: SUPERHERO SHIELD NUMBER MATCH UP TO TWENTY!,speak_sm1.webp,audio_sm10.mp3,1,Superhero Shield Number Match Up To Twenty,,,,,,Superhero Shield Number Match Up To Twenty,,,,,,,
speak_repeat,PP1-MATH-X.54_Superhero_Shield_Number_Match,Say out loud clearly: NINETEEN AND TWENTY SUPERHERO POWER!,speak_sm2.webp,audio_sm11.mp3,1,Nineteen And Twenty Superhero Power,,,,,,Nineteen And Twenty Superhero Power,,,,,,,
matching,PP1-MATH-X.54_Superhero_Shield_Number_Match,Match superhero shield numbers!,,,1,,,,,,,,15,15,16,16,20,20
matching,PP1-MATH-X.54_Superhero_Shield_Number_Match,Match shield power numbers!,,,1,,,,,,,,13,13,18,18,19,19
multiple_choice,PP1-MATH-X.55_Superhero_Math_Power_Sum_10,4 superhero power stars plus 4 power stars equals...?,sps_q1.webp,audio_sp1.mp3,1,8,4,6,,,1,,,,,,,
multiple_choice,PP1-MATH-X.55_Superhero_Math_Power_Sum_10,5 power shields plus 5 power shields equals...?,sps_q2.webp,audio_sp2.mp3,1,10,8,9,,,1,,,,,,,
multiple_choice,PP1-MATH-X.55_Superhero_Math_Power_Sum_10,6 superhero capes plus 3 capes equals...?,sps_q3.webp,audio_sp3.mp3,1,9,6,8,,,1,,,,,,,
multiple_choice,PP1-MATH-X.55_Superhero_Math_Power_Sum_10,7 power badges plus 2 badges equals...?,sps_q4.webp,audio_sp4.mp3,1,9,7,8,,,1,,,,,,,
multiple_choice,PP1-MATH-X.55_Superhero_Math_Power_Sum_10,3 power stars plus 4 power stars equals...?,sps_q5.webp,audio_sp5.mp3,1,7,3,6,,,1,,,,,,,
multiple_choice,PP1-MATH-X.55_Superhero_Math_Power_Sum_10,8 power shields plus 2 power shields equals...?,sps_q6.webp,audio_sp6.mp3,1,10,8,6,,,1,,,,,,,
count_objects,PP1-MATH-X.55_Superhero_Math_Power_Sum_10,Count 8 total superhero power stars!,sps_count1.webp,audio_sp7.mp3,1,8,6,9,,⭐,8,,,,,,,
count_objects,PP1-MATH-X.55_Superhero_Math_Power_Sum_10,Count 10 total superhero power shields!,sps_count2.webp,audio_sp8.mp3,1,10,8,9,,🛡️,10,,,,,,,
count_objects,PP1-MATH-X.55_Superhero_Math_Power_Sum_10,Count 9 total superhero power capes!,sps_count3.webp,audio_sp9.mp3,1,9,7,10,,🦸,9,,,,,,,
speak_repeat,PP1-MATH-X.55_Superhero_Math_Power_Sum_10,Say out loud clearly: FOUR PLUS FOUR EQUALS EIGHT SUPERHERO STARS!,speak_sp1.webp,audio_sp10.mp3,1,Four Plus Four Equals Eight Superhero Stars,,,,,,Four Plus Four Equals Eight Superhero Stars,,,,,,,
speak_repeat,PP1-MATH-X.55_Superhero_Math_Power_Sum_10,Say out loud clearly: EIGHT PLUS TWO EQUALS TEN SUPERHERO POWER!,speak_sp2.webp,audio_sp11.mp3,1,Eight Plus Two Equals Ten Superhero Power,,,,,,Eight Plus Two Equals Ten Superhero Power,,,,,,,
matching,PP1-MATH-X.55_Superhero_Math_Power_Sum_10,Match superhero additions!,,,1,,,,,,,,4+4,8,5+5,10,6+3,9
matching,PP1-MATH-X.55_Superhero_Math_Power_Sum_10,Match power sums!,,,1,,,,,,,,7+2,9,3+4,7,8+2,10
multiple_choice,PP1-MATH-X.56_Underwater_Fish_Counting_16_to_20,How many colorful ocean fish swim in the reef?,ufc_q1.webp,audio_uf1.mp3,1,16,14,12,,,1,,,,,,,
multiple_choice,PP1-MATH-X.56_Underwater_Fish_Counting_16_to_20,Count ocean fish: 16 17... what number comes next?,ufc_q2.webp,audio_uf2.mp3,1,18,19,20,,,1,,,,,,,
multiple_choice,PP1-MATH-X.56_Underwater_Fish_Counting_16_to_20,What number comes right after 18 fish underwater?,ufc_q3.webp,audio_uf3.mp3,1,19,17,20,,,1,,,,,,,
multiple_choice,PP1-MATH-X.56_Underwater_Fish_Counting_16_to_20,What is the highest count of ocean fish on the reef?,ufc_q4.webp,audio_uf4.mp3,1,20,15,18,,,1,,,,,,,
multiple_choice,PP1-MATH-X.56_Underwater_Fish_Counting_16_to_20,What number comes between 16 and 18 fish?,ufc_q5.webp,audio_uf5.mp3,1,17,15,19,,,1,,,,,,,
multiple_choice,PP1-MATH-X.56_Underwater_Fish_Counting_16_to_20,Count sea bubbles: 18 19... what comes next?,ufc_q6.webp,audio_uf6.mp3,1,20,17,16,,,1,,,,,,,
count_objects,PP1-MATH-X.56_Underwater_Fish_Counting_16_to_20,Count 16 blue reef fish swimming together!,ufc_count1.webp,audio_uf7.mp3,1,16,14,17,,🐟,16,,,,,,,
count_objects,PP1-MATH-X.56_Underwater_Fish_Counting_16_to_20,Count 18 yellow ocean fish underwater!,ufc_count2.webp,audio_uf8.mp3,1,18,16,20,,🐠,18,,,,,,,
count_objects,PP1-MATH-X.56_Underwater_Fish_Counting_16_to_20,Count 20 sea bubbles rising to the surface!,ufc_count3.webp,audio_uf9.mp3,1,20,18,19,,🫧,20,,,,,,,
speak_repeat,PP1-MATH-X.56_Underwater_Fish_Counting_16_to_20,Say out loud clearly: UNDERWATER FISH COUNTING SIXTEEN TO TWENTY!,speak_uf1.webp,audio_uf10.mp3,1,Underwater Fish Counting Sixteen To Twenty,,,,,,Underwater Fish Counting Sixteen To Twenty,,,,,,,
speak_repeat,PP1-MATH-X.56_Underwater_Fish_Counting_16_to_20,Say out loud clearly: EIGHTEEN NINETEEN TWENTY SWIMMING FISH!,speak_uf2.webp,audio_uf11.mp3,1,Eighteen Nineteen Twenty Swimming Fish,,,,,,Eighteen Nineteen Twenty Swimming Fish,,,,,,,
matching,PP1-MATH-X.56_Underwater_Fish_Counting_16_to_20,Match ocean fish counts!,,,1,,,,,,,,16,16,17,17,18,18
matching,PP1-MATH-X.56_Underwater_Fish_Counting_16_to_20,Match reef numbers!,,,1,,,,,,,,18,18,19,19,20,20
multiple_choice,PP1-MATH-X.57_Underwater_Pearl_Addition,4 ocean pearls plus 3 ocean pearls equals...?,upa_q1.webp,audio_up1.mp3,1,7,4,6,,,1,,,,,,,
multiple_choice,PP1-MATH-X.57_Underwater_Pearl_Addition,5 shiny pearls plus 5 shiny pearls equals...?,upa_q2.webp,audio_up2.mp3,1,10,8,9,,,1,,,,,,,
multiple_choice,PP1-MATH-X.57_Underwater_Pearl_Addition,6 ocean pearls plus 2 pearls equals...?,upa_q3.webp,audio_up3.mp3,1,8,6,7,,,1,,,,,,,
multiple_choice,PP1-MATH-X.57_Underwater_Pearl_Addition,3 pearls in shell plus 3 pearls in shell equals...?,upa_q4.webp,audio_up4.mp3,1,6,3,5,,,1,,,,,,,
multiple_choice,PP1-MATH-X.57_Underwater_Pearl_Addition,7 pearls plus 2 pearls equals...?,upa_q5.webp,audio_up5.mp3,1,9,7,8,,,1,,,,,,,
multiple_choice,PP1-MATH-X.57_Underwater_Pearl_Addition,1 pearl plus 8 pearls equals...?,upa_q6.webp,audio_up6.mp3,1,9,8,10,,,1,,,,,,,
count_objects,PP1-MATH-X.57_Underwater_Pearl_Addition,Count 7 total shiny ocean pearls!,upa_count1.webp,audio_up7.mp3,1,7,5,8,,🦪,7,,,,,,,
count_objects,PP1-MATH-X.57_Underwater_Pearl_Addition,Count 10 total ocean pearls in clam shells!,upa_count2.webp,audio_up8.mp3,1,10,8,9,,🦪,10,,,,,,,
count_objects,PP1-MATH-X.57_Underwater_Pearl_Addition,Count 8 total glowing underwater pearls!,upa_count3.webp,audio_up9.mp3,1,8,6,9,,⚪,8,,,,,,,
speak_repeat,PP1-MATH-X.57_Underwater_Pearl_Addition,Say out loud clearly: FOUR PEARLS PLUS THREE PEARLS EQUALS SEVEN PEARLS!,speak_up1.webp,audio_up10.mp3,1,Four Pearls Plus Three Pearls Equals Seven Pearls,,,,,,Four Pearls Plus Three Pearls Equals Seven Pearls,,,,,,,
speak_repeat,PP1-MATH-X.57_Underwater_Pearl_Addition,Say out loud clearly: FIVE PLUS FIVE EQUALS TEN SHINY PEARLS!,speak_up2.webp,audio_up11.mp3,1,Five Plus Five Equals Ten Shiny Pearls,,,,,,Five Plus Five Equals Ten Shiny Pearls,,,,,,,
matching,PP1-MATH-X.57_Underwater_Pearl_Addition,Match pearl additions!,,,1,,,,,,,,4+3,7,5+5,10,6+2,8
matching,PP1-MATH-X.57_Underwater_Pearl_Addition,Match pearl sums!,,,1,,,,,,,,3+3,6,7+2,9,1+8,9
multiple_choice,PP1-MATH-X.58_Safari_Animal_Count_Showdown,How many total safari animals are in the big herd?,sac_q1.webp,audio_sa1.mp3,1,15,12,10,,,1,,,,,,,
multiple_choice,PP1-MATH-X.58_Safari_Animal_Count_Showdown,Count safari animals: 18 19... what number comes next?,sac_q2.webp,audio_sa2.mp3,1,20,17,16,,,1,,,,,,,
multiple_choice,PP1-MATH-X.58_Safari_Animal_Count_Showdown,What number comes right before 17 safari zebras?,sac_q3.webp,audio_sa3.mp3,1,16,15,18,,,1,,,,,,,
multiple_choice,PP1-MATH-X.58_Safari_Animal_Count_Showdown,Which is MORE: 12 safari lions or 18 safari lions?,sac_q4.webp,audio_sa4.mp3,1,18,12,SAME,,,1,,,,,,,
multiple_choice,PP1-MATH-X.58_Safari_Animal_Count_Showdown,Which is FEWER: 5 elephants or 15 elephants?,sac_q5.webp,audio_sa5.mp3,1,5,15,SAME,,,1,,,,,,,
multiple_choice,PP1-MATH-X.58_Safari_Animal_Count_Showdown,What number comes between 13 and 15 giraffes?,sac_q6.webp,audio_sa6.mp3,1,14,12,16,,,1,,,,,,,
count_objects,PP1-MATH-X.58_Safari_Animal_Count_Showdown,Count 15 safari zebras on the plain!,sac_count1.webp,audio_sa7.mp3,1,15,12,18,,🦓,15,,,,,,,
count_objects,PP1-MATH-X.58_Safari_Animal_Count_Showdown,Count 18 safari elephants walking together!,sac_count2.webp,audio_sa8.mp3,1,18,15,20,,🐘,18,,,,,,,
count_objects,PP1-MATH-X.58_Safari_Animal_Count_Showdown,Count 20 safari lions in the showdown!,sac_count3.webp,audio_sa9.mp3,1,20,18,19,,🦁,20,,,,,,,
speak_repeat,PP1-MATH-X.58_Safari_Animal_Count_Showdown,Say out loud clearly: SAFARI ANIMAL COUNT SHOWDOWN UP TO TWENTY!,speak_sa1.webp,audio_sa10.mp3,1,Safari Animal Count Showdown Up To Twenty,,,,,,Safari Animal Count Showdown Up To Twenty,,,,,,,
speak_repeat,PP1-MATH-X.58_Safari_Animal_Count_Showdown,Say out loud clearly: EIGHTEEN ELEPHANTS AND TWENTY LIONS!,speak_sa2.webp,audio_sa11.mp3,1,Eighteen Elephants And Twenty Lions,,,,,,Eighteen Elephants And Twenty Lions,,,,,,,
matching,PP1-MATH-X.58_Safari_Animal_Count_Showdown,Match safari animal counts!,,,1,,,,,,,,Zebras 🦓,15,Elephants 🐘,18,Lions 🦁,20
matching,PP1-MATH-X.58_Safari_Animal_Count_Showdown,Match showdown numbers!,,,1,,,,,,,,14,14,16,16,19,19
multiple_choice,PP1-MATH-X.59_Safari_Fruit_Market_Math,An apple costs 5 KES. You give a 5 KES coin. Is that exact pay?,sfm_q1.webp,audio_sm1.mp3,1,YES,NO,NEVER,,,1,,,,,,,
multiple_choice,PP1-MATH-X.59_Safari_Fruit_Market_Math,A banana costs 10 KES. Which coin pays for it?,sfm_q2.webp,audio_sm2.mp3,1,10 KES,1 KES,5 KES,,,1,,,,,,,
multiple_choice,PP1-MATH-X.59_Safari_Fruit_Market_Math,You buy 1 orange for 5 KES and 1 mango for 5 KES. Total cost?,sfm_q3.webp,audio_sm3.mp3,1,10 KES,5 KES,20 KES,,,1,,,,,,,
multiple_choice,PP1-MATH-X.59_Safari_Fruit_Market_Math,What coin has value 20 in Kenya?,sfm_q4.webp,audio_sm4.mp3,1,20 KES,5 KES,1 KES,,,1,,,,,,,
multiple_choice,PP1-MATH-X.59_Safari_Fruit_Market_Math,If you have 10 KES and buy fruit for 5 KES, how much is left?,sfm_q5.webp,audio_sm5.mp3,1,5 KES,10 KES,0 KES,,,1,,,,,,,
multiple_choice,PP1-MATH-X.59_Safari_Fruit_Market_Math,What currency do we use at the safari fruit market?,sfm_q6.webp,audio_sm6.mp3,1,KES,USD,EUR,,,1,,,,,,,
count_objects,PP1-MATH-X.59_Safari_Fruit_Market_Math,Count 5 safari market apples!,sfm_count1.webp,audio_sm7.mp3,1,5,3,4,,🍎,5,,,,,,,
count_objects,PP1-MATH-X.59_Safari_Fruit_Market_Math,Count 4 safari shilling coins!,sfm_count2.webp,audio_sm8.mp3,1,4,2,5,,🪙,4,,,,,,,
count_objects,PP1-MATH-X.59_Safari_Fruit_Market_Math,Count 3 yellow market bananas!,sfm_count3.webp,audio_sm9.mp3,1,3,1,5,,🍌,3,,,,,,,
speak_repeat,PP1-MATH-X.59_Safari_Fruit_Market_Math,Say out loud clearly: SAFARI FRUIT MARKET MATH WITH SHILLINGS!,speak_sm1.webp,audio_sm10.mp3,1,Safari Fruit Market Math With Shillings,,,,,,Safari Fruit Market Math With Shillings,,,,,,,
speak_repeat,PP1-MATH-X.59_Safari_Fruit_Market_Math,Say out loud clearly: FIVE KES PLUS FIVE KES EQUALS TEN KES!,speak_sm2.webp,audio_sm11.mp3,1,Five KES Plus Five KES Equals Ten KES,,,,,,Five KES Plus Five KES Equals Ten KES,,,,,,,
matching,PP1-MATH-X.59_Safari_Fruit_Market_Math,Match market fruit prices!,,,1,,,,,,,,Apple 🍎,5 KES,Banana 🍌,10 KES,Orange 🍊,5 KES
matching,PP1-MATH-X.59_Safari_Fruit_Market_Math,Match shilling values!,,,1,,,,,,,,5,5 KES,10,10 KES,20,20 KES
multiple_choice,PP1-MATH-X.60_Nursery_Math_Song_Singalong,Singalong: 1 2 3 4 5... once I caught a fish alive! What number comes next?,nms_q1.webp,audio_ns1.mp3,1,6,5,7,,,1,,,,,,,
multiple_choice,PP1-MATH-X.60_Nursery_Math_Song_Singalong,In the math song, what 3D shape is round like a ball?,nms_q2.webp,audio_ns2.mp3,1,SPHERE,CUBE,CONE,,,1,,,,,,,
multiple_choice,PP1-MATH-X.60_Nursery_Math_Song_Singalong,In the math song, what 3D shape is a square box?,nms_q3.webp,audio_ns3.mp3,1,CUBE,SPHERE,CYLINDER,,,1,,,,,,,
multiple_choice,PP1-MATH-X.60_Nursery_Math_Song_Singalong,Singalong: 5 plus 5 equals...?,nms_q4.webp,audio_ns4.mp3,1,10,5,8,,,1,,,,,,,
multiple_choice,PP1-MATH-X.60_Nursery_Math_Song_Singalong,In the math song, what position is above the sky?,nms_q5.webp,audio_ns5.mp3,1,ABOVE,BELOW,INSIDE,,,1,,,,,,,
multiple_choice,PP1-MATH-X.60_Nursery_Math_Song_Singalong,We sing and learn math every day from 0 to...?,nms_q6.webp,audio_ns6.mp3,1,20,10,5,,,1,,,,,,,
count_objects,PP1-MATH-X.60_Nursery_Math_Song_Singalong,Count 5 musical notes in the math singalong!,nms_count1.webp,audio_ns7.mp3,1,5,3,4,,🎵,5,,,,,,,
count_objects,PP1-MATH-X.60_Nursery_Math_Song_Singalong,Count 4 happy singing kids!,nms_count2.webp,audio_ns8.mp3,1,4,2,5,,😃,4,,,,,,,
count_objects,PP1-MATH-X.60_Nursery_Math_Song_Singalong,Count 3 star trophies for math masters!,nms_count3.webp,audio_ns9.mp3,1,3,1,4,,🏆,3,,,,,,,
speak_repeat,PP1-MATH-X.60_Nursery_Math_Song_Singalong,Say out loud clearly: NURSERY MATH SONG SINGALONG REVIEW!,speak_ns1.webp,audio_ns10.mp3,1,Nursery Math Song Singalong Review,,,,,,Nursery Math Song Singalong Review,,,,,,,
speak_repeat,PP1-MATH-X.60_Nursery_Math_Song_Singalong,Say out loud clearly: MATH IS FUN FOR EVERYONE!,speak_ns2.webp,audio_ns11.mp3,1,Math Is Fun For Everyone,,,,,,Math Is Fun For Everyone,,,,,,,
matching,PP1-MATH-X.60_Nursery_Math_Song_Singalong,Match singalong math review items!,,,1,,,,,,,,Numbers,20,Shapes,SPHERE,Sum,10
matching,PP1-MATH-X.60_Nursery_Math_Song_Singalong,Match math song symbols!,,,1,,,,,,,,Music 🎵,SONG,Star ⭐,MASTER,Trophy 🏆,WINNER




question_type,lesson_title,prompt,prompt_image,prompt_audio,correct_answer,option_1,option_2,option_3,option_4,count_emoji_or_image,target_count,target_word,pair_1_left,pair_1_right,pair_2_left,pair_2_right,pair_3_left,pair_3_right
multiple_choice,PP1-MATH-X.61_Number_Line_Mastery_0_to_20,What number comes right after 16 on the number line?,nlm_q1.webp,audio_nl1.mp3,1,17,15,18,,,1,,,,,,,
multiple_choice,PP1-MATH-X.61_Number_Line_Mastery_0_to_20,What number comes right before 20?,nlm_q2.webp,audio_nl2.mp3,1,19,18,17,,,1,,,,,,,
multiple_choice,PP1-MATH-X.61_Number_Line_Mastery_0_to_20,What number is between 11 and 13?,nlm_q3.webp,audio_nl3.mp3,1,12,10,14,,,1,,,,,,,
multiple_choice,PP1-MATH-X.61_Number_Line_Mastery_0_to_20,Count forward on the line: 7 8 9... what is next?,nlm_q4.webp,audio_nl4.mp3,1,10,6,11,,,1,,,,,,,
multiple_choice,PP1-MATH-X.61_Number_Line_Mastery_0_to_20,What is the first number on the number line?,nlm_q5.webp,audio_nl5.mp3,1,0,1,2,,,1,,,,,,,
multiple_choice,PP1-MATH-X.61_Number_Line_Mastery_0_to_20,What number comes right after 4?,nlm_q6.webp,audio_nl6.mp3,1,5,3,6,,,1,,,,,,,
count_objects,PP1-MATH-X.61_Number_Line_Mastery_0_to_20,Count 14 flags along the number line track!,nlm_count1.webp,audio_nl7.mp3,1,14,12,15,,🚩,14,,,,,,,
count_objects,PP1-MATH-X.61_Number_Line_Mastery_0_to_20,Count 18 paw prints moving forward!,nlm_count2.webp,audio_nl8.mp3,1,18,16,19,,🐾,18,,,,,,,
count_objects,PP1-MATH-X.61_Number_Line_Mastery_0_to_20,Count 20 track markers on the full line!,nlm_count3.webp,audio_nl9.mp3,1,20,17,19,,📍,20,,,,,,,
speak_repeat,PP1-MATH-X.61_Number_Line_Mastery_0_to_20,Say out loud clearly: SEVENTEEN COMES AFTER SIXTEEN!,speak_nl1.webp,audio_nl10.mp3,1,Seventeen Comes After Sixteen,,,,,,Seventeen Comes After Sixteen,,,,,,,
speak_repeat,PP1-MATH-X.61_Number_Line_Mastery_0_to_20,Say out loud clearly: NINETEEN COMES BEFORE TWENTY!,speak_nl2.webp,audio_nl11.mp3,1,Nineteen Comes Before Twenty,,,,,,Nineteen Comes Before Twenty,,,,,,,
matching,PP1-MATH-X.61_Number_Line_Mastery_0_to_20,Match number line neighbors!,,,1,,,,,,,,After 12,13,Before 20,19,After 0,1
matching,PP1-MATH-X.61_Number_Line_Mastery_0_to_20,Match line track positions!,,,1,,,,,,,,14,14,15,15,18,18
multiple_choice,PP1-MATH-X.62_Addition_Safari_Sum_to_10,4 safari lions plus 3 safari lions equals how many?,asa_q1.webp,audio_as1.mp3,1,7,6,8,,,1,,,,,,,
multiple_choice,PP1-MATH-X.62_Addition_Safari_Sum_to_10,5 zebras plus 5 zebras equals...?,asa_q2.webp,audio_as2.mp3,1,10,8,9,,,1,,,,,,,
multiple_choice,PP1-MATH-X.62_Addition_Safari_Sum_to_10,6 giraffes plus 2 giraffes equals...?,asa_q3.webp,audio_as3.mp3,1,8,6,7,,,1,,,,,,,
multiple_choice,PP1-MATH-X.62_Addition_Safari_Sum_to_10,2 elephants plus 4 elephants equals...?,asa_q4.webp,audio_as4.mp3,1,6,5,7,,,1,,,,,,,
multiple_choice,PP1-MATH-X.62_Addition_Safari_Sum_to_10,1 rhino plus 8 rhinos equals...?,asa_q5.webp,audio_as5.mp3,1,9,7,10,,,1,,,,,,,
multiple_choice,PP1-MATH-X.62_Addition_Safari_Sum_to_10,3 hippo friends plus 2 hippo friends equals...?,asa_q6.webp,audio_as6.mp3,1,5,4,6,,,1,,,,,,,
count_objects,PP1-MATH-X.62_Addition_Safari_Sum_to_10,Count 7 total safari lions after adding!,asa_count1.webp,audio_as7.mp3,1,7,5,8,,🦁,7,,,,,,,
count_objects,PP1-MATH-X.62_Addition_Safari_Sum_to_10,Count 10 total zebras in the safari herd!,asa_count2.webp,audio_as8.mp3,1,10,8,9,,🦓,10,,,,,,,
count_objects,PP1-MATH-X.62_Addition_Safari_Sum_to_10,Count 8 total giraffes by the tree!,asa_count3.webp,audio_as9.mp3,1,8,6,9,,🦒,8,,,,,,,
speak_repeat,PP1-MATH-X.62_Addition_Safari_Sum_to_10,Say out loud clearly: FOUR LIONS PLUS THREE LIONS EQUALS SEVEN!,speak_as1.webp,audio_as10.mp3,1,Four Lions Plus Three Lions Equals Seven,,,,,,Four Lions Plus Three Lions Equals Seven,,,,,,,
speak_repeat,PP1-MATH-X.62_Addition_Safari_Sum_to_10,Say out loud clearly: FIVE PLUS FIVE EQUALS TEN SAFARI ANIMALS!,speak_as2.webp,audio_as11.mp3,1,Five Plus Five Equals Ten Safari Animals,,,,,,Five Plus Five Equals Ten Safari Animals,,,,,,,
matching,PP1-MATH-X.62_Addition_Safari_Sum_to_10,Match safari animal additions!,,,1,,,,,,,,4+3,7,5+5,10,6+2,8
matching,PP1-MATH-X.62_Addition_Safari_Sum_to_10,Match animal sums!,,,1,,,,,,,,2+4,6,1+8,9,3+2,5
multiple_choice,PP1-MATH-X.63_3D_Shape_Detective_Challenge,The detective finds a round ball item. What 3D shape is it?,sdt_q1.webp,audio_sd1.mp3,1,SPHERE,CUBE,CONE,,,1,,,,,,,
multiple_choice,PP1-MATH-X.63_3D_Shape_Detective_Challenge,The detective finds a square box item. What 3D shape is it?,sdt_q2.webp,audio_sd2.mp3,1,CUBE,SPHERE,CYLINDER,,,1,,,,,,,
multiple_choice,PP1-MATH-X.63_3D_Shape_Detective_Challenge,The detective finds a party hat item. What 3D shape is it?,sdt_q3.webp,audio_sd3.mp3,1,CONE,CYLINDER,CUBE,,,1,,,,,,,
multiple_choice,PP1-MATH-X.63_3D_Shape_Detective_Challenge,The detective finds a soup can item. What 3D shape is it?,sdt_q4.webp,audio_sd4.mp3,1,CYLINDER,SPHERE,CONE,,,1,,,,,,,
multiple_choice,PP1-MATH-X.63_3D_Shape_Detective_Challenge,Which 3D shape has flat square faces all over?,sdt_q5.webp,audio_sd5.mp3,1,CUBE,CONE,SPHERE,,,1,,,,,,,
multiple_choice,PP1-MATH-X.63_3D_Shape_Detective_Challenge,Which 3D shape rolls smoothly in every direction?,sdt_q6.webp,audio_sd6.mp3,1,SPHERE,CUBE,BOX,,,1,,,,,,,
count_objects,PP1-MATH-X.63_3D_Shape_Detective_Challenge,Count 4 sphere evidence balls!,sdt_count1.webp,audio_sd7.mp3,1,4,2,5,,⚽,4,,,,,,,
count_objects,PP1-MATH-X.63_3D_Shape_Detective_Challenge,Count 3 cube evidence boxes!,sdt_count2.webp,audio_sd8.mp3,1,3,1,4,,📦,3,,,,,,,
count_objects,PP1-MATH-X.63_3D_Shape_Detective_Challenge,Count 2 cylinder evidence cans!,sdt_count3.webp,audio_sd9.mp3,1,2,1,3,,🥫,2,,,,,,,
speak_repeat,PP1-MATH-X.63_3D_Shape_Detective_Challenge,Say out loud clearly: 3D SHAPE DETECTIVE SPHERE CUBE CONE CYLINDER!,speak_sd1.webp,audio_sd10.mp3,1,3D Shape Detective Sphere Cube Cone Cylinder,,,,,,3D Shape Detective Sphere Cube Cone Cylinder,,,,,,,
speak_repeat,PP1-MATH-X.63_3D_Shape_Detective_Challenge,Say out loud clearly: BALLS ARE SPHERES AND CANS ARE CYLINDERS!,speak_sd2.webp,audio_sd11.mp3,1,Balls Are Spheres And Cans Are Cylinders,,,,,,Balls Are Spheres And Cans Are Cylinders,,,,,,,
matching,PP1-MATH-X.63_3D_Shape_Detective_Challenge,Match detective clue items to shapes!,,,1,,,,,,,,Ball ⚽,SPHERE,Box 📦,CUBE,Hat 🎉,CONE
matching,PP1-MATH-X.63_3D_Shape_Detective_Challenge,Match 3D shapes to real items!,,,1,,,,,,,,Can 🥫,CYLINDER,Dice 🎲,CUBE,Globe 🌍,SPHERE
multiple_choice,PP1-MATH-X.64_Pattern_Master_Rule_Breaker,Red Blue Green Red Blue Green... What color comes next?,pmr_q1.webp,audio_pr1.mp3,1,RED,BLUE,GREEN,,,1,,,,,,,
multiple_choice,PP1-MATH-X.64_Pattern_Master_Rule_Breaker,Star Star Moon Moon... Star Star... What symbol comes next?,pmr_q2.webp,audio_pr2.mp3,1,MOON,STAR,SUN,,,1,,,,,,,
multiple_choice,PP1-MATH-X.64_Pattern_Master_Rule_Breaker,In pattern Red Blue Green Red Blue Green, what is the pattern rule?,pmr_q3.webp,audio_pr3.mp3,1,ABC,AABB,AB,,,1,,,,,,,
multiple_choice,PP1-MATH-X.64_Pattern_Master_Rule_Breaker,In pattern Star Star Moon Moon, what is the pattern rule?,pmr_q4.webp,audio_pr4.mp3,1,AABB,ABC,AB,,,1,,,,,,,
multiple_choice,PP1-MATH-X.64_Pattern_Master_Rule_Breaker,Which sequence breaks the ABC pattern rule: Red Blue Green or Red Red Blue?,pmr_q5.webp,audio_pr5.mp3,1,RED RED BLUE,RED BLUE GREEN,NONE,,,1,,,,,,,
multiple_choice,PP1-MATH-X.64_Pattern_Master_Rule_Breaker,Star Star Moon... What is missing to fix the AABB pattern?,pmr_q6.webp,audio_pr6.mp3,1,MOON,STAR,SUN,,,1,,,,,,,
count_objects,PP1-MATH-X.64_Pattern_Master_Rule_Breaker,Count 6 items in two full ABC pattern sets!,pmr_count1.webp,audio_pr7.mp3,1,6,3,5,,📿,6,,,,,,,
count_objects,PP1-MATH-X.64_Pattern_Master_Rule_Breaker,Count 4 items in one AABB pattern set!,pmr_count2.webp,audio_pr8.mp3,1,4,2,5,,🧱,4,,,,,,,
count_objects,PP1-MATH-X.64_Pattern_Master_Rule_Breaker,Count 3 star tiles in the pattern line!,pmr_count3.webp,audio_pr9.mp3,1,3,1,4,,⭐,3,,,,,,,
speak_repeat,PP1-MATH-X.64_Pattern_Master_Rule_Breaker,Say out loud clearly: PATTERN MASTER FIXES THE RULE BREAKERS!,speak_pr1.webp,audio_pr10.mp3,1,Pattern Master Fixes The Rule Breakers,,,,,,Pattern Master Fixes The Rule Breakers,,,,,,,
speak_repeat,PP1-MATH-X.64_Pattern_Master_Rule_Breaker,Say out loud clearly: ABC AND AABB PATTERNS REPEAT IN ORDER!,speak_pr2.webp,audio_pr11.mp3,1,ABC And AABB Patterns Repeat In Order,,,,,,ABC And AABB Patterns Repeat In Order,,,,,,,
matching,PP1-MATH-X.64_Pattern_Master_Rule_Breaker,Match pattern rules!,,,1,,,,,,,,Red Blue Green,ABC,Star Star Moon Moon,AABB,Red Blue,AB
matching,PP1-MATH-X.64_Pattern_Master_Rule_Breaker,Match rule breaker items!,,,1,,,,,,,,A,1,B,2,C,3
multiple_choice,PP1-MATH-X.65_Measurement_Balance_Scale_Quest,An elephant on one side and a feather on the other. The elephant is...?,bsq_q1.webp,audio_bs1.mp3,1,HEAVY,LIGHT,SHORT,,,1,,,,,,,
multiple_choice,PP1-MATH-X.65_Measurement_Balance_Scale_Quest,An elephant on one side and a feather on the other. The feather is...?,bsq_q2.webp,audio_bs2.mp3,1,LIGHT,HEAVY,TALL,,,1,,,,,,,
multiple_choice,PP1-MATH-X.65_Measurement_Balance_Scale_Quest,When two blocks balance straight and even, their weight is...?,bsq_q3.webp,audio_bs3.mp3,1,SAME,DIFFERENT,EMPTY,,,1,,,,,,,
multiple_choice,PP1-MATH-X.65_Measurement_Balance_Scale_Quest,When one side tips way down on the scale, that side is...?,bsq_q4.webp,audio_bs4.mp3,1,HEAVY,LIGHT,FULL,,,1,,,,,,,
multiple_choice,PP1-MATH-X.65_Measurement_Balance_Scale_Quest,Which is HEAVY: a boulder rock or a dry leaf?,bsq_q5.webp,audio_bs5.mp3,1,BOULDER,LEAF,SAME,,,1,,,,,,,
multiple_choice,PP1-MATH-X.65_Measurement_Balance_Scale_Quest,Which is LIGHT: a paper bird or a iron chest?,bsq_q6.webp,audio_bs6.mp3,1,PAPER BIRD,CHEST,SAME,,,1,,,,,,,
count_objects,PP1-MATH-X.65_Measurement_Balance_Scale_Quest,Count 3 balance scales on the quest!,bsq_count1.webp,audio_bs7.mp3,1,3,1,4,,⚖️,3,,,,,,,
count_objects,PP1-MATH-X.65_Measurement_Balance_Scale_Quest,Count 2 heavy boulders on the scale!,bsq_count2.webp,audio_bs8.mp3,1,2,1,5,,🪨,2,,,,,,,
count_objects,PP1-MATH-X.65_Measurement_Balance_Scale_Quest,Count 5 light floating feathers!,bsq_count3.webp,audio_bs9.mp3,1,5,3,4,,🪶,5,,,,,,,
speak_repeat,PP1-MATH-X.65_Measurement_Balance_Scale_Quest,Say out loud clearly: BALANCE SCALE MEASURES HEAVY AND LIGHT!,speak_bs1.webp,audio_bs10.mp3,1,Balance Scale Measures Heavy And Light,,,,,,Balance Scale Measures Heavy And Light,,,,,,,
speak_repeat,PP1-MATH-X.65_Measurement_Balance_Scale_Quest,Say out loud clearly: EQUAL WEIGHTS BALANCE EVEN AND STRAIGHT!,speak_bs2.webp,audio_bs11.mp3,1,Equal Weights Balance Even And Straight,,,,,,Equal Weights Balance Even And Straight,,,,,,,
matching,PP1-MATH-X.65_Measurement_Balance_Scale_Quest,Match items to weight!,,,1,,,,,,,,Boulder 🪨,HEAVY,Feather 🪶,LIGHT,Elephant 🐘,HEAVY
matching,PP1-MATH-X.65_Measurement_Balance_Scale_Quest,Match scale states!,,,1,,,,,,,,Level,SAME,Tipped,DIFFERENT,Heavy,HEAVY
multiple_choice,PP1-MATH-X.66_Spatial_Compass_Direction_Explorer,Which direction is the leader walking at the front of the trail?,cde_q1.webp,audio_cd1.mp3,1,FRONT,BEHIND,LEFT,,,1,,,,,,,
multiple_choice,PP1-MATH-X.66_Spatial_Compass_Direction_Explorer,Which direction is the explorer following at the back?,cde_q2.webp,audio_cd2.mp3,1,BEHIND,FRONT,RIGHT,,,1,,,,,,,
multiple_choice,PP1-MATH-X.66_Spatial_Compass_Direction_Explorer,Which hand side has the left arrow pointing?,cde_q3.webp,audio_cd3.mp3,1,LEFT,RIGHT,ABOVE,,,1,,,,,,,
multiple_choice,PP1-MATH-X.66_Spatial_Compass_Direction_Explorer,Which hand side has the right arrow pointing?,cde_q4.webp,audio_cd4.mp3,1,RIGHT,LEFT,BELOW,,,1,,,,,,,
multiple_choice,PP1-MATH-X.66_Spatial_Compass_Direction_Explorer,The compass rose helps us explore...?,cde_q5.webp,audio_cd5.mp3,1,DIRECTIONS,WEIGHT,COLORS,,,1,,,,,,,
multiple_choice,PP1-MATH-X.66_Spatial_Compass_Direction_Explorer,The opposite direction of LEFT is...?,cde_q6.webp,audio_cd6.mp3,1,RIGHT,FRONT,BEHIND,,,1,,,,,,,
count_objects,PP1-MATH-X.66_Spatial_Compass_Direction_Explorer,Count 2 compasses on the exploration map!,cde_count1.webp,audio_cd7.mp3,1,2,1,3,,🧭,2,,,,,,,
count_objects,PP1-MATH-X.66_Spatial_Compass_Direction_Explorer,Count 4 direction arrows on the path!,cde_count2.webp,audio_cd8.mp3,1,4,2,5,,🏹,4,,,,,,,
count_objects,PP1-MATH-X.66_Spatial_Compass_Direction_Explorer,Count 3 explorer badges!,cde_count3.webp,audio_cd9.mp3,1,3,1,4,,🥇,3,,,,,,,
speak_repeat,PP1-MATH-X.66_Spatial_Compass_Direction_Explorer,Say out loud clearly: COMPASS DIRECTIONS LEFT RIGHT FRONT BEHIND!,speak_cd1.webp,audio_cd10.mp3,1,Compass Directions Left Right Front Behind,,,,,,Compass Directions Left Right Front Behind,,,,,,,
speak_repeat,PP1-MATH-X.66_Spatial_Compass_Direction_Explorer,Say out loud clearly: EXPLORE THE MAP WITH FAITH AND COURAGE!,speak_cd2.webp,audio_cd11.mp3,1,Explore The Map With Faith And Courage,,,,,,Explore The Map With Faith And Courage,,,,,,,
matching,PP1-MATH-X.66_Spatial_Compass_Direction_Explorer,Match compass directions!,,,1,,,,,,,,Left ⬅️,LEFT,Right ➡️,RIGHT,Front,FRONT
matching,PP1-MATH-X.66_Spatial_Compass_Direction_Explorer,Match direction opposites!,,,1,,,,,,,,Left,RIGHT,Front,BEHIND,Right,LEFT
multiple_choice,PP1-MATH-X.67_Data_Pictograph_Mastery,A pictograph uses pictures to count real...?,pdm_q1.webp,audio_pm1.mp3,1,ITEMS,WORDS,SOUNDS,,,1,,,,,,,
multiple_choice,PP1-MATH-X.67_Data_Pictograph_Mastery,Chart shows 5 apples and 2 bananas. How many apples?,pdm_q2.webp,audio_pm2.mp3,1,5,2,7,,,1,,,,,,,
multiple_choice,PP1-MATH-X.67_Data_Pictograph_Mastery,Chart shows 5 apples and 2 bananas. Which has MORE?,pdm_q3.webp,audio_pm3.mp3,1,APPLES,BANANAS,EQUAL,,,1,,,,,,,
multiple_choice,PP1-MATH-X.67_Data_Pictograph_Mastery,Chart shows 5 apples and 2 bananas. Which has FEWER?,pdm_q4.webp,audio_pm4.mp3,1,BANANAS,APPLES,EQUAL,,,1,,,,,,,
multiple_choice,PP1-MATH-X.67_Data_Pictograph_Mastery,On the graph, 3 stars and 3 stars are...?,pdm_q5.webp,audio_pm5.mp3,1,EQUAL,MORE,FEWER,,,1,,,,,,,
multiple_choice,PP1-MATH-X.67_Data_Pictograph_Mastery,Reading a pictograph chart makes counting...?,pdm_q6.webp,audio_pm6.mp3,1,EASY,HARD,DARK,,,1,,,,,,,
count_objects,PP1-MATH-X.67_Data_Pictograph_Mastery,Count 5 apple pictures on the chart!,pdm_count1.webp,audio_pm7.mp3,1,5,3,4,,🍎,5,,,,,,,
count_objects,PP1-MATH-X.67_Data_Pictograph_Mastery,Count 3 banana pictures on the chart!,pdm_count2.webp,audio_pm8.mp3,1,3,1,4,,🍌,3,,,,,,,
count_objects,PP1-MATH-X.67_Data_Pictograph_Mastery,Count 4 star pictures on the chart!,pdm_count3.webp,audio_pm9.mp3,1,4,2,5,,⭐,4,,,,,,,
speak_repeat,PP1-MATH-X.67_Data_Pictograph_Mastery,Say out loud clearly: PICTOGRAPHS SHOW DATA WITH PICTURES!,speak_pm1.webp,audio_pm10.mp3,1,Pictographs Show Data With Pictures,,,,,,Pictographs Show Data With Pictures,,,,,,,
speak_repeat,PP1-MATH-X.67_Data_Pictograph_Mastery,Say out loud clearly: COUNT AND COMPARE PICTURES ON THE CHART!,speak_pm2.webp,audio_pm11.mp3,1,Count And Compare Pictures On The Chart,,,,,,Count And Compare Pictures On The Chart,,,,,,,
matching,PP1-MATH-X.67_Data_Pictograph_Mastery,Match pictograph counts!,,,1,,,,,,,,Apples 🍎,5,Bananas 🍌,3,Stars ⭐,4
matching,PP1-MATH-X.67_Data_Pictograph_Mastery,Match pictograph terms!,,,1,,,,,,,,Pictures,PICTOGRAPH,Big count,MORE,Small count,FEWER
multiple_choice,PP1-MATH-X.68_Skip_Counting_by_2s_Champion,Skip count by 2s: 2 4 6 8... what comes next?,sc2_q1.webp,audio_sc1.mp3,1,10,9,11,,,1,,,,,,,
multiple_choice,PP1-MATH-X.68_Skip_Counting_by_2s_Champion,Skip count by 2s: 10 12 14... what comes next?,sc2_q2.webp,audio_sc2.mp3,1,16,15,18,,,1,,,,,,,
multiple_choice,PP1-MATH-X.68_Skip_Counting_by_2s_Champion,Skip count by 2s: 14 16 18... what comes next?,sc2_q3.webp,audio_sc3.mp3,1,20,19,17,,,1,,,,,,,
multiple_choice,PP1-MATH-X.68_Skip_Counting_by_2s_Champion,What is the first number in 2s skip counting?,sc2_q4.webp,audio_sc4.mp3,1,2,1,0,,,1,,,,,,,
multiple_choice,PP1-MATH-X.68_Skip_Counting_by_2s_Champion,When skip counting by 2s, we hop forward by how many each time?,sc2_q5.webp,audio_sc5.mp3,1,2,1,5,,,1,,,,,,,
multiple_choice,PP1-MATH-X.68_Skip_Counting_by_2s_Champion,Which number belongs in skip counting by 2s: 2 4 6...?,sc2_q6.webp,audio_sc6.mp3,1,8,3,5,,,1,,,,,,,
count_objects,PP1-MATH-X.68_Skip_Counting_by_2s_Champion,Count 10 champion stars in pairs of 2!,sc2_count1.webp,audio_sc7.mp3,1,10,8,12,,⭐,10,,,,,,,
count_objects,PP1-MATH-X.68_Skip_Counting_by_2s_Champion,Count 16 zebras in pairs of 2!,sc2_count2.webp,audio_sc8.mp3,1,16,14,18,,🦓,16,,,,,,,
count_objects,PP1-MATH-X.68_Skip_Counting_by_2s_Champion,Count 20 trophy badges in pairs of 2!,sc2_count3.webp,audio_sc9.mp3,1,20,18,19,,🏆,20,,,,,,,
speak_repeat,PP1-MATH-X.68_Skip_Counting_by_2s_Champion,Say out loud clearly: TWO FOUR SIX EIGHT TEN TWELVE FOURTEEN SIXTEEN EIGHTEEN TWENTY!,speak_sc1.webp,audio_sc10.mp3,1,Two Four Six Eight Ten Twelve Fourteen Sixteen Eighteen Twenty,,,,,,Two Four Six Eight Ten Twelve Fourteen Sixteen Eighteen Twenty,,,,,,,
speak_repeat,PP1-MATH-X.68_Skip_Counting_by_2s_Champion,Say out loud clearly: I AM A SKIP COUNTING BY TWOS CHAMPION!,speak_sc2.webp,audio_sc11.mp3,1,I Am A Skip Counting By Twos Champion,,,,,,I Am A Skip Counting By Twos Champion,,,,,,,
matching,PP1-MATH-X.68_Skip_Counting_by_2s_Champion,Match 2s skip count steps!,,,1,,,,,,,,2 4,6,8 10,12,14 16,18
matching,PP1-MATH-X.68_Skip_Counting_by_2s_Champion,Match 2s sequence targets!,,,1,,,,,,,,18,20,6,8,10,12
multiple_choice,PP1-MATH-X.69_Money_Kenyan_Shilling_Shopper,An apple costs 5 KES. Which coin do you use to pay?,mks_q1.webp,audio_mk1.mp3,1,5 KES,1 KES,20 KES,,,1,,,,,,,
multiple_choice,PP1-MATH-X.69_Money_Kenyan_Shilling_Shopper,A juicy mango costs 10 KES. Which coin pays for it?,mks_q2.webp,audio_mk2.mp3,1,10 KES,1 KES,5 KES,,,1,,,,,,,
multiple_choice,PP1-MATH-X.69_Money_Kenyan_Shilling_Shopper,What is the highest coin value in Kenya up to 20?,mks_q3.webp,audio_mk3.mp3,1,20 KES,10 KES,5 KES,,,1,,,,,,,
multiple_choice,PP1-MATH-X.69_Money_Kenyan_Shilling_Shopper,If you buy 1 apple for 5 KES and 1 banana for 5 KES, what is the total cost?,mks_q4.webp,audio_mk4.mp3,1,10 KES,5 KES,20 KES,,,1,,,,,,,
multiple_choice,PP1-MATH-X.69_Money_Kenyan_Shilling_Shopper,Where do smart shoppers buy fresh fruit with coins?,mks_q5.webp,audio_mk5.mp3,1,MARKET,PARK,BED,,,1,,,,,,,
multiple_choice,PP1-MATH-X.69_Money_Kenyan_Shilling_Shopper,What currency symbol is used for Kenyan Shillings?,mks_q6.webp,audio_mk6.mp3,1,KES,USD,EUR,,,1,,,,,,,
count_objects,PP1-MATH-X.69_Money_Kenyan_Shilling_Shopper,Count 5 red shopper apples!,mks_count1.webp,audio_mk7.mp3,1,5,3,4,,🍎,5,,,,,,,
count_objects,PP1-MATH-X.69_Money_Kenyan_Shilling_Shopper,Count 4 shiny shilling coins in the purse!,mks_count2.webp,audio_mk8.mp3,1,4,2,5,,🪙,4,,,,,,,
count_objects,PP1-MATH-X.69_Money_Kenyan_Shilling_Shopper,Count 3 yellow shopper bananas!,mks_count3.webp,audio_mk9.mp3,1,3,1,4,,🍌,3,,,,,,,
speak_repeat,PP1-MATH-X.69_Money_Kenyan_Shilling_Shopper,Say out loud clearly: KENYAN SHILLING SHOPPER AT THE MARKET!,speak_mk1.webp,audio_mk10.mp3,1,Kenyan Shilling Shopper At The Market,,,,,,Kenyan Shilling Shopper At The Market,,,,,,,
speak_repeat,PP1-MATH-X.69_Money_Kenyan_Shilling_Shopper,Say out loud clearly: FIVE KES PLUS FIVE KES EQUALS TEN KES!,speak_mk2.webp,audio_mk11.mp3,1,Five KES Plus Five KES Equals Ten KES,,,,,,Five KES Plus Five KES Equals Ten KES,,,,,,,
matching,PP1-MATH-X.69_Money_Kenyan_Shilling_Shopper,Match shopper fruits to coin prices!,,,1,,,,,,,,Apple 🍎,5 KES,Mango 🥭,10 KES,Watermelon 🍉,20 KES
matching,PP1-MATH-X.69_Money_Kenyan_Shilling_Shopper,Match shilling coin values!,,,1,,,,,,,,1,1 KES,5,5 KES,10,10 KES
multiple_choice,PP1-MATH-X.70_PP1_Math_Midway_Master_70,What number comes after 19?,mm7_q1.webp,audio_m71.mp3,1,20,18,15,,,1,,,,,,,
multiple_choice,PP1-MATH-X.70_PP1_Math_Midway_Master_70,What is 5 plus 5?,mm7_q2.webp,audio_m72.mp3,1,10,5,8,,,1,,,,,,,
multiple_choice,PP1-MATH-X.70_PP1_Math_Midway_Master_70,Which 3D shape is round like a ball?,mm7_q3.webp,audio_m73.mp3,1,SPHERE,CUBE,CONE,,,1,,,,,,,
multiple_choice,PP1-MATH-X.70_PP1_Math_Midway_Master_70,Which pattern rule is Red Blue Green Red Blue Green?,mm7_q4.webp,audio_m74.mp3,1,ABC,AABB,AB,,,1,,,,,,,
multiple_choice,PP1-MATH-X.70_PP1_Math_Midway_Master_70,An elephant is heavy and a feather is...?,mm7_q5.webp,audio_m75.mp3,1,LIGHT,HEAVY,FULL,,,1,,,,,,,
multiple_choice,PP1-MATH-X.70_PP1_Math_Midway_Master_70,What coin has value 10 in Kenya?,mm7_q6.webp,audio_m76.mp3,1,10 KES,1 KES,5 KES,,,1,,,,,,,
count_objects,PP1-MATH-X.70_PP1_Math_Midway_Master_70,Count 20 midway master star trophies!,mm7_count1.webp,audio_m77.mp3,1,20,18,19,,🏆,20,,,,,,,
count_objects,PP1-MATH-X.70_PP1_Math_Midway_Master_70,Count 15 master counting badges!,mm7_count2.webp,audio_m78.mp3,1,15,12,18,,🥇,15,,,,,,,
count_objects,PP1-MATH-X.70_PP1_Math_Midway_Master_70,Count 10 master math crowns!,mm7_count3.webp,audio_m79.mp3,1,10,8,12,,👑,10,,,,,,,
speak_repeat,PP1-MATH-X.70_PP1_Math_Midway_Master_70,Say out loud clearly: I AM A PP1 MATH MIDWAY MASTER!,speak_m71.webp,audio_m710.mp3,1,I Am A PP1 Math Midway Master,,,,,,I Am A PP1 Math Midway Master,,,,,,,
speak_repeat,PP1-MATH-X.70_PP1_Math_Midway_Master_70,Say out loud clearly: NUMBERS SHAPES PATTERNS AND MEASUREMENT!,speak_m72.webp,audio_m711.mp3,1,Numbers Shapes Patterns And Measurement,,,,,,Numbers Shapes Patterns And Measurement,,,,,,,
matching,PP1-MATH-X.70_PP1_Math_Midway_Master_70,Match midway math domains!,,,1,,,,,,,,Numbers,20,Shapes,SPHERE,Money,10 KES
matching,PP1-MATH-X.70_PP1_Math_Midway_Master_70,Match midway master symbols!,,,1,,,,,,,,Trophy 🏆,MASTER,Medal 🥇,WINNER,Crown 👑,CHAMPION
multiple_choice,PP1-MATH-X.71_Dinosaur_Island_Math_Showdown_71,What number comes after 17 dinosaurs on the island?,dms_q1.webp,audio_ds1.mp3,1,18,16,19,,,1,,,,,,,
multiple_choice,PP1-MATH-X.71_Dinosaur_Island_Math_Showdown_71,What number comes right before 20 dinosaurs?,dms_q2.webp,audio_ds2.mp3,1,19,18,17,,,1,,,,,,,
multiple_choice,PP1-MATH-X.71_Dinosaur_Island_Math_Showdown_71,3 dinos plus 4 dinos equals how many total?,dms_q3.webp,audio_ds3.mp3,1,7,6,8,,,1,,,,,,,
multiple_choice,PP1-MATH-X.71_Dinosaur_Island_Math_Showdown_71,Which dino group is MORE: 15 or 8?,dms_q4.webp,audio_ds4.mp3,1,15,8,SAME,,,1,,,,,,,
multiple_choice,PP1-MATH-X.71_Dinosaur_Island_Math_Showdown_71,Which dino group is FEWER: 3 or 10?,dms_q5.webp,audio_ds5.mp3,1,3,10,SAME,,,1,,,,,,,
multiple_choice,PP1-MATH-X.71_Dinosaur_Island_Math_Showdown_71,What number means zero dinos in the nest?,dms_q6.webp,audio_ds6.mp3,1,0,1,5,,,1,,,,,,,
count_objects,PP1-MATH-X.71_Dinosaur_Island_Math_Showdown_71,Count 18 green T-Rex dinos in the showdown!,dms_count1.webp,audio_ds7.mp3,1,18,15,20,,🦕,18,,,,,,,
count_objects,PP1-MATH-X.71_Dinosaur_Island_Math_Showdown_71,Count 20 dino footprints on the island!,dms_count2.webp,audio_ds8.mp3,1,20,18,19,,🐾,20,,,,,,,
count_objects,PP1-MATH-X.71_Dinosaur_Island_Math_Showdown_71,Count 12 dino eggs in the nest!,dms_count3.webp,audio_ds9.mp3,1,12,10,14,,🥚,12,,,,,,,
speak_repeat,PP1-MATH-X.71_Dinosaur_Island_Math_Showdown_71,Say out loud clearly: DINOSAUR ISLAND MATH SHOWDOWN UP TO TWENTY!,speak_ds1.webp,audio_ds10.mp3,1,Dinosaur Island Math Showdown Up To Twenty,,,,,,Dinosaur Island Math Showdown Up To Twenty,,,,,,,
speak_repeat,PP1-MATH-X.71_Dinosaur_Island_Math_Showdown_71,Say out loud clearly: I CAN COUNT AND ADD ALL DINOSAURS!,speak_ds2.webp,audio_ds11.mp3,1,I Can Count And Add All Dinosaurs,,,,,,I Can Count And Add All Dinosaurs,,,,,,,
matching,PP1-MATH-X.71_Dinosaur_Island_Math_Showdown_71,Match dinosaur showdown counts!,,,1,,,,,,,,18,18,19,19,20,20
matching,PP1-MATH-X.71_Dinosaur_Island_Math_Showdown_71,Match dino math problems!,,,1,,,,,,,,3+4,7,5+5,10,0,0
multiple_choice,PP1-MATH-X.72_Dinosaur_Skip_Counting_by_2s_72,Dino tracks skip count: 2 4 6... what comes next?,dsk_q1.webp,audio_dk1.mp3,1,8,7,9,,,1,,,,,,,
multiple_choice,PP1-MATH-X.72_Dinosaur_Skip_Counting_by_2s_72,Dino tracks skip count: 10 12 14... what comes next?,dsk_q2.webp,audio_dk2.mp3,1,16,15,18,,,1,,,,,,,
multiple_choice,PP1-MATH-X.72_Dinosaur_Skip_Counting_by_2s_72,Dino tracks skip count: 16 18... what is the final step up to 20?,dsk_q3.webp,audio_dk3.mp3,1,20,19,17,,,1,,,,,,,
multiple_choice,PP1-MATH-X.72_Dinosaur_Skip_Counting_by_2s_72,What is the first step in dino skip counting by 2s?,dsk_q4.webp,audio_dk4.mp3,1,2,1,0,,,1,,,,,,,
multiple_choice,PP1-MATH-X.72_Dinosaur_Skip_Counting_by_2s_72,When dinos skip count by 2s, how many tracks per step?,dsk_q5.webp,audio_dk5.mp3,1,2,1,5,,,1,,,,,,,
multiple_choice,PP1-MATH-X.72_Dinosaur_Skip_Counting_by_2s_72,Which number belongs in the 2s dino count: 2 4 6 8...?,dsk_q6.webp,audio_dk6.mp3,1,10,3,5,,,1,,,,,,,
count_objects,PP1-MATH-X.72_Dinosaur_Skip_Counting_by_2s_72,Count 12 dino tracks in pairs of 2!,dsk_count1.webp,audio_dk7.mp3,1,12,10,14,,🐾,12,,,,,,,
count_objects,PP1-MATH-X.72_Dinosaur_Skip_Counting_by_2s_72,Count 16 dino eggs in pairs of 2!,dsk_count2.webp,audio_dk8.mp3,1,16,14,18,,🥚,16,,,,,,,
count_objects,PP1-MATH-X.72_Dinosaur_Skip_Counting_by_2s_72,Count 20 green dinos in pairs of 2!,dsk_count3.webp,audio_dk9.mp3,1,20,18,19,,🦕,20,,,,,,,
speak_repeat,PP1-MATH-X.72_Dinosaur_Skip_Counting_by_2s_72,Say out loud clearly: DINOSAUR TRACK SKIP COUNTING BY TWOS!,speak_dk1.webp,audio_dk10.mp3,1,Dinosaur Track Skip Counting By Twos,,,,,,Dinosaur Track Skip Counting By Twos,,,,,,,
speak_repeat,PP1-MATH-X.72_Dinosaur_Skip_Counting_by_2s_72,Say out loud clearly: TWO FOUR SIX EIGHT TEN TWELVE FOURTEEN SIXTEEN EIGHTEEN TWENTY!,speak_dk2.webp,audio_dk11.mp3,1,Two Four Six Eight Ten Twelve Fourteen Sixteen Eighteen Twenty,,,,,,Two Four Six Eight Ten Twelve Fourteen Sixteen Eighteen Twenty,,,,,,,
matching,PP1-MATH-X.72_Dinosaur_Skip_Counting_by_2s_72,Match dino skip count steps!,,,1,,,,,,,,2 4,6,8 10,12,14 16,18
matching,PP1-MATH-X.72_Dinosaur_Skip_Counting_by_2s_72,Match 2s dino targets!,,,1,,,,,,,,18,20,10,12,4,6
multiple_choice,PP1-MATH-X.73_Pirate_Cove_3D_Shape_Hunt_73,Pirate cannonball is shaped like a...?,psh_q1.webp,audio_ph1.mp3,1,SPHERE,CUBE,CONE,,,1,,,,,,,
multiple_choice,PP1-MATH-X.73_Pirate_Cove_3D_Shape_Hunt_73,Pirate treasure chest is shaped like a...?,psh_q2.webp,audio_ph2.mp3,1,CUBE,SPHERE,CYLINDER,,,1,,,,,,,
multiple_choice,PP1-MATH-X.73_Pirate_Cove_3D_Shape_Hunt_73,Pirate spyglass lens base cone hat is a...?,psh_q3.webp,audio_ph3.mp3,1,CONE,CYLINDER,CUBE,,,1,,,,,,,
multiple_choice,PP1-MATH-X.73_Pirate_Cove_3D_Shape_Hunt_73,Pirate barrel of water is shaped like a...?,psh_q4.webp,audio_ph4.mp3,1,CYLINDER,SPHERE,CONE,,,1,,,,,,,
multiple_choice,PP1-MATH-X.73_Pirate_Cove_3D_Shape_Hunt_73,Which pirate 3D shape has 6 flat square sides?,psh_q5.webp,audio_ph5.mp3,1,CUBE,CONE,SPHERE,,,1,,,,,,,
multiple_choice,PP1-MATH-X.73_Pirate_Cove_3D_Shape_Hunt_73,Which pirate item rolls easily down the deck?,psh_q6.webp,audio_ph6.mp3,1,SPHERE,CUBE,CHEST,,,1,,,,,,,
count_objects,PP1-MATH-X.73_Pirate_Cove_3D_Shape_Hunt_73,Count 4 sphere cannonballs!,psh_count1.webp,audio_ph7.mp3,1,4,2,5,,💣,4,,,,,,,
count_objects,PP1-MATH-X.73_Pirate_Cove_3D_Shape_Hunt_73,Count 3 cube treasure chests!,psh_count2.webp,audio_ph8.mp3,1,3,1,4,,🏴‍☠️,3,,,,,,,
count_objects,PP1-MATH-X.73_Pirate_Cove_3D_Shape_Hunt_73,Count 5 cylinder water barrels!,psh_count3.webp,audio_ph9.mp3,1,5,3,4,,🛢️,5,,,,,,,
speak_repeat,PP1-MATH-X.73_Pirate_Cove_3D_Shape_Hunt_73,Say out loud clearly: PIRATE COVE 3D SHAPE TREASURE HUNT!,speak_ph1.webp,audio_ph10.mp3,1,Pirate Cove 3D Shape Treasure Hunt,,,,,,Pirate Cove 3D Shape Treasure Hunt,,,,,,,
speak_repeat,PP1-MATH-X.73_Pirate_Cove_3D_Shape_Hunt_73,Say out loud clearly: CANNONBALL SPHERE AND CHEST CUBE!,speak_ph2.webp,audio_ph11.mp3,1,Cannonball Sphere And Chest Cube,,,,,,Cannonball Sphere And Chest Cube,,,,,,,
matching,PP1-MATH-X.73_Pirate_Cove_3D_Shape_Hunt_73,Match pirate items to 3D shapes!,,,1,,,,,,,,Cannonball 💣,SPHERE,Chest 🏴‍☠️,CUBE,Barrel 🛢️,CYLINDER
matching,PP1-MATH-X.73_Pirate_Cove_3D_Shape_Hunt_73,Match pirate shape features!,,,1,,,,,,,,Round,SPHERE,Square box,CUBE,Can barrel,CYLINDER
multiple_choice,PP1-MATH-X.74_Pirate_Money_Market_Math_74,Pirate buys a mango for 10 KES. Which coin pays for it?,pmm_q1.webp,audio_pm1.mp3,1,10 KES,1 KES,5 KES,,,1,,,,,,,
multiple_choice,PP1-MATH-X.74_Pirate_Money_Market_Math_74,Pirate buys an apple for 5 KES. Which coin pays for it?,pmm_q2.webp,audio_pm2.mp3,1,5 KES,1 KES,20 KES,,,1,,,,,,,
multiple_choice,PP1-MATH-X.74_Pirate_Money_Market_Math_74,Which coin has the highest value: 1 KES 5 KES 10 KES or 20 KES?,pmm_q3.webp,audio_pm3.mp3,1,20 KES,10 KES,5 KES,,,1,,,,,,,
multiple_choice,PP1-MATH-X.74_Pirate_Money_Market_Math_74,Pirate spends 5 KES on bread and 5 KES on fruit. Total spent?,pmm_q4.webp,audio_pm4.mp3,1,10 KES,5 KES,20 KES,,,1,,,,,,,
multiple_choice,PP1-MATH-X.74_Pirate_Money_Market_Math_74,What currency do pirates use in Kenya market?,pmm_q5.webp,audio_pm5.mp3,1,KES,USD,EUR,,,1,,,,,,,
multiple_choice,PP1-MATH-X.74_Pirate_Money_Market_Math_74,If pirate has 20 KES and spends 10 KES, how much is left?,pmm_q6.webp,audio_pm6.mp3,1,10 KES,20 KES,5 KES,,,1,,,,,,,
count_objects,PP1-MATH-X.74_Pirate_Money_Market_Math_74,Count 5 golden Kenyan Shilling coins!,pmm_count1.webp,audio_pm7.mp3,1,5,3,4,,🪙,5,,,,,,,
count_objects,PP1-MATH-X.74_Pirate_Money_Market_Math_74,Count 3 market pineapples to buy!,pmm_count2.webp,audio_pm8.mp3,1,3,1,4,,🍍,3,,,,,,,
count_objects,PP1-MATH-X.74_Pirate_Money_Market_Math_74,Count 4 market coconuts!,pmm_count3.webp,audio_pm9.mp3,1,4,2,5,,🥥,4,,,,,,,
speak_repeat,PP1-MATH-X.74_Pirate_Money_Market_Math_74,Say out loud clearly: PIRATE MARKET MATH WITH KENYAN SHILLINGS!,speak_pm1.webp,audio_pm10.mp3,1,Pirate Market Math With Kenyan Shillings,,,,,,Pirate Market Math With Kenyan Shillings,,,,,,,
speak_repeat,PP1-MATH-X.74_Pirate_Money_Market_Math_74,Say out loud clearly: TEN KES PLUS TEN KES EQUALS TWENTY KES!,speak_pm2.webp,audio_pm11.mp3,1,Ten KES Plus Ten KES Equals Twenty KES,,,,,,Ten KES Plus Ten KES Equals Twenty KES,,,,,,,
matching,PP1-MATH-X.74_Pirate_Money_Market_Math_74,Match pirate market items to coin cost!,,,1,,,,,,,,Apple 🍎,5 KES,Mango 🥭,10 KES,Pineapple 🍍,20 KES
matching,PP1-MATH-X.74_Pirate_Money_Market_Math_74,Match shilling coin values!,,,1,,,,,,,,5,5 KES,10,10 KES,20,20 KES
multiple_choice,PP1-MATH-X.75_Space_Station_Addition_Launch_75,5 rockets plus 3 rockets equals how many total?,ssa_q1.webp,audio_sl1.mp3,1,8,5,7,,,1,,,,,,,
multiple_choice,PP1-MATH-X.75_Space_Station_Addition_Launch_75,5 space stars plus 5 space stars equals...?,ssa_q2.webp,audio_sl2.mp3,1,10,8,9,,,1,,,,,,,
multiple_choice,PP1-MATH-X.75_Space_Station_Addition_Launch_75,6 astronaut helmets plus 2 helmets equals...?,ssa_q3.webp,audio_sl3.mp3,1,8,6,7,,,1,,,,,,,
multiple_choice,PP1-MATH-X.75_Space_Station_Addition_Launch_75,4 glowing moons plus 3 glowing moons equals...?,ssa_q4.webp,audio_sl4.mp3,1,7,4,6,,,1,,,,,,,
multiple_choice,PP1-MATH-X.75_Space_Station_Addition_Launch_75,7 space shuttles plus 2 space shuttles equals...?,ssa_q5.webp,audio_sl5.mp3,1,9,7,8,,,1,,,,,,,
multiple_choice,PP1-MATH-X.75_Space_Station_Addition_Launch_75,1 rocket launch plus 8 rocket launches equals...?,ssa_q6.webp,audio_sl6.mp3,1,9,8,10,,,1,,,,,,,
count_objects,PP1-MATH-X.75_Space_Station_Addition_Launch_75,Count 8 total rockets ready for launch!,ssa_count1.webp,audio_sl7.mp3,1,8,6,9,,🚀,8,,,,,,,
count_objects,PP1-MATH-X.75_Space_Station_Addition_Launch_75,Count 10 total space station stars!,ssa_count2.webp,audio_sl8.mp3,1,10,8,9,,⭐,10,,,,,,,
count_objects,PP1-MATH-X.75_Space_Station_Addition_Launch_75,Count 7 total glowing moons!,ssa_count3.webp,audio_sl9.mp3,1,7,5,8,,🌙,7,,,,,,,
speak_repeat,PP1-MATH-X.75_Space_Station_Addition_Launch_75,Say out loud clearly: FIVE ROCKETS PLUS THREE ROCKETS EQUALS EIGHT!,speak_sl1.webp,audio_sl10.mp3,1,Five Rockets Plus Three Rockets Equals Eight,,,,,,Five Rockets Plus Three Rockets Equals Eight,,,,,,,
speak_repeat,PP1-MATH-X.75_Space_Station_Addition_Launch_75,Say out loud clearly: FIVE PLUS FIVE EQUALS TEN SPACE LAUNCH!,speak_sl2.webp,audio_sl11.mp3,1,Five Plus Five Equals Ten Space Launch,,,,,,Five Plus Five Equals Ten Space Launch,,,,,,,
matching,PP1-MATH-X.75_Space_Station_Addition_Launch_75,Match space additions!,,,1,,,,,,,,5+3,8,5+5,10,6+2,8
matching,PP1-MATH-X.75_Space_Station_Addition_Launch_75,Match space launch sums!,,,1,,,,,,,,4+3,7,7+2,9,1+8,9
multiple_choice,PP1-MATH-X.76_Space_Pattern_Galaxy_76,Red Blue Green... Red Blue Green... What color star is next?,spg_q1.webp,audio_sg1.mp3,1,RED,BLUE,GREEN,,,1,,,,,,,
multiple_choice,PP1-MATH-X.76_Space_Pattern_Galaxy_76,Rocket Rocket Moon Moon... Rocket Rocket... What is next?,spg_q2.webp,audio_sg2.mp3,1,MOON,ROCKET,STAR,,,1,,,,,,,
multiple_choice,PP1-MATH-X.76_Space_Pattern_Galaxy_76,What pattern rule is Red Blue Green Red Blue Green in space?,spg_q3.webp,audio_sg3.mp3,1,ABC,AABB,AB,,,1,,,,,,,
multiple_choice,PP1-MATH-X.76_Space_Pattern_Galaxy_76,What pattern rule is Rocket Rocket Moon Moon in galaxy?,spg_q4.webp,audio_sg4.mp3,1,AABB,ABC,AB,,,1,,,,,,,
multiple_choice,PP1-MATH-X.76_Space_Pattern_Galaxy_76,Red Blue Green Red... What color is next in galaxy ABC pattern?,spg_q5.webp,audio_sg5.mp3,1,BLUE,GREEN,RED,,,1,,,,,,,
multiple_choice,PP1-MATH-X.76_Space_Pattern_Galaxy_76,Rocket Rocket Moon... What is missing to complete AABB pattern?,spg_q6.webp,audio_sg6.mp3,1,MOON,ROCKET,SUN,,,1,,,,,,,
count_objects,PP1-MATH-X.76_Space_Pattern_Galaxy_76,Count 6 stars in two space ABC pattern sets!,spg_count1.webp,audio_sg7.mp3,1,6,3,5,,⭐,6,,,,,,,
count_objects,PP1-MATH-X.76_Space_Pattern_Galaxy_76,Count 4 rockets in the galaxy AABB set!,spg_count2.webp,audio_sg8.mp3,1,4,2,5,,🚀,4,,,,,,,
count_objects,PP1-MATH-X.76_Space_Pattern_Galaxy_76,Count 3 moons in the repeating pattern!,spg_count3.webp,audio_sg9.mp3,1,3,1,4,,🌙,3,,,,,,,
speak_repeat,PP1-MATH-X.76_Space_Pattern_Galaxy_76,Say out loud clearly: SPACE PATTERN GALAXY ABC AND AABB!,speak_sg1.webp,audio_sg10.mp3,1,Space Pattern Galaxy ABC And AABB,,,,,,Space Pattern Galaxy ABC And AABB,,,,,,,
speak_repeat,PP1-MATH-X.76_Space_Pattern_Galaxy_76,Say out loud clearly: GALAXY PATTERNS SHINE IN ORDER!,speak_sg2.webp,audio_sg11.mp3,1,Galaxy Patterns Shine In Order,,,,,,Galaxy Patterns Shine In Order,,,,,,,
matching,PP1-MATH-X.76_Space_Pattern_Galaxy_76,Match galaxy patterns!,,,1,,,,,,,,Red Blue Green,ABC,Rocket Rocket Moon Moon,AABB,Star Moon,AB
matching,PP1-MATH-X.76_Space_Pattern_Galaxy_76,Match galaxy symbols!,,,1,,,,,,,,Star ⭐,RED,Rocket 🚀,BLUE,Moon 🌙,GREEN
multiple_choice,PP1-MATH-X.77_Circus_Carnival_Measurement_77,A circus elephant is heavy and a circus balloon is...?,ccm_q1.webp,audio_cm1.mp3,1,LIGHT,HEAVY,TALL,,,1,,,,,,,
multiple_choice,PP1-MATH-X.77_Circus_Carnival_Measurement_77,A tall circus stilts walker reaches high. A clown sitting down is...?,ccm_q2.webp,audio_cm2.mp3,1,SHORT,TALL,LONG,,,1,,,,,,,
multiple_choice,PP1-MATH-X.77_Circus_Carnival_Measurement_77,A popcorn tub packed to the brim is...?,ccm_q3.webp,audio_cm3.mp3,1,FULL,EMPTY,LIGHT,,,1,,,,,,,
multiple_choice,PP1-MATH-X.77_Circus_Carnival_Measurement_77,An empty circus cup with no juice is...?,ccm_q4.webp,audio_cm4.mp3,1,EMPTY,FULL,HEAVY,,,1,,,,,,,
multiple_choice,PP1-MATH-X.77_Circus_Carnival_Measurement_77,Which is HEAVY: circus elephant or circus hat?,ccm_q5.webp,audio_cm5.mp3,1,ELEPHANT,HAT,SAME,,,1,,,,,,,
multiple_choice,PP1-MATH-X.77_Circus_Carnival_Measurement_77,Which is TALL: circus tent peak or circus dog?,ccm_q6.webp,audio_cm6.mp3,1,TENT,DOG,SAME,,,1,,,,,,,
count_objects,PP1-MATH-X.77_Circus_Carnival_Measurement_77,Count 4 light floating circus balloons!,ccm_count1.webp,audio_cm7.mp3,1,4,2,5,,🎈,4,,,,,,,
count_objects,PP1-MATH-X.77_Circus_Carnival_Measurement_77,Count 2 heavy circus cannon props!,ccm_count2.webp,audio_cm8.mp3,1,2,1,3,,🎪,2,,,,,,,
count_objects,PP1-MATH-X.77_Circus_Carnival_Measurement_77,Count 3 full popcorn tubs!,ccm_count3.webp,audio_cm9.mp3,1,3,1,5,,🍿,3,,,,,,,
speak_repeat,PP1-MATH-X.77_Circus_Carnival_Measurement_77,Say out loud clearly: CIRCUS CARNIVAL MEASUREMENT HEAVY LIGHT TALL SHORT!,speak_cm1.webp,audio_cm10.mp3,1,Circus Carnival Measurement Heavy Light Tall Short,,,,,,Circus Carnival Measurement Heavy Light Tall Short,,,,,,,
speak_repeat,PP1-MATH-X.77_Circus_Carnival_Measurement_77,Say out loud clearly: FULL POPCORN TUB AND EMPTY CUP!,speak_cm2.webp,audio_cm11.mp3,1,Full Popcorn Tub And Empty Cup,,,,,,Full Popcorn Tub And Empty Cup,,,,,,,
matching,PP1-MATH-X.77_Circus_Carnival_Measurement_77,Match circus measurement terms!,,,1,,,,,,,,Elephant 🐘,HEAVY,Balloon 🎈,LIGHT,Stilts 🎪,TALL
matching,PP1-MATH-X.77_Circus_Carnival_Measurement_77,Match carnival opposites!,,,1,,,,,,,,Heavy,LIGHT,Tall,SHORT,Full,EMPTY
multiple_choice,PP1-MATH-X.78_Circus_Pictograph_Challenge_78,Popcorn pictograph chart shows 6 tubs and 3 balloons. How many popcorn tubs?,cpc_q1.webp,audio_cc1.mp3,1,6,3,9,,,1,,,,,,,
multiple_choice,PP1-MATH-X.78_Circus_Pictograph_Challenge_78,Popcorn pictograph chart shows 6 tubs and 3 balloons. How many balloons?,cpc_q2.webp,audio_cc2.mp3,1,3,6,9,,,1,,,,,,,
multiple_choice,PP1-MATH-X.78_Circus_Pictograph_Challenge_78,Chart shows 6 tubs and 3 balloons. Which item has MORE?,cpc_q3.webp,audio_cc3.mp3,1,POPCORN TUBS,BALLOONS,EQUAL,,,1,,,,,,,
multiple_choice,PP1-MATH-X.78_Circus_Pictograph_Challenge_78,Chart shows 6 tubs and 3 balloons. Which item has FEWER?,cpc_q4.webp,audio_cc4.mp3,1,BALLOONS,POPCORN TUBS,EQUAL,,,1,,,,,,,
multiple_choice,PP1-MATH-X.78_Circus_Pictograph_Challenge_78,Chart shows 4 hats and 4 hats. The counts are...?,cpc_q5.webp,audio_cc5.mp3,1,EQUAL,MORE,FEWER,,,1,,,,,,,
multiple_choice,PP1-MATH-X.78_Circus_Pictograph_Challenge_78,In circus pictograph, picture icons stand for real circus...?,cpc_q6.webp,audio_cc6.mp3,1,ITEMS,SONGS,ROADS,,,1,,,,,,,
count_objects,PP1-MATH-X.78_Circus_Pictograph_Challenge_78,Count 6 popcorn icons on the chart!,cpc_count1.webp,audio_cc7.mp3,1,6,4,5,,🍿,6,,,,,,,
count_objects,PP1-MATH-X.78_Circus_Pictograph_Challenge_78,Count 3 balloon icons on the chart!,cpc_count2.webp,audio_cc8.mp3,1,3,1,4,,🎈,3,,,,,,,
count_objects,PP1-MATH-X.78_Circus_Pictograph_Challenge_78,Count 4 hat icons on the chart!,cpc_count3.webp,audio_cc9.mp3,1,4,2,5,,🎪,4,,,,,,,
speak_repeat,PP1-MATH-X.78_Circus_Pictograph_Challenge_78,Say out loud clearly: CIRCUS PICTOGRAPH CHART COUNT AND COMPARE!,speak_cc1.webp,audio_cc10.mp3,1,Circus Pictograph Chart Count And Compare,,,,,,Circus Pictograph Chart Count And Compare,,,,,,,
speak_repeat,PP1-MATH-X.78_Circus_Pictograph_Challenge_78,Say out loud clearly: SIX POPCORN TUBS IS MORE THAN THREE BALLOONS!,speak_cc2.webp,audio_cc11.mp3,1,Six Popcorn Tubs Is More Than Three Balloons,,,,,,Six Popcorn Tubs Is More Than Three Balloons,,,,,,,
matching,PP1-MATH-X.78_Circus_Pictograph_Challenge_78,Match circus graph counts!,,,1,,,,,,,,Popcorn 🍿,6,Balloons 🎈,3,Hats 🎪,4
matching,PP1-MATH-X.78_Circus_Pictograph_Challenge_78,Match chart comparison words!,,,1,,,,,,,,6 items,MORE,3 items,FEWER,4 vs 4,EQUAL
multiple_choice,PP1-MATH-X.79_Superhero_Spatial_Position_79,Superhero flying high in the sky is ___ the city buildings.,ssp_q1.webp,audio_sp1.mp3,1,ABOVE,BELOW,BEHIND,,,1,,,,,,,
multiple_choice,PP1-MATH-X.79_Superhero_Spatial_Position_79,Superhero standing under the bridge is ___ the bridge.,ssp_q2.webp,audio_sp2.mp3,1,BELOW,ABOVE,INSIDE,,,1,,,,,,,
multiple_choice,PP1-MATH-X.79_Superhero_Spatial_Position_79,Superhero standing at the front of the parade is...?,ssp_q3.webp,audio_sp3.mp3,1,FRONT,BEHIND,OUTSIDE,,,1,,,,,,,
multiple_choice,PP1-MATH-X.79_Superhero_Spatial_Position_79,Superhero hiding behind a shield is...?,ssp_q4.webp,audio_sp4.mp3,1,BEHIND,FRONT,ABOVE,,,1,,,,,,,
multiple_choice,PP1-MATH-X.79_Superhero_Spatial_Position_79,Superhero inside the power lab is...?,ssp_q5.webp,audio_sp5.mp3,1,INSIDE,OUTSIDE,BELOW,,,1,,,,,,,
multiple_choice,PP1-MATH-X.79_Superhero_Spatial_Position_79,Superhero patrolling outside in the courtyard is...?,ssp_q6.webp,audio_sp6.mp3,1,OUTSIDE,INSIDE,ABOVE,,,1,,,,,,,
count_objects,PP1-MATH-X.79_Superhero_Spatial_Position_79,Count 3 superheroes flying above!,ssp_count1.webp,audio_sp7.mp3,1,3,2,4,,🦸,3,,,,,,,
count_objects,PP1-MATH-X.79_Superhero_Spatial_Position_79,Count 4 power shields standing in front!,ssp_count2.webp,audio_sp8.mp3,1,4,2,5,,🛡️,4,,,,,,,
count_objects,PP1-MATH-X.79_Superhero_Spatial_Position_79,Count 2 superhero cars inside the garage!,ssp_count3.webp,audio_sp9.mp3,1,2,1,3,,🏎️,2,,,,,,,
speak_repeat,PP1-MATH-X.79_Superhero_Spatial_Position_79,Say out loud clearly: SUPERHERO SPATIAL POSITION ABOVE BELOW FRONT BEHIND!,speak_sp1.webp,audio_sp10.mp3,1,Superhero Spatial Position Above Below Front Behind,,,,,,Superhero Spatial Position Above Below Front Behind,,,,,,,
speak_repeat,PP1-MATH-X.79_Superhero_Spatial_Position_79,Say out loud clearly: FLY ABOVE AND STAND IN FRONT!,speak_sp2.webp,audio_sp11.mp3,1,Fly Above And Stand In Front,,,,,,Fly Above And Stand In Front,,,,,,,
matching,PP1-MATH-X.79_Superhero_Spatial_Position_79,Match superhero positions!,,,1,,,,,,,,Flying,ABOVE,Under,BELOW,Leading,FRONT
matching,PP1-MATH-X.79_Superhero_Spatial_Position_79,Match spatial opposites!,,,1,,,,,,,,Above,BELOW,Front,BEHIND,Inside,OUTSIDE
multiple_choice,PP1-MATH-X.80_Superhero_Skip_Counting_Power_80,Superhero power skip count: 2 4 6 8... what comes next?,skp_q1.webp,audio_sk1.mp3,1,10,9,11,,,1,,,,,,,
multiple_choice,PP1-MATH-X.80_Superhero_Skip_Counting_Power_80,Superhero power skip count: 10 12 14... what comes next?,skp_q2.webp,audio_sk2.mp3,1,16,15,18,,,1,,,,,,,
multiple_choice,PP1-MATH-X.80_Superhero_Skip_Counting_Power_80,Superhero power skip count: 14 16 18... what comes next up to 20?,skp_q3.webp,audio_sk3.mp3,1,20,19,17,,,1,,,,,,,
multiple_choice,PP1-MATH-X.80_Superhero_Skip_Counting_Power_80,What is the first power number in 2s skip counting?,skp_q4.webp,audio_sk4.mp3,1,2,1,0,,,1,,,,,,,
multiple_choice,PP1-MATH-X.80_Superhero_Skip_Counting_Power_80,When superheroes skip count by 2s, how many step forward each time?,skp_q5.webp,audio_sk5.mp3,1,2,1,5,,,1,,,,,,,
multiple_choice,PP1-MATH-X.80_Superhero_Skip_Counting_Power_80,Which number belongs in superhero 2s count: 2 4 6 8...?,skp_q6.webp,audio_sk6.mp3,1,10,3,5,,,1,,,,,,,
count_objects,PP1-MATH-X.80_Superhero_Skip_Counting_Power_80,Count 10 superhero star badges in pairs of 2!,skp_count1.webp,audio_sk7.mp3,1,10,8,12,,⭐,10,,,,,,,
count_objects,PP1-MATH-X.80_Superhero_Skip_Counting_Power_80,Count 16 superhero power shields in pairs of 2!,skp_count2.webp,audio_sk8.mp3,1,16,14,18,,🛡️,16,,,,,,,
count_objects,PP1-MATH-X.80_Superhero_Skip_Counting_Power_80,Count 20 superhero power masks in pairs of 2!,skp_count3.webp,audio_sk9.mp3,1,20,18,19,,🎭,20,,,,,,,
speak_repeat,PP1-MATH-X.80_Superhero_Skip_Counting_Power_80,Say out loud clearly: SUPERHERO SKIP COUNTING POWER BY TWOS!,speak_sk1.webp,audio_sk10.mp3,1,Superhero Skip Counting Power By Twos,,,,,,Superhero Skip Counting Power By Twos,,,,,,,
speak_repeat,PP1-MATH-X.80_Superhero_Skip_Counting_Power_80,Say out loud clearly: TWO FOUR SIX EIGHT TEN TWELVE FOURTEEN SIXTEEN EIGHTEEN TWENTY!,speak_sk2.webp,audio_sk11.mp3,1,Two Four Six Eight Ten Twelve Fourteen Sixteen Eighteen Twenty,,,,,,Two Four Six Eight Ten Twelve Fourteen Sixteen Eighteen Twenty,,,,,,,
matching,PP1-MATH-X.80_Superhero_Skip_Counting_Power_80,Match superhero 2s steps!,,,1,,,,,,,,2 4,6,8 10,12,14 16,18
matching,PP1-MATH-X.80_Superhero_Skip_Counting_Power_80,Match power 2s targets!,,,1,,,,,,,,18,20,10,12,4,6



question_type,lesson_title,prompt,prompt_image,prompt_audio,correct_answer,option_1,option_2,option_3,option_4,count_emoji_or_image,target_count,target_word,pair_1_left,pair_1_right,pair_2_left,pair_2_right,pair_3_left,pair_3_right
multiple_choice,PP1-MATH-X.81_Underwater_3D_Shape_Reef_81,Which underwater shape looks like a round pearl or ball?,u3d_q1.webp,audio_u1.mp3,1,SPHERE,CUBE,CONE,,,1,,,,,,,
multiple_choice,PP1-MATH-X.81_Underwater_3D_Shape_Reef_81,Which ocean treasure chest is shaped like a square box?,u3d_q2.webp,audio_u2.mp3,1,CUBE,SPHERE,CYLINDER,,,1,,,,,,,
multiple_choice,PP1-MATH-X.81_Underwater_3D_Shape_Reef_81,Which sea shell looks like a pointy party hat?,u3d_q3.webp,audio_u3.mp3,1,CONE,CYLINDER,CUBE,,,1,,,,,,,
multiple_choice,PP1-MATH-X.81_Underwater_3D_Shape_Reef_81,Which coral reef log looks like a can?,u3d_q4.webp,audio_u4.mp3,1,CYLINDER,SPHERE,CONE,,,1,,,,,,,
multiple_choice,PP1-MATH-X.81_Underwater_3D_Shape_Reef_81,Which shape rolls smoothly on the ocean floor?,u3d_q5.webp,audio_u5.mp3,1,SPHERE,CUBE,BOX,,,1,,,,,,,
multiple_choice,PP1-MATH-X.81_Underwater_3D_Shape_Reef_81,Which shape has 6 flat square sides in the reef?,u3d_q6.webp,audio_u6.mp3,1,CUBE,CONE,SPHERE,,,1,,,,,,,
count_objects,PP1-MATH-X.81_Underwater_3D_Shape_Reef_81,Count 4 sphere pearls on the ocean floor!,u3d_count1.webp,audio_u7.mp3,1,4,2,5,,🔮,4,,,,,,,
count_objects,PP1-MATH-X.81_Underwater_3D_Shape_Reef_81,Count 3 cube treasure chests underwater!,u3d_count2.webp,audio_u8.mp3,1,3,1,4,,📦,3,,,,,,,
count_objects,PP1-MATH-X.81_Underwater_3D_Shape_Reef_81,Count 2 cylinder coral logs!,u3d_count3.webp,audio_u9.mp3,1,2,1,3,,🪵,2,,,,,,,
speak_repeat,PP1-MATH-X.81_Underwater_3D_Shape_Reef_81,Say out loud clearly: UNDERWATER 3D SHAPES SPHERE CUBE CONE CYLINDER!,speak_u1.webp,audio_u10.mp3,1,Underwater 3D Shapes Sphere Cube Cone Cylinder,,,,,,Underwater 3D Shapes Sphere Cube Cone Cylinder,,,,,,,
speak_repeat,PP1-MATH-X.81_Underwater_3D_Shape_Reef_81,Say out loud clearly: PEARLS ARE SPHERES AND CHESTS ARE CUBES!,speak_u2.webp,audio_u11.mp3,1,Pearls Are Spheres And Chests Are Cubes,,,,,,Pearls Are Spheres And Chests Are Cubes,,,,,,,
matching,PP1-MATH-X.81_Underwater_3D_Shape_Reef_81,Match ocean items to 3D shapes!,,,1,,,,,,,,Pearl 🔮,SPHERE,Chest 📦,CUBE,Log 🪵,CYLINDER
matching,PP1-MATH-X.81_Underwater_3D_Shape_Reef_81,Match reef shapes!,,,1,,,,,,,,Cone 🐚,CONE,Sphere 🔮,SPHERE,Cube 📦,CUBE
multiple_choice,PP1-MATH-X.82_Underwater_Capacity_Challenge_82,A clam shell filled completely with sea water is...?,ucap_q1.webp,audio_uc1.mp3,1,FULL,HALF,EMPTY,,,1,,,,,,,
multiple_choice,PP1-MATH-X.82_Underwater_Capacity_Challenge_82,A cup with no water inside is...?,ucap_q2.webp,audio_uc2.mp3,1,EMPTY,FULL,HALF,,,1,,,,,,,
multiple_choice,PP1-MATH-X.82_Underwater_Capacity_Challenge_82,A jar filled right to the middle is...?,ucap_q3.webp,audio_uc3.mp3,1,HALF,FULL,EMPTY,,,1,,,,,,,
multiple_choice,PP1-MATH-X.82_Underwater_Capacity_Challenge_82,Which bucket holds the MOST water?,ucap_q4.webp,audio_uc4.mp3,1,FULL,EMPTY,HALF,,,1,,,,,,,
multiple_choice,PP1-MATH-X.82_Underwater_Capacity_Challenge_82,Which jar has zero bubbles inside?,ucap_q5.webp,audio_uc5.mp3,1,EMPTY,FULL,HALF,,,1,,,,,,,
multiple_choice,PP1-MATH-X.82_Underwater_Capacity_Challenge_82,Capacity tells us how much a container can...?,ucap_q6.webp,audio_uc6.mp3,1,HOLD,ROLL,FLY,,,1,,,,,,,
count_objects,PP1-MATH-X.82_Underwater_Capacity_Challenge_82,Count 3 full water jars underwater!,ucap_count1.webp,audio_uc7.mp3,1,3,1,4,,🫙,3,,,,,,,
count_objects,PP1-MATH-X.82_Underwater_Capacity_Challenge_82,Count 2 empty buckets on the sand!,ucap_count2.webp,audio_uc8.mp3,1,2,1,3,,🪣,2,,,,,,,
count_objects,PP1-MATH-X.82_Underwater_Capacity_Challenge_82,Count 4 half-full cups!,ucap_count3.webp,audio_uc9.mp3,1,4,2,5,,🥛,4,,,,,,,
speak_repeat,PP1-MATH-X.82_Underwater_Capacity_Challenge_82,Say out loud clearly: CAPACITY MEANS FULL HALF OR EMPTY!,speak_uc1.webp,audio_uc10.mp3,1,Capacity Means Full Half Or Empty,,,,,,Capacity Means Full Half Or Empty,,,,,,,
speak_repeat,PP1-MATH-X.82_Underwater_Capacity_Challenge_82,Say out loud clearly: FULL JAR AND EMPTY BUCKET!,speak_uc2.webp,audio_uc11.mp3,1,Full Jar And Empty Bucket,,,,,,Full Jar And Empty Bucket,,,,,,,
matching,PP1-MATH-X.82_Underwater_Capacity_Challenge_82,Match capacity states!,,,1,,,,,,,,Top 🫙,FULL,Middle 🥛,HALF,Zero 🪣,EMPTY
matching,PP1-MATH-X.82_Underwater_Capacity_Challenge_82,Match capacity terms!,,,1,,,,,,,,Full,FULL,Half,HALF,Empty,EMPTY
multiple_choice,PP1-MATH-X.83_Safari_Animal_Pictograph_83,The chart shows 5 lions and 2 zebras. How many lions?,sap_q1.webp,audio_sa1.mp3,1,5,2,7,,,1,,,,,,,
multiple_choice,PP1-MATH-X.83_Safari_Animal_Pictograph_83,The chart shows 5 lions and 2 zebras. How many zebras?,sap_q2.webp,audio_sa2.mp3,1,2,5,7,,,1,,,,,,,
multiple_choice,PP1-MATH-X.83_Safari_Animal_Pictograph_83,Chart shows 5 lions and 2 zebras. Which animal has MORE?,sap_q3.webp,audio_sa3.mp3,1,LIONS,ZEBRAS,EQUAL,,,1,,,,,,,
multiple_choice,PP1-MATH-X.83_Safari_Animal_Pictograph_83,Chart shows 5 lions and 2 zebras. Which animal has FEWER?,sap_q4.webp,audio_sa4.mp3,1,ZEBRAS,LIONS,EQUAL,,,1,,,,,,,
multiple_choice,PP1-MATH-X.83_Safari_Animal_Pictograph_83,Chart shows 4 giraffes and 4 giraffes. The counts are...?,sap_q5.webp,audio_sa5.mp3,1,EQUAL,MORE,FEWER,,,1,,,,,,,
multiple_choice,PP1-MATH-X.83_Safari_Animal_Pictograph_83,In a pictograph chart, animal pictures stand for real...?,sap_q6.webp,audio_sa6.mp3,1,ANIMALS,TREES,ROADS,,,1,,,,,,,
count_objects,PP1-MATH-X.83_Safari_Animal_Pictograph_83,Count 5 lion icons on the safari graph!,sap_count1.webp,audio_sa7.mp3,1,5,3,4,,🦁,5,,,,,,,
count_objects,PP1-MATH-X.83_Safari_Animal_Pictograph_83,Count 2 zebra icons on the chart!,sap_count2.webp,audio_sa8.mp3,1,2,1,4,,🦓,2,,,,,,,
count_objects,PP1-MATH-X.83_Safari_Animal_Pictograph_83,Count 4 giraffe icons on the board!,sap_count3.webp,audio_sa9.mp3,1,4,2,5,,🦒,4,,,,,,,
speak_repeat,PP1-MATH-X.83_Safari_Animal_Pictograph_83,Say out loud clearly: SAFARI ANIMAL PICTOGRAPH COUNT AND COMPARE!,speak_sa1.webp,audio_sa10.mp3,1,Safari Animal Pictograph Count And Compare,,,,,,Safari Animal Pictograph Count And Compare,,,,,,,
speak_repeat,PP1-MATH-X.83_Safari_Animal_Pictograph_83,Say out loud clearly: FIVE LIONS IS MORE THAN TWO ZEBRAS!,speak_sa2.webp,audio_sa11.mp3,1,Five Lions Is More Than Two Zebras,,,,,,Five Lions Is More Than Two Zebras,,,,,,,
matching,PP1-MATH-X.83_Safari_Animal_Pictograph_83,Match safari chart counts!,,,1,,,,,,,,Lions 🦁,5,Zebras 🦓,2,Giraffes 🦒,4
matching,PP1-MATH-X.83_Safari_Animal_Pictograph_83,Match chart terms!,,,1,,,,,,,,5 lions,MORE,2 zebras,FEWER,4 vs 4,EQUAL
multiple_choice,PP1-MATH-X.84_Safari_Addition_Story_84,Leo sees 3 elephants. 2 more elephants arrive. How many total?,sas_q1.webp,audio_st1.mp3,1,5,3,2,,,1,,,,,,,
multiple_choice,PP1-MATH-X.84_Safari_Addition_Story_84,4 giraffes by the tree. 4 more walk over. How many now?,sas_q2.webp,audio_st2.mp3,1,8,4,6,,,1,,,,,,,
multiple_choice,PP1-MATH-X.84_Safari_Addition_Story_84,5 zebras resting. 3 zebras join them. Total?,sas_q3.webp,audio_st3.mp3,1,8,5,7,,,1,,,,,,,
multiple_choice,PP1-MATH-X.84_Safari_Addition_Story_84,6 lions on a hill. 1 more walks up. How many total?,sas_q4.webp,audio_st4.mp3,1,7,6,8,,,1,,,,,,,
multiple_choice,PP1-MATH-X.84_Safari_Addition_Story_84,2 rhinos drink water. 3 more come to drink. Total?,sas_q5.webp,audio_st5.mp3,1,5,2,4,,,1,,,,,,,
multiple_choice,PP1-MATH-X.84_Safari_Addition_Story_84,7 birds in sky. 3 more fly in. How many total?,sas_q6.webp,audio_st6.mp3,1,10,7,9,,,1,,,,,,,
count_objects,PP1-MATH-X.84_Safari_Addition_Story_84,Count 5 total story elephants!,sas_count1.webp,audio_st7.mp3,1,5,3,4,,🐘,5,,,,,,,
count_objects,PP1-MATH-X.84_Safari_Addition_Story_84,Count 8 total story giraffes!,sas_count2.webp,audio_st8.mp3,1,8,6,10,,🦒,8,,,,,,,
count_objects,PP1-MATH-X.84_Safari_Addition_Story_84,Count 10 total story birds in the sky!,sas_count3.webp,audio_st9.mp3,1,10,7,9,,🕊️,10,,,,,,,
speak_repeat,PP1-MATH-X.84_Safari_Addition_Story_84,Say out loud clearly: THREE PLUS TWO EQUALS FIVE ELEPHANTS!,speak_st1.webp,audio_st10.mp3,1,Three Plus Two Equals Five Elephants,,,,,,Three Plus Two Equals Five Elephants,,,,,,,
speak_repeat,PP1-MATH-X.84_Safari_Addition_Story_84,Say out loud clearly: SAFARI ANIMAL STORY ADDITION UP TO TEN!,speak_st2.webp,audio_st11.mp3,1,Safari Animal Story Addition Up To Ten,,,,,,Safari Animal Story Addition Up To Ten,,,,,,,
matching,PP1-MATH-X.84_Safari_Addition_Story_84,Match safari story math!,,,1,,,,,,,,3+2,5,4+4,8,5+3,8
matching,PP1-MATH-X.84_Safari_Addition_Story_84,Match story addition sums!,,,1,,,,,,,,6+1,7,2+3,5,7+3,10
multiple_choice,PP1-MATH-X.85_Kenyan_Shilling_Shopping_Spree_85,You buy a banana for 10 KES. Which coin pays for it?,kss_q1.webp,audio_ks1.mp3,1,10 KES,1 KES,5 KES,,,1,,,,,,,
multiple_choice,PP1-MATH-X.85_Kenyan_Shilling_Shopping_Spree_85,You buy an apple for 5 KES. Which coin pays for it?,kss_q2.webp,audio_ks2.mp3,1,5 KES,1 KES,20 KES,,,1,,,,,,,
multiple_choice,PP1-MATH-X.85_Kenyan_Shilling_Shopping_Spree_85,What is the highest value coin in Kenya up to 20?,kss_q3.webp,audio_ks3.mp3,1,20 KES,10 KES,5 KES,,,1,,,,,,,
multiple_choice,PP1-MATH-X.85_Kenyan_Shilling_Shopping_Spree_85,You buy 1 orange for 5 KES and 1 snack for 5 KES. Total cost?,kss_q4.webp,audio_ks4.mp3,1,10 KES,5 KES,20 KES,,,1,,,,,,,
multiple_choice,PP1-MATH-X.85_Kenyan_Shilling_Shopping_Spree_85,Where do we go for a shopping spree with coins?,kss_q5.webp,audio_ks5.mp3,1,MARKET,PARK,BED,,,1,,,,,,,
multiple_choice,PP1-MATH-X.85_Kenyan_Shilling_Shopping_Spree_85,What currency is printed on Kenyan coins?,kss_q6.webp,audio_ks6.mp3,1,KES,USD,EUR,,,1,,,,,,,
count_objects,PP1-MATH-X.85_Kenyan_Shilling_Shopping_Spree_85,Count 5 shiny shilling coins in the purse!,kss_count1.webp,audio_ks7.mp3,1,5,3,4,,🪙,5,,,,,,,
count_objects,PP1-MATH-X.85_Kenyan_Shilling_Shopping_Spree_85,Count 4 shopping spree apples!,kss_count2.webp,audio_ks8.mp3,1,4,2,5,,🍎,4,,,,,,,
count_objects,PP1-MATH-X.85_Kenyan_Shilling_Shopping_Spree_85,Count 3 yellow shopping bananas!,kss_count3.webp,audio_ks9.mp3,1,3,1,4,,🍌,3,,,,,,,
speak_repeat,PP1-MATH-X.85_Kenyan_Shilling_Shopping_Spree_85,Say out loud clearly: KENYAN SHILLING SHOPPING SPREE WITH COINS!,speak_ks1.webp,audio_ks10.mp3,1,Kenyan Shilling Shopping Spree With Coins,,,,,,Kenyan Shilling Shopping Spree With Coins,,,,,,,
speak_repeat,PP1-MATH-X.85_Kenyan_Shilling_Shopping_Spree_85,Say out loud clearly: FIVE KES PLUS FIVE KES EQUALS TEN KES!,speak_ks2.webp,audio_ks11.mp3,1,Five KES Plus Five KES Equals Ten KES,,,,,,Five KES Plus Five KES Equals Ten KES,,,,,,,
matching,PP1-MATH-X.85_Kenyan_Shilling_Shopping_Spree_85,Match shopping item prices!,,,1,,,,,,,,Apple 🍎,5 KES,Banana 🍌,10 KES,Snack 🥪,20 KES
matching,PP1-MATH-X.85_Kenyan_Shilling_Shopping_Spree_85,Match shilling values!,,,1,,,,,,,,1,1 KES,5,5 KES,10,10 KES
multiple_choice,PP1-MATH-X.86_Number_Recognition_0_to_20_Hunt_86,Find the number 17 on the hunt track!,nrh_q1.webp,audio_nr1.mp3,1,17,15,12,,,1,,,,,,,
multiple_choice,PP1-MATH-X.86_Number_Recognition_0_to_20_Hunt_86,What number comes right after 19?,nrh_q2.webp,audio_nr2.mp3,1,20,18,17,,,1,,,,,,,
multiple_choice,PP1-MATH-X.86_Number_Recognition_0_to_20_Hunt_86,Which number represents an empty set?,nrh_q3.webp,audio_nr3.mp3,1,0,10,20,,,1,,,,,,,
multiple_choice,PP1-MATH-X.86_Number_Recognition_0_to_20_Hunt_86,What number comes between 13 and 15?,nrh_q4.webp,audio_nr4.mp3,1,14,12,16,,,1,,,,,,,
multiple_choice,PP1-MATH-X.86_Number_Recognition_0_to_20_Hunt_86,What number comes right before 10?,nrh_q5.webp,audio_nr5.mp3,1,9,11,8,,,1,,,,,,,
multiple_choice,PP1-MATH-X.86_Number_Recognition_0_to_20_Hunt_86,Find the number 12 on the clue board!,nrh_q6.webp,audio_nr6.mp3,1,12,10,14,,,1,,,,,,,
count_objects,PP1-MATH-X.86_Number_Recognition_0_to_20_Hunt_86,Count 15 number badges found on the hunt!,nrh_count1.webp,audio_nr7.mp3,1,15,12,18,,🥇,15,,,,,,,
count_objects,PP1-MATH-X.86_Number_Recognition_0_to_20_Hunt_86,Count 20 golden star tokens!,nrh_count2.webp,audio_nr8.mp3,1,20,18,19,,⭐,20,,,,,,,
count_objects,PP1-MATH-X.86_Number_Recognition_0_to_20_Hunt_86,Count 10 clue markers on the path!,nrh_count3.webp,audio_nr9.mp3,1,10,8,12,,📍,10,,,,,,,
speak_repeat,PP1-MATH-X.86_Number_Recognition_0_to_20_Hunt_86,Say out loud clearly: NUMBER RECOGNITION HUNT ZERO TO TWENTY!,speak_nr1.webp,audio_nr10.mp3,1,Number Recognition Hunt Zero To Twenty,,,,,,Number Recognition Hunt Zero To Twenty,,,,,,,
speak_repeat,PP1-MATH-X.86_Number_Recognition_0_to_20_Hunt_86,Say out loud clearly: I CAN FIND ALL NUMBERS UP TO TWENTY!,speak_nr2.webp,audio_nr11.mp3,1,I Can Find All Numbers Up To Twenty,,,,,,I Can Find All Numbers Up To Twenty,,,,,,,
matching,PP1-MATH-X.86_Number_Recognition_0_to_20_Hunt_86,Match number hunt digits!,,,1,,,,,,,,17,17,19,19,20,20
matching,PP1-MATH-X.86_Number_Recognition_0_to_20_Hunt_86,Match hunt targets!,,,1,,,,,,,,0,0,10,10,14,14
multiple_choice,PP1-MATH-X.87_Adding_2_More_Safari_Quest_87,You have 3 lions and get 2 more lions. How many now?,a2s_q1.webp,audio_aq1.mp3,1,5,3,4,,,1,,,,,,,
multiple_choice,PP1-MATH-X.87_Adding_2_More_Safari_Quest_87,What is 6 zebras plus 2 more zebras?,a2s_q2.webp,audio_aq2.mp3,1,8,6,7,,,1,,,,,,,
multiple_choice,PP1-MATH-X.87_Adding_2_More_Safari_Quest_87,You have 4 giraffes and 2 more join. How many total?,a2s_q3.webp,audio_aq3.mp3,1,6,4,5,,,1,,,,,,,
multiple_choice,PP1-MATH-X.87_Adding_2_More_Safari_Quest_87,What is 1 rhino plus 2 more rhinos?,a2s_q4.webp,audio_aq4.mp3,1,3,1,4,,,1,,,,,,,
multiple_choice,PP1-MATH-X.87_Adding_2_More_Safari_Quest_87,What is 5 hippos plus 2 more hippos?,a2s_q5.webp,audio_aq5.mp3,1,7,5,8,,,1,,,,,,,
multiple_choice,PP1-MATH-X.87_Adding_2_More_Safari_Quest_87,You have 0 monkeys and get 2 more. How many now?,a2s_q6.webp,audio_aq6.mp3,1,2,0,3,,,1,,,,,,,
count_objects,PP1-MATH-X.87_Adding_2_More_Safari_Quest_87,Count 5 total lions after adding 2 more!,a2s_count1.webp,audio_aq7.mp3,1,5,3,4,,🦁,5,,,,,,,
count_objects,PP1-MATH-X.87_Adding_2_More_Safari_Quest_87,Count 8 total zebras after adding 2 more!,a2s_count2.webp,audio_aq8.mp3,1,8,6,9,,🦓,8,,,,,,,
count_objects,PP1-MATH-X.87_Adding_2_More_Safari_Quest_87,Count 6 total giraffes on the quest!,a2s_count3.webp,audio_aq9.mp3,1,6,4,7,,🦒,6,,,,,,,
speak_repeat,PP1-MATH-X.87_Adding_2_More_Safari_Quest_87,Say out loud clearly: THREE PLUS TWO EQUALS FIVE!,speak_aq1.webp,audio_aq10.mp3,1,Three Plus Two Equals Five,,,,,,Three Plus Two Equals Five,,,,,,,
speak_repeat,PP1-MATH-X.87_Adding_2_More_Safari_Quest_87,Say out loud clearly: SIX PLUS TWO EQUALS EIGHT SAFARI ANIMALS!,speak_aq2.webp,audio_aq11.mp3,1,Six Plus Two Equals Eight Safari Animals,,,,,,Six Plus Two Equals Eight Safari Animals,,,,,,,
matching,PP1-MATH-X.87_Adding_2_More_Safari_Quest_87,Match adding 2 equations!,,,1,,,,,,,,3+2,5,6+2,8,4+2,6
matching,PP1-MATH-X.87_Adding_2_More_Safari_Quest_87,Match quest 2 more sums!,,,1,,,,,,,,1+2,3,5+2,7,0+2,2
multiple_choice,PP1-MATH-X.88_3D_Shapes_Cube_and_Sphere_88,Which 3D shape looks like a square box?,cs8_q1.webp,audio_cs1.mp3,1,CUBE,SPHERE,CONE,,,1,,,,,,,
multiple_choice,PP1-MATH-X.88_3D_Shapes_Cube_and_Sphere_88,Which 3D shape looks like a round ball?,cs8_q2.webp,audio_cs2.mp3,1,SPHERE,CUBE,CYLINDER,,,1,,,,,,,
multiple_choice,PP1-MATH-X.88_3D_Shapes_Cube_and_Sphere_88,Does a sphere have any flat square sides?,cs8_q3.webp,audio_cs3.mp3,1,NO,YES,ALWAYS,,,1,,,,,,,
multiple_choice,PP1-MATH-X.88_3D_Shapes_Cube_and_Sphere_88,A playing die or building block is a...?,cs8_q4.webp,audio_cs4.mp3,1,CUBE,SPHERE,CONE,,,1,,,,,,,
multiple_choice,PP1-MATH-X.88_3D_Shapes_Cube_and_Sphere_88,A basketball or marble is a...?,cs8_q5.webp,audio_cs5.mp3,1,SPHERE,CUBE,CYLINDER,,,1,,,,,,,
multiple_choice,PP1-MATH-X.88_3D_Shapes_Cube_and_Sphere_88,Which shape rolls easily across the floor?,cs8_q6.webp,audio_cs6.mp3,1,SPHERE,CUBE,BOX,,,1,,,,,,,
count_objects,PP1-MATH-X.88_3D_Shapes_Cube_and_Sphere_88,Count 4 sphere balls in the group!,cs8_count1.webp,audio_cs7.mp3,1,4,2,3,,⚽,4,,,,,,,
count_objects,PP1-MATH-X.88_3D_Shapes_Cube_and_Sphere_88,Count 3 cube gift boxes on the table!,cs8_count2.webp,audio_cs8.mp3,1,3,2,5,,🎁,3,,,,,,,
count_objects,PP1-MATH-X.88_3D_Shapes_Cube_and_Sphere_88,Count 2 playing dice cubes!,cs8_count3.webp,audio_cs9.mp3,1,2,1,4,,🎲,2,,,,,,,
speak_repeat,PP1-MATH-X.88_3D_Shapes_Cube_and_Sphere_88,Say out loud clearly: CUBES ARE SQUARE BOXES AND SPHERES ARE ROUND BALLS!,speak_cs1.webp,audio_cs10.mp3,1,Cubes Are Square Boxes And Spheres Are Round Balls,,,,,,Cubes Are Square Boxes And Spheres Are Round Balls,,,,,,,
speak_repeat,PP1-MATH-X.88_3D_Shapes_Cube_and_Sphere_88,Say out loud clearly: SPHERES ROLL AND CUBES STACK!,speak_cs2.webp,audio_cs11.mp3,1,Spheres Roll And Cubes Stack,,,,,,Spheres Roll And Cubes Stack,,,,,,,
matching,PP1-MATH-X.88_3D_Shapes_Cube_and_Sphere_88,Match items to 3D shape!,,,1,,,,,,,,Ball ⚽,SPHERE,Box 🎁,CUBE,Dice 🎲,CUBE
matching,PP1-MATH-X.88_3D_Shapes_Cube_and_Sphere_88,Match shape features!,,,1,,,,,,,,Round,SPHERE,Square face,CUBE,Rolls,SPHERE
multiple_choice,PP1-MATH-X.89_Patterns_ABC_Color_Sequence_89,Red Yellow Blue... Red Yellow Blue... What color comes next?,abc_q1.webp,audio_ac1.mp3,1,RED,YELLOW,BLUE,,,1,,,,,,,
multiple_choice,PP1-MATH-X.89_Patterns_ABC_Color_Sequence_89,In pattern Red Yellow Blue, what is the second color?,abc_q2.webp,audio_ac2.mp3,1,YELLOW,RED,BLUE,,,1,,,,,,,
multiple_choice,PP1-MATH-X.89_Patterns_ABC_Color_Sequence_89,In pattern Red Yellow Blue, what is the third color?,abc_q3.webp,audio_ac3.mp3,1,BLUE,RED,YELLOW,,,1,,,,,,,
multiple_choice,PP1-MATH-X.89_Patterns_ABC_Color_Sequence_89,Red Yellow Blue Red... What color is next in ABC pattern?,abc_q4.webp,audio_ac4.mp3,1,YELLOW,BLUE,RED,,,1,,,,,,,
multiple_choice,PP1-MATH-X.89_Patterns_ABC_Color_Sequence_89,Red Yellow Blue Red Yellow... What completes the set?,abc_q5.webp,audio_ac5.mp3,1,BLUE,RED,YELLOW,,,1,,,,,,,
multiple_choice,PP1-MATH-X.89_Patterns_ABC_Color_Sequence_89,Is Red Yellow Blue an ABC pattern?,abc_q6.webp,audio_ac6.mp3,1,YES,NO,NEVER,,,1,,,,,,,
count_objects,PP1-MATH-X.89_Patterns_ABC_Color_Sequence_89,Count 3 pattern blocks: Red Yellow Blue!,abc_count1.webp,audio_ac7.mp3,1,3,2,4,,🧱,3,,,,,,,
count_objects,PP1-MATH-X.89_Patterns_ABC_Color_Sequence_89,Count 6 pattern stars in two ABC sets!,abc_count2.webp,audio_ac8.mp3,1,6,3,5,,⭐,6,,,,,,,
count_objects,PP1-MATH-X.89_Patterns_ABC_Color_Sequence_89,Count 3 colorful balloons in the sequence!,abc_count3.webp,audio_ac9.mp3,1,3,1,4,,🎈,3,,,,,,,
speak_repeat,PP1-MATH-X.89_Patterns_ABC_Color_Sequence_89,Say out loud clearly: RED YELLOW BLUE ABC COLOR SEQUENCE!,speak_ac1.webp,audio_ac10.mp3,1,Red Yellow Blue ABC Color Sequence,,,,,,Red Yellow Blue ABC Color Sequence,,,,,,,
speak_repeat,PP1-MATH-X.89_Patterns_ABC_Color_Sequence_89,Say out loud clearly: THREE COLORS REPEAT IN PATTERN ORDER!,speak_ac2.webp,audio_ac11.mp3,1,Three Colors Repeat In Pattern Order,,,,,,Three Colors Repeat In Pattern Order,,,,,,,
matching,PP1-MATH-X.89_Patterns_ABC_Color_Sequence_89,Match ABC sequence positions!,,,1,,,,,,,,1st,RED,2nd,YELLOW,3rd,BLUE
matching,PP1-MATH-X.89_Patterns_ABC_Color_Sequence_89,Match color spots!,,,1,,,,,,,,Red 🔴,RED,Yellow 🟡,YELLOW,Blue 🔵,BLUE
multiple_choice,PP1-MATH-X.90_Measurement_Heavy_vs_Light_Scale_90,An elephant on one side and a feather on the other side. Elephant is...?,hl9_q1.webp,audio_h1.mp3,1,HEAVY,LIGHT,SHORT,,,1,,,,,,,
multiple_choice,PP1-MATH-X.90_Measurement_Heavy_vs_Light_Scale_90,An elephant on one side and a feather on the other side. Feather is...?,hl9_q2.webp,audio_h2.mp3,1,LIGHT,HEAVY,TALL,,,1,,,,,,,
multiple_choice,PP1-MATH-X.90_Measurement_Heavy_vs_Light_Scale_90,When the balance scale stays level straight, the weights are...?,hl9_q3.webp,audio_h3.mp3,1,SAME,DIFFERENT,FULL,,,1,,,,,,,
multiple_choice,PP1-MATH-X.90_Measurement_Heavy_vs_Light_Scale_90,Which is HEAVY: a big rock or a dry leaf?,hl9_q4.webp,audio_h4.mp3,1,ROCK,LEAF,SAME,,,1,,,,,,,
multiple_choice,PP1-MATH-X.90_Measurement_Heavy_vs_Light_Scale_90,Which is LIGHT: a paper bird or a iron chest?,hl9_q5.webp,audio_h5.mp3,1,PAPER BIRD,CHEST,SAME,,,1,,,,,,,
multiple_choice,PP1-MATH-X.90_Measurement_Heavy_vs_Light_Scale_90,When one side tips way down on scale, that side is...?,hl9_q6.webp,audio_h6.mp3,1,HEAVY,LIGHT,EMPTY,,,1,,,,,,,
count_objects,PP1-MATH-X.90_Measurement_Heavy_vs_Light_Scale_90,Count 2 balance scales testing weight!,hl9_count1.webp,audio_h7.mp3,1,2,1,3,,⚖️,2,,,,,,,
count_objects,PP1-MATH-X.90_Measurement_Heavy_vs_Light_Scale_90,Count 3 heavy boulders on the field!,hl9_count2.webp,audio_h8.mp3,1,3,2,5,,🪨,3,,,,,,,
count_objects,PP1-MATH-X.90_Measurement_Heavy_vs_Light_Scale_90,Count 5 light floating feathers!,hl9_count3.webp,audio_h9.mp3,1,5,3,4,,🪶,5,,,,,,,
speak_repeat,PP1-MATH-X.90_Measurement_Heavy_vs_Light_Scale_90,Say out loud clearly: BALANCE SCALE MEASURES HEAVY AND LIGHT!,speak_h1.webp,audio_h10.mp3,1,Balance Scale Measures Heavy And Light,,,,,,Balance Scale Measures Heavy And Light,,,,,,,
speak_repeat,PP1-MATH-X.90_Measurement_Heavy_vs_Light_Scale_90,Say out loud clearly: EQUAL WEIGHTS BALANCE EVEN AND STRAIGHT!,speak_h2.webp,audio_h11.mp3,1,Equal Weights Balance Even And Straight,,,,,,Equal Weights Balance Even And Straight,,,,,,,
matching,PP1-MATH-X.90_Measurement_Heavy_vs_Light_Scale_90,Match objects to weight!,,,1,,,,,,,,Elephant 🐘,HEAVY,Feather 🪶,LIGHT,Rock 🪨,HEAVY
matching,PP1-MATH-X.90_Measurement_Heavy_vs_Light_Scale_90,Match weight opposites!,,,1,,,,,,,,Heavy,LIGHT,Light,HEAVY,Level,SAME
multiple_choice,PP1-MATH-X.91_Spatial_Left_vs_Right_Hands_91,Which hand holds the blue ball on the left side?,lrh_q1.webp,audio_l1.mp3,1,LEFT,RIGHT,FRONT,,,1,,,,,,,
multiple_choice,PP1-MATH-X.91_Spatial_Left_vs_Right_Hands_91,Which hand holds the star on the right side?,lrh_q2.webp,audio_l2.mp3,1,RIGHT,LEFT,BEHIND,,,1,,,,,,,
multiple_choice,PP1-MATH-X.91_Spatial_Left_vs_Right_Hands_91,Raise your left hand: that hand is on the ___ side.,lrh_q3.webp,audio_l3.mp3,1,LEFT,RIGHT,ABOVE,,,1,,,,,,,
multiple_choice,PP1-MATH-X.91_Spatial_Left_vs_Right_Hands_91,Wave your right hand: that hand is on the ___ side.,lrh_q4.webp,audio_l4.mp3,1,RIGHT,LEFT,BELOW,,,1,,,,,,,
multiple_choice,PP1-MATH-X.91_Spatial_Left_vs_Right_Hands_91,An arrow pointing to the left goes...?,lrh_q5.webp,audio_l5.mp3,1,LEFT,RIGHT,INSIDE,,,1,,,,,,,
multiple_choice,PP1-MATH-X.91_Spatial_Left_vs_Right_Hands_91,An arrow pointing to the right goes...?,lrh_q6.webp,audio_l6.mp3,1,RIGHT,LEFT,OUTSIDE,,,1,,,,,,,
count_objects,PP1-MATH-X.91_Spatial_Left_vs_Right_Hands_91,Count 2 hands: left hand and right hand!,lrh_count1.webp,audio_l7.mp3,1,2,1,3,,✋,2,,,,,,,
count_objects,PP1-MATH-X.91_Spatial_Left_vs_Right_Hands_91,Count 3 left arrows on the board!,lrh_count2.webp,audio_l8.mp3,1,3,2,4,,⬅️,3,,,,,,,
count_objects,PP1-MATH-X.91_Spatial_Left_vs_Right_Hands_91,Count 4 right arrows on the wall!,lrh_count3.webp,audio_l9.mp3,1,4,2,5,,➡️,4,,,,,,,
speak_repeat,PP1-MATH-X.91_Spatial_Left_vs_Right_Hands_91,Say out loud clearly: LEFT HAND AND RIGHT HAND!,speak_l1.webp,audio_l10.mp3,1,Left Hand And Right Hand,,,,,,Left Hand And Right Hand,,,,,,,
speak_repeat,PP1-MATH-X.91_Spatial_Left_vs_Right_Hands_91,Say out loud clearly: KNOW YOUR LEFT AND RIGHT SIDES!,speak_l2.webp,audio_l11.mp3,1,Know Your Left And Right Sides,,,,,,Know Your Left And Right Sides,,,,,,,
matching,PP1-MATH-X.91_Spatial_Left_vs_Right_Hands_91,Match direction arrows!,,,1,,,,,,,,Left ⬅️,LEFT,Right ➡️,RIGHT,Left hand,LEFT
matching,PP1-MATH-X.91_Spatial_Left_vs_Right_Hands_91,Match hand opposites!,,,1,,,,,,,,Left,RIGHT,Right,LEFT,Side,RIGHT
multiple_choice,PP1-MATH-X.92_Data_Sort_Fruits_by_Color_92,A red apple goes into which color group?,sfc_q1.webp,audio_sf1.mp3,1,RED,YELLOW,GREEN,,,1,,,,,,,
multiple_choice,PP1-MATH-X.92_Data_Sort_Fruits_by_Color_92,A yellow banana goes into which color group?,sfc_q2.webp,audio_sf2.mp3,1,YELLOW,RED,GREEN,,,1,,,,,,,
multiple_choice,PP1-MATH-X.92_Data_Sort_Fruits_by_Color_92,A green pear goes into which color group?,sfc_q3.webp,audio_sf3.mp3,1,GREEN,RED,YELLOW,,,1,,,,,,,
multiple_choice,PP1-MATH-X.92_Data_Sort_Fruits_by_Color_92,A ripe strawberry is...?,sfc_q4.webp,audio_sf4.mp3,1,RED,YELLOW,GREEN,,,1,,,,,,,
multiple_choice,PP1-MATH-X.92_Data_Sort_Fruits_by_Color_92,A juicy lemon is...?,sfc_q5.webp,audio_sf5.mp3,1,YELLOW,RED,GREEN,,,1,,,,,,,
multiple_choice,PP1-MATH-X.92_Data_Sort_Fruits_by_Color_92,Sorting fruits by color puts same looking colors...?,sfc_q6.webp,audio_sf6.mp3,1,TOGETHER,APART,AWAY,,,1,,,,,,,
count_objects,PP1-MATH-X.92_Data_Sort_Fruits_by_Color_92,Count 3 red apples in the red bowl!,sfc_count1.webp,audio_sf7.mp3,1,3,2,4,,🍎,3,,,,,,,
count_objects,PP1-MATH-X.92_Data_Sort_Fruits_by_Color_92,Count 4 yellow bananas in the yellow basket!,sfc_count2.webp,audio_sf8.mp3,1,4,3,5,,🍌,4,,,,,,,
count_objects,PP1-MATH-X.92_Data_Sort_Fruits_by_Color_92,Count 2 green pears in the green crate!,sfc_count3.webp,audio_sf9.mp3,1,2,1,3,,🍐,2,,,,,,,
speak_repeat,PP1-MATH-X.92_Data_Sort_Fruits_by_Color_92,Say out loud clearly: SORTING FRUITS BY RED YELLOW AND GREEN!,speak_sf1.webp,audio_sf10.mp3,1,Sorting Fruits By Red Yellow And Green,,,,,,Sorting Fruits By Red Yellow And Green,,,,,,,
speak_repeat,PP1-MATH-X.92_Data_Sort_Fruits_by_Color_92,Say out loud clearly: GROUP SAME COLOR FRUITS TOGETHER!,speak_sf2.webp,audio_sf11.mp3,1,Group Same Color Fruits Together,,,,,,Group Same Color Fruits Together,,,,,,,
matching,PP1-MATH-X.92_Data_Sort_Fruits_by_Color_92,Match fruit to color!,,,1,,,,,,,,Apple 🍎,RED,Banana 🍌,YELLOW,Pear 🍐,GREEN
matching,PP1-MATH-X.92_Data_Sort_Fruits_by_Color_92,Match color groups!,,,1,,,,,,,,Red,RED,Yellow,YELLOW,Green,GREEN
multiple_choice,PP1-MATH-X.93_Skip_Counting_by_2s_Safari_93,Skip count by 2s: 2 4 6 8... what comes next?,s2s_q1.webp,audio_sc1.mp3,1,10,9,11,,,1,,,,,,,
multiple_choice,PP1-MATH-X.93_Skip_Counting_by_2s_Safari_93,Skip count by 2s: 10 12 14... what comes next?,s2s_q2.webp,audio_sc2.mp3,1,16,15,18,,,1,,,,,,,
multiple_choice,PP1-MATH-X.93_Skip_Counting_by_2s_Safari_93,Skip count by 2s: 14 16 18... what comes next up to 20?,s2s_q3.webp,audio_sc3.mp3,1,20,19,17,,,1,,,,,,,
multiple_choice,PP1-MATH-X.93_Skip_Counting_by_2s_Safari_93,What is the first number in 2s skip counting?,s2s_q4.webp,audio_sc4.mp3,1,2,1,0,,,1,,,,,,,
multiple_choice,PP1-MATH-X.93_Skip_Counting_by_2s_Safari_93,When skip counting by 2s, how many step forward each time?,s2s_q5.webp,audio_sc5.mp3,1,2,1,5,,,1,,,,,,,
multiple_choice,PP1-MATH-X.93_Skip_Counting_by_2s_Safari_93,Which number belongs in skip counting by 2s: 2 4 6...?,s2s_q6.webp,audio_sc6.mp3,1,8,3,5,,,1,,,,,,,
count_objects,PP1-MATH-X.93_Skip_Counting_by_2s_Safari_93,Count 10 safari zebras in pairs of 2!,s2s_count1.webp,audio_sc7.mp3,1,10,8,12,,🦓,10,,,,,,,
count_objects,PP1-MATH-X.93_Skip_Counting_by_2s_Safari_93,Count 16 safari lions in pairs of 2!,s2s_count2.webp,audio_sc8.mp3,1,16,14,18,,🦁,16,,,,,,,
count_objects,PP1-MATH-X.93_Skip_Counting_by_2s_Safari_93,Count 20 safari elephants in pairs of 2!,s2s_count3.webp,audio_sc9.mp3,1,20,18,19,,🐘,20,,,,,,,
speak_repeat,PP1-MATH-X.93_Skip_Counting_by_2s_Safari_93,Say out loud clearly: TWO FOUR SIX EIGHT TEN TWELVE FOURTEEN SIXTEEN EIGHTEEN TWENTY!,speak_sc1.webp,audio_sc10.mp3,1,Two Four Six Eight Ten Twelve Fourteen Sixteen Eighteen Twenty,,,,,,Two Four Six Eight Ten Twelve Fourteen Sixteen Eighteen Twenty,,,,,,,
speak_repeat,PP1-MATH-X.93_Skip_Counting_by_2s_Safari_93,Say out loud clearly: SKIP COUNTING BY TWOS ON SAFARI!,speak_sc2.webp,audio_sc11.mp3,1,Skip Counting By Twos On Safari,,,,,,Skip Counting By Twos On Safari,,,,,,,
matching,PP1-MATH-X.93_Skip_Counting_by_2s_Safari_93,Match 2s skip count steps!,,,1,,,,,,,,2 4,6,8 10,12,14 16,18
matching,PP1-MATH-X.93_Skip_Counting_by_2s_Safari_93,Match 2s sequence targets!,,,1,,,,,,,,18,20,6,8,10,12
multiple_choice,PP1-MATH-X.94_Money_Buying_Apple_at_Market_94,An apple costs 5 KES. Which coin pays for it?,bam_q1.webp,audio_bm1.mp3,1,5 KES,1 KES,20 KES,,,1,,,,,,,
multiple_choice,PP1-MATH-X.94_Money_Buying_Apple_at_Market_94,A banana costs 10 KES. Which coin pays for it?,bam_q2.webp,audio_bm2.mp3,1,10 KES,1 KES,5 KES,,,1,,,,,,,
multiple_choice,PP1-MATH-X.94_Money_Buying_Apple_at_Market_94,If you buy 1 apple for 5 KES and 1 orange for 5 KES, total cost?,bam_q3.webp,audio_bm3.mp3,1,10 KES,5 KES,20 KES,,,1,,,,,,,
multiple_choice,PP1-MATH-X.94_Money_Buying_Apple_at_Market_94,Which coin has value 20 in Kenya market?,bam_q4.webp,audio_bm4.mp3,1,20 KES,5 KES,1 KES,,,1,,,,,,,
multiple_choice,PP1-MATH-X.94_Money_Buying_Apple_at_Market_94,Where do shoppers use coins to buy fruit?,bam_q5.webp,audio_bm5.mp3,1,MARKET,PARK,BED,,,1,,,,,,,
multiple_choice,PP1-MATH-X.94_Money_Buying_Apple_at_Market_94,What is the currency symbol for Kenyan Shilling?,bam_q6.webp,audio_bm6.mp3,1,KES,USD,EUR,,,1,,,,,,,
count_objects,PP1-MATH-X.94_Money_Buying_Apple_at_Market_94,Count 5 red market apples to buy!,bam_count1.webp,audio_bm7.mp3,1,5,3,4,,🍎,5,,,,,,,
count_objects,PP1-MATH-X.94_Money_Buying_Apple_at_Market_94,Count 4 shiny shilling coins in purse!,bam_count2.webp,audio_bm8.mp3,1,4,2,5,,🪙,4,,,,,,,
count_objects,PP1-MATH-X.94_Money_Buying_Apple_at_Market_94,Count 3 yellow market bananas!,bam_count3.webp,audio_bm9.mp3,1,3,1,5,,🍌,3,,,,,,,
speak_repeat,PP1-MATH-X.94_Money_Buying_Apple_at_Market_94,Say out loud clearly: BUYING APPLES AT MARKET WITH SHILLINGS!,speak_bm1.webp,audio_bm10.mp3,1,Buying Apples At Market With Shillings,,,,,,Buying Apples At Market With Shillings,,,,,,,
speak_repeat,PP1-MATH-X.94_Money_Buying_Apple_at_Market_94,Say out loud clearly: FIVE KES FOR AN APPLE AT MARKET!,speak_bm2.webp,audio_bm11.mp3,1,Five KES For An Apple At Market,,,,,,Five KES For An Apple At Market,,,,,,,
matching,PP1-MATH-X.94_Money_Buying_Apple_at_Market_94,Match market fruit prices!,,,1,,,,,,,,Apple 🍎,5 KES,Banana 🍌,10 KES,Pineapple 🍍,20 KES
matching,PP1-MATH-X.94_Money_Buying_Apple_at_Market_94,Match shilling coin values!,,,1,,,,,,,,1,1 KES,5,5 KES,10,10 KES
multiple_choice,PP1-MATH-X.95_Word_Story_Addition_Sum_10_95,Sam has 3 apples. Pam gives him 2 more. How many total?,wsa_q1.webp,audio_ws1.mp3,1,5,3,2,,,1,,,,,,,
multiple_choice,PP1-MATH-X.95_Word_Story_Addition_Sum_10_95,4 birds on a branch. 4 more fly in. How many total?,wsa_q2.webp,audio_ws2.mp3,1,8,4,6,,,1,,,,,,,
multiple_choice,PP1-MATH-X.95_Word_Story_Addition_Sum_10_95,Leo has 6 toy cars. He gets 1 more. How many total?,wsa_q3.webp,audio_ws3.mp3,1,7,6,8,,,1,,,,,,,
multiple_choice,PP1-MATH-X.95_Word_Story_Addition_Sum_10_95,5 fish in pond. 3 more swim over. Total?,wsa_q4.webp,audio_ws4.mp3,1,8,5,7,,,1,,,,,,,
multiple_choice,PP1-MATH-X.95_Word_Story_Addition_Sum_10_95,2 cats on wall. 3 more join them. Total?,wsa_q5.webp,audio_ws5.mp3,1,5,2,4,,,1,,,,,,,
multiple_choice,PP1-MATH-X.95_Word_Story_Addition_Sum_10_95,7 stars shine. 3 more appear. Total?,wsa_q6.webp,audio_ws6.mp3,1,10,7,9,,,1,,,,,,,
count_objects,PP1-MATH-X.95_Word_Story_Addition_Sum_10_95,Count 5 story apples in Sam's basket!,wsa_count1.webp,audio_ws7.mp3,1,5,3,4,,🍎,5,,,,,,,
count_objects,PP1-MATH-X.95_Word_Story_Addition_Sum_10_95,Count 8 total story birds on tree!,wsa_count2.webp,audio_ws8.mp3,1,8,6,10,,🐦,8,,,,,,,
count_objects,PP1-MATH-X.95_Word_Story_Addition_Sum_10_95,Count 10 total shiny story stars!,wsa_count3.webp,audio_ws9.mp3,1,10,7,9,,⭐,10,,,,,,,
speak_repeat,PP1-MATH-X.95_Word_Story_Addition_Sum_10_95,Say out loud clearly: THREE PLUS TWO IS FIVE APPLES!,speak_ws1.webp,audio_ws10.mp3,1,Three Plus Two Is Five Apples,,,,,,Three Plus Two Is Five Apples,,,,,,,
speak_repeat,PP1-MATH-X.95_Word_Story_Addition_Sum_10_95,Say out loud clearly: WORD STORY ADDITION SUMS TO TEN!,speak_ws2.webp,audio_ws11.mp3,1,Word Story Addition Sums To Ten,,,,,,Word Story Addition Sums To Ten,,,,,,,
matching,PP1-MATH-X.95_Word_Story_Addition_Sum_10_95,Match story math problems!,,,1,,,,,,,,3+2,5,4+4,8,6+1,7
matching,PP1-MATH-X.95_Word_Story_Addition_Sum_10_95,Match story addition sums!,,,1,,,,,,,,5+3,8,2+3,5,7+3,10
multiple_choice,PP1-MATH-X.96_Dinosaur_Egg_Count_0_to_20_96,What number comes after 15 dino eggs?,dec_q1.webp,audio_de1.mp3,1,16,14,18,,,1,,,,,,,
multiple_choice,PP1-MATH-X.96_Dinosaur_Egg_Count_0_to_20_96,What number comes right before 20 dino eggs?,dec_q2.webp,audio_de2.mp3,1,19,18,17,,,1,,,,,,,
multiple_choice,PP1-MATH-X.96_Dinosaur_Egg_Count_0_to_20_96,How many eggs if the dino nest is empty?,dec_q3.webp,audio_de3.mp3,1,0,1,10,,,1,,,,,,,
multiple_choice,PP1-MATH-X.96_Dinosaur_Egg_Count_0_to_20_96,Count dino eggs: 17 18... what comes next?,dec_q4.webp,audio_de4.mp3,1,19,20,16,,,1,,,,,,,
multiple_choice,PP1-MATH-X.96_Dinosaur_Egg_Count_0_to_20_96,Which is the biggest count of dino eggs: 5 12 or 20?,dec_q5.webp,audio_de5.mp3,1,20,12,5,,,1,,,,,,,
multiple_choice,PP1-MATH-X.96_Dinosaur_Egg_Count_0_to_20_96,What number comes between 11 and 13 eggs?,dec_q6.webp,audio_de6.mp3,1,12,10,14,,,1,,,,,,,
count_objects,PP1-MATH-X.96_Dinosaur_Egg_Count_0_to_20_96,Count 16 dino eggs in the safari nest!,dec_count1.webp,audio_de7.mp3,1,16,14,17,,🥚,16,,,,,,,
count_objects,PP1-MATH-X.96_Dinosaur_Egg_Count_0_to_20_96,Count 18 spotted dino eggs!,dec_count2.webp,audio_de8.mp3,1,18,15,20,,🥚,18,,,,,,,
count_objects,PP1-MATH-X.96_Dinosaur_Egg_Count_0_to_20_96,Count 20 golden dino eggs in the nest!,dec_count3.webp,audio_de9.mp3,1,20,18,19,,🥚,20,,,,,,,
speak_repeat,PP1-MATH-X.96_Dinosaur_Egg_Count_0_to_20_96,Say out loud clearly: DINOSAUR EGG COUNTING ZERO TO TWENTY!,speak_de1.webp,audio_de10.mp3,1,Dinosaur Egg Counting Zero To Twenty,,,,,,Dinosaur Egg Counting Zero To Twenty,,,,,,,
speak_repeat,PP1-MATH-X.96_Dinosaur_Egg_Count_0_to_20_96,Say out loud clearly: EIGHTEEN NINETEEN TWENTY DINO EGGS!,speak_de2.webp,audio_de11.mp3,1,Eighteen Nineteen Twenty Dino Eggs,,,,,,Eighteen Nineteen Twenty Dino Eggs,,,,,,,
matching,PP1-MATH-X.96_Dinosaur_Egg_Count_0_to_20_96,Match dino egg counts!,,,1,,,,,,,,16,16,18,18,20,20
matching,PP1-MATH-X.96_Dinosaur_Egg_Count_0_to_20_96,Match egg nest numbers!,,,1,,,,,,,,0,0,10,10,12,12
multiple_choice,PP1-MATH-X.97_Pirate_Treasure_Addition_Sum_10_97,4 gold coins plus 3 gold coins equals how many?,pta_q1.webp,audio_pt1.mp3,1,7,4,6,,,1,,,,,,,
multiple_choice,PP1-MATH-X.97_Pirate_Treasure_Addition_Sum_10_97,5 silver coins plus 5 silver coins equals...?,pta_q2.webp,audio_pt2.mp3,1,10,8,9,,,1,,,,,,,
multiple_choice,PP1-MATH-X.97_Pirate_Treasure_Addition_Sum_10_97,2 coins in chest plus 6 coins in bag equals...?,pta_q3.webp,audio_pt3.mp3,1,8,6,7,,,1,,,,,,,
multiple_choice,PP1-MATH-X.97_Pirate_Treasure_Addition_Sum_10_97,1 coin plus 8 coins equals...?,pta_q4.webp,audio_pt4.mp3,1,9,7,10,,,1,,,,,,,
multiple_choice,PP1-MATH-X.97_Pirate_Treasure_Addition_Sum_10_97,3 coins plus 3 coins equals...?,pta_q5.webp,audio_pt5.mp3,1,6,3,5,,,1,,,,,,,
multiple_choice,PP1-MATH-X.97_Pirate_Treasure_Addition_Sum_10_97,7 coins plus 2 coins equals...?,pta_q6.webp,audio_pt6.mp3,1,9,7,8,,,1,,,,,,,
count_objects,PP1-MATH-X.97_Pirate_Treasure_Addition_Sum_10_97,Count 7 total gold coins collected!,pta_count1.webp,audio_pt7.mp3,1,7,5,8,,🪙,7,,,,,,,
count_objects,PP1-MATH-X.97_Pirate_Treasure_Addition_Sum_10_97,Count 10 total treasure coins in chest!,pta_count2.webp,audio_pt8.mp3,1,10,8,9,,🏴‍☠️,10,,,,,,,
count_objects,PP1-MATH-X.97_Pirate_Treasure_Addition_Sum_10_97,Count 8 total ruby gems found!,pta_count3.webp,audio_pt9.mp3,1,8,6,9,,💎,8,,,,,,,
speak_repeat,PP1-MATH-X.97_Pirate_Treasure_Addition_Sum_10_97,Say out loud clearly: FOUR COINS PLUS THREE COINS EQUALS SEVEN!,speak_pt1.webp,audio_pt10.mp3,1,Four Coins Plus Three Coins Equals Seven,,,,,,Four Coins Plus Three Coins Equals Seven,,,,,,,
speak_repeat,PP1-MATH-X.97_Pirate_Treasure_Addition_Sum_10_97,Say out loud clearly: FIVE PLUS FIVE EQUALS TEN TREASURE COINS!,speak_pt2.webp,audio_pt11.mp3,1,Five Plus Five Equals Ten Treasure Coins,,,,,,Five Plus Five Equals Ten Treasure Coins,,,,,,,
matching,PP1-MATH-X.97_Pirate_Treasure_Addition_Sum_10_97,Match pirate additions!,,,1,,,,,,,,4+3,7,5+5,10,2+6,8
matching,PP1-MATH-X.97_Pirate_Treasure_Addition_Sum_10_97,Match treasure sums!,,,1,,,,,,,,1+8,9,3+3,6,7+2,9
multiple_choice,PP1-MATH-X.98_Space_Rocket_Countdown_20_to_0_98,Countdown from 20: 20 19 18... what comes next?,src9_q1.webp,audio_sr1.mp3,1,17,16,19,,,1,,,,,,,
multiple_choice,PP1-MATH-X.98_Space_Rocket_Countdown_20_to_0_98,Counting backward: 10 9 8... what comes next?,src9_q2.webp,audio_sr2.mp3,1,7,6,10,,,1,,,,,,,
multiple_choice,PP1-MATH-X.98_Space_Rocket_Countdown_20_to_0_98,Counting backward: 3 2 1... what is blastoff number?,src9_q3.webp,audio_sr3.mp3,1,0,4,5,,,1,,,,,,,
multiple_choice,PP1-MATH-X.98_Space_Rocket_Countdown_20_to_0_98,What number comes right before 15 when counting down?,src9_q4.webp,audio_sr4.mp3,1,14,16,13,,,1,,,,,,,
multiple_choice,PP1-MATH-X.98_Space_Rocket_Countdown_20_to_0_98,What number comes right before 5 when counting down?,src9_q5.webp,audio_sr5.mp3,1,4,6,3,,,1,,,,,,,
multiple_choice,PP1-MATH-X.98_Space_Rocket_Countdown_20_to_0_98,Space rocket countdown starts from...?,src9_q6.webp,audio_sr6.mp3,1,20,1,0,,,1,,,,,,,
count_objects,PP1-MATH-X.98_Space_Rocket_Countdown_20_to_0_98,Count 20 countdown star markers in space!,src9_count1.webp,audio_sr7.mp3,1,20,18,19,,⭐,20,,,,,,,
count_objects,PP1-MATH-X.98_Space_Rocket_Countdown_20_to_0_98,Count 10 space rockets ready for launch!,src9_count2.webp,audio_sr8.mp3,1,10,8,12,,🚀,10,,,,,,,
count_objects,PP1-MATH-X.98_Space_Rocket_Countdown_20_to_0_98,Count 5 glowing moons in the sky!,src9_count3.webp,audio_sr9.mp3,1,5,3,4,,🌙,5,,,,,,,
speak_repeat,PP1-MATH-X.98_Space_Rocket_Countdown_20_to_0_98,Say out loud clearly: TWENTY NINETEEN EIGHTEEN SEVENTEEN BLASTOFF!,speak_sr1.webp,audio_sr10.mp3,1,Twenty Nineteen Eighteen Seventeen Blastoff,,,,,,Twenty Nineteen Eighteen Seventeen Blastoff,,,,,,,
speak_repeat,PP1-MATH-X.98_Space_Rocket_Countdown_20_to_0_98,Say out loud clearly: THREE TWO ONE ZERO BLASTOFF!,speak_sr2.webp,audio_sr11.mp3,1,Three Two One Zero Blastoff,,,,,,Three Two One Zero Blastoff,,,,,,,
matching,PP1-MATH-X.98_Space_Rocket_Countdown_20_to_0_98,Match countdown backward steps!,,,1,,,,,,,,20,19,15,14,5,4
matching,PP1-MATH-X.98_Space_Rocket_Countdown_20_to_0_98,Match blastoff targets!,,,1,,,,,,,,3,2,1,0,10,9
multiple_choice,PP1-MATH-X.99_Circus_Clown_3D_Shape_Juggle_99,Clown juggles a round ball. What 3D shape is it?,csj_q1.webp,audio_cj1.mp3,1,SPHERE,CUBE,CONE,,,1,,,,,,,
multiple_choice,PP1-MATH-X.99_Circus_Clown_3D_Shape_Juggle_99,Clown juggles a square box. What 3D shape is it?,csj_q2.webp,audio_cj2.mp3,1,CUBE,SPHERE,CYLINDER,,,1,,,,,,,
multiple_choice,PP1-MATH-X.99_Circus_Clown_3D_Shape_Juggle_99,Clown party hat is shaped like a...?,csj_q3.webp,audio_cj3.mp3,1,CONE,CYLINDER,CUBE,,,1,,,,,,,
multiple_choice,PP1-MATH-X.99_Circus_Clown_3D_Shape_Juggle_99,Clown juggling tin can is shaped like a...?,csj_q4.webp,audio_cj4.mp3,1,CYLINDER,SPHERE,CONE,,,1,,,,,,,
multiple_choice,PP1-MATH-X.99_Circus_Clown_3D_Shape_Juggle_99,Which 3D shape has 6 flat square faces at circus?,csj_q5.webp,audio_cj5.mp3,1,CUBE,CONE,SPHERE,,,1,,,,,,,
multiple_choice,PP1-MATH-X.99_Circus_Clown_3D_Shape_Juggle_99,Which 3D shape rolls easily across circus ring?,csj_q6.webp,audio_cj6.mp3,1,SPHERE,CUBE,BOX,,,1,,,,,,,
count_objects,PP1-MATH-X.99_Circus_Clown_3D_Shape_Juggle_99,Count 4 sphere juggling balls!,csj_count1.webp,audio_cj7.mp3,1,4,2,5,,🤹,4,,,,,,,
count_objects,PP1-MATH-X.99_Circus_Clown_3D_Shape_Juggle_99,Count 3 cube juggling boxes!,csj_count2.webp,audio_cj8.mp3,1,3,1,4,,📦,3,,,,,,,
count_objects,PP1-MATH-X.99_Circus_Clown_3D_Shape_Juggle_99,Count 2 cylinder cans!,csj_count3.webp,audio_cj9.mp3,1,2,1,3,,🥫,2,,,,,,,
speak_repeat,PP1-MATH-X.99_Circus_Clown_3D_Shape_Juggle_99,Say out loud clearly: CIRCUS CLOWN 3D SHAPE JUGGLING!,speak_cj1.webp,audio_cj10.mp3,1,Circus Clown 3D Shape Juggling,,,,,,Circus Clown 3D Shape Juggling,,,,,,,
speak_repeat,PP1-MATH-X.99_Circus_Clown_3D_Shape_Juggle_99,Say out loud clearly: SPHERE CUBE CONE AND CYLINDER IN THE CIRCUS!,speak_cj2.webp,audio_cj11.mp3,1,Sphere Cube Cone And Cylinder In The Circus,,,,,,Sphere Cube Cone And Cylinder In The Circus,,,,,,,
matching,PP1-MATH-X.99_Circus_Clown_3D_Shape_Juggle_99,Match clown items to shapes!,,,1,,,,,,,,Ball 🤹,SPHERE,Box 📦,CUBE,Can 🥫,CYLINDER
matching,PP1-MATH-X.99_Circus_Clown_3D_Shape_Juggle_99,Match circus 3D shapes!,,,1,,,,,,,,Cone 🎉,CONE,Sphere 🤹,SPHERE,Cube 📦,CUBE
multiple_choice,PP1-MATH-X.100_PP1_Math_Century_Master_100,What number comes after 19 at the 100 milestone?,cm1_q1.webp,audio_c1.mp3,1,20,18,15,,,1,,,,,,,
multiple_choice,PP1-MATH-X.100_PP1_Math_Century_Master_100,What is 5 plus 5?,cm1_q2.webp,audio_c2.mp3,1,10,5,8,,,1,,,,,,,
multiple_choice,PP1-MATH-X.100_PP1_Math_Century_Master_100,Which 3D shape is round like a ball?,cm1_q3.webp,audio_c3.mp3,1,SPHERE,CUBE,CONE,,,1,,,,,,,
multiple_choice,PP1-MATH-X.100_PP1_Math_Century_Master_100,Which pattern rule is Red Yellow Blue Red Yellow Blue?,cm1_q4.webp,audio_c4.mp3,1,ABC,AABB,AB,,,1,,,,,,,
multiple_choice,PP1-MATH-X.100_PP1_Math_Century_Master_100,An elephant is heavy and a feather is...?,cm1_q5.webp,audio_c5.mp3,1,LIGHT,HEAVY,FULL,,,1,,,,,,,
multiple_choice,PP1-MATH-X.100_PP1_Math_Century_Master_100,What coin has value 10 in Kenya?,cm1_q6.webp,audio_c6.mp3,1,10 KES,1 KES,5 KES,,,1,,,,,,,
count_objects,PP1-MATH-X.100_PP1_Math_Century_Master_100,Count 20 century master star trophies!,cm1_count1.webp,audio_c7.mp3,1,20,18,19,,🏆,20,,,,,,,
count_objects,PP1-MATH-X.100_PP1_Math_Century_Master_100,Count 15 century master medals!,cm1_count2.webp,audio_c8.mp3,1,15,12,18,,🥇,15,,,,,,,
count_objects,PP1-MATH-X.100_PP1_Math_Century_Master_100,Count 10 century master crowns!,cm1_count3.webp,audio_c9.mp3,1,10,8,12,,👑,10,,,,,,,
speak_repeat,PP1-MATH-X.100_PP1_Math_Century_Master_100,Say out loud clearly: I AM A PP1 MATH CENTURY MASTER!,speak_c1.webp,audio_c10.mp3,1,I Am A PP1 Math Century Master,,,,,,I Am A PP1 Math Century Master,,,,,,,
speak_repeat,PP1-MATH-X.100_PP1_Math_Century_Master_100,Say out loud clearly: ONE HUNDRED MISSIONS OF PP1 MATH SUCCESS!,speak_c2.webp,audio_c11.mp3,1,One Hundred Missions Of PP1 Math Success,,,,,,One Hundred Missions Of PP1 Math Success,,,,,,,
matching,PP1-MATH-X.100_PP1_Math_Century_Master_100,Match century math domains!,,,1,,,,,,,,Numbers,20,Shapes,SPHERE,Money,10 KES
matching,PP1-MATH-X.100_PP1_Math_Century_Master_100,Match century master symbols!,,,1,,,,,,,,Trophy 🏆,MASTER,Medal 🥇,WINNER,Crown 👑,CENTURY



question_type,lesson_title,prompt,prompt_image,prompt_audio,correct_answer,option_1,option_2,option_3,option_4,count_emoji_or_image,target_count,target_word,pair_1_left,pair_1_right,pair_2_left,pair_2_right,pair_3_left,pair_3_right
multiple_choice,PP1-MATH-X.81_Underwater_3D_Shape_Reef_81,Which underwater shape looks like a round pearl or ball?,u3d_q1.webp,audio_u1.mp3,1,SPHERE,CUBE,CONE,,,1,,,,,,,
multiple_choice,PP1-MATH-X.81_Underwater_3D_Shape_Reef_81,Which ocean treasure chest is shaped like a square box?,u3d_q2.webp,audio_u2.mp3,1,CUBE,SPHERE,CYLINDER,,,1,,,,,,,
multiple_choice,PP1-MATH-X.81_Underwater_3D_Shape_Reef_81,Which sea shell looks like a pointy party hat?,u3d_q3.webp,audio_u3.mp3,1,CONE,CYLINDER,CUBE,,,1,,,,,,,
multiple_choice,PP1-MATH-X.81_Underwater_3D_Shape_Reef_81,Which coral reef log looks like a can?,u3d_q4.webp,audio_u4.mp3,1,CYLINDER,SPHERE,CONE,,,1,,,,,,,
multiple_choice,PP1-MATH-X.81_Underwater_3D_Shape_Reef_81,Which shape rolls smoothly on the ocean floor?,u3d_q5.webp,audio_u5.mp3,1,SPHERE,CUBE,BOX,,,1,,,,,,,
multiple_choice,PP1-MATH-X.81_Underwater_3D_Shape_Reef_81,Which shape has 6 flat square sides in the reef?,u3d_q6.webp,audio_u6.mp3,1,CUBE,CONE,SPHERE,,,1,,,,,,,
count_objects,PP1-MATH-X.81_Underwater_3D_Shape_Reef_81,Count 4 sphere pearls on the ocean floor!,u3d_count1.webp,audio_u7.mp3,1,4,2,5,,🔮,4,,,,,,,
count_objects,PP1-MATH-X.81_Underwater_3D_Shape_Reef_81,Count 3 cube treasure chests underwater!,u3d_count2.webp,audio_u8.mp3,1,3,1,4,,📦,3,,,,,,,
count_objects,PP1-MATH-X.81_Underwater_3D_Shape_Reef_81,Count 2 cylinder coral logs!,u3d_count3.webp,audio_u9.mp3,1,2,1,3,,🪵,2,,,,,,,
speak_repeat,PP1-MATH-X.81_Underwater_3D_Shape_Reef_81,Say out loud clearly: UNDERWATER 3D SHAPES SPHERE CUBE CONE CYLINDER!,speak_u1.webp,audio_u10.mp3,1,Underwater 3D Shapes Sphere Cube Cone Cylinder,,,,,,Underwater 3D Shapes Sphere Cube Cone Cylinder,,,,,,,
speak_repeat,PP1-MATH-X.81_Underwater_3D_Shape_Reef_81,Say out loud clearly: PEARLS ARE SPHERES AND CHESTS ARE CUBES!,speak_u2.webp,audio_u11.mp3,1,Pearls Are Spheres And Chests Are Cubes,,,,,,Pearls Are Spheres And Chests Are Cubes,,,,,,,
matching,PP1-MATH-X.81_Underwater_3D_Shape_Reef_81,Match ocean items to 3D shapes!,,,1,,,,,,,,Pearl 🔮,SPHERE,Chest 📦,CUBE,Log 🪵,CYLINDER
matching,PP1-MATH-X.81_Underwater_3D_Shape_Reef_81,Match reef shapes!,,,1,,,,,,,,Cone 🐚,CONE,Sphere 🔮,SPHERE,Cube 📦,CUBE
multiple_choice,PP1-MATH-X.82_Underwater_Capacity_Challenge_82,A clam shell filled completely with sea water is...?,ucap_q1.webp,audio_uc1.mp3,1,FULL,HALF,EMPTY,,,1,,,,,,,
multiple_choice,PP1-MATH-X.82_Underwater_Capacity_Challenge_82,A cup with no water inside is...?,ucap_q2.webp,audio_uc2.mp3,1,EMPTY,FULL,HALF,,,1,,,,,,,
multiple_choice,PP1-MATH-X.82_Underwater_Capacity_Challenge_82,A jar filled right to the middle is...?,ucap_q3.webp,audio_uc3.mp3,1,HALF,FULL,EMPTY,,,1,,,,,,,
multiple_choice,PP1-MATH-X.82_Underwater_Capacity_Challenge_82,Which bucket holds the MOST water?,ucap_q4.webp,audio_uc4.mp3,1,FULL,EMPTY,HALF,,,1,,,,,,,
multiple_choice,PP1-MATH-X.82_Underwater_Capacity_Challenge_82,Which jar has zero bubbles inside?,ucap_q5.webp,audio_uc5.mp3,1,EMPTY,FULL,HALF,,,1,,,,,,,
multiple_choice,PP1-MATH-X.82_Underwater_Capacity_Challenge_82,Capacity tells us how much a container can...?,ucap_q6.webp,audio_uc6.mp3,1,HOLD,ROLL,FLY,,,1,,,,,,,
count_objects,PP1-MATH-X.82_Underwater_Capacity_Challenge_82,Count 3 full water jars underwater!,ucap_count1.webp,audio_uc7.mp3,1,3,1,4,,🫙,3,,,,,,,
count_objects,PP1-MATH-X.82_Underwater_Capacity_Challenge_82,Count 2 empty buckets on the sand!,ucap_count2.webp,audio_uc8.mp3,1,2,1,3,,🪣,2,,,,,,,
count_objects,PP1-MATH-X.82_Underwater_Capacity_Challenge_82,Count 4 half-full cups!,ucap_count3.webp,audio_uc9.mp3,1,4,2,5,,🥛,4,,,,,,,
speak_repeat,PP1-MATH-X.82_Underwater_Capacity_Challenge_82,Say out loud clearly: CAPACITY MEANS FULL HALF OR EMPTY!,speak_uc1.webp,audio_uc10.mp3,1,Capacity Means Full Half Or Empty,,,,,,Capacity Means Full Half Or Empty,,,,,,,
speak_repeat,PP1-MATH-X.82_Underwater_Capacity_Challenge_82,Say out loud clearly: FULL JAR AND EMPTY BUCKET!,speak_uc2.webp,audio_uc11.mp3,1,Full Jar And Empty Bucket,,,,,,Full Jar And Empty Bucket,,,,,,,
matching,PP1-MATH-X.82_Underwater_Capacity_Challenge_82,Match capacity states!,,,1,,,,,,,,Top 🫙,FULL,Middle 🥛,HALF,Zero 🪣,EMPTY
matching,PP1-MATH-X.82_Underwater_Capacity_Challenge_82,Match capacity terms!,,,1,,,,,,,,Full,FULL,Half,HALF,Empty,EMPTY
multiple_choice,PP1-MATH-X.83_Safari_Animal_Pictograph_83,The chart shows 5 lions and 2 zebras. How many lions?,sap_q1.webp,audio_sa1.mp3,1,5,2,7,,,1,,,,,,,
multiple_choice,PP1-MATH-X.83_Safari_Animal_Pictograph_83,The chart shows 5 lions and 2 zebras. How many zebras?,sap_q2.webp,audio_sa2.mp3,1,2,5,7,,,1,,,,,,,
multiple_choice,PP1-MATH-X.83_Safari_Animal_Pictograph_83,Chart shows 5 lions and 2 zebras. Which animal has MORE?,sap_q3.webp,audio_sa3.mp3,1,LIONS,ZEBRAS,EQUAL,,,1,,,,,,,
multiple_choice,PP1-MATH-X.83_Safari_Animal_Pictograph_83,Chart shows 5 lions and 2 zebras. Which animal has FEWER?,sap_q4.webp,audio_sa4.mp3,1,ZEBRAS,LIONS,EQUAL,,,1,,,,,,,
multiple_choice,PP1-MATH-X.83_Safari_Animal_Pictograph_83,Chart shows 4 giraffes and 4 giraffes. The counts are...?,sap_q5.webp,audio_sa5.mp3,1,EQUAL,MORE,FEWER,,,1,,,,,,,
multiple_choice,PP1-MATH-X.83_Safari_Animal_Pictograph_83,In a pictograph chart, animal pictures stand for real...?,sap_q6.webp,audio_sa6.mp3,1,ANIMALS,TREES,ROADS,,,1,,,,,,,
count_objects,PP1-MATH-X.83_Safari_Animal_Pictograph_83,Count 5 lion icons on the safari graph!,sap_count1.webp,audio_sa7.mp3,1,5,3,4,,🦁,5,,,,,,,
count_objects,PP1-MATH-X.83_Safari_Animal_Pictograph_83,Count 2 zebra icons on the chart!,sap_count2.webp,audio_sa8.mp3,1,2,1,4,,🦓,2,,,,,,,
count_objects,PP1-MATH-X.83_Safari_Animal_Pictograph_83,Count 4 giraffe icons on the board!,sap_count3.webp,audio_sa9.mp3,1,4,2,5,,🦒,4,,,,,,,
speak_repeat,PP1-MATH-X.83_Safari_Animal_Pictograph_83,Say out loud clearly: SAFARI ANIMAL PICTOGRAPH COUNT AND COMPARE!,speak_sa1.webp,audio_sa10.mp3,1,Safari Animal Pictograph Count And Compare,,,,,,Safari Animal Pictograph Count And Compare,,,,,,,
speak_repeat,PP1-MATH-X.83_Safari_Animal_Pictograph_83,Say out loud clearly: FIVE LIONS IS MORE THAN TWO ZEBRAS!,speak_sa2.webp,audio_sa11.mp3,1,Five Lions Is More Than Two Zebras,,,,,,Five Lions Is More Than Two Zebras,,,,,,,
matching,PP1-MATH-X.83_Safari_Animal_Pictograph_83,Match safari chart counts!,,,1,,,,,,,,Lions 🦁,5,Zebras 🦓,2,Giraffes 🦒,4
matching,PP1-MATH-X.83_Safari_Animal_Pictograph_83,Match chart terms!,,,1,,,,,,,,5 lions,MORE,2 zebras,FEWER,4 vs 4,EQUAL
multiple_choice,PP1-MATH-X.84_Safari_Addition_Story_84,Leo sees 3 elephants. 2 more elephants arrive. How many total?,sas_q1.webp,audio_st1.mp3,1,5,3,2,,,1,,,,,,,
multiple_choice,PP1-MATH-X.84_Safari_Addition_Story_84,4 giraffes by the tree. 4 more walk over. How many now?,sas_q2.webp,audio_st2.mp3,1,8,4,6,,,1,,,,,,,
multiple_choice,PP1-MATH-X.84_Safari_Addition_Story_84,5 zebras resting. 3 zebras join them. Total?,sas_q3.webp,audio_st3.mp3,1,8,5,7,,,1,,,,,,,
multiple_choice,PP1-MATH-X.84_Safari_Addition_Story_84,6 lions on a hill. 1 more walks up. How many total?,sas_q4.webp,audio_st4.mp3,1,7,6,8,,,1,,,,,,,
multiple_choice,PP1-MATH-X.84_Safari_Addition_Story_84,2 rhinos drink water. 3 more come to drink. Total?,sas_q5.webp,audio_st5.mp3,1,5,2,4,,,1,,,,,,,
multiple_choice,PP1-MATH-X.84_Safari_Addition_Story_84,7 birds in sky. 3 more fly in. How many total?,sas_q6.webp,audio_st6.mp3,1,10,7,9,,,1,,,,,,,
count_objects,PP1-MATH-X.84_Safari_Addition_Story_84,Count 5 total story elephants!,sas_count1.webp,audio_st7.mp3,1,5,3,4,,🐘,5,,,,,,,
count_objects,PP1-MATH-X.84_Safari_Addition_Story_84,Count 8 total story giraffes!,sas_count2.webp,audio_st8.mp3,1,8,6,10,,🦒,8,,,,,,,
count_objects,PP1-MATH-X.84_Safari_Addition_Story_84,Count 10 total story birds in the sky!,sas_count3.webp,audio_st9.mp3,1,10,7,9,,🕊️,10,,,,,,,
speak_repeat,PP1-MATH-X.84_Safari_Addition_Story_84,Say out loud clearly: THREE PLUS TWO EQUALS FIVE ELEPHANTS!,speak_st1.webp,audio_st10.mp3,1,Three Plus Two Equals Five Elephants,,,,,,Three Plus Two Equals Five Elephants,,,,,,,
speak_repeat,PP1-MATH-X.84_Safari_Addition_Story_84,Say out loud clearly: SAFARI ANIMAL STORY ADDITION UP TO TEN!,speak_st2.webp,audio_st11.mp3,1,Safari Animal Story Addition Up To Ten,,,,,,Safari Animal Story Addition Up To Ten,,,,,,,
matching,PP1-MATH-X.84_Safari_Addition_Story_84,Match safari story math!,,,1,,,,,,,,3+2,5,4+4,8,5+3,8
matching,PP1-MATH-X.84_Safari_Addition_Story_84,Match story addition sums!,,,1,,,,,,,,6+1,7,2+3,5,7+3,10
multiple_choice,PP1-MATH-X.85_Kenyan_Shilling_Shopping_Spree_85,You buy a banana for 10 KES. Which coin pays for it?,kss_q1.webp,audio_ks1.mp3,1,10 KES,1 KES,5 KES,,,1,,,,,,,
multiple_choice,PP1-MATH-X.85_Kenyan_Shilling_Shopping_Spree_85,You buy an apple for 5 KES. Which coin pays for it?,kss_q2.webp,audio_ks2.mp3,1,5 KES,1 KES,20 KES,,,1,,,,,,,
multiple_choice,PP1-MATH-X.85_Kenyan_Shilling_Shopping_Spree_85,What is the highest value coin in Kenya up to 20?,kss_q3.webp,audio_ks3.mp3,1,20 KES,10 KES,5 KES,,,1,,,,,,,
multiple_choice,PP1-MATH-X.85_Kenyan_Shilling_Shopping_Spree_85,You buy 1 orange for 5 KES and 1 snack for 5 KES. Total cost?,kss_q4.webp,audio_ks4.mp3,1,10 KES,5 KES,20 KES,,,1,,,,,,,
multiple_choice,PP1-MATH-X.85_Kenyan_Shilling_Shopping_Spree_85,Where do we go for a shopping spree with coins?,kss_q5.webp,audio_ks5.mp3,1,MARKET,PARK,BED,,,1,,,,,,,
multiple_choice,PP1-MATH-X.85_Kenyan_Shilling_Shopping_Spree_85,What currency is printed on Kenyan coins?,kss_q6.webp,audio_ks6.mp3,1,KES,USD,EUR,,,1,,,,,,,
count_objects,PP1-MATH-X.85_Kenyan_Shilling_Shopping_Spree_85,Count 5 shiny shilling coins in the purse!,kss_count1.webp,audio_ks7.mp3,1,5,3,4,,🪙,5,,,,,,,
count_objects,PP1-MATH-X.85_Kenyan_Shilling_Shopping_Spree_85,Count 4 shopping spree apples!,kss_count2.webp,audio_ks8.mp3,1,4,2,5,,🍎,4,,,,,,,
count_objects,PP1-MATH-X.85_Kenyan_Shilling_Shopping_Spree_85,Count 3 yellow shopping bananas!,kss_count3.webp,audio_ks9.mp3,1,3,1,4,,🍌,3,,,,,,,
speak_repeat,PP1-MATH-X.85_Kenyan_Shilling_Shopping_Spree_85,Say out loud clearly: KENYAN SHILLING SHOPPING SPREE WITH COINS!,speak_ks1.webp,audio_ks10.mp3,1,Kenyan Shilling Shopping Spree With Coins,,,,,,Kenyan Shilling Shopping Spree With Coins,,,,,,,
speak_repeat,PP1-MATH-X.85_Kenyan_Shilling_Shopping_Spree_85,Say out loud clearly: FIVE KES PLUS FIVE KES EQUALS TEN KES!,speak_ks2.webp,audio_ks11.mp3,1,Five KES Plus Five KES Equals Ten KES,,,,,,Five KES Plus Five KES Equals Ten KES,,,,,,,
matching,PP1-MATH-X.85_Kenyan_Shilling_Shopping_Spree_85,Match shopping item prices!,,,1,,,,,,,,Apple 🍎,5 KES,Banana 🍌,10 KES,Snack 🥪,20 KES
matching,PP1-MATH-X.85_Kenyan_Shilling_Shopping_Spree_85,Match shilling values!,,,1,,,,,,,,1,1 KES,5,5 KES,10,10 KES
multiple_choice,PP1-MATH-X.86_Number_Recognition_0_to_20_Hunt_86,Find the number 17 on the hunt track!,nrh_q1.webp,audio_nr1.mp3,1,17,15,12,,,1,,,,,,,
multiple_choice,PP1-MATH-X.86_Number_Recognition_0_to_20_Hunt_86,What number comes right after 19?,nrh_q2.webp,audio_nr2.mp3,1,20,18,17,,,1,,,,,,,
multiple_choice,PP1-MATH-X.86_Number_Recognition_0_to_20_Hunt_86,Which number represents an empty set?,nrh_q3.webp,audio_nr3.mp3,1,0,10,20,,,1,,,,,,,
multiple_choice,PP1-MATH-X.86_Number_Recognition_0_to_20_Hunt_86,What number comes between 13 and 15?,nrh_q4.webp,audio_nr4.mp3,1,14,12,16,,,1,,,,,,,
multiple_choice,PP1-MATH-X.86_Number_Recognition_0_to_20_Hunt_86,What number comes right before 10?,nrh_q5.webp,audio_nr5.mp3,1,9,11,8,,,1,,,,,,,
multiple_choice,PP1-MATH-X.86_Number_Recognition_0_to_20_Hunt_86,Find the number 12 on the clue board!,nrh_q6.webp,audio_nr6.mp3,1,12,10,14,,,1,,,,,,,
count_objects,PP1-MATH-X.86_Number_Recognition_0_to_20_Hunt_86,Count 15 number badges found on the hunt!,nrh_count1.webp,audio_nr7.mp3,1,15,12,18,,🥇,15,,,,,,,
count_objects,PP1-MATH-X.86_Number_Recognition_0_to_20_Hunt_86,Count 20 golden star tokens!,nrh_count2.webp,audio_nr8.mp3,1,20,18,19,,⭐,20,,,,,,,
count_objects,PP1-MATH-X.86_Number_Recognition_0_to_20_Hunt_86,Count 10 clue markers on the path!,nrh_count3.webp,audio_nr9.mp3,1,10,8,12,,📍,10,,,,,,,
speak_repeat,PP1-MATH-X.86_Number_Recognition_0_to_20_Hunt_86,Say out loud clearly: NUMBER RECOGNITION HUNT ZERO TO TWENTY!,speak_nr1.webp,audio_nr10.mp3,1,Number Recognition Hunt Zero To Twenty,,,,,,Number Recognition Hunt Zero To Twenty,,,,,,,
speak_repeat,PP1-MATH-X.86_Number_Recognition_0_to_20_Hunt_86,Say out loud clearly: I CAN FIND ALL NUMBERS UP TO TWENTY!,speak_nr2.webp,audio_nr11.mp3,1,I Can Find All Numbers Up To Twenty,,,,,,I Can Find All Numbers Up To Twenty,,,,,,,
matching,PP1-MATH-X.86_Number_Recognition_0_to_20_Hunt_86,Match number hunt digits!,,,1,,,,,,,,17,17,19,19,20,20
matching,PP1-MATH-X.86_Number_Recognition_0_to_20_Hunt_86,Match hunt targets!,,,1,,,,,,,,0,0,10,10,14,14
multiple_choice,PP1-MATH-X.87_Adding_2_More_Safari_Quest_87,You have 3 lions and get 2 more lions. How many now?,a2s_q1.webp,audio_aq1.mp3,1,5,3,4,,,1,,,,,,,
multiple_choice,PP1-MATH-X.87_Adding_2_More_Safari_Quest_87,What is 6 zebras plus 2 more zebras?,a2s_q2.webp,audio_aq2.mp3,1,8,6,7,,,1,,,,,,,
multiple_choice,PP1-MATH-X.87_Adding_2_More_Safari_Quest_87,You have 4 giraffes and 2 more join. How many total?,a2s_q3.webp,audio_aq3.mp3,1,6,4,5,,,1,,,,,,,
multiple_choice,PP1-MATH-X.87_Adding_2_More_Safari_Quest_87,What is 1 rhino plus 2 more rhinos?,a2s_q4.webp,audio_aq4.mp3,1,3,1,4,,,1,,,,,,,
multiple_choice,PP1-MATH-X.87_Adding_2_More_Safari_Quest_87,What is 5 hippos plus 2 more hippos?,a2s_q5.webp,audio_aq5.mp3,1,7,5,8,,,1,,,,,,,
multiple_choice,PP1-MATH-X.87_Adding_2_More_Safari_Quest_87,You have 0 monkeys and get 2 more. How many now?,a2s_q6.webp,audio_aq6.mp3,1,2,0,3,,,1,,,,,,,
count_objects,PP1-MATH-X.87_Adding_2_More_Safari_Quest_87,Count 5 total lions after adding 2 more!,a2s_count1.webp,audio_aq7.mp3,1,5,3,4,,🦁,5,,,,,,,
count_objects,PP1-MATH-X.87_Adding_2_More_Safari_Quest_87,Count 8 total zebras after adding 2 more!,a2s_count2.webp,audio_aq8.mp3,1,8,6,9,,🦓,8,,,,,,,
count_objects,PP1-MATH-X.87_Adding_2_More_Safari_Quest_87,Count 6 total giraffes on the quest!,a2s_count3.webp,audio_aq9.mp3,1,6,4,7,,🦒,6,,,,,,,
speak_repeat,PP1-MATH-X.87_Adding_2_More_Safari_Quest_87,Say out loud clearly: THREE PLUS TWO EQUALS FIVE!,speak_aq1.webp,audio_aq10.mp3,1,Three Plus Two Equals Five,,,,,,Three Plus Two Equals Five,,,,,,,
speak_repeat,PP1-MATH-X.87_Adding_2_More_Safari_Quest_87,Say out loud clearly: SIX PLUS TWO EQUALS EIGHT SAFARI ANIMALS!,speak_aq2.webp,audio_aq11.mp3,1,Six Plus Two Equals Eight Safari Animals,,,,,,Six Plus Two Equals Eight Safari Animals,,,,,,,
matching,PP1-MATH-X.87_Adding_2_More_Safari_Quest_87,Match adding 2 equations!,,,1,,,,,,,,3+2,5,6+2,8,4+2,6
matching,PP1-MATH-X.87_Adding_2_More_Safari_Quest_87,Match quest 2 more sums!,,,1,,,,,,,,1+2,3,5+2,7,0+2,2
multiple_choice,PP1-MATH-X.88_3D_Shapes_Cube_and_Sphere_88,Which 3D shape looks like a square box?,cs8_q1.webp,audio_cs1.mp3,1,CUBE,SPHERE,CONE,,,1,,,,,,,
multiple_choice,PP1-MATH-X.88_3D_Shapes_Cube_and_Sphere_88,Which 3D shape looks like a round ball?,cs8_q2.webp,audio_cs2.mp3,1,SPHERE,CUBE,CYLINDER,,,1,,,,,,,
multiple_choice,PP1-MATH-X.88_3D_Shapes_Cube_and_Sphere_88,Does a sphere have any flat square sides?,cs8_q3.webp,audio_cs3.mp3,1,NO,YES,ALWAYS,,,1,,,,,,,
multiple_choice,PP1-MATH-X.88_3D_Shapes_Cube_and_Sphere_88,A playing die or building block is a...?,cs8_q4.webp,audio_cs4.mp3,1,CUBE,SPHERE,CONE,,,1,,,,,,,
multiple_choice,PP1-MATH-X.88_3D_Shapes_Cube_and_Sphere_88,A basketball or marble is a...?,cs8_q5.webp,audio_cs5.mp3,1,SPHERE,CUBE,CYLINDER,,,1,,,,,,,
multiple_choice,PP1-MATH-X.88_3D_Shapes_Cube_and_Sphere_88,Which shape rolls easily across the floor?,cs8_q6.webp,audio_cs6.mp3,1,SPHERE,CUBE,BOX,,,1,,,,,,,
count_objects,PP1-MATH-X.88_3D_Shapes_Cube_and_Sphere_88,Count 4 sphere balls in the group!,cs8_count1.webp,audio_cs7.mp3,1,4,2,3,,⚽,4,,,,,,,
count_objects,PP1-MATH-X.88_3D_Shapes_Cube_and_Sphere_88,Count 3 cube gift boxes on the table!,cs8_count2.webp,audio_cs8.mp3,1,3,2,5,,🎁,3,,,,,,,
count_objects,PP1-MATH-X.88_3D_Shapes_Cube_and_Sphere_88,Count 2 playing dice cubes!,cs8_count3.webp,audio_cs9.mp3,1,2,1,4,,🎲,2,,,,,,,
speak_repeat,PP1-MATH-X.88_3D_Shapes_Cube_and_Sphere_88,Say out loud clearly: CUBES ARE SQUARE BOXES AND SPHERES ARE ROUND BALLS!,speak_cs1.webp,audio_cs10.mp3,1,Cubes Are Square Boxes And Spheres Are Round Balls,,,,,,Cubes Are Square Boxes And Spheres Are Round Balls,,,,,,,
speak_repeat,PP1-MATH-X.88_3D_Shapes_Cube_and_Sphere_88,Say out loud clearly: SPHERES ROLL AND CUBES STACK!,speak_cs2.webp,audio_cs11.mp3,1,Spheres Roll And Cubes Stack,,,,,,Spheres Roll And Cubes Stack,,,,,,,
matching,PP1-MATH-X.88_3D_Shapes_Cube_and_Sphere_88,Match items to 3D shape!,,,1,,,,,,,,Ball ⚽,SPHERE,Box 🎁,CUBE,Dice 🎲,CUBE
matching,PP1-MATH-X.88_3D_Shapes_Cube_and_Sphere_88,Match shape features!,,,1,,,,,,,,Round,SPHERE,Square face,CUBE,Rolls,SPHERE
multiple_choice,PP1-MATH-X.89_Patterns_ABC_Color_Sequence_89,Red Yellow Blue... Red Yellow Blue... What color comes next?,abc_q1.webp,audio_ac1.mp3,1,RED,YELLOW,BLUE,,,1,,,,,,,
multiple_choice,PP1-MATH-X.89_Patterns_ABC_Color_Sequence_89,In pattern Red Yellow Blue, what is the second color?,abc_q2.webp,audio_ac2.mp3,1,YELLOW,RED,BLUE,,,1,,,,,,,
multiple_choice,PP1-MATH-X.89_Patterns_ABC_Color_Sequence_89,In pattern Red Yellow Blue, what is the third color?,abc_q3.webp,audio_ac3.mp3,1,BLUE,RED,YELLOW,,,1,,,,,,,
multiple_choice,PP1-MATH-X.89_Patterns_ABC_Color_Sequence_89,Red Yellow Blue Red... What color is next in ABC pattern?,abc_q4.webp,audio_ac4.mp3,1,YELLOW,BLUE,RED,,,1,,,,,,,
multiple_choice,PP1-MATH-X.89_Patterns_ABC_Color_Sequence_89,Red Yellow Blue Red Yellow... What completes the set?,abc_q5.webp,audio_ac5.mp3,1,BLUE,RED,YELLOW,,,1,,,,,,,
multiple_choice,PP1-MATH-X.89_Patterns_ABC_Color_Sequence_89,Is Red Yellow Blue an ABC pattern?,abc_q6.webp,audio_ac6.mp3,1,YES,NO,NEVER,,,1,,,,,,,
count_objects,PP1-MATH-X.89_Patterns_ABC_Color_Sequence_89,Count 3 pattern blocks: Red Yellow Blue!,abc_count1.webp,audio_ac7.mp3,1,3,2,4,,🧱,3,,,,,,,
count_objects,PP1-MATH-X.89_Patterns_ABC_Color_Sequence_89,Count 6 pattern stars in two ABC sets!,abc_count2.webp,audio_ac8.mp3,1,6,3,5,,⭐,6,,,,,,,
count_objects,PP1-MATH-X.89_Patterns_ABC_Color_Sequence_89,Count 3 colorful balloons in the sequence!,abc_count3.webp,audio_ac9.mp3,1,3,1,4,,🎈,3,,,,,,,
speak_repeat,PP1-MATH-X.89_Patterns_ABC_Color_Sequence_89,Say out loud clearly: RED YELLOW BLUE ABC COLOR SEQUENCE!,speak_ac1.webp,audio_ac10.mp3,1,Red Yellow Blue ABC Color Sequence,,,,,,Red Yellow Blue ABC Color Sequence,,,,,,,
speak_repeat,PP1-MATH-X.89_Patterns_ABC_Color_Sequence_89,Say out loud clearly: THREE COLORS REPEAT IN PATTERN ORDER!,speak_ac2.webp,audio_ac11.mp3,1,Three Colors Repeat In Pattern Order,,,,,,Three Colors Repeat In Pattern Order,,,,,,,
matching,PP1-MATH-X.89_Patterns_ABC_Color_Sequence_89,Match ABC sequence positions!,,,1,,,,,,,,1st,RED,2nd,YELLOW,3rd,BLUE
matching,PP1-MATH-X.89_Patterns_ABC_Color_Sequence_89,Match color spots!,,,1,,,,,,,,Red 🔴,RED,Yellow 🟡,YELLOW,Blue 🔵,BLUE
multiple_choice,PP1-MATH-X.90_Measurement_Heavy_vs_Light_Scale_90,An elephant on one side and a feather on the other side. Elephant is...?,hl9_q1.webp,audio_h1.mp3,1,HEAVY,LIGHT,SHORT,,,1,,,,,,,
multiple_choice,PP1-MATH-X.90_Measurement_Heavy_vs_Light_Scale_90,An elephant on one side and a feather on the other side. Feather is...?,hl9_q2.webp,audio_h2.mp3,1,LIGHT,HEAVY,TALL,,,1,,,,,,,
multiple_choice,PP1-MATH-X.90_Measurement_Heavy_vs_Light_Scale_90,When the balance scale stays level straight, the weights are...?,hl9_q3.webp,audio_h3.mp3,1,SAME,DIFFERENT,FULL,,,1,,,,,,,
multiple_choice,PP1-MATH-X.90_Measurement_Heavy_vs_Light_Scale_90,Which is HEAVY: a big rock or a dry leaf?,hl9_q4.webp,audio_h4.mp3,1,ROCK,LEAF,SAME,,,1,,,,,,,
multiple_choice,PP1-MATH-X.90_Measurement_Heavy_vs_Light_Scale_90,Which is LIGHT: a paper bird or a iron chest?,hl9_q5.webp,audio_h5.mp3,1,PAPER BIRD,CHEST,SAME,,,1,,,,,,,
multiple_choice,PP1-MATH-X.90_Measurement_Heavy_vs_Light_Scale_90,When one side tips way down on scale, that side is...?,hl9_q6.webp,audio_h6.mp3,1,HEAVY,LIGHT,EMPTY,,,1,,,,,,,
count_objects,PP1-MATH-X.90_Measurement_Heavy_vs_Light_Scale_90,Count 2 balance scales testing weight!,hl9_count1.webp,audio_h7.mp3,1,2,1,3,,⚖️,2,,,,,,,
count_objects,PP1-MATH-X.90_Measurement_Heavy_vs_Light_Scale_90,Count 3 heavy boulders on the field!,hl9_count2.webp,audio_h8.mp3,1,3,2,5,,🪨,3,,,,,,,
count_objects,PP1-MATH-X.90_Measurement_Heavy_vs_Light_Scale_90,Count 5 light floating feathers!,hl9_count3.webp,audio_h9.mp3,1,5,3,4,,🪶,5,,,,,,,
speak_repeat,PP1-MATH-X.90_Measurement_Heavy_vs_Light_Scale_90,Say out loud clearly: BALANCE SCALE MEASURES HEAVY AND LIGHT!,speak_h1.webp,audio_h10.mp3,1,Balance Scale Measures Heavy And Light,,,,,,Balance Scale Measures Heavy And Light,,,,,,,
speak_repeat,PP1-MATH-X.90_Measurement_Heavy_vs_Light_Scale_90,Say out loud clearly: EQUAL WEIGHTS BALANCE EVEN AND STRAIGHT!,speak_h2.webp,audio_h11.mp3,1,Equal Weights Balance Even And Straight,,,,,,Equal Weights Balance Even And Straight,,,,,,,
matching,PP1-MATH-X.90_Measurement_Heavy_vs_Light_Scale_90,Match objects to weight!,,,1,,,,,,,,Elephant 🐘,HEAVY,Feather 🪶,LIGHT,Rock 🪨,HEAVY
matching,PP1-MATH-X.90_Measurement_Heavy_vs_Light_Scale_90,Match weight opposites!,,,1,,,,,,,,Heavy,LIGHT,Light,HEAVY,Level,SAME
multiple_choice,PP1-MATH-X.91_Spatial_Left_vs_Right_Hands_91,Which hand holds the blue ball on the left side?,lrh_q1.webp,audio_l1.mp3,1,LEFT,RIGHT,FRONT,,,1,,,,,,,
multiple_choice,PP1-MATH-X.91_Spatial_Left_vs_Right_Hands_91,Which hand holds the star on the right side?,lrh_q2.webp,audio_l2.mp3,1,RIGHT,LEFT,BEHIND,,,1,,,,,,,
multiple_choice,PP1-MATH-X.91_Spatial_Left_vs_Right_Hands_91,Raise your left hand: that hand is on the ___ side.,lrh_q3.webp,audio_l3.mp3,1,LEFT,RIGHT,ABOVE,,,1,,,,,,,
multiple_choice,PP1-MATH-X.91_Spatial_Left_vs_Right_Hands_91,Wave your right hand: that hand is on the ___ side.,lrh_q4.webp,audio_l4.mp3,1,RIGHT,LEFT,BELOW,,,1,,,,,,,
multiple_choice,PP1-MATH-X.91_Spatial_Left_vs_Right_Hands_91,An arrow pointing to the left goes...?,lrh_q5.webp,audio_l5.mp3,1,LEFT,RIGHT,INSIDE,,,1,,,,,,,
multiple_choice,PP1-MATH-X.91_Spatial_Left_vs_Right_Hands_91,An arrow pointing to the right goes...?,lrh_q6.webp,audio_l6.mp3,1,RIGHT,LEFT,OUTSIDE,,,1,,,,,,,
count_objects,PP1-MATH-X.91_Spatial_Left_vs_Right_Hands_91,Count 2 hands: left hand and right hand!,lrh_count1.webp,audio_l7.mp3,1,2,1,3,,✋,2,,,,,,,
count_objects,PP1-MATH-X.91_Spatial_Left_vs_Right_Hands_91,Count 3 left arrows on the board!,lrh_count2.webp,audio_l8.mp3,1,3,2,4,,⬅️,3,,,,,,,
count_objects,PP1-MATH-X.91_Spatial_Left_vs_Right_Hands_91,Count 4 right arrows on the wall!,lrh_count3.webp,audio_l9.mp3,1,4,2,5,,➡️,4,,,,,,,
speak_repeat,PP1-MATH-X.91_Spatial_Left_vs_Right_Hands_91,Say out loud clearly: LEFT HAND AND RIGHT HAND!,speak_l1.webp,audio_l10.mp3,1,Left Hand And Right Hand,,,,,,Left Hand And Right Hand,,,,,,,
speak_repeat,PP1-MATH-X.91_Spatial_Left_vs_Right_Hands_91,Say out loud clearly: KNOW YOUR LEFT AND RIGHT SIDES!,speak_l2.webp,audio_l11.mp3,1,Know Your Left And Right Sides,,,,,,Know Your Left And Right Sides,,,,,,,
matching,PP1-MATH-X.91_Spatial_Left_vs_Right_Hands_91,Match direction arrows!,,,1,,,,,,,,Left ⬅️,LEFT,Right ➡️,RIGHT,Left hand,LEFT
matching,PP1-MATH-X.91_Spatial_Left_vs_Right_Hands_91,Match hand opposites!,,,1,,,,,,,,Left,RIGHT,Right,LEFT,Side,RIGHT
multiple_choice,PP1-MATH-X.92_Data_Sort_Fruits_by_Color_92,A red apple goes into which color group?,sfc_q1.webp,audio_sf1.mp3,1,RED,YELLOW,GREEN,,,1,,,,,,,
multiple_choice,PP1-MATH-X.92_Data_Sort_Fruits_by_Color_92,A yellow banana goes into which color group?,sfc_q2.webp,audio_sf2.mp3,1,YELLOW,RED,GREEN,,,1,,,,,,,
multiple_choice,PP1-MATH-X.92_Data_Sort_Fruits_by_Color_92,A green pear goes into which color group?,sfc_q3.webp,audio_sf3.mp3,1,GREEN,RED,YELLOW,,,1,,,,,,,
multiple_choice,PP1-MATH-X.92_Data_Sort_Fruits_by_Color_92,A ripe strawberry is...?,sfc_q4.webp,audio_sf4.mp3,1,RED,YELLOW,GREEN,,,1,,,,,,,
multiple_choice,PP1-MATH-X.92_Data_Sort_Fruits_by_Color_92,A juicy lemon is...?,sfc_q5.webp,audio_sf5.mp3,1,YELLOW,RED,GREEN,,,1,,,,,,,
multiple_choice,PP1-MATH-X.92_Data_Sort_Fruits_by_Color_92,Sorting fruits by color puts same looking colors...?,sfc_q6.webp,audio_sf6.mp3,1,TOGETHER,APART,AWAY,,,1,,,,,,,
count_objects,PP1-MATH-X.92_Data_Sort_Fruits_by_Color_92,Count 3 red apples in the red bowl!,sfc_count1.webp,audio_sf7.mp3,1,3,2,4,,🍎,3,,,,,,,
count_objects,PP1-MATH-X.92_Data_Sort_Fruits_by_Color_92,Count 4 yellow bananas in the yellow basket!,sfc_count2.webp,audio_sf8.mp3,1,4,3,5,,🍌,4,,,,,,,
count_objects,PP1-MATH-X.92_Data_Sort_Fruits_by_Color_92,Count 2 green pears in the green crate!,sfc_count3.webp,audio_sf9.mp3,1,2,1,3,,🍐,2,,,,,,,
speak_repeat,PP1-MATH-X.92_Data_Sort_Fruits_by_Color_92,Say out loud clearly: SORTING FRUITS BY RED YELLOW AND GREEN!,speak_sf1.webp,audio_sf10.mp3,1,Sorting Fruits By Red Yellow And Green,,,,,,Sorting Fruits By Red Yellow And Green,,,,,,,
speak_repeat,PP1-MATH-X.92_Data_Sort_Fruits_by_Color_92,Say out loud clearly: GROUP SAME COLOR FRUITS TOGETHER!,speak_sf2.webp,audio_sf11.mp3,1,Group Same Color Fruits Together,,,,,,Group Same Color Fruits Together,,,,,,,
matching,PP1-MATH-X.92_Data_Sort_Fruits_by_Color_92,Match fruit to color!,,,1,,,,,,,,Apple 🍎,RED,Banana 🍌,YELLOW,Pear 🍐,GREEN
matching,PP1-MATH-X.92_Data_Sort_Fruits_by_Color_92,Match color groups!,,,1,,,,,,,,Red,RED,Yellow,YELLOW,Green,GREEN
multiple_choice,PP1-MATH-X.93_Skip_Counting_by_2s_Safari_93,Skip count by 2s: 2 4 6 8... what comes next?,s2s_q1.webp,audio_sc1.mp3,1,10,9,11,,,1,,,,,,,
multiple_choice,PP1-MATH-X.93_Skip_Counting_by_2s_Safari_93,Skip count by 2s: 10 12 14... what comes next?,s2s_q2.webp,audio_sc2.mp3,1,16,15,18,,,1,,,,,,,
multiple_choice,PP1-MATH-X.93_Skip_Counting_by_2s_Safari_93,Skip count by 2s: 14 16 18... what comes next up to 20?,s2s_q3.webp,audio_sc3.mp3,1,20,19,17,,,1,,,,,,,
multiple_choice,PP1-MATH-X.93_Skip_Counting_by_2s_Safari_93,What is the first number in 2s skip counting?,s2s_q4.webp,audio_sc4.mp3,1,2,1,0,,,1,,,,,,,
multiple_choice,PP1-MATH-X.93_Skip_Counting_by_2s_Safari_93,When skip counting by 2s, how many step forward each time?,s2s_q5.webp,audio_sc5.mp3,1,2,1,5,,,1,,,,,,,
multiple_choice,PP1-MATH-X.93_Skip_Counting_by_2s_Safari_93,Which number belongs in skip counting by 2s: 2 4 6...?,s2s_q6.webp,audio_sc6.mp3,1,8,3,5,,,1,,,,,,,
count_objects,PP1-MATH-X.93_Skip_Counting_by_2s_Safari_93,Count 10 safari zebras in pairs of 2!,s2s_count1.webp,audio_sc7.mp3,1,10,8,12,,🦓,10,,,,,,,
count_objects,PP1-MATH-X.93_Skip_Counting_by_2s_Safari_93,Count 16 safari lions in pairs of 2!,s2s_count2.webp,audio_sc8.mp3,1,16,14,18,,🦁,16,,,,,,,
count_objects,PP1-MATH-X.93_Skip_Counting_by_2s_Safari_93,Count 20 safari elephants in pairs of 2!,s2s_count3.webp,audio_sc9.mp3,1,20,18,19,,🐘,20,,,,,,,
speak_repeat,PP1-MATH-X.93_Skip_Counting_by_2s_Safari_93,Say out loud clearly: TWO FOUR SIX EIGHT TEN TWELVE FOURTEEN SIXTEEN EIGHTEEN TWENTY!,speak_sc1.webp,audio_sc10.mp3,1,Two Four Six Eight Ten Twelve Fourteen Sixteen Eighteen Twenty,,,,,,Two Four Six Eight Ten Twelve Fourteen Sixteen Eighteen Twenty,,,,,,,
speak_repeat,PP1-MATH-X.93_Skip_Counting_by_2s_Safari_93,Say out loud clearly: SKIP COUNTING BY TWOS ON SAFARI!,speak_sc2.webp,audio_sc11.mp3,1,Skip Counting By Twos On Safari,,,,,,Skip Counting By Twos On Safari,,,,,,,
matching,PP1-MATH-X.93_Skip_Counting_by_2s_Safari_93,Match 2s skip count steps!,,,1,,,,,,,,2 4,6,8 10,12,14 16,18
matching,PP1-MATH-X.93_Skip_Counting_by_2s_Safari_93,Match 2s sequence targets!,,,1,,,,,,,,18,20,6,8,10,12
multiple_choice,PP1-MATH-X.94_Money_Buying_Apple_at_Market_94,An apple costs 5 KES. Which coin pays for it?,bam_q1.webp,audio_bm1.mp3,1,5 KES,1 KES,20 KES,,,1,,,,,,,
multiple_choice,PP1-MATH-X.94_Money_Buying_Apple_at_Market_94,A banana costs 10 KES. Which coin pays for it?,bam_q2.webp,audio_bm2.mp3,1,10 KES,1 KES,5 KES,,,1,,,,,,,
multiple_choice,PP1-MATH-X.94_Money_Buying_Apple_at_Market_94,If you buy 1 apple for 5 KES and 1 orange for 5 KES, total cost?,bam_q3.webp,audio_bm3.mp3,1,10 KES,5 KES,20 KES,,,1,,,,,,,
multiple_choice,PP1-MATH-X.94_Money_Buying_Apple_at_Market_94,Which coin has value 20 in Kenya market?,bam_q4.webp,audio_bm4.mp3,1,20 KES,5 KES,1 KES,,,1,,,,,,,
multiple_choice,PP1-MATH-X.94_Money_Buying_Apple_at_Market_94,Where do shoppers use coins to buy fruit?,bam_q5.webp,audio_bm5.mp3,1,MARKET,PARK,BED,,,1,,,,,,,
multiple_choice,PP1-MATH-X.94_Money_Buying_Apple_at_Market_94,What is the currency symbol for Kenyan Shilling?,bam_q6.webp,audio_bm6.mp3,1,KES,USD,EUR,,,1,,,,,,,
count_objects,PP1-MATH-X.94_Money_Buying_Apple_at_Market_94,Count 5 red market apples to buy!,bam_count1.webp,audio_bm7.mp3,1,5,3,4,,🍎,5,,,,,,,
count_objects,PP1-MATH-X.94_Money_Buying_Apple_at_Market_94,Count 4 shiny shilling coins in purse!,bam_count2.webp,audio_bm8.mp3,1,4,2,5,,🪙,4,,,,,,,
count_objects,PP1-MATH-X.94_Money_Buying_Apple_at_Market_94,Count 3 yellow market bananas!,bam_count3.webp,audio_bm9.mp3,1,3,1,5,,🍌,3,,,,,,,
speak_repeat,PP1-MATH-X.94_Money_Buying_Apple_at_Market_94,Say out loud clearly: BUYING APPLES AT MARKET WITH SHILLINGS!,speak_bm1.webp,audio_bm10.mp3,1,Buying Apples At Market With Shillings,,,,,,Buying Apples At Market With Shillings,,,,,,,
speak_repeat,PP1-MATH-X.94_Money_Buying_Apple_at_Market_94,Say out loud clearly: FIVE KES FOR AN APPLE AT MARKET!,speak_bm2.webp,audio_bm11.mp3,1,Five KES For An Apple At Market,,,,,,Five KES For An Apple At Market,,,,,,,
matching,PP1-MATH-X.94_Money_Buying_Apple_at_Market_94,Match market fruit prices!,,,1,,,,,,,,Apple 🍎,5 KES,Banana 🍌,10 KES,Pineapple 🍍,20 KES
matching,PP1-MATH-X.94_Money_Buying_Apple_at_Market_94,Match shilling coin values!,,,1,,,,,,,,1,1 KES,5,5 KES,10,10 KES
multiple_choice,PP1-MATH-X.95_Word_Story_Addition_Sum_10_95,Sam has 3 apples. Pam gives him 2 more. How many total?,wsa_q1.webp,audio_ws1.mp3,1,5,3,2,,,1,,,,,,,
multiple_choice,PP1-MATH-X.95_Word_Story_Addition_Sum_10_95,4 birds on a branch. 4 more fly in. How many total?,wsa_q2.webp,audio_ws2.mp3,1,8,4,6,,,1,,,,,,,
multiple_choice,PP1-MATH-X.95_Word_Story_Addition_Sum_10_95,Leo has 6 toy cars. He gets 1 more. How many total?,wsa_q3.webp,audio_ws3.mp3,1,7,6,8,,,1,,,,,,,
multiple_choice,PP1-MATH-X.95_Word_Story_Addition_Sum_10_95,5 fish in pond. 3 more swim over. Total?,wsa_q4.webp,audio_ws4.mp3,1,8,5,7,,,1,,,,,,,
multiple_choice,PP1-MATH-X.95_Word_Story_Addition_Sum_10_95,2 cats on wall. 3 more join them. Total?,wsa_q5.webp,audio_ws5.mp3,1,5,2,4,,,1,,,,,,,
multiple_choice,PP1-MATH-X.95_Word_Story_Addition_Sum_10_95,7 stars shine. 3 more appear. Total?,wsa_q6.webp,audio_ws6.mp3,1,10,7,9,,,1,,,,,,,
count_objects,PP1-MATH-X.95_Word_Story_Addition_Sum_10_95,Count 5 story apples in Sam's basket!,wsa_count1.webp,audio_ws7.mp3,1,5,3,4,,🍎,5,,,,,,,
count_objects,PP1-MATH-X.95_Word_Story_Addition_Sum_10_95,Count 8 total story birds on tree!,wsa_count2.webp,audio_ws8.mp3,1,8,6,10,,🐦,8,,,,,,,
count_objects,PP1-MATH-X.95_Word_Story_Addition_Sum_10_95,Count 10 total shiny story stars!,wsa_count3.webp,audio_ws9.mp3,1,10,7,9,,⭐,10,,,,,,,
speak_repeat,PP1-MATH-X.95_Word_Story_Addition_Sum_10_95,Say out loud clearly: THREE PLUS TWO IS FIVE APPLES!,speak_ws1.webp,audio_ws10.mp3,1,Three Plus Two Is Five Apples,,,,,,Three Plus Two Is Five Apples,,,,,,,
speak_repeat,PP1-MATH-X.95_Word_Story_Addition_Sum_10_95,Say out loud clearly: WORD STORY ADDITION SUMS TO TEN!,speak_ws2.webp,audio_ws11.mp3,1,Word Story Addition Sums To Ten,,,,,,Word Story Addition Sums To Ten,,,,,,,
matching,PP1-MATH-X.95_Word_Story_Addition_Sum_10_95,Match story math problems!,,,1,,,,,,,,3+2,5,4+4,8,6+1,7
matching,PP1-MATH-X.95_Word_Story_Addition_Sum_10_95,Match story addition sums!,,,1,,,,,,,,5+3,8,2+3,5,7+3,10
multiple_choice,PP1-MATH-X.96_Dinosaur_Egg_Count_0_to_20_96,What number comes after 15 dino eggs?,dec_q1.webp,audio_de1.mp3,1,16,14,18,,,1,,,,,,,
multiple_choice,PP1-MATH-X.96_Dinosaur_Egg_Count_0_to_20_96,What number comes right before 20 dino eggs?,dec_q2.webp,audio_de2.mp3,1,19,18,17,,,1,,,,,,,
multiple_choice,PP1-MATH-X.96_Dinosaur_Egg_Count_0_to_20_96,How many eggs if the dino nest is empty?,dec_q3.webp,audio_de3.mp3,1,0,1,10,,,1,,,,,,,
multiple_choice,PP1-MATH-X.96_Dinosaur_Egg_Count_0_to_20_96,Count dino eggs: 17 18... what comes next?,dec_q4.webp,audio_de4.mp3,1,19,20,16,,,1,,,,,,,
multiple_choice,PP1-MATH-X.96_Dinosaur_Egg_Count_0_to_20_96,Which is the biggest count of dino eggs: 5 12 or 20?,dec_q5.webp,audio_de5.mp3,1,20,12,5,,,1,,,,,,,
multiple_choice,PP1-MATH-X.96_Dinosaur_Egg_Count_0_to_20_96,What number comes between 11 and 13 eggs?,dec_q6.webp,audio_de6.mp3,1,12,10,14,,,1,,,,,,,
count_objects,PP1-MATH-X.96_Dinosaur_Egg_Count_0_to_20_96,Count 16 dino eggs in the safari nest!,dec_count1.webp,audio_de7.mp3,1,16,14,17,,🥚,16,,,,,,,
count_objects,PP1-MATH-X.96_Dinosaur_Egg_Count_0_to_20_96,Count 18 spotted dino eggs!,dec_count2.webp,audio_de8.mp3,1,18,15,20,,🥚,18,,,,,,,
count_objects,PP1-MATH-X.96_Dinosaur_Egg_Count_0_to_20_96,Count 20 golden dino eggs in the nest!,dec_count3.webp,audio_de9.mp3,1,20,18,19,,🥚,20,,,,,,,
speak_repeat,PP1-MATH-X.96_Dinosaur_Egg_Count_0_to_20_96,Say out loud clearly: DINOSAUR EGG COUNTING ZERO TO TWENTY!,speak_de1.webp,audio_de10.mp3,1,Dinosaur Egg Counting Zero To Twenty,,,,,,Dinosaur Egg Counting Zero To Twenty,,,,,,,
speak_repeat,PP1-MATH-X.96_Dinosaur_Egg_Count_0_to_20_96,Say out loud clearly: EIGHTEEN NINETEEN TWENTY DINO EGGS!,speak_de2.webp,audio_de11.mp3,1,Eighteen Nineteen Twenty Dino Eggs,,,,,,Eighteen Nineteen Twenty Dino Eggs,,,,,,,
matching,PP1-MATH-X.96_Dinosaur_Egg_Count_0_to_20_96,Match dino egg counts!,,,1,,,,,,,,16,16,18,18,20,20
matching,PP1-MATH-X.96_Dinosaur_Egg_Count_0_to_20_96,Match egg nest numbers!,,,1,,,,,,,,0,0,10,10,12,12
multiple_choice,PP1-MATH-X.97_Pirate_Treasure_Addition_Sum_10_97,4 gold coins plus 3 gold coins equals how many?,pta_q1.webp,audio_pt1.mp3,1,7,4,6,,,1,,,,,,,
multiple_choice,PP1-MATH-X.97_Pirate_Treasure_Addition_Sum_10_97,5 silver coins plus 5 silver coins equals...?,pta_q2.webp,audio_pt2.mp3,1,10,8,9,,,1,,,,,,,
multiple_choice,PP1-MATH-X.97_Pirate_Treasure_Addition_Sum_10_97,2 coins in chest plus 6 coins in bag equals...?,pta_q3.webp,audio_pt3.mp3,1,8,6,7,,,1,,,,,,,
multiple_choice,PP1-MATH-X.97_Pirate_Treasure_Addition_Sum_10_97,1 coin plus 8 coins equals...?,pta_q4.webp,audio_pt4.mp3,1,9,7,10,,,1,,,,,,,
multiple_choice,PP1-MATH-X.97_Pirate_Treasure_Addition_Sum_10_97,3 coins plus 3 coins equals...?,pta_q5.webp,audio_pt5.mp3,1,6,3,5,,,1,,,,,,,
multiple_choice,PP1-MATH-X.97_Pirate_Treasure_Addition_Sum_10_97,7 coins plus 2 coins equals...?,pta_q6.webp,audio_pt6.mp3,1,9,7,8,,,1,,,,,,,
count_objects,PP1-MATH-X.97_Pirate_Treasure_Addition_Sum_10_97,Count 7 total gold coins collected!,pta_count1.webp,audio_pt7.mp3,1,7,5,8,,🪙,7,,,,,,,
count_objects,PP1-MATH-X.97_Pirate_Treasure_Addition_Sum_10_97,Count 10 total treasure coins in chest!,pta_count2.webp,audio_pt8.mp3,1,10,8,9,,🏴‍☠️,10,,,,,,,
count_objects,PP1-MATH-X.97_Pirate_Treasure_Addition_Sum_10_97,Count 8 total ruby gems found!,pta_count3.webp,audio_pt9.mp3,1,8,6,9,,💎,8,,,,,,,
speak_repeat,PP1-MATH-X.97_Pirate_Treasure_Addition_Sum_10_97,Say out loud clearly: FOUR COINS PLUS THREE COINS EQUALS SEVEN!,speak_pt1.webp,audio_pt10.mp3,1,Four Coins Plus Three Coins Equals Seven,,,,,,Four Coins Plus Three Coins Equals Seven,,,,,,,
speak_repeat,PP1-MATH-X.97_Pirate_Treasure_Addition_Sum_10_97,Say out loud clearly: FIVE PLUS FIVE EQUALS TEN TREASURE COINS!,speak_pt2.webp,audio_pt11.mp3,1,Five Plus Five Equals Ten Treasure Coins,,,,,,Five Plus Five Equals Ten Treasure Coins,,,,,,,
matching,PP1-MATH-X.97_Pirate_Treasure_Addition_Sum_10_97,Match pirate additions!,,,1,,,,,,,,4+3,7,5+5,10,2+6,8
matching,PP1-MATH-X.97_Pirate_Treasure_Addition_Sum_10_97,Match treasure sums!,,,1,,,,,,,,1+8,9,3+3,6,7+2,9
multiple_choice,PP1-MATH-X.98_Space_Rocket_Countdown_20_to_0_98,Countdown from 20: 20 19 18... what comes next?,src9_q1.webp,audio_sr1.mp3,1,17,16,19,,,1,,,,,,,
multiple_choice,PP1-MATH-X.98_Space_Rocket_Countdown_20_to_0_98,Counting backward: 10 9 8... what comes next?,src9_q2.webp,audio_sr2.mp3,1,7,6,10,,,1,,,,,,,
multiple_choice,PP1-MATH-X.98_Space_Rocket_Countdown_20_to_0_98,Counting backward: 3 2 1... what is blastoff number?,src9_q3.webp,audio_sr3.mp3,1,0,4,5,,,1,,,,,,,
multiple_choice,PP1-MATH-X.98_Space_Rocket_Countdown_20_to_0_98,What number comes right before 15 when counting down?,src9_q4.webp,audio_sr4.mp3,1,14,16,13,,,1,,,,,,,
multiple_choice,PP1-MATH-X.98_Space_Rocket_Countdown_20_to_0_98,What number comes right before 5 when counting down?,src9_q5.webp,audio_sr5.mp3,1,4,6,3,,,1,,,,,,,
multiple_choice,PP1-MATH-X.98_Space_Rocket_Countdown_20_to_0_98,Space rocket countdown starts from...?,src9_q6.webp,audio_sr6.mp3,1,20,1,0,,,1,,,,,,,
count_objects,PP1-MATH-X.98_Space_Rocket_Countdown_20_to_0_98,Count 20 countdown star markers in space!,src9_count1.webp,audio_sr7.mp3,1,20,18,19,,⭐,20,,,,,,,
count_objects,PP1-MATH-X.98_Space_Rocket_Countdown_20_to_0_98,Count 10 space rockets ready for launch!,src9_count2.webp,audio_sr8.mp3,1,10,8,12,,🚀,10,,,,,,,
count_objects,PP1-MATH-X.98_Space_Rocket_Countdown_20_to_0_98,Count 5 glowing moons in the sky!,src9_count3.webp,audio_sr9.mp3,1,5,3,4,,🌙,5,,,,,,,
speak_repeat,PP1-MATH-X.98_Space_Rocket_Countdown_20_to_0_98,Say out loud clearly: TWENTY NINETEEN EIGHTEEN SEVENTEEN BLASTOFF!,speak_sr1.webp,audio_sr10.mp3,1,Twenty Nineteen Eighteen Seventeen Blastoff,,,,,,Twenty Nineteen Eighteen Seventeen Blastoff,,,,,,,
speak_repeat,PP1-MATH-X.98_Space_Rocket_Countdown_20_to_0_98,Say out loud clearly: THREE TWO ONE ZERO BLASTOFF!,speak_sr2.webp,audio_sr11.mp3,1,Three Two One Zero Blastoff,,,,,,Three Two One Zero Blastoff,,,,,,,
matching,PP1-MATH-X.98_Space_Rocket_Countdown_20_to_0_98,Match countdown backward steps!,,,1,,,,,,,,20,19,15,14,5,4
matching,PP1-MATH-X.98_Space_Rocket_Countdown_20_to_0_98,Match blastoff targets!,,,1,,,,,,,,3,2,1,0,10,9
multiple_choice,PP1-MATH-X.99_Circus_Clown_3D_Shape_Juggle_99,Clown juggles a round ball. What 3D shape is it?,csj_q1.webp,audio_cj1.mp3,1,SPHERE,CUBE,CONE,,,1,,,,,,,
multiple_choice,PP1-MATH-X.99_Circus_Clown_3D_Shape_Juggle_99,Clown juggles a square box. What 3D shape is it?,csj_q2.webp,audio_cj2.mp3,1,CUBE,SPHERE,CYLINDER,,,1,,,,,,,
multiple_choice,PP1-MATH-X.99_Circus_Clown_3D_Shape_Juggle_99,Clown party hat is shaped like a...?,csj_q3.webp,audio_cj3.mp3,1,CONE,CYLINDER,CUBE,,,1,,,,,,,
multiple_choice,PP1-MATH-X.99_Circus_Clown_3D_Shape_Juggle_99,Clown juggling tin can is shaped like a...?,csj_q4.webp,audio_cj4.mp3,1,CYLINDER,SPHERE,CONE,,,1,,,,,,,
multiple_choice,PP1-MATH-X.99_Circus_Clown_3D_Shape_Juggle_99,Which 3D shape has 6 flat square faces at circus?,csj_q5.webp,audio_cj5.mp3,1,CUBE,CONE,SPHERE,,,1,,,,,,,
multiple_choice,PP1-MATH-X.99_Circus_Clown_3D_Shape_Juggle_99,Which 3D shape rolls easily across circus ring?,csj_q6.webp,audio_cj6.mp3,1,SPHERE,CUBE,BOX,,,1,,,,,,,
count_objects,PP1-MATH-X.99_Circus_Clown_3D_Shape_Juggle_99,Count 4 sphere juggling balls!,csj_count1.webp,audio_cj7.mp3,1,4,2,5,,🤹,4,,,,,,,
count_objects,PP1-MATH-X.99_Circus_Clown_3D_Shape_Juggle_99,Count 3 cube juggling boxes!,csj_count2.webp,audio_cj8.mp3,1,3,1,4,,📦,3,,,,,,,
count_objects,PP1-MATH-X.99_Circus_Clown_3D_Shape_Juggle_99,Count 2 cylinder cans!,csj_count3.webp,audio_cj9.mp3,1,2,1,3,,🥫,2,,,,,,,
speak_repeat,PP1-MATH-X.99_Circus_Clown_3D_Shape_Juggle_99,Say out loud clearly: CIRCUS CLOWN 3D SHAPE JUGGLING!,speak_cj1.webp,audio_cj10.mp3,1,Circus Clown 3D Shape Juggling,,,,,,Circus Clown 3D Shape Juggling,,,,,,,
speak_repeat,PP1-MATH-X.99_Circus_Clown_3D_Shape_Juggle_99,Say out loud clearly: SPHERE CUBE CONE AND CYLINDER IN THE CIRCUS!,speak_cj2.webp,audio_cj11.mp3,1,Sphere Cube Cone And Cylinder In The Circus,,,,,,Sphere Cube Cone And Cylinder In The Circus,,,,,,,
matching,PP1-MATH-X.99_Circus_Clown_3D_Shape_Juggle_99,Match clown items to shapes!,,,1,,,,,,,,Ball 🤹,SPHERE,Box 📦,CUBE,Can 🥫,CYLINDER
matching,PP1-MATH-X.99_Circus_Clown_3D_Shape_Juggle_99,Match circus 3D shapes!,,,1,,,,,,,,Cone 🎉,CONE,Sphere 🤹,SPHERE,Cube 📦,CUBE
multiple_choice,PP1-MATH-X.100_PP1_Math_Century_Master_100,What number comes after 19 at the 100 milestone?,cm1_q1.webp,audio_c1.mp3,1,20,18,15,,,1,,,,,,,
multiple_choice,PP1-MATH-X.100_PP1_Math_Century_Master_100,What is 5 plus 5?,cm1_q2.webp,audio_c2.mp3,1,10,5,8,,,1,,,,,,,
multiple_choice,PP1-MATH-X.100_PP1_Math_Century_Master_100,Which 3D shape is round like a ball?,cm1_q3.webp,audio_c3.mp3,1,SPHERE,CUBE,CONE,,,1,,,,,,,
multiple_choice,PP1-MATH-X.100_PP1_Math_Century_Master_100,Which pattern rule is Red Yellow Blue Red Yellow Blue?,cm1_q4.webp,audio_c4.mp3,1,ABC,AABB,AB,,,1,,,,,,,
multiple_choice,PP1-MATH-X.100_PP1_Math_Century_Master_100,An elephant is heavy and a feather is...?,cm1_q5.webp,audio_c5.mp3,1,LIGHT,HEAVY,FULL,,,1,,,,,,,
multiple_choice,PP1-MATH-X.100_PP1_Math_Century_Master_100,What coin has value 10 in Kenya?,cm1_q6.webp,audio_c6.mp3,1,10 KES,1 KES,5 KES,,,1,,,,,,,
count_objects,PP1-MATH-X.100_PP1_Math_Century_Master_100,Count 20 century master star trophies!,cm1_count1.webp,audio_c7.mp3,1,20,18,19,,🏆,20,,,,,,,
count_objects,PP1-MATH-X.100_PP1_Math_Century_Master_100,Count 15 century master medals!,cm1_count2.webp,audio_c8.mp3,1,15,12,18,,🥇,15,,,,,,,
count_objects,PP1-MATH-X.100_PP1_Math_Century_Master_100,Count 10 century master crowns!,cm1_count3.webp,audio_c9.mp3,1,10,8,12,,👑,10,,,,,,,
speak_repeat,PP1-MATH-X.100_PP1_Math_Century_Master_100,Say out loud clearly: I AM A PP1 MATH CENTURY MASTER!,speak_c1.webp,audio_c10.mp3,1,I Am A PP1 Math Century Master,,,,,,I Am A PP1 Math Century Master,,,,,,,
speak_repeat,PP1-MATH-X.100_PP1_Math_Century_Master_100,Say out loud clearly: ONE HUNDRED MISSIONS OF PP1 MATH SUCCESS!,speak_c2.webp,audio_c11.mp3,1,One Hundred Missions Of PP1 Math Success,,,,,,One Hundred Missions Of PP1 Math Success,,,,,,,
matching,PP1-MATH-X.100_PP1_Math_Century_Master_100,Match century math domains!,,,1,,,,,,,,Numbers,20,Shapes,SPHERE,Money,10 KES
matching,PP1-MATH-X.100_PP1_Math_Century_Master_100,Match century master symbols!,,,1,,,,,,,,Trophy 🏆,MASTER,Medal 🥇,WINNER,Crown 👑,CENTURY


question_type,lesson_title,prompt,prompt_image,prompt_audio,correct_answer,option_1,option_2,option_3,option_4,count_emoji_or_image,target_count,target_word,pair_1_left,pair_1_right,pair_2_left,pair_2_right,pair_3_left,pair_3_right
multiple_choice,PP1-MATH-X.101_Superhero_Addition_Power_101,4 superhero power shields plus 3 power shields equals...?,shp_q1.webp,audio_sp1.mp3,1,7,4,6,,,1,,,,,,,
multiple_choice,PP1-MATH-X.101_Superhero_Addition_Power_101,5 power stars plus 5 power stars equals...?,shp_q2.webp,audio_sp2.mp3,1,10,8,9,,,1,,,,,,,
multiple_choice,PP1-MATH-X.101_Superhero_Addition_Power_101,6 flying heroes plus 2 flying heroes equals...?,shp_q3.webp,audio_sp3.mp3,1,8,6,7,,,1,,,,,,,
multiple_choice,PP1-MATH-X.101_Superhero_Addition_Power_101,3 power capes plus 4 power capes equals...?,shp_q4.webp,audio_sp4.mp3,1,7,3,6,,,1,,,,,,,
multiple_choice,PP1-MATH-X.101_Superhero_Addition_Power_101,8 power badges plus 2 power badges equals...?,shp_q5.webp,audio_sp5.mp3,1,10,8,6,,,1,,,,,,,
multiple_choice,PP1-MATH-X.101_Superhero_Addition_Power_101,1 superhero plus 8 superheroes equals...?,shp_q6.webp,audio_sp6.mp3,1,9,8,10,,,1,,,,,,,
count_objects,PP1-MATH-X.101_Superhero_Addition_Power_101,Count 7 total superhero power shields!,shp_count1.webp,audio_sp7.mp3,1,7,5,8,,🛡️,7,,,,,,,
count_objects,PP1-MATH-X.101_Superhero_Addition_Power_101,Count 10 total superhero power stars!,shp_count2.webp,audio_sp8.mp3,1,10,8,9,,⭐,10,,,,,,,
count_objects,PP1-MATH-X.101_Superhero_Addition_Power_101,Count 8 total superhero capes!,shp_count3.webp,audio_sp9.mp3,1,8,6,9,,🦸,8,,,,,,,
speak_repeat,PP1-MATH-X.101_Superhero_Addition_Power_101,Say out loud clearly: FOUR PLUS THREE EQUALS SEVEN POWER SHIELDS!,speak_sp1.webp,audio_sp10.mp3,1,Four Plus Three Equals Seven Power Shields,,,,,,Four Plus Three Equals Seven Power Shields,,,,,,,
speak_repeat,PP1-MATH-X.101_Superhero_Addition_Power_101,Say out loud clearly: FIVE PLUS FIVE EQUALS TEN SUPERHERO POWER!,speak_sp2.webp,audio_sp11.mp3,1,Five Plus Five Equals Ten Superhero Power,,,,,,Five Plus Five Equals Ten Superhero Power,,,,,,,
matching,PP1-MATH-X.101_Superhero_Addition_Power_101,Match superhero power additions!,,,1,,,,,,,,4+3,7,5+5,10,6+2,8
matching,PP1-MATH-X.101_Superhero_Addition_Power_101,Match superhero power sums!,,,1,,,,,,,,3+4,7,8+2,10,1+8,9
multiple_choice,PP1-MATH-X.102_Underwater_Counting_16_to_20_102,Count ocean fish: 16 17... what number comes next?,u20_q1.webp,audio_uw1.mp3,1,18,19,20,,,1,,,,,,,
multiple_choice,PP1-MATH-X.102_Underwater_Counting_16_to_20_102,What number comes right after 18 underwater pearls?,u20_q2.webp,audio_uw2.mp3,1,19,17,20,,,1,,,,,,,
multiple_choice,PP1-MATH-X.102_Underwater_Counting_16_to_20_102,What is the highest count of sea creatures up to 20?,u20_q3.webp,audio_uw3.mp3,1,20,15,18,,,1,,,,,,,
multiple_choice,PP1-MATH-X.102_Underwater_Counting_16_to_20_102,What number comes between 16 and 18 fish?,u20_q4.webp,audio_uw4.mp3,1,17,15,19,,,1,,,,,,,
multiple_choice,PP1-MATH-X.102_Underwater_Counting_16_to_20_102,Count ocean bubbles: 18 19... what comes next?,u20_q5.webp,audio_uw5.mp3,1,20,17,16,,,1,,,,,,,
multiple_choice,PP1-MATH-X.102_Underwater_Counting_16_to_20_102,What number comes right before 20 fish?,u20_q6.webp,audio_uw6.mp3,1,19,18,16,,,1,,,,,,,
count_objects,PP1-MATH-X.102_Underwater_Counting_16_to_20_102,Count 16 blue ocean fish swimming together!,u20_count1.webp,audio_uw7.mp3,1,16,14,17,,🐟,16,,,,,,,
count_objects,PP1-MATH-X.102_Underwater_Counting_16_to_20_102,Count 18 shiny underwater pearls!,u20_count2.webp,audio_uw8.mp3,1,18,16,20,,🦪,18,,,,,,,
count_objects,PP1-MATH-X.102_Underwater_Counting_16_to_20_102,Count 20 sea bubbles rising up!,u20_count3.webp,audio_uw9.mp3,1,20,18,19,,🫧,20,,,,,,,
speak_repeat,PP1-MATH-X.102_Underwater_Counting_16_to_20_102,Say out loud clearly: UNDERWATER COUNTING SIXTEEN TO TWENTY!,speak_uw1.webp,audio_uw10.mp3,1,Underwater Counting Sixteen To Twenty,,,,,,Underwater Counting Sixteen To Twenty,,,,,,,
speak_repeat,PP1-MATH-X.102_Underwater_Counting_16_to_20_102,Say out loud clearly: EIGHTEEN NINETEEN TWENTY OCEAN FISH!,speak_uw2.webp,audio_uw11.mp3,1,Eighteen Nineteen Twenty Ocean Fish,,,,,,Eighteen Nineteen Twenty Ocean Fish,,,,,,,
matching,PP1-MATH-X.102_Underwater_Counting_16_to_20_102,Match underwater counts!,,,1,,,,,,,,16,16,17,17,18,18
matching,PP1-MATH-X.102_Underwater_Counting_16_to_20_102,Match ocean numbers!,,,1,,,,,,,,18,18,19,19,20,20
multiple_choice,PP1-MATH-X.103_Safari_Pictograph_Showdown_103,Chart shows 6 lions and 3 zebras. How many lions?,sps_q1.webp,audio_sp1.mp3,1,6,3,9,,,1,,,,,,,
multiple_choice,PP1-MATH-X.103_Safari_Pictograph_Showdown_103,Chart shows 6 lions and 3 zebras. How many zebras?,sps_q2.webp,audio_sp2.mp3,1,3,6,9,,,1,,,,,,,
multiple_choice,PP1-MATH-X.103_Safari_Pictograph_Showdown_103,Chart shows 6 lions and 3 zebras. Which animal has MORE?,sps_q3.webp,audio_sp3.mp3,1,LIONS,ZEBRAS,EQUAL,,,1,,,,,,,
multiple_choice,PP1-MATH-X.103_Safari_Pictograph_Showdown_103,Chart shows 6 lions and 3 zebras. Which animal has FEWER?,sps_q4.webp,audio_sp4.mp3,1,ZEBRAS,LIONS,EQUAL,,,1,,,,,,,
multiple_choice,PP1-MATH-X.103_Safari_Pictograph_Showdown_103,Chart shows 4 giraffes and 4 giraffes. The counts are...?,sps_q5.webp,audio_sp5.mp3,1,EQUAL,MORE,FEWER,,,1,,,,,,,
multiple_choice,PP1-MATH-X.103_Safari_Pictograph_Showdown_103,In a pictograph chart, animal pictures stand for real...?,sps_q6.webp,audio_sp6.mp3,1,ANIMALS,TREES,ROADS,,,1,,,,,,,
count_objects,PP1-MATH-X.103_Safari_Pictograph_Showdown_103,Count 6 lion icons on the graph!,sps_count1.webp,audio_sp7.mp3,1,6,4,5,,🦁,6,,,,,,,
count_objects,PP1-MATH-X.103_Safari_Pictograph_Showdown_103,Count 3 zebra icons on the chart!,sps_count2.webp,audio_sp8.mp3,1,3,1,4,,🦓,3,,,,,,,
count_objects,PP1-MATH-X.103_Safari_Pictograph_Showdown_103,Count 4 giraffe icons on the board!,sps_count3.webp,audio_sp9.mp3,1,4,2,5,,🦒,4,,,,,,,
speak_repeat,PP1-MATH-X.103_Safari_Pictograph_Showdown_103,Say out loud clearly: SAFARI PICTOGRAPH COUNT AND COMPARE!,speak_sp1.webp,audio_sp10.mp3,1,Safari Pictograph Count And Compare,,,,,,Safari Pictograph Count And Compare,,,,,,,
speak_repeat,PP1-MATH-X.103_Safari_Pictograph_Showdown_103,Say out loud clearly: SIX LIONS IS MORE THAN THREE ZEBRAS!,speak_sp2.webp,audio_sp11.mp3,1,Six Lions Is More Than Three Zebras,,,,,,Six Lions Is More Than Three Zebras,,,,,,,
matching,PP1-MATH-X.103_Safari_Pictograph_Showdown_103,Match safari chart counts!,,,1,,,,,,,,Lions 🦁,6,Zebras 🦓,3,Giraffes 🦒,4
matching,PP1-MATH-X.103_Safari_Pictograph_Showdown_103,Match showdown comparison words!,,,1,,,,,,,,6 lions,MORE,3 zebras,FEWER,4 vs 4,EQUAL
multiple_choice,PP1-MATH-X.104_Kenyan_Shilling_Coins_Shopping_104,You buy an apple for 5 KES. Which coin pays for it?,ksc_q1.webp,audio_kc1.mp3,1,5 KES,1 KES,20 KES,,,1,,,,,,,
multiple_choice,PP1-MATH-X.104_Kenyan_Shilling_Coins_Shopping_104,You buy a banana for 10 KES. Which coin pays for it?,ksc_q2.webp,audio_kc2.mp3,1,10 KES,1 KES,5 KES,,,1,,,,,,,
multiple_choice,PP1-MATH-X.104_Kenyan_Shilling_Coins_Shopping_104,What is the highest value coin in Kenya up to 20?,ksc_q3.webp,audio_kc3.mp3,1,20 KES,10 KES,5 KES,,,1,,,,,,,
multiple_choice,PP1-MATH-X.104_Kenyan_Shilling_Coins_Shopping_104,You buy 1 orange for 5 KES and 1 mango for 5 KES. Total cost?,ksc_q4.webp,audio_kc4.mp3,1,10 KES,5 KES,20 KES,,,1,,,,,,,
multiple_choice,PP1-MATH-X.104_Kenyan_Shilling_Coins_Shopping_104,Where do shoppers use coins to buy fruit?,ksc_q5.webp,audio_kc5.mp3,1,MARKET,PARK,BED,,,1,,,,,,,
multiple_choice,PP1-MATH-X.104_Kenyan_Shilling_Coins_Shopping_104,What currency symbol is used for Kenyan Shilling?,ksc_q6.webp,audio_kc6.mp3,1,KES,USD,EUR,,,1,,,,,,,
count_objects,PP1-MATH-X.104_Kenyan_Shilling_Coins_Shopping_104,Count 5 shiny shilling coins in purse!,ksc_count1.webp,audio_kc7.mp3,1,5,3,4,,🪙,5,,,,,,,
count_objects,PP1-MATH-X.104_Kenyan_Shilling_Coins_Shopping_104,Count 4 red market apples to buy!,ksc_count2.webp,audio_kc8.mp3,1,4,2,5,,🍎,4,,,,,,,
count_objects,PP1-MATH-X.104_Kenyan_Shilling_Coins_Shopping_104,Count 3 yellow market bananas!,ksc_count3.webp,audio_kc9.mp3,1,3,1,4,,🍌,3,,,,,,,
speak_repeat,PP1-MATH-X.104_Kenyan_Shilling_Coins_Shopping_104,Say out loud clearly: KENYAN SHILLING MARKET SHOPPING WITH COINS!,speak_kc1.webp,audio_kc10.mp3,1,Kenyan Shilling Market Shopping With Coins,,,,,,Kenyan Shilling Market Shopping With Coins,,,,,,,
speak_repeat,PP1-MATH-X.104_Kenyan_Shilling_Coins_Shopping_104,Say out loud clearly: FIVE KES PLUS FIVE KES EQUALS TEN KES!,speak_kc2.webp,audio_kc11.mp3,1,Five KES Plus Five KES Equals Ten KES,,,,,,Five KES Plus Five KES Equals Ten KES,,,,,,,
matching,PP1-MATH-X.104_Kenyan_Shilling_Coins_Shopping_104,Match market fruit prices!,,,1,,,,,,,,Apple 🍎,5 KES,Banana 🍌,10 KES,Watermelon 🍉,20 KES
matching,PP1-MATH-X.104_Kenyan_Shilling_Coins_Shopping_104,Match shilling coin values!,,,1,,,,,,,,1,1 KES,5,5 KES,10,10 KES
multiple_choice,PP1-MATH-X.105_Skip_Counting_by_2s_Challenge_105,Skip count by 2s: 2 4 6 8... what comes next?,sc2_q1.webp,audio_sk1.mp3,1,10,9,11,,,1,,,,,,,
multiple_choice,PP1-MATH-X.105_Skip_Counting_by_2s_Challenge_105,Skip count by 2s: 10 12 14... what comes next?,sc2_q2.webp,audio_sk2.mp3,1,16,15,18,,,1,,,,,,,
multiple_choice,PP1-MATH-X.105_Skip_Counting_by_2s_Challenge_105,Skip count by 2s: 14 16 18... what comes next up to 20?,sc2_q3.webp,audio_sk3.mp3,1,20,19,17,,,1,,,,,,,
multiple_choice,PP1-MATH-X.105_Skip_Counting_by_2s_Challenge_105,What is the first number in 2s skip counting?,sc2_q4.webp,audio_sk4.mp3,1,2,1,0,,,1,,,,,,,
multiple_choice,PP1-MATH-X.105_Skip_Counting_by_2s_Challenge_105,When skip counting by 2s, how many step forward each time?,sc2_q5.webp,audio_sk5.mp3,1,2,1,5,,,1,,,,,,,
multiple_choice,PP1-MATH-X.105_Skip_Counting_by_2s_Challenge_105,Which number belongs in skip counting by 2s: 2 4 6...?,sc2_q6.webp,audio_sk6.mp3,1,8,3,5,,,1,,,,,,,
count_objects,PP1-MATH-X.105_Skip_Counting_by_2s_Challenge_105,Count 10 star badges in pairs of 2!,sc2_count1.webp,audio_sk7.mp3,1,10,8,12,,⭐,10,,,,,,,
count_objects,PP1-MATH-X.105_Skip_Counting_by_2s_Challenge_105,Count 16 zebras in pairs of 2!,sc2_count2.webp,audio_sk8.mp3,1,16,14,18,,🦓,16,,,,,,,
count_objects,PP1-MATH-X.105_Skip_Counting_by_2s_Challenge_105,Count 20 trophy medals in pairs of 2!,sc2_count3.webp,audio_sk9.mp3,1,20,18,19,,🏆,20,,,,,,,
speak_repeat,PP1-MATH-X.105_Skip_Counting_by_2s_Challenge_105,Say out loud clearly: TWO FOUR SIX EIGHT TEN TWELVE FOURTEEN SIXTEEN EIGHTEEN TWENTY!,speak_sk1.webp,audio_sk10.mp3,1,Two Four Six Eight Ten Twelve Fourteen Sixteen Eighteen Twenty,,,,,,Two Four Six Eight Ten Twelve Fourteen Sixteen Eighteen Twenty,,,,,,,
speak_repeat,PP1-MATH-X.105_Skip_Counting_by_2s_Challenge_105,Say out loud clearly: I CAN SKIP COUNT BY TWOS TO TWENTY!,speak_sk2.webp,audio_sk11.mp3,1,I Can Skip Count By Twos To Twenty,,,,,,I Can Skip Count By Twos To Twenty,,,,,,,
matching,PP1-MATH-X.105_Skip_Counting_by_2s_Challenge_105,Match 2s skip count steps!,,,1,,,,,,,,2 4,6,8 10,12,14 16,18
matching,PP1-MATH-X.105_Skip_Counting_by_2s_Challenge_105,Match 2s sequence targets!,,,1,,,,,,,,18,20,6,8,10,12
multiple_choice,PP1-MATH-X.106_3D_Shapes_Cylinder_and_Cone_106,Which 3D shape looks like a soup can?,cc6_q1.webp,audio_cc1.mp3,1,CYLINDER,CONE,SPHERE,,,1,,,,,,,
multiple_choice,PP1-MATH-X.106_3D_Shapes_Cylinder_and_Cone_106,Which 3D shape looks like a pointy party hat?,cc6_q2.webp,audio_cc2.mp3,1,CONE,CYLINDER,CUBE,,,1,,,,,,,
multiple_choice,PP1-MATH-X.106_3D_Shapes_Cylinder_and_Cone_106,An ice cream cone is shaped like a...?,cc6_q3.webp,audio_cc3.mp3,1,CONE,CYLINDER,SPHERE,,,1,,,,,,,
multiple_choice,PP1-MATH-X.106_3D_Shapes_Cylinder_and_Cone_106,A wooden log or tin can is shaped like a...?,cc6_q4.webp,audio_cc4.mp3,1,CYLINDER,CONE,CUBE,,,1,,,,,,,
multiple_choice,PP1-MATH-X.106_3D_Shapes_Cylinder_and_Cone_106,Does a cylinder have 2 flat circle ends?,cc6_q5.webp,audio_cc5.mp3,1,YES,NO,NEVER,,,1,,,,,,,
multiple_choice,PP1-MATH-X.106_3D_Shapes_Cylinder_and_Cone_106,Does a cone have a pointy top?,cc6_q6.webp,audio_cc6.mp3,1,YES,NO,NEVER,,,1,,,,,,,
count_objects,PP1-MATH-X.106_3D_Shapes_Cylinder_and_Cone_106,Count 4 festive party hat cones!,cc6_count1.webp,audio_cc7.mp3,1,4,2,5,,🎉,4,,,,,,,
count_objects,PP1-MATH-X.106_3D_Shapes_Cylinder_and_Cone_106,Count 3 soup can cylinders!,cc6_count2.webp,audio_cc8.mp3,1,3,1,4,,🥫,3,,,,,,,
count_objects,PP1-MATH-X.106_3D_Shapes_Cylinder_and_Cone_106,Count 2 traffic safety cones!,cc6_count3.webp,audio_cc9.mp3,1,2,1,3,,⚠️,2,,,,,,,
speak_repeat,PP1-MATH-X.106_3D_Shapes_Cylinder_and_Cone_106,Say out loud clearly: CYLINDERS LOOK LIKE CANS AND CONES HAVE POINTY TOPS!,speak_cc1.webp,audio_cc10.mp3,1,Cylinders Look Like Cans And Cones Have Pointy Tops,,,,,,Cylinders Look Like Cans And Cones Have Pointy Tops,,,,,,,
speak_repeat,PP1-MATH-X.106_3D_Shapes_Cylinder_and_Cone_106,Say out loud clearly: PARTY HATS ARE CONES AND LOGS ARE CYLINDERS!,speak_cc2.webp,audio_cc11.mp3,1,Party Hats Are Cones And Logs Are Cylinders,,,,,,Party Hats Are Cones And Logs Are Cylinders,,,,,,,
matching,PP1-MATH-X.106_3D_Shapes_Cylinder_and_Cone_106,Match items to 3D shape!,,,1,,,,,,,,Can 🥫,CYLINDER,Party Hat 🎉,CONE,Log 🪵,CYLINDER
matching,PP1-MATH-X.106_3D_Shapes_Cylinder_and_Cone_106,Match shape features!,,,1,,,,,,,,Pointy top,CONE,2 circle ends,CYLINDER,Ice cream,CONE
multiple_choice,PP1-MATH-X.107_Patterns_AABB_Growing_Sequence_107,Dino Dino Egg Egg... Dino Dino... What comes next?,p107_q1.webp,audio_p1.mp3,1,EGG,DINO,TREE,,,1,,,,,,,
multiple_choice,PP1-MATH-X.107_Patterns_AABB_Growing_Sequence_107,1 star... 2 stars... 3 stars... What comes next in growing pattern?,p107_q2.webp,audio_p2.mp3,1,4,2,1,,,1,,,,,,,
multiple_choice,PP1-MATH-X.107_Patterns_AABB_Growing_Sequence_107,In AABB pattern Star Star Moon Moon, how many stars together?,p107_q3.webp,audio_p3.mp3,1,2,1,3,,,1,,,,,,,
multiple_choice,PP1-MATH-X.107_Patterns_AABB_Growing_Sequence_107,Growing patterns get...?,p107_q4.webp,audio_p4.mp3,1,BIGGER,SMALLER,SAME,,,1,,,,,,,
multiple_choice,PP1-MATH-X.107_Patterns_AABB_Growing_Sequence_107,1 egg... 2 eggs... What is the next growing step?,p107_q5.webp,audio_p5.mp3,1,3,1,0,,,1,,,,,,,
multiple_choice,PP1-MATH-X.107_Patterns_AABB_Growing_Sequence_107,Dino Dino Egg... What is missing to make AABB pattern?,p107_q6.webp,audio_p6.mp3,1,EGG,DINO,LEAF,,,1,,,,,,,
count_objects,PP1-MATH-X.107_Patterns_AABB_Growing_Sequence_107,Count 4 items in one AABB pattern set!,p107_count1.webp,audio_p7.mp3,1,4,2,3,,🦖,4,,,,,,,
count_objects,PP1-MATH-X.107_Patterns_AABB_Growing_Sequence_107,Count 3 stars in step three of growing pattern!,p107_count2.webp,audio_p8.mp3,1,3,2,4,,⭐,3,,,,,,,
count_objects,PP1-MATH-X.107_Patterns_AABB_Growing_Sequence_107,Count 2 dino eggs in the AABB set!,p107_count3.webp,audio_p9.mp3,1,2,1,4,,🥚,2,,,,,,,
speak_repeat,PP1-MATH-X.107_Patterns_AABB_Growing_Sequence_107,Say out loud clearly: AABB PATTERNS AND GROWING PATTERNS!,speak_p1.webp,audio_p10.mp3,1,AABB Patterns And Growing Patterns,,,,,,AABB Patterns And Growing Patterns,,,,,,,
speak_repeat,PP1-MATH-X.107_Patterns_AABB_Growing_Sequence_107,Say out loud clearly: ONE TWO THREE FOUR GROWING SEQUENCE!,speak_p2.webp,audio_p11.mp3,1,One Two Three Four Growing Sequence,,,,,,One Two Three Four Growing Sequence,,,,,,,
matching,PP1-MATH-X.107_Patterns_AABB_Growing_Sequence_107,Match AABB sequence items!,,,1,,,,,,,,AA,DINO,BB,EGG,Rule,AABB
matching,PP1-MATH-X.107_Patterns_AABB_Growing_Sequence_107,Match growing pattern steps!,,,1,,,,,,,,Step 1,1,Step 2,2,Step 3,3
multiple_choice,PP1-MATH-X.108_Measurement_Full_vs_Empty_Bottle_108,A water bottle filled to the top is...?,fve_q1.webp,audio_fe1.mp3,1,FULL,EMPTY,LIGHT,,,1,,,,,,,
multiple_choice,PP1-MATH-X.108_Measurement_Full_vs_Empty_Bottle_108,A water bottle with no water inside is...?,fve_q2.webp,audio_fe2.mp3,1,EMPTY,FULL,HEAVY,,,1,,,,,,,
multiple_choice,PP1-MATH-X.108_Measurement_Full_vs_Empty_Bottle_108,A jar filled right to the middle is...?,fve_q3.webp,audio_fe3.mp3,1,HALF,FULL,EMPTY,,,1,,,,,,,
multiple_choice,PP1-MATH-X.108_Measurement_Full_vs_Empty_Bottle_108,Which bottle holds the MOST liquid?,fve_q4.webp,audio_fe4.mp3,1,FULL,EMPTY,HALF,,,1,,,,,,,
multiple_choice,PP1-MATH-X.108_Measurement_Full_vs_Empty_Bottle_108,Which cup has zero juice inside?,fve_q5.webp,audio_fe5.mp3,1,EMPTY,FULL,HALF,,,1,,,,,,,
multiple_choice,PP1-MATH-X.108_Measurement_Full_vs_Empty_Bottle_108,What word describes an empty container?,fve_q6.webp,audio_fe6.mp3,1,EMPTY,FULL,LONG,,,1,,,,,,,
count_objects,PP1-MATH-X.108_Measurement_Full_vs_Empty_Bottle_108,Count 4 full water bottles!,fve_count1.webp,audio_fe7.mp3,1,4,2,3,,🧴,4,,,,,,,
count_objects,PP1-MATH-X.108_Measurement_Full_vs_Empty_Bottle_108,Count 2 empty bottles on the shelf!,fve_count2.webp,audio_fe8.mp3,1,2,1,4,,🍾,2,,,,,,,
count_objects,PP1-MATH-X.108_Measurement_Full_vs_Empty_Bottle_108,Count 3 full juice cups!,fve_count3.webp,audio_fe9.mp3,1,3,1,5,,🥤,3,,,,,,,
speak_repeat,PP1-MATH-X.108_Measurement_Full_vs_Empty_Bottle_108,Say out loud clearly: FULL BOTTLE AND EMPTY BOTTLE!,speak_fe1.webp,audio_fe10.mp3,1,Full Bottle And Empty Bottle,,,,,,Full Bottle And Empty Bottle,,,,,,,
speak_repeat,PP1-MATH-X.108_Measurement_Full_vs_Empty_Bottle_108,Say out loud clearly: CAPACITY MEANS FULL OR EMPTY!,speak_fe2.webp,audio_fe11.mp3,1,Capacity Means Full Or Empty,,,,,,Capacity Means Full Or Empty,,,,,,,
matching,PP1-MATH-X.108_Measurement_Full_vs_Empty_Bottle_108,Match bottle state!,,,1,,,,,,,,Top 🧴,FULL,Zero 🍾,EMPTY,Middle 🥤,HALF
matching,PP1-MATH-X.108_Measurement_Full_vs_Empty_Bottle_108,Match capacity opposites!,,,1,,,,,,,,Full,EMPTY,Empty,FULL,Zero,EMPTY
multiple_choice,PP1-MATH-X.109_Spatial_In_Front_vs_Behind_109,The leader walks at the head of the trail. Is it in front or behind?,fb9_q1.webp,audio_fb1.mp3,1,FRONT,BEHIND,ABOVE,,,1,,,,,,,
multiple_choice,PP1-MATH-X.109_Spatial_In_Front_vs_Behind_109,A puppy hiding behind a tree is...?,fb9_q2.webp,audio_fb2.mp3,1,BEHIND,FRONT,BELOW,,,1,,,,,,,
multiple_choice,PP1-MATH-X.109_Spatial_In_Front_vs_Behind_109,The runner standing at the very front of the line is...?,fb9_q3.webp,audio_fb3.mp3,1,FRONT,BEHIND,INSIDE,,,1,,,,,,,
multiple_choice,PP1-MATH-X.109_Spatial_In_Front_vs_Behind_109,If you follow someone in a line, you walk...?,fb9_q4.webp,audio_fb4.mp3,1,BEHIND,FRONT,ABOVE,,,1,,,,,,,
multiple_choice,PP1-MATH-X.109_Spatial_In_Front_vs_Behind_109,The driver sits at the ___ of the bus.,fb9_q5.webp,audio_fb5.mp3,1,FRONT,BEHIND,OUTSIDE,,,1,,,,,,,
multiple_choice,PP1-MATH-X.109_Spatial_In_Front_vs_Behind_109,Where is the sun hidden when behind a cloud?,fb9_q6.webp,audio_fb6.mp3,1,BEHIND,FRONT,LEFT,,,1,,,,,,,
count_objects,PP1-MATH-X.109_Spatial_In_Front_vs_Behind_109,Count 3 kids standing in front!,fb9_count1.webp,audio_fb7.mp3,1,3,2,4,,🚶,3,,,,,,,
count_objects,PP1-MATH-X.109_Spatial_In_Front_vs_Behind_109,Count 2 trees behind the house!,fb9_count2.webp,audio_fb8.mp3,1,2,1,5,,🌴,2,,,,,,,
count_objects,PP1-MATH-X.109_Spatial_In_Front_vs_Behind_109,Count 4 cars parked in front!,fb9_count3.webp,audio_fb9.mp3,1,4,3,5,,🚗,4,,,,,,,
speak_repeat,PP1-MATH-X.109_Spatial_In_Front_vs_Behind_109,Say out loud clearly: IN FRONT AND BEHIND!,speak_fb1.webp,audio_fb10.mp3,1,In Front And Behind,,,,,,In Front And Behind,,,,,,,
speak_repeat,PP1-MATH-X.109_Spatial_In_Front_vs_Behind_109,Say out loud clearly: LEADER IS IN FRONT!,speak_fb2.webp,audio_fb11.mp3,1,Leader Is In Front,,,,,,Leader Is In Front,,,,,,,
matching,PP1-MATH-X.109_Spatial_In_Front_vs_Behind_109,Match positions!,,,1,,,,,,,,Leader,FRONT,Follower,BEHIND,First,FRONT
matching,PP1-MATH-X.109_Spatial_In_Front_vs_Behind_109,Match spatial terms!,,,1,,,,,,,,Front,FRONT,Behind,BEHIND,Back,BEHIND
multiple_choice,PP1-MATH-X.110_Data_Sort_Shapes_by_Size_110,A giant elephant block is big. A tiny mouse block is...?,ss10_q1.webp,audio_ss1.mp3,1,SMALL,BIG,SAME,,,1,,,,,,,
multiple_choice,PP1-MATH-X.110_Data_Sort_Shapes_by_Size_110,A huge star block belongs in the ___ group.,ss10_q2.webp,audio_ss2.mp3,1,BIG,SMALL,FEWER,,,1,,,,,,,
multiple_choice,PP1-MATH-X.110_Data_Sort_Shapes_by_Size_110,A tiny circle block belongs in the ___ group.,ss10_q3.webp,audio_ss3.mp3,1,SMALL,BIG,MORE,,,1,,,,,,,
multiple_choice,PP1-MATH-X.110_Data_Sort_Shapes_by_Size_110,Sorting by size means putting big with big and small with...?,ss10_q4.webp,audio_ss4.mp3,1,SMALL,BIG,RED,,,1,,,,,,,
multiple_choice,PP1-MATH-X.110_Data_Sort_Shapes_by_Size_110,Which shape is BIG: a mountain block or a tiny marble?,ss10_q5.webp,audio_ss5.mp3,1,MOUNTAIN,MARBLE,SAME,,,1,,,,,,,
multiple_choice,PP1-MATH-X.110_Data_Sort_Shapes_by_Size_110,Which shape is SMALL: an ant block or a house block?,ss10_q6.webp,audio_ss6.mp3,1,ANT,HOUSE,SAME,,,1,,,,,,,
count_objects,PP1-MATH-X.110_Data_Sort_Shapes_by_Size_110,Count 3 big shapes in the large box!,ss10_count1.webp,audio_ss7.mp3,1,3,1,4,,🟥,3,,,,,,,
count_objects,PP1-MATH-X.110_Data_Sort_Shapes_by_Size_110,Count 5 small shapes in the tiny box!,ss10_count2.webp,audio_ss8.mp3,1,5,3,4,,🔹,5,,,,,,,
count_objects,PP1-MATH-X.110_Data_Sort_Shapes_by_Size_110,Count 2 big star blocks!,ss10_count3.webp,audio_ss9.mp3,1,2,1,3,,⭐,2,,,,,,,
speak_repeat,PP1-MATH-X.110_Data_Sort_Shapes_by_Size_110,Say out loud clearly: SORTING SHAPES BY BIG AND SMALL!,speak_ss1.webp,audio_ss10.mp3,1,Sorting Shapes By Big And Small,,,,,,Sorting Shapes By Big And Small,,,,,,,
speak_repeat,PP1-MATH-X.110_Data_Sort_Shapes_by_Size_110,Say out loud clearly: BIG SHAPES HERE SMALL SHAPES THERE!,speak_ss2.webp,audio_ss11.mp3,1,Big Shapes Here Small Shapes There,,,,,,Big Shapes Here Small Shapes There,,,,,,,
matching,PP1-MATH-X.110_Data_Sort_Shapes_by_Size_110,Match shapes to size!,,,1,,,,,,,,Giant 🟥,BIG,Tiny 🔹,SMALL,Huge ⭐,BIG
matching,PP1-MATH-X.110_Data_Sort_Shapes_by_Size_110,Match size terms!,,,1,,,,,,,,Big,BIG,Small,SMALL,Little,SMALL
multiple_choice,PP1-MATH-X.111_Word_Story_Addition_Sum_10_111,Sam has 3 apples. Pam gives him 2 more. How many total?,w111_q1.webp,audio_ws1.mp3,1,5,3,2,,,1,,,,,,,
multiple_choice,PP1-MATH-X.111_Word_Story_Addition_Sum_10_111,4 birds on a tree. 4 more fly in. How many total?,w111_q2.webp,audio_ws2.mp3,1,8,4,6,,,1,,,,,,,
multiple_choice,PP1-MATH-X.111_Word_Story_Addition_Sum_10_111,Leo has 6 toy cars. He gets 1 more. Total?,w111_q3.webp,audio_ws3.mp3,1,7,6,8,,,1,,,,,,,
multiple_choice,PP1-MATH-X.111_Word_Story_Addition_Sum_10_111,5 fish in a pond. 3 more swim over. Total?,w111_q4.webp,audio_ws4.mp3,1,8,5,7,,,1,,,,,,,
multiple_choice,PP1-MATH-X.111_Word_Story_Addition_Sum_10_111,2 cats on a wall. 3 more join them. Total?,w111_q5.webp,audio_ws5.mp3,1,5,2,4,,,1,,,,,,,
multiple_choice,PP1-MATH-X.111_Word_Story_Addition_Sum_10_111,7 stars shine. 3 more appear. Total?,w111_q6.webp,audio_ws6.mp3,1,10,7,9,,,1,,,,,,,
count_objects,PP1-MATH-X.111_Word_Story_Addition_Sum_10_111,Count 5 story apples in Sam's basket!,w111_count1.webp,audio_ws7.mp3,1,5,3,4,,🍎,5,,,,,,,
count_objects,PP1-MATH-X.111_Word_Story_Addition_Sum_10_111,Count 8 total story birds on tree!,w111_count2.webp,audio_ws8.mp3,1,8,6,10,,🐦,8,,,,,,,
count_objects,PP1-MATH-X.111_Word_Story_Addition_Sum_10_111,Count 10 total shiny story stars!,w111_count3.webp,audio_ws9.mp3,1,10,7,9,,⭐,10,,,,,,,
speak_repeat,PP1-MATH-X.111_Word_Story_Addition_Sum_10_111,Say out loud clearly: THREE PLUS TWO IS FIVE APPLES!,speak_ws1.webp,audio_ws10.mp3,1,Three Plus Two Is Five Apples,,,,,,Three Plus Two Is Five Apples,,,,,,,
speak_repeat,PP1-MATH-X.111_Word_Story_Addition_Sum_10_111,Say out loud clearly: WORD STORY ADDITION SUMS TO TEN!,speak_ws2.webp,audio_ws11.mp3,1,Word Story Addition Sums To Ten,,,,,,Word Story Addition Sums To Ten,,,,,,,
matching,PP1-MATH-X.111_Word_Story_Addition_Sum_10_111,Match story math problems!,,,1,,,,,,,,3+2,5,4+4,8,6+1,7
matching,PP1-MATH-X.111_Word_Story_Addition_Sum_10_111,Match story addition sums!,,,1,,,,,,,,5+3,8,2+3,5,7+3,10
multiple_choice,PP1-MATH-X.112_Dinosaur_Skip_Counting_Tracks_112,Dino tracks skip count: 2 4 6... what comes next?,dst_q1.webp,audio_dt1.mp3,1,8,7,9,,,1,,,,,,,
multiple_choice,PP1-MATH-X.112_Dinosaur_Skip_Counting_Tracks_112,Dino tracks skip count: 10 12 14... what comes next?,dst_q2.webp,audio_dt2.mp3,1,16,15,18,,,1,,,,,,,
multiple_choice,PP1-MATH-X.112_Dinosaur_Skip_Counting_Tracks_112,Dino tracks skip count: 16 18... what comes next up to 20?,dst_q3.webp,audio_dt3.mp3,1,20,19,17,,,1,,,,,,,
multiple_choice,PP1-MATH-X.112_Dinosaur_Skip_Counting_Tracks_112,What is the first step in dino track skip counting?,dst_q4.webp,audio_dt4.mp3,1,2,1,0,,,1,,,,,,,
multiple_choice,PP1-MATH-X.112_Dinosaur_Skip_Counting_Tracks_112,When dinos skip count by 2s, how many footprints per hop?,dst_q5.webp,audio_dt5.mp3,1,2,1,5,,,1,,,,,,,
multiple_choice,PP1-MATH-X.112_Dinosaur_Skip_Counting_Tracks_112,Which number belongs in 2s dino count: 2 4 6 8...?,dst_q6.webp,audio_dt6.mp3,1,10,3,5,,,1,,,,,,,
count_objects,PP1-MATH-X.112_Dinosaur_Skip_Counting_Tracks_112,Count 12 dino tracks in pairs of 2!,dst_count1.webp,audio_dt7.mp3,1,12,10,14,,🐾,12,,,,,,,
count_objects,PP1-MATH-X.112_Dinosaur_Skip_Counting_Tracks_112,Count 16 dino eggs in pairs of 2!,dst_count2.webp,audio_dt8.mp3,1,16,14,18,,🥚,16,,,,,,,
count_objects,PP1-MATH-X.112_Dinosaur_Skip_Counting_Tracks_112,Count 20 green dinos in pairs of 2!,dst_count3.webp,audio_dt9.mp3,1,20,18,19,,🦕,20,,,,,,,
speak_repeat,PP1-MATH-X.112_Dinosaur_Skip_Counting_Tracks_112,Say out loud clearly: DINOSAUR FOOTPRINT SKIP COUNTING BY TWOS!,speak_dt1.webp,audio_dt10.mp3,1,Dinosaur Footprint Skip Counting By Twos,,,,,,Dinosaur Footprint Skip Counting By Twos,,,,,,,
speak_repeat,PP1-MATH-X.112_Dinosaur_Skip_Counting_Tracks_112,Say out loud clearly: TWO FOUR SIX EIGHT TEN TWELVE FOURTEEN SIXTEEN EIGHTEEN TWENTY!,speak_dt2.webp,audio_dt11.mp3,1,Two Four Six Eight Ten Twelve Fourteen Sixteen Eighteen Twenty,,,,,,Two Four Six Eight Ten Twelve Fourteen Sixteen Eighteen Twenty,,,,,,,
matching,PP1-MATH-X.112_Dinosaur_Skip_Counting_Tracks_112,Match dino skip count steps!,,,1,,,,,,,,2 4,6,8 10,12,14 16,18
matching,PP1-MATH-X.112_Dinosaur_Skip_Counting_Tracks_112,Match 2s track targets!,,,1,,,,,,,,18,20,10,12,4,6
multiple_choice,PP1-MATH-X.113_Pirate_Treasure_Number_Line_113,On the pirate number line, what number comes after 11?,ptn_q1.webp,audio_p1.mp3,1,12,10,13,,,1,,,,,,,
multiple_choice,PP1-MATH-X.113_Pirate_Treasure_Number_Line_113,What number comes right before 15 on the treasure map?,ptn_q2.webp,audio_p2.mp3,1,14,13,16,,,1,,,,,,,
multiple_choice,PP1-MATH-X.113_Pirate_Treasure_Number_Line_113,Count pirate steps: 17 18... what comes next?,ptn_q3.webp,audio_p3.mp3,1,19,20,16,,,1,,,,,,,
multiple_choice,PP1-MATH-X.113_Pirate_Treasure_Number_Line_113,What is the final number at the treasure chest?,ptn_q4.webp,audio_p4.mp3,1,20,10,15,,,1,,,,,,,
multiple_choice,PP1-MATH-X.113_Pirate_Treasure_Number_Line_113,What number is between 8 and 10 on the map?,ptn_q5.webp,audio_p5.mp3,1,9,7,11,,,1,,,,,,,
multiple_choice,PP1-MATH-X.113_Pirate_Treasure_Number_Line_113,What is the first starting number on the pirate map?,ptn_q6.webp,audio_p6.mp3,1,0,1,5,,,1,,,,,,,
count_objects,PP1-MATH-X.113_Pirate_Treasure_Number_Line_113,Count 12 steps along the pirate map!,ptn_count1.webp,audio_p7.mp3,1,12,10,14,,👣,12,,,,,,,
count_objects,PP1-MATH-X.113_Pirate_Treasure_Number_Line_113,Count 15 treasure island flags!,ptn_count2.webp,audio_p8.mp3,1,15,12,16,,🚩,15,,,,,,,
count_objects,PP1-MATH-X.113_Pirate_Treasure_Number_Line_113,Count 20 golden pirate coins on line!,ptn_count3.webp,audio_p9.mp3,1,20,18,19,,🪙,20,,,,,,,
speak_repeat,PP1-MATH-X.113_Pirate_Treasure_Number_Line_113,Say out loud clearly: PIRATE TREASURE MAP NUMBER LINE ZERO TO TWENTY!,speak_p1.webp,audio_p10.mp3,1,Pirate Treasure Map Number Line Zero To Twenty,,,,,,Pirate Treasure Map Number Line Zero To Twenty,,,,,,,
speak_repeat,PP1-MATH-X.113_Pirate_Treasure_Number_Line_113,Say out loud clearly: FOLLOW THE NUMBER MAP TO THE TREASURE!,speak_p2.webp,audio_p11.mp3,1,Follow The Number Map To The Treasure,,,,,,Follow The Number Map To The Treasure,,,,,,,
matching,PP1-MATH-X.113_Pirate_Treasure_Number_Line_113,Match pirate number line spots!,,,1,,,,,,,,11,12,14,15,19,20
matching,PP1-MATH-X.113_Pirate_Treasure_Number_Line_113,Match map steps!,,,1,,,,,,,,0,0,10,10,20,20
multiple_choice,PP1-MATH-X.114_Space_Alien_3D_Shape_Search_114,Alien planet rock looks like a round ball. What 3D shape is it?,sa114_q1.webp,audio_sa1.mp3,1,SPHERE,CUBE,CONE,,,1,,,,,,,
multiple_choice,PP1-MATH-X.114_Space_Alien_3D_Shape_Search_114,Alien space box looks like a square cube. What shape is it?,sa114_q2.webp,audio_sa2.mp3,1,CUBE,SPHERE,CYLINDER,,,1,,,,,,,
multiple_choice,PP1-MATH-X.114_Space_Alien_3D_Shape_Search_114,Alien party hat in space is shaped like a...?,sa114_q3.webp,audio_sa3.mp3,1,CONE,CYLINDER,CUBE,,,1,,,,,,,
multiple_choice,PP1-MATH-X.114_Space_Alien_3D_Shape_Search_114,Alien rocket fuel can is shaped like a...?,sa114_q4.webp,audio_sa4.mp3,1,CYLINDER,SPHERE,CONE,,,1,,,,,,,
multiple_choice,PP1-MATH-X.114_Space_Alien_3D_Shape_Search_114,Which 3D shape has 6 flat square faces on alien ship?,sa114_q5.webp,audio_sa5.mp3,1,CUBE,CONE,SPHERE,,,1,,,,,,,
multiple_choice,PP1-MATH-X.114_Space_Alien_3D_Shape_Search_114,Which 3D shape rolls smoothly across space?,sa114_q6.webp,audio_sa6.mp3,1,SPHERE,CUBE,BOX,,,1,,,,,,,
count_objects,PP1-MATH-X.114_Space_Alien_3D_Shape_Search_114,Count 4 alien sphere planets!,sa114_count1.webp,audio_sa7.mp3,1,4,2,5,,🪐,4,,,,,,,
count_objects,PP1-MATH-X.114_Space_Alien_3D_Shape_Search_114,Count 3 alien cube supply boxes!,sa114_count2.webp,audio_sa8.mp3,1,3,1,4,,📦,3,,,,,,,
count_objects,PP1-MATH-X.114_Space_Alien_3D_Shape_Search_114,Count 2 alien cone hats!,sa114_count3.webp,audio_sa9.mp3,1,2,1,3,,🎉,2,,,,,,,
speak_repeat,PP1-MATH-X.114_Space_Alien_3D_Shape_Search_114,Say out loud clearly: ALIEN SPACE 3D SHAPES SPHERE CUBE CONE CYLINDER!,speak_sa1.webp,audio_sa10.mp3,1,Alien Space 3D Shapes Sphere Cube Cone Cylinder,,,,,,Alien Space 3D Shapes Sphere Cube Cone Cylinder,,,,,,,
speak_repeat,PP1-MATH-X.114_Space_Alien_3D_Shape_Search_114,Say out loud clearly: PLANETS ARE SPHERES AND BOXES ARE CUBES!,speak_sa2.webp,audio_sa11.mp3,1,Planets Are Spheres And Boxes Are Cubes,,,,,,Planets Are Spheres And Boxes Are Cubes,,,,,,,
matching,PP1-MATH-X.114_Space_Alien_3D_Shape_Search_114,Match alien 3D objects!,,,1,,,,,,,,Planet 🪐,SPHERE,Box 📦,CUBE,Fuel Can 🥫,CYLINDER
matching,PP1-MATH-X.114_Space_Alien_3D_Shape_Search_114,Match space shapes!,,,1,,,,,,,,Cone 🎉,CONE,Sphere 🪐,SPHERE,Cube 📦,CUBE
multiple_choice,PP1-MATH-X.115_Circus_Clown_Pattern_Juggle_115,Clown juggles: Red Blue Green... Red Blue Green... What is next?,ccj_q1.webp,audio_cj1.mp3,1,RED,BLUE,GREEN,,,1,,,,,,,
multiple_choice,PP1-MATH-X.115_Circus_Clown_Pattern_Juggle_115,Clown juggles: Ball Ball Hat Hat... Ball Ball... What is next?,ccj_q2.webp,audio_cj2.mp3,1,HAT,BALL,CLOWN,,,1,,,,,,,
multiple_choice,PP1-MATH-X.115_Circus_Clown_Pattern_Juggle_115,What pattern rule is Red Blue Green Red Blue Green?,ccj_q3.webp,audio_cj3.mp3,1,ABC,AABB,AB,,,1,,,,,,,
multiple_choice,PP1-MATH-X.115_Circus_Clown_Pattern_Juggle_115,What pattern rule is Ball Ball Hat Hat?,ccj_q4.webp,audio_cj4.mp3,1,AABB,ABC,AB,,,1,,,,,,,
multiple_choice,PP1-MATH-X.115_Circus_Clown_Pattern_Juggle_115,Red Blue Green Red... What color ball is next in ABC pattern?,ccj_q5.webp,audio_cj5.mp3,1,BLUE,GREEN,RED,,,1,,,,,,,
multiple_choice,PP1-MATH-X.115_Circus_Clown_Pattern_Juggle_115,Ball Ball Hat... What is missing to complete AABB pattern?,ccj_q6.webp,audio_cj6.mp3,1,HAT,BALL,STAR,,,1,,,,,,,
count_objects,PP1-MATH-X.115_Circus_Clown_Pattern_Juggle_115,Count 6 juggling balls in ABC pattern!,ccj_count1.webp,audio_cj7.mp3,1,6,3,5,,🤹,6,,,,,,,
count_objects,PP1-MATH-X.115_Circus_Clown_Pattern_Juggle_115,Count 4 circus hats in AABB pattern!,ccj_count2.webp,audio_cj8.mp3,1,4,2,5,,🎪,4,,,,,,,
count_objects,PP1-MATH-X.115_Circus_Clown_Pattern_Juggle_115,Count 3 clown noses in row!,ccj_count3.webp,audio_cj9.mp3,1,3,1,4,,🔴,3,,,,,,,
speak_repeat,PP1-MATH-X.115_Circus_Clown_Pattern_Juggle_115,Say out loud clearly: CIRCUS CLOWN JUGGLING PATTERNS!,speak_cj1.webp,audio_cj10.mp3,1,Circus Clown Juggling Patterns,,,,,,Circus Clown Juggling Patterns,,,,,,,
speak_repeat,PP1-MATH-X.115_Circus_Clown_Pattern_Juggle_115,Say out loud clearly: ABC AND AABB PATTERNS ARE FUN!,speak_cj2.webp,audio_cj11.mp3,1,ABC And AABB Patterns Are Fun,,,,,,ABC And AABB Patterns Are Fun,,,,,,,
matching,PP1-MATH-X.115_Circus_Clown_Pattern_Juggle_115,Match clown pattern sequences!,,,1,,,,,,,,Red Blue Green,ABC,Ball Ball Hat Hat,AABB,Red Blue,AB
matching,PP1-MATH-X.115_Circus_Clown_Pattern_Juggle_115,Match juggling items!,,,1,,,,,,,,Ball 🤹,BALL,Hat 🎪,HAT,Nose 🔴,RED
multiple_choice,PP1-MATH-X.116_Superhero_Shield_Number_Match_116,Which superhero shield has number 16 on it?,sn116_q1.webp,audio_sm1.mp3,1,16,14,18,,,1,,,,,,,
multiple_choice,PP1-MATH-X.116_Superhero_Shield_Number_Match_116,Which shield number comes after 18?,sn116_q2.webp,audio_sm2.mp3,1,19,17,20,,,1,,,,,,,
multiple_choice,PP1-MATH-X.116_Superhero_Shield_Number_Match_116,Which shield number comes right before 20?,sn116_q3.webp,audio_sm3.mp3,1,19,18,17,,,1,,,,,,,
multiple_choice,PP1-MATH-X.116_Superhero_Shield_Number_Match_116,Find the superhero shield with number 15!,sn116_q4.webp,audio_sm4.mp3,1,15,12,14,,,1,,,,,,,
multiple_choice,PP1-MATH-X.116_Superhero_Shield_Number_Match_116,What shield number comes between 12 and 14?,sn116_q5.webp,audio_sm5.mp3,1,13,11,15,,,1,,,,,,,
multiple_choice,PP1-MATH-X.116_Superhero_Shield_Number_Match_116,What is the highest power shield number up to 20?,sn116_q6.webp,audio_sm6.mp3,1,20,10,15,,,1,,,,,,,
count_objects,PP1-MATH-X.116_Superhero_Shield_Number_Match_116,Count 16 superhero power shields!,sn116_count1.webp,audio_sm7.mp3,1,16,14,18,,🛡️,16,,,,,,,
count_objects,PP1-MATH-X.116_Superhero_Shield_Number_Match_116,Count 19 superhero star badges!,sn116_count2.webp,audio_sm8.mp3,1,19,17,20,,⭐,19,,,,,,,
count_objects,PP1-MATH-X.116_Superhero_Shield_Number_Match_116,Count 20 superhero power masks!,sn116_count3.webp,audio_sm9.mp3,1,20,18,19,,🎭,20,,,,,,,
speak_repeat,PP1-MATH-X.116_Superhero_Shield_Number_Match_116,Say out loud clearly: SUPERHERO SHIELD NUMBER MATCH UP TO TWENTY!,speak_sm1.webp,audio_sm10.mp3,1,Superhero Shield Number Match Up To Twenty,,,,,,Superhero Shield Number Match Up To Twenty,,,,,,,
speak_repeat,PP1-MATH-X.116_Superhero_Shield_Number_Match_116,Say out loud clearly: NINETEEN AND TWENTY SUPERHERO POWER!,speak_sm2.webp,audio_sm11.mp3,1,Nineteen And Twenty Superhero Power,,,,,,Nineteen And Twenty Superhero Power,,,,,,,
matching,PP1-MATH-X.116_Superhero_Shield_Number_Match_116,Match superhero shield numbers!,,,1,,,,,,,,15,15,16,16,20,20
matching,PP1-MATH-X.116_Superhero_Shield_Number_Match_116,Match shield power numbers!,,,1,,,,,,,,13,13,18,18,19,19
multiple_choice,PP1-MATH-X.117_Underwater_Pearl_Addition_117,4 ocean pearls plus 3 ocean pearls equals...?,upa117_q1.webp,audio_up1.mp3,1,7,4,6,,,1,,,,,,,
multiple_choice,PP1-MATH-X.117_Underwater_Pearl_Addition_117,5 shiny pearls plus 5 shiny pearls equals...?,upa117_q2.webp,audio_up2.mp3,1,10,8,9,,,1,,,,,,,
multiple_choice,PP1-MATH-X.117_Underwater_Pearl_Addition_117,6 ocean pearls plus 2 pearls equals...?,upa117_q3.webp,audio_up3.mp3,1,8,6,7,,,1,,,,,,,
multiple_choice,PP1-MATH-X.117_Underwater_Pearl_Addition_117,3 pearls in shell plus 3 pearls in shell equals...?,upa117_q4.webp,audio_up4.mp3,1,6,3,5,,,1,,,,,,,
multiple_choice,PP1-MATH-X.117_Underwater_Pearl_Addition_117,7 pearls plus 2 pearls equals...?,upa117_q5.webp,audio_up5.mp3,1,9,7,8,,,1,,,,,,,
multiple_choice,PP1-MATH-X.117_Underwater_Pearl_Addition_117,1 pearl plus 8 pearls equals...?,upa117_q6.webp,audio_up6.mp3,1,9,8,10,,,1,,,,,,,
count_objects,PP1-MATH-X.117_Underwater_Pearl_Addition_117,Count 7 total shiny ocean pearls!,upa117_count1.webp,audio_up7.mp3,1,7,5,8,,🦪,7,,,,,,,
count_objects,PP1-MATH-X.117_Underwater_Pearl_Addition_117,Count 10 total ocean pearls in clam shells!,upa117_count2.webp,audio_up8.mp3,1,10,8,9,,🦪,10,,,,,,,
count_objects,PP1-MATH-X.117_Underwater_Pearl_Addition_117,Count 8 total glowing underwater pearls!,upa117_count3.webp,audio_up9.mp3,1,8,6,9,,⚪,8,,,,,,,
speak_repeat,PP1-MATH-X.117_Underwater_Pearl_Addition_117,Say out loud clearly: FOUR PEARLS PLUS THREE PEARLS EQUALS SEVEN PEARLS!,speak_up1.webp,audio_up10.mp3,1,Four Pearls Plus Three Pearls Equals Seven Pearls,,,,,,Four Pearls Plus Three Pearls Equals Seven Pearls,,,,,,,
speak_repeat,PP1-MATH-X.117_Underwater_Pearl_Addition_117,Say out loud clearly: FIVE PLUS FIVE EQUALS TEN SHINY PEARLS!,speak_up2.webp,audio_up11.mp3,1,Five Plus Five Equals Ten Shiny Pearls,,,,,,Five Plus Five Equals Ten Shiny Pearls,,,,,,,
matching,PP1-MATH-X.117_Underwater_Pearl_Addition_117,Match pearl additions!,,,1,,,,,,,,4+3,7,5+5,10,6+2,8
matching,PP1-MATH-X.117_Underwater_Pearl_Addition_117,Match pearl sums!,,,1,,,,,,,,3+3,6,7+2,9,1+8,9
multiple_choice,PP1-MATH-X.118_Safari_Animal_Count_Showdown_118,How many total safari animals are in the big herd?,sac118_q1.webp,audio_sa1.mp3,1,15,12,10,,,1,,,,,,,
multiple_choice,PP1-MATH-X.118_Safari_Animal_Count_Showdown_118,Count safari animals: 18 19... what number comes next?,sac118_q2.webp,audio_sa2.mp3,1,20,17,16,,,1,,,,,,,
multiple_choice,PP1-MATH-X.118_Safari_Animal_Count_Showdown_118,What number comes right before 17 safari zebras?,sac118_q3.webp,audio_sa3.mp3,1,16,15,18,,,1,,,,,,,
multiple_choice,PP1-MATH-X.118_Safari_Animal_Count_Showdown_118,Which is MORE: 12 safari lions or 18 safari lions?,sac118_q4.webp,audio_sa4.mp3,1,18,12,SAME,,,1,,,,,,,
multiple_choice,PP1-MATH-X.118_Safari_Animal_Count_Showdown_118,Which is FEWER: 5 elephants or 15 elephants?,sac118_q5.webp,audio_sa5.mp3,1,5,15,SAME,,,1,,,,,,,
multiple_choice,PP1-MATH-X.118_Safari_Animal_Count_Showdown_118,What number comes between 13 and 15 giraffes?,sac118_q6.webp,audio_sa6.mp3,1,14,12,16,,,1,,,,,,,
count_objects,PP1-MATH-X.118_Safari_Animal_Count_Showdown_118,Count 15 safari zebras on the plain!,sac118_count1.webp,audio_sa7.mp3,1,15,12,18,,🦓,15,,,,,,,
count_objects,PP1-MATH-X.118_Safari_Animal_Count_Showdown_118,Count 18 safari elephants walking together!,sac118_count2.webp,audio_sa8.mp3,1,18,15,20,,🐘,18,,,,,,,
count_objects,PP1-MATH-X.118_Safari_Animal_Count_Showdown_118,Count 20 safari lions in the showdown!,sac118_count3.webp,audio_sa9.mp3,1,20,18,19,,🦁,20,,,,,,,
speak_repeat,PP1-MATH-X.118_Safari_Animal_Count_Showdown_118,Say out loud clearly: SAFARI ANIMAL COUNT SHOWDOWN UP TO TWENTY!,speak_sa1.webp,audio_sa10.mp3,1,Safari Animal Count Showdown Up To Twenty,,,,,,Safari Animal Count Showdown Up To Twenty,,,,,,,
speak_repeat,PP1-MATH-X.118_Safari_Animal_Count_Showdown_118,Say out loud clearly: EIGHTEEN ELEPHANTS AND TWENTY LIONS!,speak_sa2.webp,audio_sa11.mp3,1,Eighteen Elephants And Twenty Lions,,,,,,Eighteen Elephants And Twenty Lions,,,,,,,
matching,PP1-MATH-X.118_Safari_Animal_Count_Showdown_118,Match safari animal counts!,,,1,,,,,,,,Zebras 🦓,15,Elephants 🐘,18,Lions 🦁,20
matching,PP1-MATH-X.118_Safari_Animal_Count_Showdown_118,Match showdown numbers!,,,1,,,,,,,,14,14,16,16,19,19
multiple_choice,PP1-MATH-X.119_Kenyan_Shilling_Market_Math_119,An apple costs 5 KES. You give a 5 KES coin. Is that exact pay?,ksm119_q1.webp,audio_sm1.mp3,1,YES,NO,NEVER,,,1,,,,,,,
multiple_choice,PP1-MATH-X.119_Kenyan_Shilling_Market_Math_119,A banana costs 10 KES. Which coin pays for it?,ksm119_q2.webp,audio_sm2.mp3,1,10 KES,1 KES,5 KES,,,1,,,,,,,
multiple_choice,PP1-MATH-X.119_Kenyan_Shilling_Market_Math_119,You buy 1 orange for 5 KES and 1 mango for 5 KES. Total cost?,ksm119_q3.webp,audio_sm3.mp3,1,10 KES,5 KES,20 KES,,,1,,,,,,,
multiple_choice,PP1-MATH-X.119_Kenyan_Shilling_Market_Math_119,What coin has value 20 in Kenya?,ksm119_q4.webp,audio_sm4.mp3,1,20 KES,5 KES,1 KES,,,1,,,,,,,
multiple_choice,PP1-MATH-X.119_Kenyan_Shilling_Market_Math_119,If you have 10 KES and buy fruit for 5 KES, how much is left?,ksm119_q5.webp,audio_sm5.mp3,1,5 KES,10 KES,0 KES,,,1,,,,,,,
multiple_choice,PP1-MATH-X.119_Kenyan_Shilling_Market_Math_119,What currency do we use at market in Kenya?,ksm119_q6.webp,audio_sm6.mp3,1,KES,USD,EUR,,,1,,,,,,,
count_objects,PP1-MATH-X.119_Kenyan_Shilling_Market_Math_119,Count 5 market apples!,ksm119_count1.webp,audio_sm7.mp3,1,5,3,4,,🍎,5,,,,,,,
count_objects,PP1-MATH-X.119_Kenyan_Shilling_Market_Math_119,Count 4 shilling coins!,ksm119_count2.webp,audio_sm8.mp3,1,4,2,5,,🪙,4,,,,,,,
count_objects,PP1-MATH-X.119_Kenyan_Shilling_Market_Math_119,Count 3 yellow market bananas!,ksm119_count3.webp,audio_sm9.mp3,1,3,1,5,,🍌,3,,,,,,,
speak_repeat,PP1-MATH-X.119_Kenyan_Shilling_Market_Math_119,Say out loud clearly: MARKET MATH WITH KENYAN SHILLINGS!,speak_sm1.webp,audio_sm10.mp3,1,Market Math With Kenyan Shillings,,,,,,Market Math With Kenyan Shillings,,,,,,,
speak_repeat,PP1-MATH-X.119_Kenyan_Shilling_Market_Math_119,Say out loud clearly: FIVE KES PLUS FIVE KES EQUALS TEN KES!,speak_sm2.webp,audio_sm11.mp3,1,Five KES Plus Five KES Equals Ten KES,,,,,,Five KES Plus Five KES Equals Ten KES,,,,,,,
matching,PP1-MATH-X.119_Kenyan_Shilling_Market_Math_119,Match fruit market prices!,,,1,,,,,,,,Apple 🍎,5 KES,Banana 🍌,10 KES,Orange 🍊,5 KES
matching,PP1-MATH-X.119_Kenyan_Shilling_Market_Math_119,Match shilling values!,,,1,,,,,,,,5,5 KES,10,10 KES,20,20 KES
multiple_choice,PP1-MATH-X.120_Number_Line_Mastery_0_to_20_120,What number comes right after 16 on the number line?,nlm120_q1.webp,audio_nl1.mp3,1,17,15,18,,,1,,,,,,,
multiple_choice,PP1-MATH-X.120_Number_Line_Mastery_0_to_20_120,What number comes right before 20?,nlm120_q2.webp,audio_nl2.mp3,1,19,18,17,,,1,,,,,,,
multiple_choice,PP1-MATH-X.120_Number_Line_Mastery_0_to_20_120,What number is between 11 and 13?,nlm120_q3.webp,audio_nl3.mp3,1,12,10,14,,,1,,,,,,,
multiple_choice,PP1-MATH-X.120_Number_Line_Mastery_0_to_20_120,Count forward on the line: 7 8 9... what is next?,nlm120_q4.webp,audio_nl4.mp3,1,10,6,11,,,1,,,,,,,
multiple_choice,PP1-MATH-X.120_Number_Line_Mastery_0_to_20_120,What is the first number on the number line?,nlm120_q5.webp,audio_nl5.mp3,1,0,1,2,,,1,,,,,,,
multiple_choice,PP1-MATH-X.120_Number_Line_Mastery_0_to_20_120,What number comes right after 4?,nlm120_q6.webp,audio_nl6.mp3,1,5,3,6,,,1,,,,,,,
count_objects,PP1-MATH-X.120_Number_Line_Mastery_0_to_20_120,Count 14 flags along the number line track!,nlm120_count1.webp,audio_nl7.mp3,1,14,12,15,,🚩,14,,,,,,,
count_objects,PP1-MATH-X.120_Number_Line_Mastery_0_to_20_120,Count 18 paw prints moving forward!,nlm120_count2.webp,audio_nl8.mp3,1,18,16,19,,🐾,18,,,,,,,
count_objects,PP1-MATH-X.120_Number_Line_Mastery_0_to_20_120,Count 20 track markers on the full line!,nlm120_count3.webp,audio_nl9.mp3,1,20,17,19,,📍,20,,,,,,,
speak_repeat,PP1-MATH-X.120_Number_Line_Mastery_0_to_20_120,Say out loud clearly: SEVENTEEN COMES AFTER SIXTEEN!,speak_nl1.webp,audio_nl10.mp3,1,Seventeen Comes After Sixteen,,,,,,Seventeen Comes After Sixteen,,,,,,,
speak_repeat,PP1-MATH-X.120_Number_Line_Mastery_0_to_20_120,Say out loud clearly: NINETEEN COMES BEFORE TWENTY!,speak_nl2.webp,audio_nl11.mp3,1,Nineteen Comes Before Twenty,,,,,,Nineteen Comes Before Twenty,,,,,,,
matching,PP1-MATH-X.120_Number_Line_Mastery_0_to_20_120,Match number line neighbors!,,,1,,,,,,,,After 12,13,Before 20,19,After 0,1
matching,PP1-MATH-X.120_Number_Line_Mastery_0_to_20_120,Match line track positions!,,,1,,,,,,,,14,14,15,15,18,18



question_type,lesson_title,prompt,prompt_image,prompt_audio,correct_answer,option_1,option_2,option_3,option_4,count_emoji_or_image,target_count,target_word,pair_1_left,pair_1_right,pair_2_left,pair_2_right,pair_3_left,pair_3_right
multiple_choice,PP1-MATH-X.121_Addition_Safari_Sum_to_10_121,4 safari lions plus 3 safari lions equals how many?,as121_q1.webp,audio_as1.mp3,1,7,6,8,,,1,,,,,,,
multiple_choice,PP1-MATH-X.121_Addition_Safari_Sum_to_10_121,5 zebras plus 5 zebras equals...?,as121_q2.webp,audio_as2.mp3,1,10,8,9,,,1,,,,,,,
multiple_choice,PP1-MATH-X.121_Addition_Safari_Sum_to_10_121,6 giraffes plus 2 giraffes equals...?,as121_q3.webp,audio_as3.mp3,1,8,6,7,,,1,,,,,,,
multiple_choice,PP1-MATH-X.121_Addition_Safari_Sum_to_10_121,2 elephants plus 4 elephants equals...?,as121_q4.webp,audio_as4.mp3,1,6,5,7,,,1,,,,,,,
multiple_choice,PP1-MATH-X.121_Addition_Safari_Sum_to_10_121,1 rhino plus 8 rhinos equals...?,as121_q5.webp,audio_as5.mp3,1,9,7,10,,,1,,,,,,,
multiple_choice,PP1-MATH-X.121_Addition_Safari_Sum_to_10_121,3 hippo friends plus 2 hippo friends equals...?,as121_q6.webp,audio_as6.mp3,1,5,4,6,,,1,,,,,,,
count_objects,PP1-MATH-X.121_Addition_Safari_Sum_to_10_121,Count 7 total safari lions after adding!,as121_count1.webp,audio_as7.mp3,1,7,5,8,,🦁,7,,,,,,,
count_objects,PP1-MATH-X.121_Addition_Safari_Sum_to_10_121,Count 10 total zebras in safari herd!,as121_count2.webp,audio_as8.mp3,1,10,8,9,,🦓,10,,,,,,,
count_objects,PP1-MATH-X.121_Addition_Safari_Sum_to_10_121,Count 8 total giraffes by the tree!,as121_count3.webp,audio_as9.mp3,1,8,6,9,,🦒,8,,,,,,,
speak_repeat,PP1-MATH-X.121_Addition_Safari_Sum_to_10_121,Say out loud clearly: FOUR LIONS PLUS THREE LIONS EQUALS SEVEN!,speak_as1.webp,audio_as10.mp3,1,Four Lions Plus Three Lions Equals Seven,,,,,,Four Lions Plus Three Lions Equals Seven,,,,,,,
speak_repeat,PP1-MATH-X.121_Addition_Safari_Sum_to_10_121,Say out loud clearly: FIVE PLUS FIVE EQUALS TEN SAFARI ANIMALS!,speak_as2.webp,audio_as11.mp3,1,Five Plus Five Equals Ten Safari Animals,,,,,,Five Plus Five Equals Ten Safari Animals,,,,,,,
matching,PP1-MATH-X.121_Addition_Safari_Sum_to_10_121,Match safari animal additions!,,,1,,,,,,,,4+3,7,5+5,10,6+2,8
matching,PP1-MATH-X.121_Addition_Safari_Sum_to_10_121,Match animal sums!,,,1,,,,,,,,2+4,6,1+8,9,3+2,5
multiple_choice,PP1-MATH-X.122_3D_Shape_Detective_Challenge_122,The detective finds a round ball item. What 3D shape is it?,sd122_q1.webp,audio_sd1.mp3,1,SPHERE,CUBE,CONE,,,1,,,,,,,
multiple_choice,PP1-MATH-X.122_3D_Shape_Detective_Challenge_122,The detective finds a square box item. What 3D shape is it?,sd122_q2.webp,audio_sd2.mp3,1,CUBE,SPHERE,CYLINDER,,,1,,,,,,,
multiple_choice,PP1-MATH-X.122_3D_Shape_Detective_Challenge_122,The detective finds a party hat item. What 3D shape is it?,sd122_q3.webp,audio_sd3.mp3,1,CONE,CYLINDER,CUBE,,,1,,,,,,,
multiple_choice,PP1-MATH-X.122_3D_Shape_Detective_Challenge_122,The detective finds a soup can item. What 3D shape is it?,sd122_q4.webp,audio_sd4.mp3,1,CYLINDER,SPHERE,CONE,,,1,,,,,,,
multiple_choice,PP1-MATH-X.122_3D_Shape_Detective_Challenge_122,Which 3D shape has flat square faces all over?,sd122_q5.webp,audio_sd5.mp3,1,CUBE,CONE,SPHERE,,,1,,,,,,,
multiple_choice,PP1-MATH-X.122_3D_Shape_Detective_Challenge_122,Which 3D shape rolls smoothly in every direction?,sd122_q6.webp,audio_sd6.mp3,1,SPHERE,CUBE,BOX,,,1,,,,,,,
count_objects,PP1-MATH-X.122_3D_Shape_Detective_Challenge_122,Count 4 sphere evidence balls!,sd122_count1.webp,audio_sd7.mp3,1,4,2,5,,⚽,4,,,,,,,
count_objects,PP1-MATH-X.122_3D_Shape_Detective_Challenge_122,Count 3 cube evidence boxes!,sd122_count2.webp,audio_sd8.mp3,1,3,1,4,,📦,3,,,,,,,
count_objects,PP1-MATH-X.122_3D_Shape_Detective_Challenge_122,Count 2 cylinder evidence cans!,sd122_count3.webp,audio_sd9.mp3,1,2,1,3,,🥫,2,,,,,,,
speak_repeat,PP1-MATH-X.122_3D_Shape_Detective_Challenge_122,Say out loud clearly: 3D SHAPE DETECTIVE SPHERE CUBE CONE CYLINDER!,speak_sd1.webp,audio_sd10.mp3,1,3D Shape Detective Sphere Cube Cone Cylinder,,,,,,3D Shape Detective Sphere Cube Cone Cylinder,,,,,,,
speak_repeat,PP1-MATH-X.122_3D_Shape_Detective_Challenge_122,Say out loud clearly: BALLS ARE SPHERES AND CANS ARE CYLINDERS!,speak_sd2.webp,audio_sd11.mp3,1,Balls Are Spheres And Cans Are Cylinders,,,,,,Balls Are Spheres And Cans Are Cylinders,,,,,,,
matching,PP1-MATH-X.122_3D_Shape_Detective_Challenge_122,Match detective clue items to shapes!,,,1,,,,,,,,Ball ⚽,SPHERE,Box 📦,CUBE,Hat 🎉,CONE
matching,PP1-MATH-X.122_3D_Shape_Detective_Challenge_122,Match 3D shapes to real items!,,,1,,,,,,,,Can 🥫,CYLINDER,Dice 🎲,CUBE,Globe 🌍,SPHERE
multiple_choice,PP1-MATH-X.123_Pattern_Master_Rule_Breaker_123,Red Blue Green Red Blue Green... What color comes next?,pr123_q1.webp,audio_pr1.mp3,1,RED,BLUE,GREEN,,,1,,,,,,,
multiple_choice,PP1-MATH-X.123_Pattern_Master_Rule_Breaker_123,Star Star Moon Moon... Star Star... What symbol comes next?,pr123_q2.webp,audio_pr2.mp3,1,MOON,STAR,SUN,,,1,,,,,,,
multiple_choice,PP1-MATH-X.123_Pattern_Master_Rule_Breaker_123,In pattern Red Blue Green Red Blue Green, what is the pattern rule?,pr123_q3.webp,audio_pr3.mp3,1,ABC,AABB,AB,,,1,,,,,,,
multiple_choice,PP1-MATH-X.123_Pattern_Master_Rule_Breaker_123,In pattern Star Star Moon Moon, what is the pattern rule?,pr123_q4.webp,audio_pr4.mp3,1,AABB,ABC,AB,,,1,,,,,,,
multiple_choice,PP1-MATH-X.123_Pattern_Master_Rule_Breaker_123,Which sequence breaks the ABC pattern rule?,pr123_q5.webp,audio_pr5.mp3,1,RED RED BLUE,RED BLUE GREEN,NONE,,,1,,,,,,,
multiple_choice,PP1-MATH-X.123_Pattern_Master_Rule_Breaker_123,Star Star Moon... What is missing to fix the AABB pattern?,pr123_q6.webp,audio_pr6.mp3,1,MOON,STAR,SUN,,,1,,,,,,,
count_objects,PP1-MATH-X.123_Pattern_Master_Rule_Breaker_123,Count 6 items in two full ABC pattern sets!,pr123_count1.webp,audio_pr7.mp3,1,6,3,5,,📿,6,,,,,,,
count_objects,PP1-MATH-X.123_Pattern_Master_Rule_Breaker_123,Count 4 items in one AABB pattern set!,pr123_count2.webp,audio_pr8.mp3,1,4,2,5,,🧱,4,,,,,,,
count_objects,PP1-MATH-X.123_Pattern_Master_Rule_Breaker_123,Count 3 star tiles in the pattern line!,pr123_count3.webp,audio_pr9.mp3,1,3,1,4,,⭐,3,,,,,,,
speak_repeat,PP1-MATH-X.123_Pattern_Master_Rule_Breaker_123,Say out loud clearly: PATTERN MASTER FIXES THE RULE BREAKERS!,speak_pr1.webp,audio_pr10.mp3,1,Pattern Master Fixes The Rule Breakers,,,,,,Pattern Master Fixes The Rule Breakers,,,,,,,
speak_repeat,PP1-MATH-X.123_Pattern_Master_Rule_Breaker_123,Say out loud clearly: ABC AND AABB PATTERNS REPEAT IN ORDER!,speak_pr2.webp,audio_pr11.mp3,1,ABC And AABB Patterns Repeat In Order,,,,,,ABC And AABB Patterns Repeat In Order,,,,,,,
matching,PP1-MATH-X.123_Pattern_Master_Rule_Breaker_123,Match pattern rules!,,,1,,,,,,,,Red Blue Green,ABC,Star Star Moon Moon,AABB,Red Blue,AB
matching,PP1-MATH-X.123_Pattern_Master_Rule_Breaker_123,Match rule breaker items!,,,1,,,,,,,,A,1,B,2,C,3
multiple_choice,PP1-MATH-X.124_Measurement_Balance_Scale_124,An elephant on one side and a feather on the other. The elephant is...?,bs124_q1.webp,audio_bs1.mp3,1,HEAVY,LIGHT,SHORT,,,1,,,,,,,
multiple_choice,PP1-MATH-X.124_Measurement_Balance_Scale_124,An elephant on one side and a feather on the other. The feather is...?,bs124_q2.webp,audio_bs2.mp3,1,LIGHT,HEAVY,TALL,,,1,,,,,,,
multiple_choice,PP1-MATH-X.124_Measurement_Balance_Scale_124,When two blocks balance straight and even, their weight is...?,bs124_q3.webp,audio_bs3.mp3,1,SAME,DIFFERENT,EMPTY,,,1,,,,,,,
multiple_choice,PP1-MATH-X.124_Measurement_Balance_Scale_124,When one side tips way down on the scale, that side is...?,bs124_q4.webp,audio_bs4.mp3,1,HEAVY,LIGHT,FULL,,,1,,,,,,,
multiple_choice,PP1-MATH-X.124_Measurement_Balance_Scale_124,Which is HEAVY: a boulder rock or a dry leaf?,bs124_q5.webp,audio_bs5.mp3,1,BOULDER,LEAF,SAME,,,1,,,,,,,
multiple_choice,PP1-MATH-X.124_Measurement_Balance_Scale_124,Which is LIGHT: a paper bird or an iron chest?,bs124_q6.webp,audio_bs6.mp3,1,PAPER BIRD,CHEST,SAME,,,1,,,,,,,
count_objects,PP1-MATH-X.124_Measurement_Balance_Scale_124,Count 3 balance scales on the quest!,bs124_count1.webp,audio_bs7.mp3,1,3,1,4,,⚖️,3,,,,,,,
count_objects,PP1-MATH-X.124_Measurement_Balance_Scale_124,Count 2 heavy boulders on the scale!,bs124_count2.webp,audio_bs8.mp3,1,2,1,5,,🪨,2,,,,,,,
count_objects,PP1-MATH-X.124_Measurement_Balance_Scale_124,Count 5 light floating feathers!,bs124_count3.webp,audio_bs9.mp3,1,5,3,4,,🪶,5,,,,,,,
speak_repeat,PP1-MATH-X.124_Measurement_Balance_Scale_124,Say out loud clearly: BALANCE SCALE MEASURES HEAVY AND LIGHT!,speak_bs1.webp,audio_bs10.mp3,1,Balance Scale Measures Heavy And Light,,,,,,Balance Scale Measures Heavy And Light,,,,,,,
speak_repeat,PP1-MATH-X.124_Measurement_Balance_Scale_124,Say out loud clearly: EQUAL WEIGHTS BALANCE EVEN AND STRAIGHT!,speak_bs2.webp,audio_bs11.mp3,1,Equal Weights Balance Even And Straight,,,,,,Equal Weights Balance Even And Straight,,,,,,,
matching,PP1-MATH-X.124_Measurement_Balance_Scale_124,Match items to weight!,,,1,,,,,,,,Boulder 🪨,HEAVY,Feather 🪶,LIGHT,Elephant 🐘,HEAVY
matching,PP1-MATH-X.124_Measurement_Balance_Scale_124,Match scale states!,,,1,,,,,,,,Level,SAME,Tipped,DIFFERENT,Heavy,HEAVY
multiple_choice,PP1-MATH-X.125_Spatial_Compass_Directions_125,Which direction is the leader walking at the front of the trail?,cd125_q1.webp,audio_cd1.mp3,1,FRONT,BEHIND,LEFT,,,1,,,,,,,
multiple_choice,PP1-MATH-X.125_Spatial_Compass_Directions_125,Which direction is the explorer following at the back?,cd125_q2.webp,audio_cd2.mp3,1,BEHIND,FRONT,RIGHT,,,1,,,,,,,
multiple_choice,PP1-MATH-X.125_Spatial_Compass_Directions_125,Which hand side has the left arrow pointing?,cd125_q3.webp,audio_cd3.mp3,1,LEFT,RIGHT,ABOVE,,,1,,,,,,,
multiple_choice,PP1-MATH-X.125_Spatial_Compass_Directions_125,Which hand side has the right arrow pointing?,cd125_q4.webp,audio_cd4.mp3,1,RIGHT,LEFT,BELOW,,,1,,,,,,,
multiple_choice,PP1-MATH-X.125_Spatial_Compass_Directions_125,The compass rose helps us explore...?,cd125_q5.webp,audio_cd5.mp3,1,DIRECTIONS,WEIGHT,COLORS,,,1,,,,,,,
multiple_choice,PP1-MATH-X.125_Spatial_Compass_Directions_125,The opposite direction of LEFT is...?,cd125_q6.webp,audio_cd6.mp3,1,RIGHT,FRONT,BEHIND,,,1,,,,,,,
count_objects,PP1-MATH-X.125_Spatial_Compass_Directions_125,Count 2 compasses on the exploration map!,cd125_count1.webp,audio_cd7.mp3,1,2,1,3,,🧭,2,,,,,,,
count_objects,PP1-MATH-X.125_Spatial_Compass_Directions_125,Count 4 direction arrows on the path!,cd125_count2.webp,audio_cd8.mp3,1,4,2,5,,🏹,4,,,,,,,
count_objects,PP1-MATH-X.125_Spatial_Compass_Directions_125,Count 3 explorer badges!,cd125_count3.webp,audio_cd9.mp3,1,3,1,4,,🥇,3,,,,,,,
speak_repeat,PP1-MATH-X.125_Spatial_Compass_Directions_125,Say out loud clearly: COMPASS DIRECTIONS LEFT RIGHT FRONT BEHIND!,speak_cd1.webp,audio_cd10.mp3,1,Compass Directions Left Right Front Behind,,,,,,Compass Directions Left Right Front Behind,,,,,,,
speak_repeat,PP1-MATH-X.125_Spatial_Compass_Directions_125,Say out loud clearly: EXPLORE THE MAP WITH FAITH AND COURAGE!,speak_cd2.webp,audio_cd11.mp3,1,Explore The Map With Faith And Courage,,,,,,Explore The Map With Faith And Courage,,,,,,,
matching,PP1-MATH-X.125_Spatial_Compass_Directions_125,Match compass directions!,,,1,,,,,,,,Left ⬅️,LEFT,Right ➡️,RIGHT,Front,FRONT
matching,PP1-MATH-X.125_Spatial_Compass_Directions_125,Match direction opposites!,,,1,,,,,,,,Left,RIGHT,Front,BEHIND,Right,LEFT
multiple_choice,PP1-MATH-X.126_Data_Pictograph_Mastery_126,A pictograph uses pictures to count real...?,pm126_q1.webp,audio_pm1.mp3,1,ITEMS,WORDS,SOUNDS,,,1,,,,,,,
multiple_choice,PP1-MATH-X.126_Data_Pictograph_Mastery_126,Chart shows 5 apples and 2 bananas. How many apples?,pm126_q2.webp,audio_pm2.mp3,1,5,2,7,,,1,,,,,,,
multiple_choice,PP1-MATH-X.126_Data_Pictograph_Mastery_126,Chart shows 5 apples and 2 bananas. Which has MORE?,pm126_q3.webp,audio_pm3.mp3,1,APPLES,BANANAS,EQUAL,,,1,,,,,,,
multiple_choice,PP1-MATH-X.126_Data_Pictograph_Mastery_126,Chart shows 5 apples and 2 bananas. Which has FEWER?,pm126_q4.webp,audio_pm4.mp3,1,BANANAS,APPLES,EQUAL,,,1,,,,,,,
multiple_choice,PP1-MATH-X.126_Data_Pictograph_Mastery_126,On the graph, 3 stars and 3 stars are...?,pm126_q5.webp,audio_pm5.mp3,1,EQUAL,MORE,FEWER,,,1,,,,,,,
multiple_choice,PP1-MATH-X.126_Data_Pictograph_Mastery_126,Reading a pictograph chart makes counting...?,pm126_q6.webp,audio_pm6.mp3,1,EASY,HARD,DARK,,,1,,,,,,,
count_objects,PP1-MATH-X.126_Data_Pictograph_Mastery_126,Count 5 apple pictures on the chart!,pm126_count1.webp,audio_pm7.mp3,1,5,3,4,,🍎,5,,,,,,,
count_objects,PP1-MATH-X.126_Data_Pictograph_Mastery_126,Count 3 banana pictures on the chart!,pm126_count2.webp,audio_pm8.mp3,1,3,1,4,,🍌,3,,,,,,,
count_objects,PP1-MATH-X.126_Data_Pictograph_Mastery_126,Count 4 star pictures on the chart!,pm126_count3.webp,audio_pm9.mp3,1,4,2,5,,⭐,4,,,,,,,
speak_repeat,PP1-MATH-X.126_Data_Pictograph_Mastery_126,Say out loud clearly: PICTOGRAPHS SHOW DATA WITH PICTURES!,speak_pm1.webp,audio_pm10.mp3,1,Pictographs Show Data With Pictures,,,,,,Pictographs Show Data With Pictures,,,,,,,
speak_repeat,PP1-MATH-X.126_Data_Pictograph_Mastery_126,Say out loud clearly: COUNT AND COMPARE PICTURES ON THE CHART!,speak_pm2.webp,audio_pm11.mp3,1,Count And Compare Pictures On The Chart,,,,,,Count And Compare Pictures On The Chart,,,,,,,
matching,PP1-MATH-X.126_Data_Pictograph_Mastery_126,Match pictograph counts!,,,1,,,,,,,,Apples 🍎,5,Bananas 🍌,3,Stars ⭐,4
matching,PP1-MATH-X.126_Data_Pictograph_Mastery_126,Match pictograph terms!,,,1,,,,,,,,Pictures,PICTOGRAPH,Big count,MORE,Small count,FEWER
multiple_choice,PP1-MATH-X.127_Skip_Counting_by_2s_Champion_127,Skip count by 2s: 2 4 6 8... what comes next?,sc127_q1.webp,audio_sc1.mp3,1,10,9,11,,,1,,,,,,,
multiple_choice,PP1-MATH-X.127_Skip_Counting_by_2s_Champion_127,Skip count by 2s: 10 12 14... what comes next?,sc127_q2.webp,audio_sc2.mp3,1,16,15,18,,,1,,,,,,,
multiple_choice,PP1-MATH-X.127_Skip_Counting_by_2s_Champion_127,Skip count by 2s: 14 16 18... what comes next?,sc127_q3.webp,audio_sc3.mp3,1,20,19,17,,,1,,,,,,,
multiple_choice,PP1-MATH-X.127_Skip_Counting_by_2s_Champion_127,What is the first number in 2s skip counting?,sc127_q4.webp,audio_sc4.mp3,1,2,1,0,,,1,,,,,,,
multiple_choice,PP1-MATH-X.127_Skip_Counting_by_2s_Champion_127,When skip counting by 2s, we hop forward by how many each time?,sc127_q5.webp,audio_sc5.mp3,1,2,1,5,,,1,,,,,,,
multiple_choice,PP1-MATH-X.127_Skip_Counting_by_2s_Champion_127,Which number belongs in skip counting by 2s: 2 4 6...?,sc127_q6.webp,audio_sc6.mp3,1,8,3,5,,,1,,,,,,,
count_objects,PP1-MATH-X.127_Skip_Counting_by_2s_Champion_127,Count 10 champion stars in pairs of 2!,sc127_count1.webp,audio_sc7.mp3,1,10,8,12,,⭐,10,,,,,,,
count_objects,PP1-MATH-X.127_Skip_Counting_by_2s_Champion_127,Count 16 zebras in pairs of 2!,sc127_count2.webp,audio_sc8.mp3,1,16,14,18,,🦓,16,,,,,,,
count_objects,PP1-MATH-X.127_Skip_Counting_by_2s_Champion_127,Count 20 trophy badges in pairs of 2!,sc127_count3.webp,audio_sc9.mp3,1,20,18,19,,🏆,20,,,,,,,
speak_repeat,PP1-MATH-X.127_Skip_Counting_by_2s_Champion_127,Say out loud clearly: TWO FOUR SIX EIGHT TEN TWELVE FOURTEEN SIXTEEN EIGHTEEN TWENTY!,speak_sc1.webp,audio_sc10.mp3,1,Two Four Six Eight Ten Twelve Fourteen Sixteen Eighteen Twenty,,,,,,Two Four Six Eight Ten Twelve Fourteen Sixteen Eighteen Twenty,,,,,,,
speak_repeat,PP1-MATH-X.127_Skip_Counting_by_2s_Champion_127,Say out loud clearly: I AM A SKIP COUNTING BY TWOS CHAMPION!,speak_sc2.webp,audio_sc11.mp3,1,I Am A Skip Counting By Twos Champion,,,,,,I Am A Skip Counting By Twos Champion,,,,,,,
matching,PP1-MATH-X.127_Skip_Counting_by_2s_Champion_127,Match 2s skip count steps!,,,1,,,,,,,,2 4,6,8 10,12,14 16,18
matching,PP1-MATH-X.127_Skip_Counting_by_2s_Champion_127,Match 2s sequence targets!,,,1,,,,,,,,18,20,6,8,10,12
multiple_choice,PP1-MATH-X.128_Money_Kenyan_Shilling_Market_128,An apple costs 5 KES. Which coin pays for it?,mk128_q1.webp,audio_mk1.mp3,1,5 KES,1 KES,20 KES,,,1,,,,,,,
multiple_choice,PP1-MATH-X.128_Money_Kenyan_Shilling_Market_128,A juicy mango costs 10 KES. Which coin pays for it?,mk128_q2.webp,audio_mk2.mp3,1,10 KES,1 KES,5 KES,,,1,,,,,,,
multiple_choice,PP1-MATH-X.128_Money_Kenyan_Shilling_Market_128,What is the highest coin value in Kenya up to 20?,mk128_q3.webp,audio_mk3.mp3,1,20 KES,10 KES,5 KES,,,1,,,,,,,
multiple_choice,PP1-MATH-X.128_Money_Kenyan_Shilling_Market_128,If you buy 1 apple for 5 KES and 1 banana for 5 KES, what is the total cost?,mk128_q4.webp,audio_mk4.mp3,1,10 KES,5 KES,20 KES,,,1,,,,,,,
multiple_choice,PP1-MATH-X.128_Money_Kenyan_Shilling_Market_128,Where do smart shoppers buy fresh fruit with coins?,mk128_q5.webp,audio_mk5.mp3,1,MARKET,PARK,BED,,,1,,,,,,,
multiple_choice,PP1-MATH-X.128_Money_Kenyan_Shilling_Market_128,What currency symbol is used for Kenyan Shillings?,mk128_q6.webp,audio_mk6.mp3,1,KES,USD,EUR,,,1,,,,,,,
count_objects,PP1-MATH-X.128_Money_Kenyan_Shilling_Market_128,Count 5 red shopper apples!,mk128_count1.webp,audio_mk7.mp3,1,5,3,4,,🍎,5,,,,,,,
count_objects,PP1-MATH-X.128_Money_Kenyan_Shilling_Market_128,Count 4 shiny shilling coins in the purse!,mk128_count2.webp,audio_mk8.mp3,1,4,2,5,,🪙,4,,,,,,,
count_objects,PP1-MATH-X.128_Money_Kenyan_Shilling_Market_128,Count 3 yellow shopper bananas!,mk128_count3.webp,audio_mk9.mp3,1,3,1,4,,🍌,3,,,,,,,
speak_repeat,PP1-MATH-X.128_Money_Kenyan_Shilling_Market_128,Say out loud clearly: KENYAN SHILLING SHOPPER AT THE MARKET!,speak_mk1.webp,audio_mk10.mp3,1,Kenyan Shilling Shopper At The Market,,,,,,Kenyan Shilling Shopper At The Market,,,,,,,
speak_repeat,PP1-MATH-X.128_Money_Kenyan_Shilling_Market_128,Say out loud clearly: FIVE KES PLUS FIVE KES EQUALS TEN KES!,speak_mk2.webp,audio_mk11.mp3,1,Five KES Plus Five KES Equals Ten KES,,,,,,Five KES Plus Five KES Equals Ten KES,,,,,,,
matching,PP1-MATH-X.128_Money_Kenyan_Shilling_Market_128,Match shopper fruits to coin prices!,,,1,,,,,,,,Apple 🍎,5 KES,Mango 🥭,10 KES,Watermelon 🍉,20 KES
matching,PP1-MATH-X.128_Money_Kenyan_Shilling_Market_128,Match shilling coin values!,,,1,,,,,,,,1,1 KES,5,5 KES,10,10 KES
multiple_choice,PP1-MATH-X.129_Word_Story_Addition_Showdown_129,Sam has 3 apples. Pam gives him 2 more. Total?,ws129_q1.webp,audio_st1.mp3,1,5,3,2,,,1,,,,,,,
multiple_choice,PP1-MATH-X.129_Word_Story_Addition_Showdown_129,4 birds on a tree. 4 more fly in. How many now?,ws129_q2.webp,audio_st2.mp3,1,8,4,6,,,1,,,,,,,
multiple_choice,PP1-MATH-X.129_Word_Story_Addition_Showdown_129,Leo has 6 toy cars. He gets 1 more. How many total?,ws129_q3.webp,audio_st3.mp3,1,7,6,8,,,1,,,,,,,
multiple_choice,PP1-MATH-X.129_Word_Story_Addition_Showdown_129,5 fish in a pond. 3 more swim over. Total?,ws129_q4.webp,audio_st4.mp3,1,8,5,7,,,1,,,,,,,
multiple_choice,PP1-MATH-X.129_Word_Story_Addition_Showdown_129,2 cats on a wall. 3 more join. How many now?,ws129_q5.webp,audio_st5.mp3,1,5,2,4,,,1,,,,,,,
multiple_choice,PP1-MATH-X.129_Word_Story_Addition_Showdown_129,7 stars shine. 3 more appear. How many total?,ws129_q6.webp,audio_st6.mp3,1,10,7,9,,,1,,,,,,,
count_objects,PP1-MATH-X.129_Word_Story_Addition_Showdown_129,Count 5 story apples in Sam's basket!,ws129_count1.webp,audio_st7.mp3,1,5,3,4,,🍎,5,,,,,,,
count_objects,PP1-MATH-X.129_Word_Story_Addition_Showdown_129,Count 8 total story birds on the branch!,ws129_count2.webp,audio_st8.mp3,1,8,6,10,,🐦,8,,,,,,,
count_objects,PP1-MATH-X.129_Word_Story_Addition_Showdown_129,Count 10 total shiny story stars!,ws129_count3.webp,audio_st9.mp3,1,10,7,9,,⭐,10,,,,,,,
speak_repeat,PP1-MATH-X.129_Word_Story_Addition_Showdown_129,Say out loud clearly: THREE PLUS TWO IS FIVE APPLES!,speak_st1.webp,audio_st10.mp3,1,Three Plus Two Is Five Apples,,,,,,Three Plus Two Is Five Apples,,,,,,,
speak_repeat,PP1-MATH-X.129_Word_Story_Addition_Showdown_129,Say out loud clearly: ADDING TOGETHER SOLVES THE STORY!,speak_st2.webp,audio_st11.mp3,1,Adding Together Solves The Story,,,,,,Adding Together Solves The Story,,,,,,,
matching,PP1-MATH-X.129_Word_Story_Addition_Showdown_129,Match story math problems!,,,1,,,,,,,,3+2,5,4+4,8,6+1,7
matching,PP1-MATH-X.129_Word_Story_Addition_Showdown_129,Match addition story results!,,,1,,,,,,,,5+3,8,2+3,5,7+3,10
multiple_choice,PP1-MATH-X.130_Dinosaur_Island_Math_Master_130,What number comes after 19 dinosaurs on the island?,dm130_q1.webp,audio_ds1.mp3,1,20,18,15,,,1,,,,,,,
multiple_choice,PP1-MATH-X.130_Dinosaur_Island_Math_Master_130,Which number means empty set on Dinosaur Island?,dm130_q2.webp,audio_ds2.mp3,1,0,10,20,,,1,,,,,,,
multiple_choice,PP1-MATH-X.130_Dinosaur_Island_Math_Master_130,What number comes between 14 and 16?,dm130_q3.webp,audio_ds3.mp3,1,15,13,17,,,1,,,,,,,
multiple_choice,PP1-MATH-X.130_Dinosaur_Island_Math_Master_130,Which number is the biggest: 5 12 or 18?,dm130_q4.webp,audio_ds4.mp3,1,18,12,5,,,1,,,,,,,
multiple_choice,PP1-MATH-X.130_Dinosaur_Island_Math_Master_130,Count by 2s: 2 4 6 8... what is next?,dm130_q5.webp,audio_ds5.mp3,1,10,9,12,,,1,,,,,,,
multiple_choice,PP1-MATH-X.130_Dinosaur_Island_Math_Master_130,What number comes right before 1?,dm130_q6.webp,audio_ds6.mp3,1,0,2,3,,,1,,,,,,,
count_objects,PP1-MATH-X.130_Dinosaur_Island_Math_Master_130,Count 15 master dinosaur stars!,dm130_count1.webp,audio_ds7.mp3,1,15,12,18,,⭐,15,,,,,,,
count_objects,PP1-MATH-X.130_Dinosaur_Island_Math_Master_130,Count 20 golden master trophies!,dm130_count2.webp,audio_ds8.mp3,1,20,15,19,,🏆,20,,,,,,,
count_objects,PP1-MATH-X.130_Dinosaur_Island_Math_Master_130,Count 10 winner dinosaur badges!,dm130_count3.webp,audio_ds9.mp3,1,10,8,12,,🥇,10,,,,,,,
speak_repeat,PP1-MATH-X.130_Dinosaur_Island_Math_Master_130,Say out loud clearly: I AM A DINOSAUR MATH MASTER!,speak_ds1.webp,audio_ds10.mp3,1,I Am A Dinosaur Math Master,,,,,,I Am A Dinosaur Math Master,,,,,,,
speak_repeat,PP1-MATH-X.130_Dinosaur_Island_Math_Master_130,Say out loud clearly: I CAN COUNT FROM ZERO TO TWENTY!,speak_ds2.webp,audio_ds11.mp3,1,I Can Count From Zero To Twenty,,,,,,I Can Count From Zero To Twenty,,,,,,,
matching,PP1-MATH-X.130_Dinosaur_Island_Math_Master_130,Match master numbers!,,,1,,,,,,,,5,5,15,15,20,20
matching,PP1-MATH-X.130_Dinosaur_Island_Math_Master_130,Match count symbols!,,,1,,,,,,,,0,0,10,10,20,20
multiple_choice,PP1-MATH-X.131_Pirate_Cove_Addition_Quest_131,4 gold coins plus 3 gold coins equals how many?,pc131_q1.webp,audio_pc1.mp3,1,7,4,6,,,1,,,,,,,
multiple_choice,PP1-MATH-X.131_Pirate_Cove_Addition_Quest_131,5 silver coins plus 5 silver coins equals...?,pc131_q2.webp,audio_pc2.mp3,1,10,8,9,,,1,,,,,,,
multiple_choice,PP1-MATH-X.131_Pirate_Cove_Addition_Quest_131,2 coins in chest plus 6 coins in bag equals...?,pc131_q3.webp,audio_pc3.mp3,1,8,6,7,,,1,,,,,,,
multiple_choice,PP1-MATH-X.131_Pirate_Cove_Addition_Quest_131,1 coin plus 8 coins equals...?,pc131_q4.webp,audio_pc4.mp3,1,9,7,10,,,1,,,,,,,
multiple_choice,PP1-MATH-X.131_Pirate_Cove_Addition_Quest_131,3 coins plus 3 coins equals...?,pc131_q5.webp,audio_pc5.mp3,1,6,3,5,,,1,,,,,,,
multiple_choice,PP1-MATH-X.131_Pirate_Cove_Addition_Quest_131,7 coins plus 2 coins equals...?,pc131_q6.webp,audio_pc6.mp3,1,9,7,8,,,1,,,,,,,
count_objects,PP1-MATH-X.131_Pirate_Cove_Addition_Quest_131,Count 7 total coins collected on quest!,pc131_count1.webp,audio_pc7.mp3,1,7,5,8,,🪙,7,,,,,,,
count_objects,PP1-MATH-X.131_Pirate_Cove_Addition_Quest_131,Count 10 total coins in chest!,pc131_count2.webp,audio_pc8.mp3,1,10,8,9,,🏴‍☠️,10,,,,,,,
count_objects,PP1-MATH-X.131_Pirate_Cove_Addition_Quest_131,Count 8 total ruby gems found!,pc131_count3.webp,audio_pc9.mp3,1,8,6,9,,💎,8,,,,,,,
speak_repeat,PP1-MATH-X.131_Pirate_Cove_Addition_Quest_131,Say out loud clearly: FOUR COINS PLUS THREE COINS EQUALS SEVEN COINS!,speak_pc1.webp,audio_pc10.mp3,1,Four Coins Plus Three Coins Equals Seven Coins,,,,,,Four Coins Plus Three Coins Equals Seven Coins,,,,,,,
speak_repeat,PP1-MATH-X.131_Pirate_Cove_Addition_Quest_131,Say out loud clearly: ADDING PIRATE TREASURE COINS!,speak_pc2.webp,audio_pc11.mp3,1,Adding Pirate Treasure Coins,,,,,,Adding Pirate Treasure Coins,,,,,,,
matching,PP1-MATH-X.131_Pirate_Cove_Addition_Quest_131,Match coin additions!,,,1,,,,,,,,4+3,7,5+5,10,2+6,8
matching,PP1-MATH-X.131_Pirate_Cove_Addition_Quest_131,Match coin sum totals!,,,1,,,,,,,,1+8,9,3+3,6,7+2,9
multiple_choice,PP1-MATH-X.132_Space_Station_Pattern_Galaxy_132,Red Blue Green... Red Blue Green... What color star is next?,sg132_q1.webp,audio_sg1.mp3,1,RED,BLUE,GREEN,,,1,,,,,,,
multiple_choice,PP1-MATH-X.132_Space_Station_Pattern_Galaxy_132,Rocket Rocket Moon Moon... Rocket Rocket... What is next?,sg132_q2.webp,audio_sg2.mp3,1,MOON,ROCKET,STAR,,,1,,,,,,,
multiple_choice,PP1-MATH-X.132_Space_Station_Pattern_Galaxy_132,What pattern rule is Red Blue Green Red Blue Green in space?,sg132_q3.webp,audio_sg3.mp3,1,ABC,AABB,AB,,,1,,,,,,,
multiple_choice,PP1-MATH-X.132_Space_Station_Pattern_Galaxy_132,What pattern rule is Rocket Rocket Moon Moon in galaxy?,sg132_q4.webp,audio_sg4.mp3,1,AABB,ABC,AB,,,1,,,,,,,
multiple_choice,PP1-MATH-X.132_Space_Station_Pattern_Galaxy_132,Red Blue Green Red... What color is next in galaxy ABC pattern?,sg132_q5.webp,audio_sg5.mp3,1,BLUE,GREEN,RED,,,1,,,,,,,
multiple_choice,PP1-MATH-X.132_Space_Station_Pattern_Galaxy_132,Rocket Rocket Moon... What is missing to complete AABB pattern?,sg132_q6.webp,audio_sg6.mp3,1,MOON,ROCKET,SUN,,,1,,,,,,,
count_objects,PP1-MATH-X.132_Space_Station_Pattern_Galaxy_132,Count 6 stars in two space ABC pattern sets!,sg132_count1.webp,audio_sg7.mp3,1,6,3,5,,⭐,6,,,,,,,
count_objects,PP1-MATH-X.132_Space_Station_Pattern_Galaxy_132,Count 4 rockets in the galaxy AABB set!,sg132_count2.webp,audio_sg8.mp3,1,4,2,5,,🚀,4,,,,,,,
count_objects,PP1-MATH-X.132_Space_Station_Pattern_Galaxy_132,Count 3 moons in the repeating pattern!,sg132_count3.webp,audio_sg9.mp3,1,3,1,4,,🌙,3,,,,,,,
speak_repeat,PP1-MATH-X.132_Space_Station_Pattern_Galaxy_132,Say out loud clearly: SPACE PATTERN GALAXY ABC AND AABB!,speak_sg1.webp,audio_sg10.mp3,1,Space Pattern Galaxy ABC And AABB,,,,,,Space Pattern Galaxy ABC And AABB,,,,,,,
speak_repeat,PP1-MATH-X.132_Space_Station_Pattern_Galaxy_132,Say out loud clearly: GALAXY PATTERNS SHINE IN ORDER!,speak_sg2.webp,audio_sg11.mp3,1,Galaxy Patterns Shine In Order,,,,,,Galaxy Patterns Shine In Order,,,,,,,
matching,PP1-MATH-X.132_Space_Station_Pattern_Galaxy_132,Match galaxy patterns!,,,1,,,,,,,,Red Blue Green,ABC,Rocket Rocket Moon Moon,AABB,Star Moon,AB
matching,PP1-MATH-X.132_Space_Station_Pattern_Galaxy_132,Match galaxy symbols!,,,1,,,,,,,,Star ⭐,RED,Rocket 🚀,BLUE,Moon 🌙,GREEN
multiple_choice,PP1-MATH-X.133_Circus_Carnival_3D_Shape_Search_133,Which circus shape looks like a round ball?,cc133_q1.webp,audio_3g1.mp3,1,SPHERE,CUBE,CONE,,,1,,,,,,,
multiple_choice,PP1-MATH-X.133_Circus_Carnival_3D_Shape_Search_133,Which circus shape looks like a square box?,cc133_q2.webp,audio_3g2.mp3,1,CUBE,SPHERE,CYLINDER,,,1,,,,,,,
multiple_choice,PP1-MATH-X.133_Circus_Carnival_3D_Shape_Search_133,Which circus shape looks like a party hat?,cc133_q3.webp,audio_3g3.mp3,1,CONE,CYLINDER,CUBE,,,1,,,,,,,
multiple_choice,PP1-MATH-X.133_Circus_Carnival_3D_Shape_Search_133,Which circus shape looks like a soup can?,cc133_q4.webp,audio_3g4.mp3,1,CYLINDER,SPHERE,CONE,,,1,,,,,,,
multiple_choice,PP1-MATH-X.133_Circus_Carnival_3D_Shape_Search_133,Which two circus shapes can roll?,cc133_q5.webp,audio_3g5.mp3,1,SPHERE,CUBE,BOX,,,1,,,,,,,
multiple_choice,PP1-MATH-X.133_Circus_Carnival_3D_Shape_Search_133,Which circus shape has 6 flat square faces?,cc133_q6.webp,audio_3g6.mp3,1,CUBE,CONE,SPHERE,,,1,,,,,,,
count_objects,PP1-MATH-X.133_Circus_Carnival_3D_Shape_Search_133,Count 4 sphere balls in circus collection!,cc133_count1.webp,audio_3g7.mp3,1,4,2,3,,⚽,4,,,,,,,
count_objects,PP1-MATH-X.133_Circus_Carnival_3D_Shape_Search_133,Count 3 cube boxes in circus collection!,cc133_count2.webp,audio_3g8.mp3,1,3,2,5,,🎁,3,,,,,,,
count_objects,PP1-MATH-X.133_Circus_Carnival_3D_Shape_Search_133,Count 2 party hat cones in circus collection!,cc133_count3.webp,audio_3g9.mp3,1,2,1,4,,🎉,2,,,,,,,
speak_repeat,PP1-MATH-X.133_Circus_Carnival_3D_Shape_Search_133,Say out loud clearly: SPHERE CUBE CONE AND CYLINDER AT THE CIRCUS!,speak_3g1.webp,audio_3g10.mp3,1,Sphere Cube Cone And Cylinder At The Circus,,,,,,Sphere Cube Cone And Cylinder At The Circus,,,,,,,
speak_repeat,PP1-MATH-X.133_Circus_Carnival_3D_Shape_Search_133,Say out loud clearly: I AM A CIRCUS 3D SHAPE EXPERT!,speak_3g2.webp,audio_3g11.mp3,1,I Am A Circus 3D Shape Expert,,,,,,I Am A Circus 3D Shape Expert,,,,,,,
matching,PP1-MATH-X.133_Circus_Carnival_3D_Shape_Search_133,Match circus objects to 3D shapes!,,,1,,,,,,,,Ball ⚽,SPHERE,Box 🎁,CUBE,Hat 🎉,CONE
matching,PP1-MATH-X.133_Circus_Carnival_3D_Shape_Search_133,Match more circus 3D shapes!,,,1,,,,,,,,Can 🥫,CYLINDER,Dice 🎲,CUBE,Globe 🌍,SPHERE
multiple_choice,PP1-MATH-X.134_Superhero_Power_Addition_134,4 superhero power stars plus 4 power stars equals...?,sh134_q1.webp,audio_sp1.mp3,1,8,4,6,,,1,,,,,,,
multiple_choice,PP1-MATH-X.134_Superhero_Power_Addition_134,5 power shields plus 5 power shields equals...?,sh134_q2.webp,audio_sp2.mp3,1,10,8,9,,,1,,,,,,,
multiple_choice,PP1-MATH-X.134_Superhero_Power_Addition_134,6 superhero capes plus 3 capes equals...?,sh134_q3.webp,audio_sp3.mp3,1,9,6,8,,,1,,,,,,,
multiple_choice,PP1-MATH-X.134_Superhero_Power_Addition_134,7 power badges plus 2 badges equals...?,sh134_q4.webp,audio_sp4.mp3,1,9,7,8,,,1,,,,,,,
multiple_choice,PP1-MATH-X.134_Superhero_Power_Addition_134,3 power stars plus 4 power stars equals...?,sh134_q5.webp,audio_sp5.mp3,1,7,3,6,,,1,,,,,,,
multiple_choice,PP1-MATH-X.134_Superhero_Power_Addition_134,8 power shields plus 2 power shields equals...?,sh134_q6.webp,audio_sp6.mp3,1,10,8,6,,,1,,,,,,,
count_objects,PP1-MATH-X.134_Superhero_Power_Addition_134,Count 8 total superhero power stars!,sh134_count1.webp,audio_sp7.mp3,1,8,6,9,,⭐,8,,,,,,,
count_objects,PP1-MATH-X.134_Superhero_Power_Addition_134,Count 10 total superhero power shields!,sh134_count2.webp,audio_sp8.mp3,1,10,8,9,,🛡️,10,,,,,,,
count_objects,PP1-MATH-X.134_Superhero_Power_Addition_134,Count 9 total superhero power capes!,sh134_count3.webp,audio_sp9.mp3,1,9,7,10,,🦸,9,,,,,,,
speak_repeat,PP1-MATH-X.134_Superhero_Power_Addition_134,Say out loud clearly: FOUR PLUS FOUR EQUALS EIGHT SUPERHERO STARS!,speak_sp1.webp,audio_sp10.mp3,1,Four Plus Four Equals Eight Superhero Stars,,,,,,Four Plus Four Equals Eight Superhero Stars,,,,,,,
speak_repeat,PP1-MATH-X.134_Superhero_Power_Addition_134,Say out loud clearly: EIGHT PLUS TWO EQUALS TEN SUPERHERO POWER!,speak_sp2.webp,audio_sp11.mp3,1,Eight Plus Two Equals Ten Superhero Power,,,,,,Eight Plus Two Equals Ten Superhero Power,,,,,,,
matching,PP1-MATH-X.134_Superhero_Power_Addition_134,Match superhero additions!,,,1,,,,,,,,4+4,8,5+5,10,6+3,9
matching,PP1-MATH-X.134_Superhero_Power_Addition_134,Match power sums!,,,1,,,,,,,,7+2,9,3+4,7,8+2,10
multiple_choice,PP1-MATH-X.135_Underwater_Reef_Measurement_135,A giant whale is heavy and a tiny fish is...?,uw135_q1.webp,audio_uw1.mp3,1,LIGHT,HEAVY,TALL,,,1,,,,,,,
multiple_choice,PP1-MATH-X.135_Underwater_Reef_Measurement_135,A clam shell packed with pearls to the top is...?,uw135_q2.webp,audio_uw2.mp3,1,FULL,EMPTY,HALF,,,1,,,,,,,
multiple_choice,PP1-MATH-X.135_Underwater_Reef_Measurement_135,An empty water jar with zero bubbles is...?,uw135_q3.webp,audio_uw3.mp3,1,EMPTY,FULL,HALF,,,1,,,,,,,
multiple_choice,PP1-MATH-X.135_Underwater_Reef_Measurement_135,Which sea animal is HEAVY: a blue whale or a tiny crab?,uw135_q4.webp,audio_uw4.mp3,1,WHALE,CRAB,SAME,,,1,,,,,,,
multiple_choice,PP1-MATH-X.135_Underwater_Reef_Measurement_135,Which container holds the MOST water?,uw135_q5.webp,audio_uw5.mp3,1,FULL,EMPTY,HALF,,,1,,,,,,,
multiple_choice,PP1-MATH-X.135_Underwater_Reef_Measurement_135,Capacity on the reef means how much a shell can...?,uw135_q6.webp,audio_uw6.mp3,1,HOLD,ROLL,FLY,,,1,,,,,,,
count_objects,PP1-MATH-X.135_Underwater_Reef_Measurement_135,Count 3 full water jars underwater!,uw135_count1.webp,audio_uw7.mp3,1,3,1,4,,🫙,3,,,,,,,
count_objects,PP1-MATH-X.135_Underwater_Reef_Measurement_135,Count 2 empty buckets on the sand!,uw135_count2.webp,audio_uw8.mp3,1,2,1,3,,🪣,2,,,,,,,
count_objects,PP1-MATH-X.135_Underwater_Reef_Measurement_135,Count 4 heavy whales on the reef!,uw135_count3.webp,audio_uw9.mp3,1,4,2,5,,🐳,4,,,,,,,
speak_repeat,PP1-MATH-X.135_Underwater_Reef_Measurement_135,Say out loud clearly: UNDERWATER REEF CAPACITY AND MEASUREMENT!,speak_uw1.webp,audio_uw10.mp3,1,Underwater Reef Capacity And Measurement,,,,,,Underwater Reef Capacity And Measurement,,,,,,,
speak_repeat,PP1-MATH-X.135_Underwater_Reef_Measurement_135,Say out loud clearly: FULL JAR AND EMPTY BUCKET ON THE REEF!,speak_uw2.webp,audio_uw11.mp3,1,Full Jar And Empty Bucket On The Reef,,,,,,Full Jar And Empty Bucket On The Reef,,,,,,,
matching,PP1-MATH-X.135_Underwater_Reef_Measurement_135,Match reef measurement items!,,,1,,,,,,,,Whale 🐳,HEAVY,Jar 🫙,FULL,Bucket 🪣,EMPTY
matching,PP1-MATH-X.135_Underwater_Reef_Measurement_135,Match capacity opposites!,,,1,,,,,,,,Full,EMPTY,Empty,FULL,Heavy,LIGHT
multiple_choice,PP1-MATH-X.136_Safari_Animal_Data_Chart_136,Chart shows 5 lions and 2 zebras. How many lions?,sd136_q1.webp,audio_sa1.mp3,1,5,2,7,,,1,,,,,,,
multiple_choice,PP1-MATH-X.136_Safari_Animal_Data_Chart_136,Chart shows 5 lions and 2 zebras. How many zebras?,sd136_q2.webp,audio_sa2.mp3,1,2,5,7,,,1,,,,,,,
multiple_choice,PP1-MATH-X.136_Safari_Animal_Data_Chart_136,Chart shows 5 lions and 2 zebras. Which animal has MORE?,sd136_q3.webp,audio_sa3.mp3,1,LIONS,ZEBRAS,EQUAL,,,1,,,,,,,
multiple_choice,PP1-MATH-X.136_Safari_Animal_Data_Chart_136,Chart shows 5 lions and 2 zebras. Which animal has FEWER?,sd136_q4.webp,audio_sa4.mp3,1,ZEBRAS,LIONS,EQUAL,,,1,,,,,,,
multiple_choice,PP1-MATH-X.136_Safari_Animal_Data_Chart_136,Chart shows 4 giraffes and 4 giraffes. The counts are...?,sd136_q5.webp,audio_sa5.mp3,1,EQUAL,MORE,FEWER,,,1,,,,,,,
multiple_choice,PP1-MATH-X.136_Safari_Animal_Data_Chart_136,In a data chart, animal pictures stand for real...?,sd136_q6.webp,audio_sa6.mp3,1,ANIMALS,TREES,ROADS,,,1,,,,,,,
count_objects,PP1-MATH-X.136_Safari_Animal_Data_Chart_136,Count 5 lion icons on the safari graph!,sd136_count1.webp,audio_sa7.mp3,1,5,3,4,,🦁,5,,,,,,,
count_objects,PP1-MATH-X.136_Safari_Animal_Data_Chart_136,Count 2 zebra icons on the chart!,sd136_count2.webp,audio_sa8.mp3,1,2,1,4,,🦓,2,,,,,,,
count_objects,PP1-MATH-X.136_Safari_Animal_Data_Chart_136,Count 4 giraffe icons on the board!,sd136_count3.webp,audio_sa9.mp3,1,4,2,5,,🦒,4,,,,,,,
speak_repeat,PP1-MATH-X.136_Safari_Animal_Data_Chart_136,Say out loud clearly: SAFARI ANIMAL DATA CHART COUNT AND COMPARE!,speak_sa1.webp,audio_sa10.mp3,1,Safari Animal Data Chart Count And Compare,,,,,,Safari Animal Data Chart Count And Compare,,,,,,,
speak_repeat,PP1-MATH-X.136_Safari_Animal_Data_Chart_136,Say out loud clearly: FIVE LIONS IS MORE THAN TWO ZEBRAS!,speak_sa2.webp,audio_sa11.mp3,1,Five Lions Is More Than Two Zebras,,,,,,Five Lions Is More Than Two Zebras,,,,,,,
matching,PP1-MATH-X.136_Safari_Animal_Data_Chart_136,Match safari chart counts!,,,1,,,,,,,,Lions 🦁,5,Zebras 🦓,2,Giraffes 🦒,4
matching,PP1-MATH-X.136_Safari_Animal_Data_Chart_136,Match chart terms!,,,1,,,,,,,,5 lions,MORE,2 zebras,FEWER,4 vs 4,EQUAL
multiple_choice,PP1-MATH-X.137_Kenyan_Shilling_Shopping_Spree_137,You buy a banana for 10 KES. Which coin pays for it?,ss137_q1.webp,audio_ks1.mp3,1,10 KES,1 KES,5 KES,,,1,,,,,,,
multiple_choice,PP1-MATH-X.137_Kenyan_Shilling_Shopping_Spree_137,You buy an apple for 5 KES. Which coin pays for it?,ss137_q2.webp,audio_ks2.mp3,1,5 KES,1 KES,20 KES,,,1,,,,,,,
multiple_choice,PP1-MATH-X.137_Kenyan_Shilling_Shopping_Spree_137,What is the highest value coin in Kenya up to 20?,ss137_q3.webp,audio_ks3.mp3,1,20 KES,10 KES,5 KES,,,1,,,,,,,
multiple_choice,PP1-MATH-X.137_Kenyan_Shilling_Shopping_Spree_137,You buy 1 orange for 5 KES and 1 snack for 5 KES. Total cost?,ss137_q4.webp,audio_ks4.mp3,1,10 KES,5 KES,20 KES,,,1,,,,,,,
multiple_choice,PP1-MATH-X.137_Kenyan_Shilling_Shopping_Spree_137,Where do we go for a shopping spree with coins?,ss137_q5.webp,audio_ks5.mp3,1,MARKET,PARK,BED,,,1,,,,,,,
multiple_choice,PP1-MATH-X.137_Kenyan_Shilling_Shopping_Spree_137,What currency is printed on Kenyan coins?,ss137_q6.webp,audio_ks6.mp3,1,KES,USD,EUR,,,1,,,,,,,
count_objects,PP1-MATH-X.137_Kenyan_Shilling_Shopping_Spree_137,Count 5 shiny shilling coins in the purse!,ss137_count1.webp,audio_ks7.mp3,1,5,3,4,,🪙,5,,,,,,,
count_objects,PP1-MATH-X.137_Kenyan_Shilling_Shopping_Spree_137,Count 4 shopping spree apples!,ss137_count2.webp,audio_ks8.mp3,1,4,2,5,,🍎,4,,,,,,,
count_objects,PP1-MATH-X.137_Kenyan_Shilling_Shopping_Spree_137,Count 3 yellow shopping bananas!,ss137_count3.webp,audio_ks9.mp3,1,3,1,4,,🍌,3,,,,,,,
speak_repeat,PP1-MATH-X.137_Kenyan_Shilling_Shopping_Spree_137,Say out loud clearly: KENYAN SHILLING SHOPPING SPREE WITH COINS!,speak_ks1.webp,audio_ks10.mp3,1,Kenyan Shilling Shopping Spree With Coins,,,,,,Kenyan Shilling Shopping Spree With Coins,,,,,,,
speak_repeat,PP1-MATH-X.137_Kenyan_Shilling_Shopping_Spree_137,Say out loud clearly: FIVE KES PLUS FIVE KES EQUALS TEN KES!,speak_ks2.webp,audio_ks11.mp3,1,Five KES Plus Five KES Equals Ten KES,,,,,,Five KES Plus Five KES Equals Ten KES,,,,,,,
matching,PP1-MATH-X.137_Kenyan_Shilling_Shopping_Spree_137,Match shopping item prices!,,,1,,,,,,,,Apple 🍎,5 KES,Banana 🍌,10 KES,Snack 🥪,20 KES
matching,PP1-MATH-X.137_Kenyan_Shilling_Shopping_Spree_137,Match shilling values!,,,1,,,,,,,,1,1 KES,5,5 KES,10,10 KES
multiple_choice,PP1-MATH-X.138_PP1_Math_Curriculum_Review_138,What number comes after 19 in full review?,cr138_q1.webp,audio_cr1.mp3,1,20,18,15,,,1,,,,,,,
multiple_choice,PP1-MATH-X.138_PP1_Math_Curriculum_Review_138,What is 5 plus 5 in review?,cr138_q2.webp,audio_cr2.mp3,1,10,5,8,,,1,,,,,,,
multiple_choice,PP1-MATH-X.138_PP1_Math_Curriculum_Review_138,Which 3D shape is round like a ball?,cr138_q3.webp,audio_cr3.mp3,1,SPHERE,CUBE,CONE,,,1,,,,,,,
multiple_choice,PP1-MATH-X.138_PP1_Math_Curriculum_Review_138,Which pattern rule is Red Yellow Blue Red Yellow Blue?,cr138_q4.webp,audio_cr4.mp3,1,ABC,AABB,AB,,,1,,,,,,,
multiple_choice,PP1-MATH-X.138_PP1_Math_Curriculum_Review_138,An elephant is heavy and a feather is...?,cr138_q5.webp,audio_cr5.mp3,1,LIGHT,HEAVY,FULL,,,1,,,,,,,
multiple_choice,PP1-MATH-X.138_PP1_Math_Curriculum_Review_138,What coin has value 10 in Kenya?,cr138_q6.webp,audio_cr6.mp3,1,10 KES,1 KES,5 KES,,,1,,,,,,,
count_objects,PP1-MATH-X.138_PP1_Math_Curriculum_Review_138,Count 20 curriculum review star trophies!,cr138_count1.webp,audio_cr7.mp3,1,20,18,19,,🏆,20,,,,,,,
count_objects,PP1-MATH-X.138_PP1_Math_Curriculum_Review_138,Count 15 review counting medals!,cr138_count2.webp,audio_cr8.mp3,1,15,12,18,,🥇,15,,,,,,,
count_objects,PP1-MATH-X.138_PP1_Math_Curriculum_Review_138,Count 10 review math crowns!,cr138_count3.webp,audio_cr9.mp3,1,10,8,12,,👑,10,,,,,,,
speak_repeat,PP1-MATH-X.138_PP1_Math_Curriculum_Review_138,Say out loud clearly: PP1 MATH FULL CURRICULUM REVIEW SUCCESS!,speak_cr1.webp,audio_cr10.mp3,1,PP1 Math Full Curriculum Review Success,,,,,,PP1 Math Full Curriculum Review Success,,,,,,,
speak_repeat,PP1-MATH-X.138_PP1_Math_Curriculum_Review_138,Say out loud clearly: NUMBERS SHAPES PATTERNS AND MEASUREMENT REVIEW!,speak_cr2.webp,audio_cr11.mp3,1,Numbers Shapes Patterns And Measurement Review,,,,,,Numbers Shapes Patterns And Measurement Review,,,,,,,
matching,PP1-MATH-X.138_PP1_Math_Curriculum_Review_138,Match curriculum math domains!,,,1,,,,,,,,Numbers,20,Shapes,SPHERE,Money,10 KES
matching,PP1-MATH-X.138_PP1_Math_Curriculum_Review_138,Match review symbols!,,,1,,,,,,,,Trophy 🏆,MASTER,Medal 🥇,WINNER,Crown 👑,REVIEW
multiple_choice,PP1-MATH-X.139_PP1_Math_Ultimate_Challenge_139,What number comes after 19 in ultimate challenge?,uc139_q1.webp,audio_uc1.mp3,1,20,18,15,,,1,,,,,,,
multiple_choice,PP1-MATH-X.139_PP1_Math_Ultimate_Challenge_139,What is 5 plus 5 in ultimate challenge?,uc139_q2.webp,audio_uc2.mp3,1,10,5,8,,,1,,,,,,,
multiple_choice,PP1-MATH-X.139_PP1_Math_Ultimate_Challenge_139,Which 3D shape is round like a ball?,uc139_q3.webp,audio_uc3.mp3,1,SPHERE,CUBE,CONE,,,1,,,,,,,
multiple_choice,PP1-MATH-X.139_PP1_Math_Ultimate_Challenge_139,Which pattern rule is Red Yellow Blue Red Yellow Blue?,uc139_q4.webp,audio_uc4.mp3,1,ABC,AABB,AB,,,1,,,,,,,
multiple_choice,PP1-MATH-X.139_PP1_Math_Ultimate_Challenge_139,An elephant is heavy and a feather is...?,uc139_q5.webp,audio_uc5.mp3,1,LIGHT,HEAVY,FULL,,,1,,,,,,,
multiple_choice,PP1-MATH-X.139_PP1_Math_Ultimate_Challenge_139,What coin has value 10 in Kenya?,uc139_q6.webp,audio_uc6.mp3,1,10 KES,1 KES,5 KES,,,1,,,,,,,
count_objects,PP1-MATH-X.139_PP1_Math_Ultimate_Challenge_139,Count 20 ultimate challenge star trophies!,uc139_count1.webp,audio_uc7.mp3,1,20,18,19,,🏆,20,,,,,,,
count_objects,PP1-MATH-X.139_PP1_Math_Ultimate_Challenge_139,Count 15 ultimate challenge medals!,uc139_count2.webp,audio_uc8.mp3,1,15,12,18,,🥇,15,,,,,,,
count_objects,PP1-MATH-X.139_PP1_Math_Ultimate_Challenge_139,Count 10 ultimate challenge crowns!,uc139_count3.webp,audio_uc9.mp3,1,10,8,12,,👑,10,,,,,,,
speak_repeat,PP1-MATH-X.139_PP1_Math_Ultimate_Challenge_139,Say out loud clearly: PP1 MATH ULTIMATE CHALLENGE SUCCESS!,speak_uc1.webp,audio_uc10.mp3,1,PP1 Math Ultimate Challenge Success,,,,,,PP1 Math Ultimate Challenge Success,,,,,,,
speak_repeat,PP1-MATH-X.139_PP1_Math_Ultimate_Challenge_139,Say out loud clearly: I PASSED THE ULTIMATE MATH CHALLENGE!,speak_uc2.webp,audio_uc11.mp3,1,I Passed The Ultimate Math Challenge,,,,,,I Passed The Ultimate Math Challenge,,,,,,,
matching,PP1-MATH-X.139_PP1_Math_Ultimate_Challenge_139,Match ultimate challenge domains!,,,1,,,,,,,,Numbers,20,Shapes,SPHERE,Money,10 KES
matching,PP1-MATH-X.139_PP1_Math_Ultimate_Challenge_139,Match ultimate challenge symbols!,,,1,,,,,,,,Trophy 🏆,MASTER,Medal 🥇,WINNER,Crown 👑,ULTIMATE
multiple_choice,PP1-MATH-X.140_PP1_Math_Grand_Champion_140,What number comes after 19 at the grand graduation?,gc140_q1.webp,audio_gc1.mp3,1,20,18,15,,,1,,,,,,,
multiple_choice,PP1-MATH-X.140_PP1_Math_Grand_Champion_140,What is 5 plus 5 at the grand graduation?,gc140_q2.webp,audio_gc2.mp3,1,10,5,8,,,1,,,,,,,
multiple_choice,PP1-MATH-X.140_PP1_Math_Grand_Champion_140,Which 3D shape is round like a ball?,gc140_q3.webp,audio_gc3.mp3,1,SPHERE,CUBE,CONE,,,1,,,,,,,
multiple_choice,PP1-MATH-X.140_PP1_Math_Grand_Champion_140,Which pattern rule is Red Yellow Blue Red Yellow Blue?,gc140_q4.webp,audio_gc4.mp3,1,ABC,AABB,AB,,,1,,,,,,,
multiple_choice,PP1-MATH-X.140_PP1_Math_Grand_Champion_140,An elephant is heavy and a feather is...?,gc140_q5.webp,audio_gc5.mp3,1,LIGHT,HEAVY,FULL,,,1,,,,,,,
multiple_choice,PP1-MATH-X.140_PP1_Math_Grand_Champion_140,What coin has value 10 in Kenya?,gc140_q6.webp,audio_gc6.mp3,1,10 KES,1 KES,5 KES,,,1,,,,,,,
count_objects,PP1-MATH-X.140_PP1_Math_Grand_Champion_140,Count 20 grand champion star trophies!,gc140_count1.webp,audio_gc7.mp3,1,20,18,19,,🏆,20,,,,,,,
count_objects,PP1-MATH-X.140_PP1_Math_Grand_Champion_140,Count 15 grand champion gold medals!,gc140_count2.webp,audio_gc8.mp3,1,15,12,18,,🥇,15,,,,,,,
count_objects,PP1-MATH-X.140_PP1_Math_Grand_Champion_140,Count 10 grand champion crowns!,gc140_count3.webp,audio_gc9.mp3,1,10,8,12,,👑,10,,,,,,,
speak_repeat,PP1-MATH-X.140_PP1_Math_Grand_Champion_140,Say out loud clearly: I AM A PP1 MATH GRAND CHAMPION!,speak_gc1.webp,audio_gc10.mp3,1,I Am A PP1 Math Grand Champion,,,,,,I Am A PP1 Math Grand Champion,,,,,,,
speak_repeat,PP1-MATH-X.140_PP1_Math_Grand_Champion_140,Say out loud clearly: ONE HUNDRED FORTY MISSIONS OF PP1 MATH GRADUATION SUCCESS!,speak_gc2.webp,audio_gc11.mp3,1,One Hundred Forty Missions Of PP1 Math Graduation Success,,,,,,One Hundred Forty Missions Of PP1 Math Graduation Success,,,,,,,
matching,PP1-MATH-X.140_PP1_Math_Grand_Champion_140,Match grand champion math domains!,,,1,,,,,,,,Numbers,20,Shapes,SPHERE,Money,10 KES
matching,PP1-MATH-X.140_PP1_Math_Grand_Champion_140,Match grand champion symbols!,,,1,,,,,,,,Trophy 🏆,CHAMPION,Medal 🥇,WINNER,Crown 👑,GRADUATION




question_type,lesson_title,prompt,prompt_image,prompt_audio,correct_answer,option_1,option_2,option_3,option_4,count_emoji_or_image,target_count,target_word,pair_1_left,pair_1_right,pair_2_left,pair_2_right,pair_3_left,pair_3_right
multiple_choice,PP1-CRE-1.1.1_God_Made_the_Sun_Moon_and_Stars,Who created the bright sun in the sky?,cre_q1.webp,audio_q1.mp3,1,GOD,STARS,WIND,,,1,,,,,,,
multiple_choice,PP1-CRE-1.1.1_God_Made_the_Sun_Moon_and_Stars,God made the sun to give us light during the...?,cre_q2.webp,audio_q2.mp3,1,DAY,NIGHT,RAIN,,,1,,,,,,,
multiple_choice,PP1-CRE-1.1.1_God_Made_the_Sun_Moon_and_Stars,Who made the glowing moon at night?,cre_q3.webp,audio_q3.mp3,1,GOD,CLOUDS,CARS,,,1,,,,,,,
multiple_choice,PP1-CRE-1.1.1_God_Made_the_Sun_Moon_and_Stars,God placed twinkling stars in the...?,cre_q4.webp,audio_q4.mp3,1,SKY,GRASS,WATER,,,1,,,,,,,
multiple_choice,PP1-CRE-1.1.1_God_Made_the_Sun_Moon_and_Stars,We thank God for the beautiful heavenly...?,cre_q5.webp,audio_q5.mp3,1,LIGHTS,TOYS,SHOES,,,1,,,,,,,
multiple_choice,PP1-CRE-1.1.1_God_Made_the_Sun_Moon_and_Stars,Who holds all the stars in His hands?,cre_q6.webp,audio_q6.mp3,1,GOD,BIRDS,TREES,,,1,,,,,,,
count_objects,PP1-CRE-1.1.1_God_Made_the_Sun_Moon_and_Stars,Count 1 bright warm sun created by God!,cre_count1.webp,audio_q7.mp3,1,1,2,3,,☀️,1,,,,,,,
count_objects,PP1-CRE-1.1.1_God_Made_the_Sun_Moon_and_Stars,Count 5 shiny stars twinkling in the night sky!,cre_count2.webp,audio_q8.mp3,1,5,3,4,,⭐,5,,,,,,,
count_objects,PP1-CRE-1.1.1_God_Made_the_Sun_Moon_and_Stars,Count 2 glowing moons made by God!,cre_count3.webp,audio_q9.mp3,1,2,1,3,,🌙,2,,,,,,,
speak_repeat,PP1-CRE-1.1.1_God_Made_the_Sun_Moon_and_Stars,Say out loud clearly: GOD MADE THE SUN MOON AND STARS!,speak_cre1.webp,audio_q10.mp3,1,God Made The Sun Moon And Stars,,,,,,God Made The Sun Moon And Stars,,,,,,,
speak_repeat,PP1-CRE-1.1.1_God_Made_the_Sun_Moon_and_Stars,Say out loud clearly: THANK YOU GOD FOR HEAVENLY LIGHTS!,speak_cre2.webp,audio_q11.mp3,1,Thank You God For Heavenly Lights,,,,,,Thank You God For Heavenly Lights,,,,,,,
matching,PP1-CRE-1.1.1_God_Made_the_Sun_Moon_and_Stars,Match God's sky creations!,,,1,,,,,,,,Sun ☀️,1,Moon 🌙,2,Star ⭐,3
matching,PP1-CRE-1.1.1_God_Made_the_Sun_Moon_and_Stars,Match day and night lights!,,,1,,,,,,,,Day ☀️,1,Night 🌙,2,Stars ⭐,3
multiple_choice,PP1-CRE-1.1.2_God_Made_Plants_Trees_and_Flowers,Who created the green plants and tall trees?,cre_q7.webp,audio_q12.mp3,1,GOD,CARS,ROADS,,,1,,,,,,,
multiple_choice,PP1-CRE-1.1.2_God_Made_Plants_Trees_and_Flowers,God made sweet-smelling colorful...?,cre_q8.webp,audio_q13.mp3,1,FLOWERS,ROCKS,DUST,,,1,,,,,,,
multiple_choice,PP1-CRE-1.1.2_God_Made_Plants_Trees_and_Flowers,Who gives rain and sun to make plants grow?,cre_q9.webp,audio_q14.mp3,1,GOD,KINGS,PILOTS,,,1,,,,,,,
multiple_choice,PP1-CRE-1.1.2_God_Made_Plants_Trees_and_Flowers,Green leaves and big trees give us fresh...?,cre_q10.webp,audio_q15.mp3,1,AIR,NOISE,SMOKE,,,1,,,,,,,
multiple_choice,PP1-CRE-1.1.2_God_Made_Plants_Trees_and_Flowers,We praise God for making tasty fruits on...?,cre_q11.webp,audio_q16.mp3,1,TREES,WALLS,DOORS,,,1,,,,,,,
multiple_choice,PP1-CRE-1.1.2_God_Made_Plants_Trees_and_Flowers,How should we treat God's flowers and plants?,cre_q12.webp,audio_q17.mp3,1,CARE,HURT,BREAK,,,1,,,,,,,
count_objects,PP1-CRE-1.1.2_God_Made_Plants_Trees_and_Flowers,Count 4 tall green trees created by God!,cre_count4.webp,audio_q18.mp3,1,4,2,5,,🌳,4,,,,,,,
count_objects,PP1-CRE-1.1.2_God_Made_Plants_Trees_and_Flowers,Count 5 colorful flowers in God's garden!,cre_count5.webp,audio_q19.mp3,1,5,3,4,,🌸,5,,,,,,,
count_objects,PP1-CRE-1.1.2_God_Made_Plants_Trees_and_Flowers,Count 3 green leaves made by God!,cre_count6.webp,audio_q20.mp3,1,3,1,4,,🍃,3,,,,,,,
speak_repeat,PP1-CRE-1.1.2_God_Made_Plants_Trees_and_Flowers,Say out loud clearly: GOD MADE TREES PLANTS AND FLOWERS!,speak_cre3.webp,audio_q21.mp3,1,God Made Trees Plants And Flowers,,,,,,God Made Trees Plants And Flowers,,,,,,,
speak_repeat,PP1-CRE-1.1.2_God_Made_Plants_Trees_and_Flowers,Say out loud clearly: PRAISE GOD FOR BEAUTIFUL NATURE!,speak_cre4.webp,audio_q22.mp3,1,Praise God For Beautiful Nature,,,,,,Praise God For Beautiful Nature,,,,,,,
matching,PP1-CRE-1.1.2_God_Made_Plants_Trees_and_Flowers,Match God's garden creations!,,,1,,,,,,,,Tree 🌳,1,Flower 🌸,2,Leaf 🍃,3
matching,PP1-CRE-1.1.2_God_Made_Plants_Trees_and_Flowers,Match plants and nature items!,,,1,,,,,,,,Seed 🌱,1,Flower 🌺,2,Palm 🌴,3
multiple_choice,PP1-CRE-1.1.3_God_Made_Animals_Birds_and_Fish,Who made all the animals on the land?,cre_q13.webp,audio_q23.mp3,1,GOD,HUNTERS,TRUCKS,,,1,,,,,,,
multiple_choice,PP1-CRE-1.1.3_God_Made_Animals_Birds_and_Fish,Who created birds that fly high in the sky?,cre_q14.webp,audio_q24.mp3,1,GOD,PLANES,WINDS,,,1,,,,,,,
multiple_choice,PP1-CRE-1.1.3_God_Made_Animals_Birds_and_Fish,God made fish to swim in the...?,cre_q15.webp,audio_q25.mp3,1,WATER,TREES,CLOUDS,,,1,,,,,,,
multiple_choice,PP1-CRE-1.1.3_God_Made_Animals_Birds_and_Fish,Who feeds and cares for every creature?,cre_q16.webp,audio_q26.mp3,1,GOD,NOBODY,NONE,,,1,,,,,,,
multiple_choice,PP1-CRE-1.1.3_God_Made_Animals_Birds_and_Fish,We show love to animals because God made...?,cre_q17.webp,audio_q27.mp3,1,THEM,NONE,TOYS,,,1,,,,,,,
multiple_choice,PP1-CRE-1.1.3_God_Made_Animals_Birds_and_Fish,Big lions and small birds are part of God's...?,cre_q18.webp,audio_q28.mp3,1,CREATION,STORM,FEAR,,,1,,,,,,,
count_objects,PP1-CRE-1.1.3_God_Made_Animals_Birds_and_Fish,Count 3 flying birds made by God!,cre_count7.webp,audio_q29.mp3,1,3,2,4,,🕊️,3,,,,,,,
count_objects,PP1-CRE-1.1.3_God_Made_Animals_Birds_and_Fish,Count 5 swimming fish in God's ocean!,cre_count8.webp,audio_q30.mp3,1,5,3,4,,🐟,5,,,,,,,
count_objects,PP1-CRE-1.1.3_God_Made_Animals_Birds_and_Fish,Count 2 lions created by God!,cre_count9.webp,audio_q31.mp3,1,2,1,4,,🦁,2,,,,,,,
speak_repeat,PP1-CRE-1.1.3_God_Made_Animals_Birds_and_Fish,Say out loud clearly: GOD MADE ANIMALS BIRDS AND FISH!,speak_cre5.webp,audio_q32.mp3,1,God Made Animals Birds And Fish,,,,,,God Made Animals Birds And Fish,,,,,,,
speak_repeat,PP1-CRE-1.1.3_God_Made_Animals_Birds_and_Fish,Say out loud clearly: THANK YOU GOD FOR ALL CREATURES!,speak_cre6.webp,audio_q33.mp3,1,Thank You God For All Creatures,,,,,,Thank You God For All Creatures,,,,,,,
matching,PP1-CRE-1.1.3_God_Made_Animals_Birds_and_Fish,Match God's creature creations!,,,1,,,,,,,,Bird 🕊️,1,Fish 🐟,2,Lion 🦁,3
matching,PP1-CRE-1.1.3_God_Made_Animals_Birds_and_Fish,Match animals to where they live!,,,1,,,,,,,,Sky 🕊️,1,Water 🐟,2,Land 🐘,3
multiple_choice,PP1-CRE-1.1.4_God_Made_Me_Special,Who made you unique, wonderful, and special?,cre_q19.webp,audio_q34.mp3,1,GOD,TOYS,CARS,,,1,,,,,,,
multiple_choice,PP1-CRE-1.1.4_God_Made_Me_Special,God knows your name and loves you...?,cre_q20.webp,audio_q35.mp3,1,ALWAYS,NEVER,LITTLE,,,1,,,,,,,
multiple_choice,PP1-CRE-1.1.4_God_Made_Me_Special,How many people in the world are exactly like you?,cre_q21.webp,audio_q36.mp3,1,NONE,MANY,ALL,,,1,,,,,,,
multiple_choice,PP1-CRE-1.1.4_God_Made_Me_Special,We smile because God created us with...?,cre_q22.webp,audio_q37.mp3,1,LOVE,FEAR,ANGER,,,1,,,,,,,
multiple_choice,PP1-CRE-1.1.4_God_Made_Me_Special,You are special to God because you are His...?,cre_q23.webp,audio_q38.mp3,1,CHILD,TOY,PET,,,1,,,,,,,
multiple_choice,PP1-CRE-1.1.4_God_Made_Me_Special,We say thank you to God for making...?,cre_q24.webp,audio_q39.mp3,1,ME,ROCKS,DUST,,,1,,,,,,,
count_objects,PP1-CRE-1.1.4_God_Made_Me_Special,Count 1 special child loved by God!,cre_count10.webp,audio_q40.mp3,1,1,2,3,,👦,1,,,,,,,
count_objects,PP1-CRE-1.1.4_God_Made_Me_Special,Count 4 happy smiling faces made by God!,cre_count11.webp,audio_q41.mp3,1,4,2,5,,😊,4,,,,,,,
count_objects,PP1-CRE-1.1.4_God_Made_Me_Special,Count 3 hearts showing God's love for me!,cre_count12.webp,audio_q42.mp3,1,3,1,5,,❤️,3,,,,,,,
speak_repeat,PP1-CRE-1.1.4_God_Made_Me_Special,Say out loud clearly: GOD MADE ME SPECIAL AND LOVED!,speak_cre7.webp,audio_q43.mp3,1,God Made Me Special And Loved,,,,,,God Made Me Special And Loved,,,,,,,
speak_repeat,PP1-CRE-1.1.4_God_Made_Me_Special,Say out loud clearly: I AM WONDERFULLY MADE BY GOD!,speak_cre8.webp,audio_q44.mp3,1,I Am Wonderfully Made By God,,,,,,I Am Wonderfully Made By God,,,,,,,
matching,PP1-CRE-1.1.4_God_Made_Me_Special,Match special identity symbols!,,,1,,,,,,,,Smile 😊,1,Heart ❤️,2,Crown 👑,3
matching,PP1-CRE-1.1.4_God_Made_Me_Special,Match God's love for me!,,,1,,,,,,,,Me 👧,1,Love ❤️,2,Cross ✝️,3
multiple_choice,PP1-CRE-1.1.5_My_Body_is_Gods_Temple,Your body is a special gift and a temple of...?,cre_q25.webp,audio_q45.mp3,1,GOD,KINGS,WINDS,,,1,,,,,,,
multiple_choice,PP1-CRE-1.1.5_My_Body_is_Gods_Temple,We wash our hands and clean our body to keep it...?,cre_q26.webp,audio_q46.mp3,1,HEALTHY,DIRTY,SICK,,,1,,,,,,,
multiple_choice,PP1-CRE-1.1.5_My_Body_is_Gods_Temple,God gave us hands to help and not to...?,cre_q27.webp,audio_q47.mp3,1,HURT,LOVE,SHARE,,,1,,,,,,,
multiple_choice,PP1-CRE-1.1.5_My_Body_is_Gods_Temple,God gave us feet to walk in His...?,cre_q28.webp,audio_q48.mp3,1,WAYS,DARK,FEAR,,,1,,,,,,,
multiple_choice,PP1-CRE-1.1.5_My_Body_is_Gods_Temple,God gave us eyes to see His beautiful...?,cre_q29.webp,audio_q49.mp3,1,WORLD,NOISE,NIGHT,,,1,,,,,,,
multiple_choice,PP1-CRE-1.1.5_My_Body_is_Gods_Temple,We use our mouth to speak kind words and...?,cre_q30.webp,audio_q50.mp3,1,PRAY,CRY,SHOUT,,,1,,,,,,,
count_objects,PP1-CRE-1.1.5_My_Body_is_Gods_Temple,Count 2 helping hands given by God!,cre_count13.webp,audio_q51.mp3,1,2,1,3,,✋,2,,,,,,,
count_objects,PP1-CRE-1.1.5_My_Body_is_Gods_Temple,Count 2 bright eyes to see God's world!,cre_count14.webp,audio_q52.mp3,1,2,3,4,,👁️,2,,,,,,,
count_objects,PP1-CRE-1.1.5_My_Body_is_Gods_Temple,Count 2 walking feet given by God!,cre_count15.webp,audio_q53.mp3,1,2,1,4,,🦶,2,,,,,,,
speak_repeat,PP1-CRE-1.1.5_My_Body_is_Gods_Temple,Say out loud clearly: MY BODY IS GOD'S TEMPLE!,speak_cre9.webp,audio_q54.mp3,1,My Body Is God's Temple,,,,,,My Body Is God's Temple,,,,,,,
speak_repeat,PP1-CRE-1.1.5_My_Body_is_Gods_Temple,Say out loud clearly: I WILL TAKE CARE OF MY BODY!,speak_cre10.webp,audio_q55.mp3,1,I Will Take Care Of My Body,,,,,,I Will Take Care Of My Body,,,,,,,
matching,PP1-CRE-1.1.5_My_Body_is_Gods_Temple,Match body parts given by God!,,,1,,,,,,,,Hands ✋,1,Eyes 👁️,2,Feet 🦶,3
matching,PP1-CRE-1.1.5_My_Body_is_Gods_Temple,Match caring for God's temple!,,,1,,,,,,,,Clean 🧼,1,Health 🍎,2,Pray 🙏,3
multiple_choice,PP1-CRE-1.1.6_God_Gave_Me_My_Family,Who gave you your loving Mommy and Daddy?,cre_q31.webp,audio_q56.mp3,1,GOD,STORES,ROADS,,,1,,,,,,,
multiple_choice,PP1-CRE-1.1.6_God_Gave_Me_My_Family,How should we treat our brothers and sisters at home?,cre_q32.webp,audio_q57.mp3,1,LOVE,FIGHT,IGNORE,,,1,,,,,,,
multiple_choice,PP1-CRE-1.1.6_God_Gave_Me_My_Family,We obey our parents because God commands us to...?,cre_q33.webp,audio_q58.mp3,1,HONOR,CRY,HIDE,,,1,,,,,,,
multiple_choice,PP1-CRE-1.1.6_God_Gave_Me_My_Family,A Christian family prays together and stays...?,cre_q34.webp,audio_q59.mp3,1,HAPPY,LOST,SAD,,,1,,,,,,,
multiple_choice,PP1-CRE-1.1.6_God_Gave_Me_My_Family,Who protects and blesses our family every day?,cre_q35.webp,audio_q60.mp3,1,GOD,NOBODY,NONE,,,1,,,,,,,
multiple_choice,PP1-CRE-1.1.6_God_Gave_Me_My_Family,We thank God for giving us a warm home and...?,cre_q36.webp,audio_q61.mp3,1,FAMILY,ROCKS,DUST,,,1,,,,,,,
count_objects,PP1-CRE-1.1.6_God_Gave_Me_My_Family,Count 4 family members in a loving home!,cre_count16.webp,audio_q62.mp3,1,4,2,5,,👨‍👩‍👧‍👦,4,,,,,,,
count_objects,PP1-CRE-1.1.6_God_Gave_Me_My_Family,Count 3 helping hands at home!,cre_count17.webp,audio_q63.mp3,1,3,1,4,,🤝,3,,,,,,,
count_objects,PP1-CRE-1.1.6_God_Gave_Me_My_Family,Count 5 loving hearts in our family!,cre_count18.webp,audio_q64.mp3,1,5,3,4,,❤️,5,,,,,,,
speak_repeat,PP1-CRE-1.1.6_God_Gave_Me_My_Family,Say out loud clearly: GOD GAVE ME MY LOVING FAMILY!,speak_cre11.webp,audio_q65.mp3,1,God Gave Me My Loving Family,,,,,,God Gave Me My Loving Family,,,,,,,
speak_repeat,PP1-CRE-1.1.6_God_Gave_Me_My_Family,Say out loud clearly: I LOVE MY MOMMY AND DADDY!,speak_cre12.webp,audio_q66.mp3,1,I Love My Mommy And Daddy,,,,,,I Love My Mommy And Daddy,,,,,,,
matching,PP1-CRE-1.1.6_God_Gave_Me_My_Family,Match family members!,,,1,,,,,,,,Family 🏠,1,Mommy 👩,2,Daddy 👨,3
matching,PP1-CRE-1.1.6_God_Gave_Me_My_Family,Match family values!,,,1,,,,,,,,Love ❤️,1,Help 🤝,2,Pray 🙏,3
multiple_choice,PP1-CRE-1.1.7_God_Gave_Me_My_Friends,Who gave us good friends to play with?,cre_q37.webp,audio_q67.mp3,1,GOD,CARS,TOYS,,,1,,,,,,,
multiple_choice,PP1-CRE-1.1.7_God_Gave_Me_My_Friends,When playing with friends we should always...?,cre_q38.webp,audio_q68.mp3,1,SHARE,PUSH,SHOUT,,,1,,,,,,,
multiple_choice,PP1-CRE-1.1.7_God_Gave_Me_My_Friends,If a friend falls down, we should stop and...?,cre_q39.webp,audio_q69.mp3,1,HELP,LAUGH,RUN,,,1,,,,,,,
multiple_choice,PP1-CRE-1.1.7_God_Gave_Me_My_Friends,Jesus taught us to love our friends and...?,cre_q40.webp,audio_q70.mp3,1,NEIGHBORS,ENEMIES,TOYS,,,1,,,,,,,
multiple_choice,PP1-CRE-1.1.7_God_Gave_Me_My_Friends,Speaking gentle and kind words makes our friends...?,cre_q41.webp,audio_q71.mp3,1,HAPPY,SAD,ANGRY,,,1,,,,,,,
multiple_choice,PP1-CRE-1.1.7_God_Gave_Me_My_Friends,We thank God for giving us cheerful...?,cre_q42.webp,audio_q72.mp3,1,FRIENDS,ROCKS,WINDS,,,1,,,,,,,
count_objects,PP1-CRE-1.1.7_God_Gave_Me_My_Friends,Count 3 happy friends playing together!,cre_count19.webp,audio_q73.mp3,1,3,2,4,,👧,3,,,,,,,
count_objects,PP1-CRE-1.1.7_God_Gave_Me_My_Friends,Count 4 shared toy blocks!,cre_count20.webp,audio_q74.mp3,1,4,2,5,,🧱,4,,,,,,,
count_objects,PP1-CRE-1.1.7_God_Gave_Me_My_Friends,Count 2 smiling faces showing friendship!,cre_count21.webp,audio_q75.mp3,1,2,1,3,,😊,2,,,,,,,
speak_repeat,PP1-CRE-1.1.7_God_Gave_Me_My_Friends,Say out loud clearly: LOVE AND SHARE WITH YOUR FRIENDS!,speak_cre13.webp,audio_q76.mp3,1,Love And Share With Your Friends,,,,,,Love And Share With Your Friends,,,,,,,
speak_repeat,PP1-CRE-1.1.7_God_Gave_Me_My_Friends,Say out loud clearly: THANK YOU GOD FOR MY FRIENDS!,speak_cre14.webp,audio_q77.mp3,1,Thank You God For My Friends,,,,,,Thank You God For My Friends,,,,,,,
matching,PP1-CRE-1.1.7_God_Gave_Me_My_Friends,Match friendship values!,,,1,,,,,,,,Share 🎁,1,Help 🤝,2,Smile 😊,3
matching,PP1-CRE-1.1.7_God_Gave_Me_My_Friends,Match playing nicely items!,,,1,,,,,,,,Friends 👧,1,Love ❤️,2,Toys 🧸,3
multiple_choice,PP1-CRE-1.1.8_God_Provides_Our_Daily_Food,Who provides our daily food and clean water?,cre_q43.webp,audio_q78.mp3,1,GOD,STORES,TRUCKS,,,1,,,,,,,
multiple_choice,PP1-CRE-1.1.8_God_Provides_Our_Daily_Food,Before eating our food we close our eyes to...?,cre_q44.webp,audio_q79.mp3,1,PRAY,CRY,RUN,,,1,,,,,,,
multiple_choice,PP1-CRE-1.1.8_God_Provides_Our_Daily_Food,We say thank you to God for healthy bread and...?,cre_q45.webp,audio_q80.mp3,1,FRUIT,ROCKS,DUST,,,1,,,,,,,
multiple_choice,PP1-CRE-1.1.8_God_Provides_Our_Daily_Food,God gives rain and sunshine so crops can give us...?,cre_q46.webp,audio_q81.mp3,1,FOOD,TOYS,SHOES,,,1,,,,,,,
multiple_choice,PP1-CRE-1.1.8_God_Provides_Our_Daily_Food,When we have extra food we should kindly...?,cre_q47.webp,audio_q82.mp3,1,SHARE,THROW,HIDE,,,1,,,,,,,
multiple_choice,PP1-CRE-1.1.8_God_Provides_Our_Daily_Food,God is our great Provider who cares for our...?,cre_q48.webp,audio_q83.mp3,1,NEEDS,FEAR,ANGER,,,1,,,,,,,
count_objects,PP1-CRE-1.1.8_God_Provides_Our_Daily_Food,Count 3 red apples provided by God!,cre_count22.webp,audio_q84.mp3,1,3,1,4,,🍎,3,,,,,,,
count_objects,PP1-CRE-1.1.8_God_Provides_Our_Daily_Food,Count 5 loaves of bread blessed by God!,cre_count23.webp,audio_q85.mp3,1,5,3,4,,🍞,5,,,,,,,
count_objects,PP1-CRE-1.1.8_God_Provides_Our_Daily_Food,Count 2 cups of clean water!,cre_count24.webp,audio_q86.mp3,1,2,1,3,,🥛,2,,,,,,,
speak_repeat,PP1-CRE-1.1.8_God_Provides_Our_Daily_Food,Say out loud clearly: GOD PROVIDES OUR DAILY FOOD AND WATER!,speak_cre15.webp,audio_q87.mp3,1,God Provides Our Daily Food And Water,,,,,,God Provides Our Daily Food And Water,,,,,,,
speak_repeat,PP1-CRE-1.1.8_God_Provides_Our_Daily_Food,Say out loud clearly: THANK YOU GOD FOR BLESSING OUR MEALS!,speak_cre16.webp,audio_q88.mp3,1,Thank You God For Blessing Our Meals,,,,,,Thank You God For Blessing Our Meals,,,,,,,
matching,PP1-CRE-1.1.8_God_Provides_Our_Daily_Food,Match daily food items!,,,1,,,,,,,,Apple 🍎,1,Bread 🍞,2,Water 🥛,3
matching,PP1-CRE-1.1.8_God_Provides_Our_Daily_Food,Match mealtime prayer symbols!,,,1,,,,,,,,Pray 🙏,1,Food 🍎,2,Heart ❤️,3
multiple_choice,PP1-CRE-1.1.9_God_Protects_Us_Day_and_Night,Who keeps us safe while we play in the day?,cre_q49.webp,audio_q89.mp3,1,GOD,SUN,CARS,,,1,,,,,,,
multiple_choice,PP1-CRE-1.1.9_God_Protects_Us_Day_and_Night,Who watches over us when we sleep at night?,cre_q50.webp,audio_q90.mp3,1,GOD,MOON,BEDS,,,1,,,,,,,
multiple_choice,PP1-CRE-1.1.9_God_Protects_Us_Day_and_Night,We do not fear the dark because God is always...?,cre_q51.webp,audio_q91.mp3,1,NEAR,FAR,LOST,,,1,,,,,,,
multiple_choice,PP1-CRE-1.1.9_God_Protects_Us_Day_and_Night,God sends His angels to guard and keep us...?,cre_q52.webp,audio_q92.mp3,1,SAFE,AFRAID,SAD,,,1,,,,,,,
multiple_choice,PP1-CRE-1.1.9_God_Protects_Us_Day_and_Night,Before sleeping at night we bow our heads to...?,cre_q53.webp,audio_q93.mp3,1,PRAY,SHOUT,RUN,,,1,,,,,,,
multiple_choice,PP1-CRE-1.1.9_God_Protects_Us_Day_and_Night,God's loving protection is over us day and...?,cre_q54.webp,audio_q94.mp3,1,NIGHT,RAIN,STORM,,,1,,,,,,,
count_objects,PP1-CRE-1.1.9_God_Protects_Us_Day_and_Night,Count 1 sun protecting our day!,cre_count25.webp,audio_q95.mp3,1,1,2,3,,☀️,1,,,,,,,
count_objects,PP1-CRE-1.1.9_God_Protects_Us_Day_and_Night,Count 5 stars watching over us at night!,cre_count26.webp,audio_q96.mp3,1,5,3,4,,⭐,5,,,,,,,
count_objects,PP1-CRE-1.1.9_God_Protects_Us_Day_and_Night,Count 2 guardian angels sent by God!,cre_count27.webp,audio_q97.mp3,1,2,1,3,,👼,2,,,,,,,
speak_repeat,PP1-CRE-1.1.9_God_Protects_Us_Day_and_Night,Say out loud clearly: GOD PROTECTS ME DAY AND NIGHT!,speak_cre17.webp,audio_q98.mp3,1,God Protects Me Day And Night,,,,,,God Protects Me Day And Night,,,,,,,
speak_repeat,PP1-CRE-1.1.9_God_Protects_Us_Day_and_Night,Say out loud clearly: I SLEEP SAFELY IN GOD'S CARE!,speak_cre18.webp,audio_q99.mp3,1,I Sleep Safely In God's Care,,,,,,I Sleep Safely In God's Care,,,,,,,
matching,PP1-CRE-1.1.9_God_Protects_Us_Day_and_Night,Match day and night protection!,,,1,,,,,,,,Day ☀️,1,Night 🌙,2,Angel 👼,3
matching,PP1-CRE-1.1.9_God_Protects_Us_Day_and_Night,Match safety symbols!,,,1,,,,,,,,Shield 🛡️,1,Cross ✝️,2,Pray 🙏,3
multiple_choice,PP1-CRE-1.1.10_Creation_Master_Grand_Master,Who made the world, sky, animals, and you?,cre_q55.webp,audio_q100.mp3,1,GOD,PEOPLE,WINDS,,,1,,,,,,,
multiple_choice,PP1-CRE-1.1.10_Creation_Master_Grand_Master,What book teaches us about God's wonderful creation?,cre_q56.webp,audio_q101.mp3,1,BIBLE,PAPER,MAP,,,1,,,,,,,
multiple_choice,PP1-CRE-1.1.10_Creation_Master_Grand_Master,How do we talk to God every morning and night?,cre_q57.webp,audio_q102.mp3,1,PRAYER,SLEEPING,RUNNING,,,1,,,,,,,
multiple_choice,PP1-CRE-1.1.10_Creation_Master_Grand_Master,Everything created by God is very...?,cre_q58.webp,audio_q103.mp3,1,GOOD,BAD,DARK,,,1,,,,,,,
multiple_choice,PP1-CRE-1.1.10_Creation_Master_Grand_Master,God loves us and wants us to be kind to...?,cre_q59.webp,audio_q104.mp3,1,EVERYONE,NOBODY,NONE,,,1,,,,,,,
multiple_choice,PP1-CRE-1.1.10_Creation_Master_Grand_Master,We give thanks and praise to God for His...?,cre_q60.webp,audio_q105.mp3,1,LOVE,FEAR,ANGER,,,1,,,,,,,
count_objects,PP1-CRE-1.1.10_Creation_Master_Grand_Master,Count 5 creation star trophies!,cre_count28.webp,audio_q106.mp3,1,5,3,4,,🏆,5,,,,,,,
count_objects,PP1-CRE-1.1.10_Creation_Master_Grand_Master,Count 4 praying hands praising God!,cre_count29.webp,audio_q107.mp3,1,4,2,3,,🙏,4,,,,,,,
count_objects,PP1-CRE-1.1.10_Creation_Master_Grand_Master,Count 3 grand master crowns of faith!,cre_count30.webp,audio_q108.mp3,1,3,1,5,,👑,3,,,,,,,
speak_repeat,PP1-CRE-1.1.10_Creation_Master_Grand_Master,Say out loud clearly: I AM A CREATION GRAND MASTER!,speak_cre19.webp,audio_q109.mp3,1,I Am A Creation Grand Master,,,,,,I Am A Creation Grand Master,,,,,,,
speak_repeat,PP1-CRE-1.1.10_Creation_Master_Grand_Master,Say out loud clearly: GOD MADE EVERYTHING VERY GOOD!,speak_cre20.webp,audio_q110.mp3,1,God Made Everything Very Good,,,,,,God Made Everything Very Good,,,,,,,
matching,PP1-CRE-1.1.10_Creation_Master_Grand_Master,Match grand creation domains!,,,1,,,,,,,,Sky ☀️,1,Nature 🌳,2,Animals 🦁,3
matching,PP1-CRE-1.1.10_Creation_Master_Grand_Master,Match grand master symbols!,,,1,,,,,,,,Crown 👑,1,Cross ✝️,2,Heart ❤️,3


question_type,lesson_title,prompt,prompt_image,prompt_audio,correct_answer,option_1,option_2,option_3,option_4,count_emoji_or_image,target_count,target_word,pair_1_left,pair_1_right,pair_2_left,pair_2_right,pair_3_left,pair_3_right
multiple_choice,PP1-CRE-2.1.11_Baby_Jesus_Born_in_Bethlehem,Where was Baby Jesus born?,bj_q1.webp,audio_bj1.mp3,1,BETHLEHEM,ROME,EGYPT,,,1,,,,,,,
multiple_choice,PP1-CRE-2.1.11_Baby_Jesus_Born_in_Bethlehem,Where was Baby Jesus laid when He was born?,bj_q2.webp,audio_bj2.mp3,1,MANGER,BED,CHAIR,,,1,,,,,,,
multiple_choice,PP1-CRE-2.1.11_Baby_Jesus_Born_in_Bethlehem,Who is the mother of Baby Jesus?,bj_q3.webp,audio_bj3.mp3,1,MARY,RUTH,SARAH,,,1,,,,,,,
multiple_choice,PP1-CRE-2.1.11_Baby_Jesus_Born_in_Bethlehem,Who protected Mary and Baby Jesus?,bj_q4.webp,audio_bj4.mp3,1,JOSEPH,NOAH,DAVID,,,1,,,,,,,
multiple_choice,PP1-CRE-2.1.11_Baby_Jesus_Born_in_Bethlehem,What special day do we celebrate Jesus' birth?,bj_q5.webp,audio_bj5.mp3,1,CHRISTMAS,EASTER,SUNDAY,,,1,,,,,,,
multiple_choice,PP1-CRE-2.1.11_Baby_Jesus_Born_in_Bethlehem,Baby Jesus is God's special gift of...?,bj_q6.webp,audio_bj6.mp3,1,LOVE,FEAR,ANGER,,,1,,,,,,,
count_objects,PP1-CRE-2.1.11_Baby_Jesus_Born_in_Bethlehem,Count 1 Baby Jesus in the manger!,bj_count1.webp,audio_bj7.mp3,1,1,2,3,,👶,1,,,,,,,
count_objects,PP1-CRE-2.1.11_Baby_Jesus_Born_in_Bethlehem,Count 3 stable animals near Baby Jesus!,bj_count2.webp,audio_bj8.mp3,1,3,2,4,,🐮,3,,,,,,,
count_objects,PP1-CRE-2.1.11_Baby_Jesus_Born_in_Bethlehem,Count 2 loving parents Mary and Joseph!,bj_count3.webp,audio_bj9.mp3,1,2,1,4,,🏼,2,,,,,,,
speak_repeat,PP1-CRE-2.1.11_Baby_Jesus_Born_in_Bethlehem,Say out loud clearly: BABY JESUS WAS BORN IN BETHLEHEM!,speak_bj1.webp,audio_bj10.mp3,1,Baby Jesus Was Born In Bethlehem,,,,,,Baby Jesus Was Born In Bethlehem,,,,,,,
speak_repeat,PP1-CRE-2.1.11_Baby_Jesus_Born_in_Bethlehem,Say out loud clearly: THANK YOU GOD FOR BABY JESUS!,speak_bj2.webp,audio_bj11.mp3,1,Thank You God For Baby Jesus,,,,,,Thank You God For Baby Jesus,,,,,,,
matching,PP1-CRE-2.1.11_Baby_Jesus_Born_in_Bethlehem,Match Bethlehem Christmas story items!,,,1,,,,,,,,Baby 👶,1,Manger 🛖,2,Star ⭐,3
matching,PP1-CRE-2.1.11_Baby_Jesus_Born_in_Bethlehem,Match holy family members!,,,1,,,,,,,,Jesus 👶,1,Mary 👩,2,Joseph 👨,3
multiple_choice,PP1-CRE-2.1.12_Angels_Singing_to_the_Shepherds,Who brought joyful news to the shepherds?,ang_q1.webp,audio_an1.mp3,1,ANGEL,KING,SOLDIER,,,1,,,,,,,
multiple_choice,PP1-CRE-2.1.12_Angels_Singing_to_the_Shepherds,What were the shepherds watching at night?,ang_q2.webp,audio_an2.mp3,1,SHEEP,CATS,CARS,,,1,,,,,,,
multiple_choice,PP1-CRE-2.1.12_Angels_Singing_to_the_Shepherds,What did the angels sing to God in the sky?,ang_q3.webp,audio_an3.mp3,1,PRAISE,CRY,SHOUT,,,1,,,,,,,
multiple_choice,PP1-CRE-2.1.12_Angels_Singing_to_the_Shepherds,The angels told the shepherds that Jesus is the...?,ang_q4.webp,audio_an4.mp3,1,SAVIOR,PILOT,GUARD,,,1,,,,,,,
multiple_choice,PP1-CRE-2.1.12_Angels_Singing_to_the_Shepherds,How did the shepherds feel when they heard the news?,ang_q5.webp,audio_an5.mp3,1,JOYFUL,ANGRY,SAD,,,1,,,,,,,
multiple_choice,PP1-CRE-2.1.12_Angels_Singing_to_the_Shepherds,Where did the shepherds go to see Baby Jesus?,ang_q6.webp,audio_an6.mp3,1,BETHLEHEM,SEA,PALACE,,,1,,,,,,,
count_objects,PP1-CRE-2.1.12_Angels_Singing_to_the_Shepherds,Count 4 heavenly angels singing praise!,ang_count1.webp,audio_an7.mp3,1,4,2,5,,👼,4,,,,,,,
count_objects,PP1-CRE-2.1.12_Angels_Singing_to_the_Shepherds,Count 3 shepherds listening to the angel!,ang_count2.webp,audio_an8.mp3,1,3,1,4,,👳,3,,,,,,,
count_objects,PP1-CRE-2.1.12_Angels_Singing_to_the_Shepherds,Count 5 white sheep in the night field!,ang_count3.webp,audio_an9.mp3,1,5,3,4,,🐑,5,,,,,,,
speak_repeat,PP1-CRE-2.1.12_Angels_Singing_to_the_Shepherds,Say out loud clearly: ANGELS SANG GLORY TO GOD IN THE HIGHEST!,speak_an1.webp,audio_an10.mp3,1,Angels Sang Glory To God In The Highest,,,,,,Angels Sang Glory To God In The Highest,,,,,,,
speak_repeat,PP1-CRE-2.1.12_Angels_Singing_to_the_Shepherds,Say out loud clearly: GOOD NEWS OF GREAT JOY FOR ALL PEOPLE!,speak_an2.webp,audio_an11.mp3,1,Good News Of Great Joy For All People,,,,,,Good News Of Great Joy For All People,,,,,,,
matching,PP1-CRE-2.1.12_Angels_Singing_to_the_Shepherds,Match shepherd story symbols!,,,1,,,,,,,,Angel 👼,1,Shepherd 👳,2,Sheep 🐑,3
matching,PP1-CRE-2.1.12_Angels_Singing_to_the_Shepherds,Match praise and joy items!,,,1,,,,,,,,Note 🎵,1,Star ⭐,2,Heart ❤️,3
multiple_choice,PP1-CRE-2.1.13_Wise_Men_Bringing_Gifts,What did the wise men follow in the sky?,wm_q1.webp,audio_wm1.mp3,1,STAR,CLOUD,BIRD,,,1,,,,,,,
multiple_choice,PP1-CRE-2.1.13_Wise_Men_Bringing_Gifts,Who did the wise men come to worship?,wm_q2.webp,audio_wm2.mp3,1,JESUS,HEROD,GUARDS,,,1,,,,,,,
multiple_choice,PP1-CRE-2.1.13_Wise_Men_Bringing_Gifts,How many wise men brought gifts to Jesus?,wm_q3.webp,audio_wm3.mp3,1,3,1,5,,,1,,,,,,,
multiple_choice,PP1-CRE-2.1.13_Wise_Men_Bringing_Gifts,What special treasures did the wise men bring?,wm_q4.webp,audio_wm4.mp3,1,GIFTS,ROCKS,TOYS,,,1,,,,,,,
multiple_choice,PP1-CRE-2.1.13_Wise_Men_Bringing_Gifts,The bright star led the wise men to...?,wm_q5.webp,audio_wm5.mp3,1,JESUS,SEA,SHIPS,,,1,,,,,,,
multiple_choice,PP1-CRE-2.1.13_Wise_Men_Bringing_Gifts,We give our hearts as a gift to...?,wm_q6.webp,audio_wm6.mp3,1,JESUS,NOBODY,NONE,,,1,,,,,,,
count_objects,PP1-CRE-2.1.13_Wise_Men_Bringing_Gifts,Count 3 wise men following the star!,wm_count1.webp,audio_wm7.mp3,1,3,2,4,,🧙,3,,,,,,,
count_objects,PP1-CRE-2.1.13_Wise_Men_Bringing_Gifts,Count 1 bright shining star in the sky!,wm_count2.webp,audio_wm8.mp3,1,1,2,3,,⭐,1,,,,,,,
count_objects,PP1-CRE-2.1.13_Wise_Men_Bringing_Gifts,Count 3 treasure gift boxes for Baby Jesus!,wm_count3.webp,audio_wm9.mp3,1,3,1,5,,🎁,3,,,,,,,
speak_repeat,PP1-CRE-2.1.13_Wise_Men_Bringing_Gifts,Say out loud clearly: WISE MEN FOLLOWED THE BRIGHT STAR!,speak_wm1.webp,audio_wm10.mp3,1,Wise Men Followed The Bright Star,,,,,,Wise Men Followed The Bright Star,,,,,,,
speak_repeat,PP1-CRE-2.1.13_Wise_Men_Bringing_Gifts,Say out loud clearly: GIVE YOUR HEART TO JESUS!,speak_wm2.webp,audio_wm11.mp3,1,Give Your Heart To Jesus,,,,,,Give Your Heart To Jesus,,,,,,,
matching,PP1-CRE-2.1.13_Wise_Men_Bringing_Gifts,Match wise men story items!,,,1,,,,,,,,Star ⭐,1,Wise Man 🧙,2,Gift 🎁,3
matching,PP1-CRE-2.1.13_Wise_Men_Bringing_Gifts,Match worship symbols!,,,1,,,,,,,,Crown 👑,1,Gift 🎁,2,Heart ❤️,3
multiple_choice,PP1-CRE-2.1.14_Jesus_Grows_Up_in_Nazareth,Where did Jesus grow up as a child?,naz_q1.webp,audio_nz1.mp3,1,NAZARETH,ROME,OCEAN,,,1,,,,,,,
multiple_choice,PP1-CRE-2.1.14_Jesus_Grows_Up_in_Nazareth,Jesus was always loving and...?,naz_q2.webp,audio_nz2.mp3,1,OBEDIENT,RUDE,ANGRY,,,1,,,,,,,
multiple_choice,PP1-CRE-2.1.14_Jesus_Grows_Up_in_Nazareth,Who did young Jesus help at home in Nazareth?,naz_q3.webp,audio_nz3.mp3,1,PARENTS,STRANGERS,GUARDS,,,1,,,,,,,
multiple_choice,PP1-CRE-2.1.14_Jesus_Grows_Up_in_Nazareth,Jesus grew in wisdom and in...?,naz_q4.webp,audio_nz4.mp3,1,STATURE,FEAR,SADNESS,,,1,,,,,,,
multiple_choice,PP1-CRE-2.1.14_Jesus_Grows_Up_in_Nazareth,Young Jesus pleased both God and...?,naz_q5.webp,audio_nz5.mp3,1,PEOPLE,TOYS,CARS,,,1,,,,,,,
multiple_choice,PP1-CRE-2.1.14_Jesus_Grows_Up_in_Nazareth,We follow Jesus' example by obeying our...?,naz_q6.webp,audio_nz6.mp3,1,PARENTS,NOBODY,NONE,,,1,,,,,,,
count_objects,PP1-CRE-2.1.14_Jesus_Grows_Up_in_Nazareth,Count 3 wooden tools in Joseph's workshop!,naz_count1.webp,audio_nz7.mp3,1,3,1,4,,🔨,3,,,,,,,
count_objects,PP1-CRE-2.1.14_Jesus_Grows_Up_in_Nazareth,Count 2 helping hands of young Jesus!,naz_count2.webp,audio_nz8.mp3,1,2,1,3,,✋,2,,,,,,,
count_objects,PP1-CRE-2.1.14_Jesus_Grows_Up_in_Nazareth,Count 4 happy homes in Nazareth!,naz_count3.webp,audio_nz9.mp3,1,4,2,5,,🏠,4,,,,,,,
speak_repeat,PP1-CRE-2.1.14_Jesus_Grows_Up_in_Nazareth,Say out loud clearly: JESUS GREW IN WISDOM AND FAVOR!,speak_nz1.webp,audio_nz10.mp3,1,Jesus Grew In Wisdom And Favor,,,,,,Jesus Grew In Wisdom And Favor,,,,,,,
speak_repeat,PP1-CRE-2.1.14_Jesus_Grows_Up_in_Nazareth,Say out loud clearly: OBEY YOUR PARENTS LIKE JESUS DID!,speak_nz2.webp,audio_nz11.mp3,1,Obey Your Parents Like Jesus Did,,,,,,Obey Your Parents Like Jesus Did,,,,,,,
matching,PP1-CRE-2.1.14_Jesus_Grows_Up_in_Nazareth,Match Nazareth life items!,,,1,,,,,,,,House 🏠,1,Tools 🔨,2,Pray 🙏,3
matching,PP1-CRE-2.1.14_Jesus_Grows_Up_in_Nazareth,Match growth and obedience symbols!,,,1,,,,,,,,Heart ❤️,1,Bible 📖,2,Smile 😊,3
multiple_choice,PP1-CRE-2.1.15_Jesus_Loves_All_Little_Children,Who said: Let the little children come to Me?,jlc_q1.webp,audio_jc1.mp3,1,JESUS,DISCIPLES,SOLDIERS,,,1,,,,,,,
multiple_choice,PP1-CRE-2.1.15_Jesus_Loves_All_Little_Children,How does Jesus feel about all little children?,jlc_q2.webp,audio_jc2.mp3,1,LOVES,IGNORES,FORGETS,,,1,,,,,,,
multiple_choice,PP1-CRE-2.1.15_Jesus_Loves_All_Little_Children,Jesus placed His hands on the children and...?,jlc_q3.webp,audio_jc3.mp3,1,BLESSED,SCOLDED,PUSHED,,,1,,,,,,,
multiple_choice,PP1-CRE-2.1.15_Jesus_Loves_All_Little_Children,The kingdom of heaven belongs to such as...?,jlc_q4.webp,audio_jc4.mp3,1,CHILDREN,KINGS,GUARDS,,,1,,,,,,,
multiple_choice,PP1-CRE-2.1.15_Jesus_Loves_All_Little_Children,Who is every child's best and most loving friend?,jlc_q5.webp,audio_jc5.mp3,1,JESUS,NOBODY,NONE,,,1,,,,,,,
multiple_choice,PP1-CRE-2.1.15_Jesus_Loves_All_Little_Children,We know Jesus loves us because the Holy...?,jlc_q6.webp,audio_jc6.mp3,1,BIBLE,PAPER,MAP,,,1,,,,,,,
count_objects,PP1-CRE-2.1.15_Jesus_Loves_All_Little_Children,Count 5 happy children coming to Jesus!,jlc_count1.webp,audio_jc7.mp3,1,5,3,4,,👧,5,,,,,,,
count_objects,PP1-CRE-2.1.15_Jesus_Loves_All_Little_Children,Count 3 loving hearts from Jesus!,jlc_count2.webp,audio_jc8.mp3,1,3,1,4,,❤️,3,,,,,,,
count_objects,PP1-CRE-2.1.15_Jesus_Loves_All_Little_Children,Count 2 blessing hands of Jesus!,jlc_count3.webp,audio_jc9.mp3,1,2,1,3,,🙏,2,,,,,,,
speak_repeat,PP1-CRE-2.1.15_Jesus_Loves_All_Little_Children,Say out loud clearly: JESUS LOVES ALL THE LITTLE CHILDREN!,speak_jc1.webp,audio_jc10.mp3,1,Jesus Loves All The Little Children,,,,,,Jesus Loves All The Little Children,,,,,,,
speak_repeat,PP1-CRE-2.1.15_Jesus_Loves_All_Little_Children,Say out loud clearly: I AM SAFE AND BLESSED IN JESUS' LOVE!,speak_jc2.webp,audio_jc11.mp3,1,I Am Safe And Blessed In Jesus' Love,,,,,,I Am Safe And Blessed In Jesus' Love,,,,,,,
matching,PP1-CRE-2.1.15_Jesus_Loves_All_Little_Children,Match Jesus and children symbols!,,,1,,,,,,,,Child 👧,1,Heart ❤️,2,Cross ✝️,3
matching,PP1-CRE-2.1.15_Jesus_Loves_All_Little_Children,Match blessing and love items!,,,1,,,,,,,,Blessing 🙏,1,Smile 😊,2,Love 💕,3
multiple_choice,PP1-CRE-2.1.16_Jesus_Heals_the_Sick,Who healed the sick and made blind people see?,jh_q1.webp,audio_hs1.mp3,1,JESUS,DOCTORS,SOLDIERS,,,1,,,,,,,
multiple_choice,PP1-CRE-2.1.16_Jesus_Heals_the_Sick,Jesus healed people because He has great power and...?,jh_q2.webp,audio_hs2.mp3,1,LOVE,ANGER,PRIDE,,,1,,,,,,,
multiple_choice,PP1-CRE-2.1.16_Jesus_Heals_the_Sick,When the sick touched Jesus' clothes they were made...?,jh_q3.webp,audio_hs3.mp3,1,WELL,SICKER,SAD,,,1,,,,,,,
multiple_choice,PP1-CRE-2.1.16_Jesus_Heals_the_Sick,Jesus made the lame walk and the deaf...?,jh_q4.webp,audio_hs4.mp3,1,HEAR,SLEEP,RUN,,,1,,,,,,,
multiple_choice,PP1-CRE-2.1.16_Jesus_Heals_the_Sick,When we are sick, we can pray to...?,jh_q5.webp,audio_hs5.mp3,1,JESUS,STARS,TREES,,,1,,,,,,,
multiple_choice,PP1-CRE-2.1.16_Jesus_Heals_the_Sick,Jesus' healing miracles showed God's great...?,jh_q6.webp,audio_hs6.mp3,1,POWER,FEAR,DARK,,,1,,,,,,,
count_objects,PP1-CRE-2.1.16_Jesus_Heals_the_Sick,Count 3 people healed by Jesus!,jh_count1.webp,audio_hs7.mp3,1,3,1,4,,🏼,3,,,,,,,
count_objects,PP1-CRE-2.1.16_Jesus_Heals_the_Sick,Count 2 seeing eyes opened by Jesus!,jh_count2.webp,audio_hs8.mp3,1,2,1,3,,👁️,2,,,,,,,
count_objects,PP1-CRE-2.1.16_Jesus_Heals_the_Sick,Count 4 healing hearts filled with joy!,jh_count3.webp,audio_hs9.mp3,1,4,2,5,,❤️,4,,,,,,,
speak_repeat,PP1-CRE-2.1.16_Jesus_Heals_the_Sick,Say out loud clearly: JESUS HEALS THE SICK AND CARES FOR ME!,speak_hs1.webp,audio_hs10.mp3,1,Jesus Heals The Sick And Cares For Me,,,,,,Jesus Heals The Sick And Cares For Me,,,,,,,
speak_repeat,PP1-CRE-2.1.16_Jesus_Heals_the_Sick,Say out loud clearly: JESUS HAS GREAT HEALING POWER!,speak_hs2.webp,audio_hs11.mp3,1,Jesus Has Great Healing Power,,,,,,Jesus Has Great Healing Power,,,,,,,
matching,PP1-CRE-2.1.16_Jesus_Heals_the_Sick,Match healing miracle symbols!,,,1,,,,,,,,Pray 🙏,1,Heart ❤️,2,Cross ✝️,3
matching,PP1-CRE-2.1.16_Jesus_Heals_the_Sick,Match health and love items!,,,1,,,,,,,,Eyes 👁️,1,Hands ✋,2,Smile 😊,3
multiple_choice,PP1-CRE-2.1.17_Jesus_Feeds_Five_Thousand,How many loaves of bread did the boy give Jesus?,jf_q1.webp,audio_ff1.mp3,1,5,2,10,,,1,,,,,,,
multiple_choice,PP1-CRE-2.1.17_Jesus_Feeds_Five_Thousand,How many small fish were in the basket?,jf_q2.webp,audio_ff2.mp3,1,2,5,1,,,1,,,,,,,
multiple_choice,PP1-CRE-2.1.17_Jesus_Feeds_Five_Thousand,Who multiplied the lunch to feed 5000 people?,jf_q3.webp,audio_ff3.mp3,1,JESUS,DISCIPLES,CROWD,,,1,,,,,,,
multiple_choice,PP1-CRE-2.1.17_Jesus_Feeds_Five_Thousand,Before sharing the food, Jesus looked up and prayed to...?,jf_q4.webp,audio_ff4.mp3,1,GOD,KINGS,STARS,,,1,,,,,,,
multiple_choice,PP1-CRE-2.1.17_Jesus_Feeds_Five_Thousand,How much food was left after everyone ate?,jf_q5.webp,audio_ff5.mp3,1,12 BASKETS,NONE,ONE,,,1,,,,,,,
multiple_choice,PP1-CRE-2.1.17_Jesus_Feeds_Five_Thousand,This miracle shows that Jesus provides for our...?,jf_q6.webp,audio_ff6.mp3,1,NEEDS,FEAR,ANGER,,,1,,,,,,,
count_objects,PP1-CRE-2.1.17_Jesus_Feeds_Five_Thousand,Count 5 loaves of bread blessed by Jesus!,jf_count1.webp,audio_ff7.mp3,1,5,3,4,,🍞,5,,,,,,,
count_objects,PP1-CRE-2.1.17_Jesus_Feeds_Five_Thousand,Count 2 small fish shared with Jesus!,jf_count2.webp,audio_ff8.mp3,1,2,1,3,,🐟,2,,,,,,,
count_objects,PP1-CRE-2.1.17_Jesus_Feeds_Five_Thousand,Count 4 baskets of leftover bread!,jf_count3.webp,audio_ff9.mp3,1,4,2,5,,🧺,4,,,,,,,
speak_repeat,PP1-CRE-2.1.17_Jesus_Feeds_Five_Thousand,Say out loud clearly: JESUS FED FIVE THOUSAND PEOPLE!,speak_ff1.webp,audio_ff10.mp3,1,Jesus Fed Five Thousand People,,,,,,Jesus Fed Five Thousand People,,,,,,,
speak_repeat,PP1-CRE-2.1.17_Jesus_Feeds_Five_Thousand,Say out loud clearly: JESUS IS OUR GREAT PROVIDER!,speak_ff2.webp,audio_ff11.mp3,1,Jesus Is Our Great Provider,,,,,,Jesus Is Our Great Provider,,,,,,,
matching,PP1-CRE-2.1.17_Jesus_Feeds_Five_Thousand,Match miracle lunch items!,,,1,,,,,,,,Bread 🍞,1,Fish 🐟,2,Basket 🧺,3
matching,PP1-CRE-2.1.17_Jesus_Feeds_Five_Thousand,Match feeding symbols!,,,1,,,,,,,,Pray 🙏,1,Share 🎁,2,Love ❤️,3
multiple_choice,PP1-CRE-2.1.18_Jesus_Stills_the_Storm,What hit the sea while Jesus and disciples were in the boat?,js_q1.webp,audio_ss1.mp3,1,STORM,FISH,SUN,,,1,,,,,,,
multiple_choice,PP1-CRE-2.1.18_Jesus_Stills_the_Storm,What did Jesus say to the wild wind and waves?,js_q2.webp,audio_ss2.mp3,1,PEACE BE STILL,BLOW HARD,RAIN MORE,,,1,,,,,,,
multiple_choice,PP1-CRE-2.1.18_Jesus_Stills_the_Storm,What happened as soon as Jesus spoke to the storm?,js_q3.webp,audio_ss3.mp3,1,CALM,DARK,STORMER,,,1,,,,,,,
multiple_choice,PP1-CRE-2.1.18_Jesus_Stills_the_Storm,Why were the disciples amazed at Jesus?,js_q4.webp,audio_ss4.mp3,1,WIND OBEYED,BOAT SANK,RAINED,,,1,,,,,,,
multiple_choice,PP1-CRE-2.1.18_Jesus_Stills_the_Storm,Jesus has power over nature because He is the Son of...?,js_q5.webp,audio_ss5.mp3,1,GOD,KINGS,SAILORS,,,1,,,,,,,
multiple_choice,PP1-CRE-2.1.18_Jesus_Stills_the_Storm,When we are scared in a storm, Jesus gives us...?,js_q6.webp,audio_ss6.mp3,1,PEACE,FEAR,ANGER,,,1,,,,,,,
count_objects,PP1-CRE-2.1.18_Jesus_Stills_the_Storm,Count 1 boat safe in Jesus' care!,js_count1.webp,audio_ss7.mp3,1,1,2,3,,⛵,1,,,,,,,
count_objects,PP1-CRE-2.1.18_Jesus_Stills_the_Storm,Count 3 calm water waves after Jesus spoke!,js_count2.webp,audio_ss8.mp3,1,3,1,4,,🌊,3,,,,,,,
count_objects,PP1-CRE-2.1.18_Jesus_Stills_the_Storm,Count 2 peaceful clouds in the blue sky!,js_count3.webp,audio_ss9.mp3,1,2,1,3,,☁️,2,,,,,,,
speak_repeat,PP1-CRE-2.1.18_Jesus_Stills_the_Storm,Say out loud clearly: PEACE BE STILL SAID JESUS!,speak_ss1.webp,audio_ss10.mp3,1,Peace Be Still Said Jesus,,,,,,Peace Be Still Said Jesus,,,,,,,
speak_repeat,PP1-CRE-2.1.18_Jesus_Stills_the_Storm,Say out loud clearly: JESUS HAS POWER OVER THE WIND AND WAVES!,speak_ss2.webp,audio_ss11.mp3,1,Jesus Has Power Over The Wind And Waves,,,,,,Jesus Has Power Over The Wind And Waves,,,,,,,
matching,PP1-CRE-2.1.18_Jesus_Stills_the_Storm,Match storm miracle items!,,,1,,,,,,,,Boat ⛵,1,Wave 🌊,2,Peace 🕊️,3
matching,PP1-CRE-2.1.18_Jesus_Stills_the_Storm,Match power and calm symbols!,,,1,,,,,,,,Storm 🌩️,1,Calm 🌊,2,Cross ✝️,3
multiple_choice,PP1-CRE-2.1.19_Jesus_is_Our_Good_Shepherd,Who is our loving Good Shepherd?,jgs_q1.webp,audio_gs1.mp3,1,JESUS,KINGS,GUARDS,,,1,,,,,,,
multiple_choice,PP1-CRE-2.1.19_Jesus_is_Our_Good_Shepherd,The Good Shepherd leaves 99 sheep to find 1...?,jgs_q2.webp,audio_gs2.mp3,1,LOST SHEEP,DOG,CAT,,,1,,,,,,,
multiple_choice,PP1-CRE-2.1.19_Jesus_is_Our_Good_Shepherd,Jesus calls all His sheep by their own...?,jgs_q3.webp,audio_gs3.mp3,1,NAME,COLOR,NUMBER,,,1,,,,,,,
multiple_choice,PP1-CRE-2.1.19_Jesus_is_Our_Good_Shepherd,Where does the Good Shepherd lead His sheep?,jgs_q4.webp,audio_gs4.mp3,1,GREEN PASTURES,DESERT,ROADS,,,1,,,,,,,
multiple_choice,PP1-CRE-2.1.19_Jesus_is_Our_Good_Shepherd,The sheep follow Jesus because they know His gentle...?,jgs_q5.webp,audio_gs5.mp3,1,VOICE,STEPS,NAME,,,1,,,,,,,
multiple_choice,PP1-CRE-2.1.19_Jesus_is_Our_Good_Shepherd,Jesus protects His sheep from all...?,jgs_q6.webp,audio_gs6.mp3,1,DANGER,LOVE,JOY,,,1,,,,,,,
count_objects,PP1-CRE-2.1.19_Jesus_is_Our_Good_Shepherd,Count 4 white sheep in Jesus' flock!,jgs_count1.webp,audio_gs7.mp3,1,4,2,5,,🐑,4,,,,,,,
count_objects,PP1-CRE-2.1.19_Jesus_is_Our_Good_Shepherd,Count 1 lost sheep found with great love!,jgs_count2.webp,audio_gs8.mp3,1,1,2,3,,🐑,1,,,,,,,
count_objects,PP1-CRE-2.1.19_Jesus_is_Our_Good_Shepherd,Count 3 shepherd staffs protecting sheep!,jgs_count3.webp,audio_gs9.mp3,1,3,1,4,,🦯,3,,,,,,,
speak_repeat,PP1-CRE-2.1.19_Jesus_is_Our_Good_Shepherd,Say out loud clearly: JESUS IS MY GOOD SHEPHERD!,speak_gs1.webp,audio_gs10.mp3,1,Jesus Is My Good Shepherd,,,,,,Jesus Is My Good Shepherd,,,,,,,
speak_repeat,PP1-CRE-2.1.19_Jesus_is_Our_Good_Shepherd,Say out loud clearly: THE LORD IS MY SHEPHERD I SHALL NOT WANT!,speak_gs2.webp,audio_gs11.mp3,1,The Lord Is My Shepherd I Shall Not Want,,,,,,The Lord Is My Shepherd I Shall Not Want,,,,,,,
matching,PP1-CRE-2.1.19_Jesus_is_Our_Good_Shepherd,Match Good Shepherd items!,,,1,,,,,,,,Shepherd 🦯,1,Sheep 🐑,2,Grass 🌿,3
matching,PP1-CRE-2.1.19_Jesus_is_Our_Good_Shepherd,Match care and protection symbols!,,,1,,,,,,,,Heart ❤️,1,Staff 🦯,2,Cross ✝️,3
multiple_choice,PP1-CRE-2.1.20_Life_of_Jesus_Master,Who is God's Son born in Bethlehem?,lj_q1.webp,audio_lj1.mp3,1,JESUS,KINGS,GUARDS,,,1,,,,,,,
multiple_choice,PP1-CRE-2.1.20_Life_of_Jesus_Master,Who sang to the shepherds on Christmas night?,lj_q2.webp,audio_lj2.mp3,1,ANGELS,BIRDS,SAILORS,,,1,,,,,,,
multiple_choice,PP1-CRE-2.1.20_Life_of_Jesus_Master,What did the wise men follow to find Baby Jesus?,lj_q3.webp,audio_lj3.mp3,1,STAR,CLOUD,MAP,,,1,,,,,,,
multiple_choice,PP1-CRE-2.1.20_Life_of_Jesus_Master,Jesus performed miracles because He is full of power and...?,lj_q4.webp,audio_lj4.mp3,1,LOVE,FEAR,ANGER,,,1,,,,,,,
multiple_choice,PP1-CRE-2.1.20_Life_of_Jesus_Master,Jesus is our Savior, Teacher, and Good...?,lj_q5.webp,audio_lj5.mp3,1,SHEPHERD,SOLDIER,PILOT,,,1,,,,,,,
multiple_choice,PP1-CRE-2.1.20_Life_of_Jesus_Master,What holy book tells us the story of Jesus?,lj_q6.webp,audio_lj6.mp3,1,BIBLE,PAPER,CHART,,,1,,,,,,,
count_objects,PP1-CRE-2.1.20_Life_of_Jesus_Master,Count 5 master star trophies of Jesus' love!,lj_count1.webp,audio_lj7.mp3,1,5,3,4,,🏆,5,,,,,,,
count_objects,PP1-CRE-2.1.20_Life_of_Jesus_Master,Count 4 praying hands giving thanks to Jesus!,lj_count2.webp,audio_lj8.mp3,1,4,2,3,,🙏,4,,,,,,,
count_objects,PP1-CRE-2.1.20_Life_of_Jesus_Master,Count 3 crowns of victory for Jesus!,lj_count3.webp,audio_lj9.mp3,1,3,1,5,,👑,3,,,,,,,
speak_repeat,PP1-CRE-2.1.20_Life_of_Jesus_Master,Say out loud clearly: I AM A MASTER OF JESUS' LIFE AND MIRACLES!,speak_lj1.webp,audio_lj10.mp3,1,I Am A Master Of Jesus' Life And Miracles,,,,,,I Am A Master Of Jesus' Life And Miracles,,,,,,,
speak_repeat,PP1-CRE-2.1.20_Life_of_Jesus_Master,Say out loud clearly: JESUS IS LORD OF ALL!,speak_lj2.webp,audio_lj11.mp3,1,Jesus Is Lord Of All,,,,,,Jesus Is Lord Of All,,,,,,,
matching,PP1-CRE-2.1.20_Life_of_Jesus_Master,Match Jesus' life milestones!,,,1,,,,,,,,Birth 👶,1,Miracles 🍞,2,Shepherd 🐑,3
matching,PP1-CRE-2.1.20_Life_of_Jesus_Master,Match master symbols!,,,1,,,,,,,,Crown 👑,1,Cross ✝️,2,Heart ❤️,3

question_type,lesson_title,prompt,prompt_image,prompt_audio,correct_answer,option_1,option_2,option_3,option_4,count_emoji_or_image,target_count,target_word,pair_1_left,pair_1_right,pair_2_left,pair_2_right,pair_3_left,pair_3_right
multiple_choice,PP1-CRE-3.1.21_The_Holy_Bible_Gods_Word,What special holy book teaches us God's word?,hb_q1.webp,audio_h1.mp3,1,BIBLE,PAPER,CHART,,,1,,,,,,,
multiple_choice,PP1-CRE-3.1.21_The_Holy_Bible_Gods_Word,God's word guides our feet like a bright...?,hb_q2.webp,audio_h2.mp3,1,LIGHT,DARK,FOG,,,1,,,,,,,
multiple_choice,PP1-CRE-3.1.21_The_Holy_Bible_Gods_Word,Who gave us the Holy Bible?,hb_q3.webp,audio_h3.mp3,1,GOD,KINGS,PILOTS,,,1,,,,,,,
multiple_choice,PP1-CRE-3.1.21_The_Holy_Bible_Gods_Word,Reading the Bible helps us learn to love and...?,hb_q4.webp,audio_h4.mp3,1,OBEY,HIDE,CRY,,,1,,,,,,,
multiple_choice,PP1-CRE-3.1.21_The_Holy_Bible_Gods_Word,What is better than gold and silver?,hb_q5.webp,audio_h5.mp3,1,BIBLE,ROCKS,SAND,,,1,,,,,,,
multiple_choice,PP1-CRE-3.1.21_The_Holy_Bible_Gods_Word,We keep God's holy words inside our...?,hb_q6.webp,audio_h6.mp3,1,HEART,BOX,BAG,,,1,,,,,,,
count_objects,PP1-CRE-3.1.21_The_Holy_Bible_Gods_Word,Count 3 Holy Bibles full of God's truth!,hb_count1.webp,audio_h7.mp3,1,3,2,4,,📖,3,,,,,,,
count_objects,PP1-CRE-3.1.21_The_Holy_Bible_Gods_Word,Count 5 light rays showing God's word!,hb_count2.webp,audio_h8.mp3,1,5,3,4,,💡,5,,,,,,,
count_objects,PP1-CRE-3.1.21_The_Holy_Bible_Gods_Word,Count 2 loving hearts holding the Bible!,hb_count3.webp,audio_h9.mp3,1,2,1,3,,❤️,2,,,,,,,
speak_repeat,PP1-CRE-3.1.21_The_Holy_Bible_Gods_Word,Say out loud clearly: THE HOLY BIBLE IS GOD'S WORD!,speak_h1.webp,audio_h10.mp3,1,The Holy Bible Is God's Word,,,,,,The Holy Bible Is God's Word,,,,,,,
speak_repeat,PP1-CRE-3.1.21_The_Holy_Bible_Gods_Word,Say out loud clearly: GOD'S WORD LIGHTS MY PATH!,speak_h2.webp,audio_h11.mp3,1,God's Word Lights My Path,,,,,,God's Word Lights My Path,,,,,,,
matching,PP1-CRE-3.1.21_The_Holy_Bible_Gods_Word,Match Holy Bible symbols!,,,1,,,,,,,,Bible 📖,1,Light 💡,2,Heart ❤️,3
matching,PP1-CRE-3.1.21_The_Holy_Bible_Gods_Word,Match faith and truth items!,,,1,,,,,,,,Word 📖,1,Cross ✝️,2,Pray 🙏,3
multiple_choice,PP1-CRE-3.1.22_Noah_and_the_Great_Ark,Who built the giant ark as God commanded?,noa_q1.webp,audio_n1.mp3,1,NOAH,KINGS,SAILORS,,,1,,,,,,,
multiple_choice,PP1-CRE-3.1.22_Noah_and_the_Great_Ark,How did the animals enter the ark?,noa_q2.webp,audio_n2.mp3,1,PAIRS,ALONE,FAST,,,1,,,,,,,
multiple_choice,PP1-CRE-3.1.22_Noah_and_the_Great_Ark,What saved Noah and the animals from rain?,noa_q3.webp,audio_n3.mp3,1,ARK,CAR,HOUSE,,,1,,,,,,,
multiple_choice,PP1-CRE-3.1.22_Noah_and_the_Great_Ark,What sign of promise did God place in the sky?,noa_q4.webp,audio_n4.mp3,1,RAINBOW,CLOUDS,MOON,,,1,,,,,,,
multiple_choice,PP1-CRE-3.1.22_Noah_and_the_Great_Ark,Who shut the door of the ark safely?,noa_q5.webp,audio_n5.mp3,1,GOD,NOAH,WIND,,,1,,,,,,,
multiple_choice,PP1-CRE-3.1.22_Noah_and_the_Great_Ark,Noah listened to God because Noah was...?,noa_q6.webp,audio_n6.mp3,1,OBEDIENT,RUDE,ANGRY,,,1,,,,,,,
count_objects,PP1-CRE-3.1.22_Noah_and_the_Great_Ark,Count 2 giraffes going into Noah's ark!,noa_count1.webp,audio_n7.mp3,1,2,1,3,,🦒,2,,,,,,,
count_objects,PP1-CRE-3.1.22_Noah_and_the_Great_Ark,Count 4 elephants saved in the ark!,noa_count2.webp,audio_n8.mp3,1,4,2,5,,🐘,4,,,,,,,
count_objects,PP1-CRE-3.1.22_Noah_and_the_Great_Ark,Count 1 beautiful rainbow promise in sky!,noa_count3.webp,audio_n9.mp3,1,1,2,3,,🌈,1,,,,,,,
speak_repeat,PP1-CRE-3.1.22_Noah_and_the_Great_Ark,Say out loud clearly: NOAH OBEYED GOD AND BUILT THE ARK!,speak_n1.webp,audio_n10.mp3,1,Noah Obeyed God And Built The Ark,,,,,,Noah Obeyed God And Built The Ark,,,,,,,
speak_repeat,PP1-CRE-3.1.22_Noah_and_the_Great_Ark,Say out loud clearly: GOD KEPT NOAH SAFE IN THE ARK!,speak_n2.webp,audio_n11.mp3,1,God Kept Noah Safe In The Ark,,,,,,God Kept Noah Safe In The Ark,,,,,,,
matching,PP1-CRE-3.1.22_Noah_and_the_Great_Ark,Match Noah's ark story items!,,,1,,,,,,,,Ark ⛵,1,Giraffe 🦒,2,Rainbow 🌈,3
matching,PP1-CRE-3.1.22_Noah_and_the_Great_Ark,Match animal pairs and safe ark!,,,1,,,,,,,,Elephant 🐘,1,Dove 🕊️,2,Ark ⛵,3
multiple_choice,PP1-CRE-3.1.23_Moses_in_the_Bulrushes,Who was hidden in a little basket in the river?,mos_q1.webp,audio_m1.mp3,1,MOSES,KINGS,GUARDS,,,1,,,,,,,
multiple_choice,PP1-CRE-3.1.23_Moses_in_the_Bulrushes,Where did Moses' mother place the basket?,mos_q2.webp,audio_m2.mp3,1,RIVER,TREE,HOUSE,,,1,,,,,,,
multiple_choice,PP1-CRE-3.1.23_Moses_in_the_Bulrushes,Who watched baby Moses safely from afar?,mos_q3.webp,audio_m3.mp3,1,SISTER,KING,SOLDIER,,,1,,,,,,,
multiple_choice,PP1-CRE-3.1.23_Moses_in_the_Bulrushes,Who found baby Moses in the river bulrushes?,mos_q4.webp,audio_m4.mp3,1,PRINCESS,SAILOR,HUNTER,,,1,,,,,,,
multiple_choice,PP1-CRE-3.1.23_Moses_in_the_Bulrushes,Who kept baby Moses safe from all harm?,mos_q5.webp,audio_m5.mp3,1,GOD,RIVER,WIND,,,1,,,,,,,
multiple_choice,PP1-CRE-3.1.23_Moses_in_the_Bulrushes,God protects little babies because He loves...?,mos_q6.webp,audio_m6.mp3,1,THEM,NONE,TOYS,,,1,,,,,,,
count_objects,PP1-CRE-3.1.23_Moses_in_the_Bulrushes,Count 1 baby Moses in the basket!,mos_count1.webp,audio_m7.mp3,1,1,2,3,,🧺,1,,,,,,,
count_objects,PP1-CRE-3.1.23_Moses_in_the_Bulrushes,Count 3 river plants guarding the basket!,mos_count2.webp,audio_m8.mp3,1,3,2,4,,🌿,3,,,,,,,
count_objects,PP1-CRE-3.1.23_Moses_in_the_Bulrushes,Count 2 loving family members watching Moses!,mos_count3.webp,audio_m9.mp3,1,2,1,4,,👩,2,,,,,,,
speak_repeat,PP1-CRE-3.1.23_Moses_in_the_Bulrushes,Say out loud clearly: GOD PROTECTED BABY MOSES IN THE RIVER!,speak_m1.webp,audio_m10.mp3,1,God Protected Baby Moses In The River,,,,,,God Protected Baby Moses In The River,,,,,,,
speak_repeat,PP1-CRE-3.1.23_Moses_in_the_Bulrushes,Say out loud clearly: GOD KEEPS ME SAFE EVERY DAY!,speak_m2.webp,audio_m11.mp3,1,God Keeps Me Safe Every Day,,,,,,God Keeps Me Safe Every Day,,,,,,,
matching,PP1-CRE-3.1.23_Moses_in_the_Bulrushes,Match baby Moses story items!,,,1,,,,,,,,Basket 🧺,1,River 🌊,2,Sister 👧,3
matching,PP1-CRE-3.1.23_Moses_in_the_Bulrushes,Match protection symbols!,,,1,,,,,,,,Moses 🧺,1,Shield 🛡️,2,Cross ✝️,3
multiple_choice,PP1-CRE-3.1.24_David_and_Goliath_Courage,Who was the brave young boy who trusted God?,dav_q1.webp,audio_d1.mp3,1,DAVID,GOLIATH,SAUL,,,1,,,,,,,
multiple_choice,PP1-CRE-3.1.24_David_and_Goliath_Courage,Who was the giant warrior facing Israel?,dav_q2.webp,audio_d2.mp3,1,GOLIATH,DAVID,NOAH,,,1,,,,,,,
multiple_choice,PP1-CRE-3.1.24_David_and_Goliath_Courage,What gave young David great courage?,dav_q3.webp,audio_d3.mp3,1,FAITH IN GOD,ARMOR,SWORDS,,,1,,,,,,,
multiple_choice,PP1-CRE-3.1.24_David_and_Goliath_Courage,What did David use with his sling?,dav_q4.webp,audio_d4.mp3,1,STONES,SPEARS,ARROWS,,,1,,,,,,,
multiple_choice,PP1-CRE-3.1.24_David_and_Goliath_Courage,David said: The battle belongs to the...?,dav_q5.webp,audio_d5.mp3,1,LORD,GIANT,KING,,,1,,,,,,,
multiple_choice,PP1-CRE-3.1.24_David_and_Goliath_Courage,When we trust God we are full of...?,dav_q6.webp,audio_d6.mp3,1,COURAGE,FEAR,DOUBT,,,1,,,,,,,
count_objects,PP1-CRE-3.1.24_David_and_Goliath_Courage,Count 5 smooth stones David gathered!,dav_count1.webp,audio_d7.mp3,1,5,3,4,,🪨,5,,,,,,,
count_objects,PP1-CRE-3.1.24_David_and_Goliath_Courage,Count 1 sling of faith carried by David!,dav_count2.webp,audio_d8.mp3,1,1,2,3,,🎯,1,,,,,,,
count_objects,PP1-CRE-3.1.24_David_and_Goliath_Courage,Count 3 brave hearts trusting God!,dav_count3.webp,audio_d9.mp3,1,3,2,4,,❤️,3,,,,,,,
speak_repeat,PP1-CRE-3.1.24_David_and_Goliath_Courage,Say out loud clearly: DAVID TRUSTED GOD AND WAS BRAVE!,speak_d1.webp,audio_d10.mp3,1,David Trusted God And Was Brave,,,,,,David Trusted God And Was Brave,,,,,,,
speak_repeat,PP1-CRE-3.1.24_David_and_Goliath_Courage,Say out loud clearly: THE LORD IS MY STRENGTH AND SHIELD!,speak_d2.webp,audio_d11.mp3,1,The Lord Is My Strength And Shield,,,,,,The Lord Is My Strength And Shield,,,,,,,
matching,PP1-CRE-3.1.24_David_and_Goliath_Courage,Match David's courage symbols!,,,1,,,,,,,,Stone 🪨,1,Sling 🎯,2,Crown 👑,3
matching,PP1-CRE-3.1.24_David_and_Goliath_Courage,Match strength and faith items!,,,1,,,,,,,,David 🪨,1,Pray 🙏,2,Cross ✝️,3
multiple_choice,PP1-CRE-3.1.25_Daniel_in_the_Lions_Den,Who prayed to God three times every day?,dan_q1.webp,audio_d1.mp3,1,DANIEL,KINGS,GUARDS,,,1,,,,,,,
multiple_choice,PP1-CRE-3.1.25_Daniel_in_the_Lions_Den,Where was brave Daniel thrown for praying?,dan_q2.webp,audio_d2.mp3,1,LION DEN,PIT,SEA,,,1,,,,,,,
multiple_choice,PP1-CRE-3.1.25_Daniel_in_the_Lions_Den,Who sent an angel to shut the lions' mouths?,dan_q3.webp,audio_d3.mp3,1,GOD,KING,SOLDIER,,,1,,,,,,,
multiple_choice,PP1-CRE-3.1.25_Daniel_in_the_Lions_Den,Why was Daniel kept safe from the wild lions?,dan_q4.webp,audio_d4.mp3,1,PRAYER,RUNNING,HIDING,,,1,,,,,,,
multiple_choice,PP1-CRE-3.1.25_Daniel_in_the_Lions_Den,Daniel trusted in God and was not...?,dan_q5.webp,audio_d5.mp3,1,AFRAID,HAPPY,KIND,,,1,,,,,,,
multiple_choice,PP1-CRE-3.1.25_Daniel_in_the_Lions_Den,God protects everyone who faithfully...?,dan_q6.webp,audio_d6.mp3,1,PRAYS,SLEEPS,FIGHTS,,,1,,,,,,,
count_objects,PP1-CRE-3.1.25_Daniel_in_the_Lions_Den,Count 4 wild lions that God kept quiet!,dan_count1.webp,audio_d7.mp3,1,4,2,3,,🦁,4,,,,,,,
count_objects,PP1-CRE-3.1.25_Daniel_in_the_Lions_Den,Count 2 praying hands of brave Daniel!,dan_count2.webp,audio_d8.mp3,1,2,1,3,,🙏,2,,,,,,,
count_objects,PP1-CRE-3.1.25_Daniel_in_the_Lions_Den,Count 1 shining angel protecting Daniel!,dan_count3.webp,audio_d9.mp3,1,1,2,3,,👼,1,,,,,,,
speak_repeat,PP1-CRE-3.1.25_Daniel_in_the_Lions_Den,Say out loud clearly: GOD PROTECTED DANIEL FROM LIONS!,speak_d1.webp,audio_d10.mp3,1,God Protected Daniel From Lions,,,,,,God Protected Daniel From Lions,,,,,,,
speak_repeat,PP1-CRE-3.1.25_Daniel_in_the_Lions_Den,Say out loud clearly: PRAY TO GOD EVERY DAY!,speak_d2.webp,audio_d11.mp3,1,Pray To God Every Day,,,,,,Pray To God Every Day,,,,,,,
matching,PP1-CRE-3.1.25_Daniel_in_the_Lions_Den,Match Daniel's story items!,,,1,,,,,,,,Lion 🦁,1,Pray 🙏,2,Angel 👼,3
matching,PP1-CRE-3.1.25_Daniel_in_the_Lions_Den,Match prayer and protection symbols!,,,1,,,,,,,,Pray 🙏,1,Shield 🛡️,2,Cross ✝️,3
multiple_choice,PP1-CRE-3.1.26_Bible_Stories_Master,Who built the giant ark as God commanded?,bm_q1.webp,audio_b1.mp3,1,NOAH,DAVID,DANIEL,,,1,,,,,,,
multiple_choice,PP1-CRE-3.1.26_Bible_Stories_Master,Who was protected in a basket in the river?,bm_q2.webp,audio_b2.mp3,1,MOSES,GOLIATH,NOAH,,,1,,,,,,,
multiple_choice,PP1-CRE-3.1.26_Bible_Stories_Master,Who defeated Goliath with faith in God?,bm_q3.webp,audio_b3.mp3,1,DAVID,MOSES,KINGS,,,1,,,,,,,
multiple_choice,PP1-CRE-3.1.26_Bible_Stories_Master,Who prayed in the lion's den and stayed safe?,bm_q4.webp,audio_b4.mp3,1,DANIEL,NOAH,SAUL,,,1,,,,,,,
multiple_choice,PP1-CRE-3.1.26_Bible_Stories_Master,What holy book tells us all these true stories?,bm_q5.webp,audio_b5.mp3,1,BIBLE,MAP,CHART,,,1,,,,,,,
multiple_choice,PP1-CRE-3.1.26_Bible_Stories_Master,All Bible heroes trusted in...?,bm_q6.webp,audio_b6.mp3,1,GOD,WEAPONS,LUCK,,,1,,,,,,,
count_objects,PP1-CRE-3.1.26_Bible_Stories_Master,Count 5 master star trophies of faith!,bm_count1.webp,audio_b7.mp3,1,5,3,4,,🏆,5,,,,,,,
count_objects,PP1-CRE-3.1.26_Bible_Stories_Master,Count 4 praying hands of heroes!,bm_count2.webp,audio_b8.mp3,1,4,2,3,,🙏,4,,,,,,,
count_objects,PP1-CRE-3.1.26_Bible_Stories_Master,Count 3 crowns of victory for heroes!,bm_count3.webp,audio_b9.mp3,1,3,1,5,,👑,3,,,,,,,
speak_repeat,PP1-CRE-3.1.26_Bible_Stories_Master,Say out loud clearly: I AM A BIBLE STORIES MASTER!,speak_b1.webp,audio_b10.mp3,1,I Am A Bible Stories Master,,,,,,I Am A Bible Stories Master,,,,,,,
speak_repeat,PP1-CRE-3.1.26_Bible_Stories_Master,Say out loud clearly: GOD GIVES FAITH AND COURAGE TO ALL!,speak_b2.webp,audio_b11.mp3,1,God Gives Faith And Courage To All,,,,,,God Gives Faith And Courage To All,,,,,,,
matching,PP1-CRE-3.1.26_Bible_Stories_Master,Match Old Testament Bible heroes!,,,1,,,,,,,,Noah ⛵,1,Moses 🧺,2,David 🪨,3
matching,PP1-CRE-3.1.26_Bible_Stories_Master,Match hero victory symbols!,,,1,,,,,,,,Daniel 🦁,1,Shield 🛡️,2,Crown 👑,3
multiple_choice,PP1-CRE-4.1.27_Praying_to_God_Everyday,How do we talk to God with love and respect?,pr_q1.webp,audio_p1.mp3,1,PRAY,SHOUT,RUN,,,1,,,,,,,
multiple_choice,PP1-CRE-4.1.27_Praying_to_God_Everyday,When can we pray to God?,pr_q2.webp,audio_p2.mp3,1,ANYTIME,NEVER,RARELY,,,1,,,,,,,
multiple_choice,PP1-CRE-4.1.27_Praying_to_God_Everyday,Where can we pray to God?,pr_q3.webp,audio_p3.mp3,1,ANYWHERE,NOWHERE,ONE PLACE,,,1,,,,,,,
multiple_choice,PP1-CRE-4.1.27_Praying_to_God_Everyday,When we bow our heads and close our eyes we...?,pr_q4.webp,audio_p4.mp3,1,PRAY,SLEEP,HIDE,,,1,,,,,,,
multiple_choice,PP1-CRE-4.1.27_Praying_to_God_Everyday,Who hears our prayers when we whisper?,pr_q5.webp,audio_p5.mp3,1,GOD,TREES,WALLS,,,1,,,,,,,
multiple_choice,PP1-CRE-4.1.27_Praying_to_God_Everyday,Daily prayer fills our hearts with peace and...?,pr_q6.webp,audio_p6.mp3,1,JOY,FEAR,ANGER,,,1,,,,,,,
count_objects,PP1-CRE-4.1.27_Praying_to_God_Everyday,Count 3 daily prayer times: morning, noon, night!,pr_count1.webp,audio_p7.mp3,1,3,2,4,,🙏,3,,,,,,,
count_objects,PP1-CRE-4.1.27_Praying_to_God_Everyday,Count 4 praying hearts talking to God!,pr_count2.webp,audio_p8.mp3,1,4,2,5,,❤️,4,,,,,,,
count_objects,PP1-CRE-4.1.27_Praying_to_God_Everyday,Count 2 open Bibles read before prayer!,pr_count3.webp,audio_p9.mp3,1,2,1,3,,📖,2,,,,,,,
speak_repeat,PP1-CRE-4.1.27_Praying_to_God_Everyday,Say out loud clearly: PRAY TO GOD EVERY SINGLE DAY!,speak_p1.webp,audio_p10.mp3,1,Pray To God Every Single Day,,,,,,Pray To God Every Single Day,,,,,,,
speak_repeat,PP1-CRE-4.1.27_Praying_to_God_Everyday,Say out loud clearly: GOD HEARS MY EVERY PRAYER!,speak_p2.webp,audio_p11.mp3,1,God Hears My Every Prayer,,,,,,God Hears My Every Prayer,,,,,,,
matching,PP1-CRE-4.1.27_Praying_to_God_Everyday,Match prayer times!,,,1,,,,,,,,Morning ☀️,1,Noon 🌤️,2,Night 🌙,3
matching,PP1-CRE-4.1.27_Praying_to_God_Everyday,Match prayer symbols!,,,1,,,,,,,,Pray 🙏,1,Heart ❤️,2,Bible 📖,3
multiple_choice,PP1-CRE-4.1.28_Singing_Praise_Songs,Why do we sing praise songs to God?,sg_q1.webp,audio_s1.mp3,1,JOY,ANGER,FEAR,,,1,,,,,,,
multiple_choice,PP1-CRE-4.1.28_Singing_Praise_Songs,Who loves to hear our happy praise songs?,sg_q2.webp,audio_s2.mp3,1,GOD,BIRDS,TREES,,,1,,,,,,,
multiple_choice,PP1-CRE-4.1.28_Singing_Praise_Songs,We clap our hands when we sing to...?,sg_q3.webp,audio_s3.mp3,1,GOD,ROADS,DOORS,,,1,,,,,,,
multiple_choice,PP1-CRE-4.1.28_Singing_Praise_Songs,Praise songs fill our hearts with...?,sg_q4.webp,audio_s4.mp3,1,LOVE,SADNESS,NOISE,,,1,,,,,,,
multiple_choice,PP1-CRE-4.1.28_Singing_Praise_Songs,Who created our voices to sing praise?,sg_q5.webp,audio_s5.mp3,1,GOD,TOYS,BELLS,,,1,,,,,,,
multiple_choice,PP1-CRE-4.1.28_Singing_Praise_Songs,Singing praise to God makes us...?,sg_q6.webp,audio_s6.mp3,1,HAPPY,TIRED,CROSS,,,1,,,,,,,
count_objects,PP1-CRE-4.1.28_Singing_Praise_Songs,Count 3 musical notes of praise to God!,sg_count1.webp,audio_s7.mp3,1,3,2,4,,🎵,3,,,,,,,
count_objects,PP1-CRE-4.1.28_Singing_Praise_Songs,Count 5 happy smiling faces singing!,sg_count2.webp,audio_s8.mp3,1,5,3,4,,😀,5,,,,,,,
count_objects,PP1-CRE-4.1.28_Singing_Praise_Songs,Count 2 harps played to praise God!,sg_count3.webp,audio_s9.mp3,1,2,1,3,,🪕,2,,,,,,,
speak_repeat,PP1-CRE-4.1.28_Singing_Praise_Songs,Say out loud clearly: I SING PRAISE TO GOD WITH JOY!,speak_s1.webp,audio_s10.mp3,1,I Sing Praise To God With Joy,,,,,,I Sing Praise To God With Joy,,,,,,,
speak_repeat,PP1-CRE-4.1.28_Singing_Praise_Songs,Say out loud clearly: PRAISE THE LORD WITH JOYFUL NOISE!,speak_s2.webp,audio_s11.mp3,1,Praise The Lord With Joyful Noise,,,,,,Praise The Lord With Joyful Noise,,,,,,,
matching,PP1-CRE-4.1.28_Singing_Praise_Songs,Match music praise symbols!,,,1,,,,,,,,Note 🎵,1,Bell 🔔,2,Heart ❤️,3
matching,PP1-CRE-4.1.28_Singing_Praise_Songs,Match joyful praise items!,,,1,,,,,,,,Music 🎶,1,Smile 😊,2,Cross ✝️,3
multiple_choice,PP1-CRE-4.1.29_Going_to_Church_Sunday,Where do Christians gather on Sunday to worship God?,ch_q1.webp,audio_c1.mp3,1,CHURCH,MARKET,PARK,,,1,,,,,,,
multiple_choice,PP1-CRE-4.1.29_Going_to_Church_Sunday,On Sunday morning we go to church for...?,ch_q2.webp,audio_c2.mp3,1,WORSHIP,SHOPPING,RACING,,,1,,,,,,,
multiple_choice,PP1-CRE-4.1.29_Going_to_Church_Sunday,In Sunday school we learn stories from the Holy...?,ch_q3.webp,audio_c3.mp3,1,BIBLE,PAPER,CHART,,,1,,,,,,,
multiple_choice,PP1-CRE-4.1.29_Going_to_Church_Sunday,Singing and praying together in church is...?,ch_q4.webp,audio_c4.mp3,1,FELLOWSHIP,SLEEPING,RUNNING,,,1,,,,,,,
multiple_choice,PP1-CRE-4.1.29_Going_to_Church_Sunday,The church is the holy house of...?,ch_q5.webp,audio_c5.mp3,1,GOD,KINGS,PILOTS,,,1,,,,,,,
multiple_choice,PP1-CRE-4.1.29_Going_to_Church_Sunday,Going to church makes our hearts...?,ch_q6.webp,audio_c6.mp3,1,GLAD,SAD,UPSET,,,1,,,,,,,
count_objects,PP1-CRE-4.1.29_Going_to_Church_Sunday,Count 3 church buildings of worship!,ch_count1.webp,audio_c7.mp3,1,3,1,4,,⛪,3,,,,,,,
count_objects,PP1-CRE-4.1.29_Going_to_Church_Sunday,Count 5 Bibles read in Sunday school!,ch_count2.webp,audio_c8.mp3,1,5,3,4,,📖,5,,,,,,,
count_objects,PP1-CRE-4.1.29_Going_to_Church_Sunday,Count 4 happy kids going to church!,ch_count3.webp,audio_c9.mp3,1,4,2,5,,😃,4,,,,,,,
speak_repeat,PP1-CRE-4.1.29_Going_to_Church_Sunday,Say out loud clearly: I WAS GLAD TO GO TO GOD'S HOUSE!,speak_c1.webp,audio_c10.mp3,1,I Was Glad To Go To God's House,,,,,,I Was Glad To Go To God's House,,,,,,,
speak_repeat,PP1-CRE-4.1.29_Going_to_Church_Sunday,Say out loud clearly: WORSHIP GOD IN CHURCH ON SUNDAY!,speak_c2.webp,audio_c11.mp3,1,Worship God In Church On Sunday,,,,,,Worship God In Church On Sunday,,,,,,,
matching,PP1-CRE-4.1.29_Going_to_Church_Sunday,Match church items!,,,1,,,,,,,,Church ⛪,1,Bible 📖,2,Pray 🙏,3
matching,PP1-CRE-4.1.29_Going_to_Church_Sunday,Match Sunday worship symbols!,,,1,,,,,,,,Cross ✝️,1,Music 🎵,2,Heart ❤️,3
multiple_choice,PP1-CRE-4.1.30_Sharing_With_Others,What should we do with our toys and snacks?,sh_q1.webp,audio_sh1.mp3,1,SHARE,HIDE,BREAK,,,1,,,,,,,
multiple_choice,PP1-CRE-4.1.30_Sharing_With_Others,Sharing with others shows God's...?,sh_q2.webp,audio_sh2.mp3,1,LOVE,ANGER,PRIDE,,,1,,,,,,,
multiple_choice,PP1-CRE-4.1.30_Sharing_With_Others,When we share with friends we bring...?,sh_q3.webp,audio_sh3.mp3,1,JOY,TEARS,FIGHTS,,,1,,,,,,,
multiple_choice,PP1-CRE-4.1.30_Sharing_With_Others,Who wants us to be kind and share?,sh_q4.webp,audio_sh4.mp3,1,GOD,NONE,NOBODY,,,1,,,,,,,
multiple_choice,PP1-CRE-4.1.30_Sharing_With_Others,A cheerful giver makes God...?,sh_q5.webp,audio_sh5.mp3,1,GLAD,SAD,UPSET,,,1,,,,,,,
multiple_choice,PP1-CRE-4.1.30_Sharing_With_Others,Sharing snacks is an act of Christian...?,sh_q6.webp,audio_sh6.mp3,1,KINDNESS,GREED,HATE,,,1,,,,,,,
count_objects,PP1-CRE-4.1.30_Sharing_With_Others,Count 4 shared gift boxes full of joy!,sh_count1.webp,audio_sh7.mp3,1,4,2,3,,🎁,4,,,,,,,
count_objects,PP1-CRE-4.1.30_Sharing_With_Others,Count 3 shared apples with friends!,sh_count2.webp,audio_sh8.mp3,1,3,1,4,,🍎,3,,,,,,,
count_objects,PP1-CRE-4.1.30_Sharing_With_Others,Count 5 happy kids sharing toys!,sh_count3.webp,audio_sh9.mp3,1,5,4,2,,👧,5,,,,,,,
speak_repeat,PP1-CRE-4.1.30_Sharing_With_Others,Say out loud clearly: SHARING WITH OTHERS BRINGS GOD'S JOY!,speak_sh1.webp,audio_sh10.mp3,1,Sharing With Others Brings God's Joy,,,,,,Sharing With Others Brings God's Joy,,,,,,,
speak_repeat,PP1-CRE-4.1.30_Sharing_With_Others,Say out loud clearly: GOD LOVES A CHEERFUL GIVER!,speak_sh2.webp,audio_sh11.mp3,1,God Loves A Cheerful Giver,,,,,,God Loves A Cheerful Giver,,,,,,,
matching,PP1-CRE-4.1.30_Sharing_With_Others,Match sharing symbols!,,,1,,,,,,,,Gift 🎁,1,Apple 🍎,2,Heart ❤️,3
matching,PP1-CRE-4.1.30_Sharing_With_Others,Match Christian love and sharing!,,,1,,,,,,,,Smile 😊,1,Toys 🧸,2,Cross ✝️,3
multiple_choice,PP1-CRE-4.1.31_Helping_Parents_at_Home,Who should we honor and help at home?,hlp_q1.webp,audio_hp1.mp3,1,PARENTS,STRANGERS,NOBODY,,,1,,,,,,,
multiple_choice,PP1-CRE-4.1.31_Helping_Parents_at_Home,Helping clean the house shows our parents...?,hlp_q2.webp,audio_hp2.mp3,1,LOVE,ANGER,GREED,,,1,,,,,,,
multiple_choice,PP1-CRE-4.1.31_Helping_Parents_at_Home,God commands us to obey our Mommy and...?,hlp_q3.webp,audio_hp3.mp3,1,DADDY,GUARDS,KINGS,,,1,,,,,,,
multiple_choice,PP1-CRE-4.1.31_Helping_Parents_at_Home,An obedient child brings peace to the...?,hlp_q4.webp,audio_hp4.mp3,1,HOME,STREET,STORE,,,1,,,,,,,
multiple_choice,PP1-CRE-4.1.31_Helping_Parents_at_Home,When we do our home chores happily we please...?,hlp_q5.webp,audio_hp5.mp3,1,GOD,NOBODY,NONE,,,1,,,,,,,
multiple_choice,PP1-CRE-4.1.31_Helping_Parents_at_Home,Helping at home is an act of Christian...?,hlp_q6.webp,audio_hp6.mp3,1,DUTY,FEAR,SADNESS,,,1,,,,,,,
count_objects,PP1-CRE-4.1.31_Helping_Parents_at_Home,Count 3 helping hands at home!,hlp_count1.webp,audio_hp7.mp3,1,3,1,4,,🤝,3,,,,,,,
count_objects,PP1-CRE-4.1.31_Helping_Parents_at_Home,Count 4 happy home broom items!,hlp_count2.webp,audio_hp8.mp3,1,4,2,5,,🧹,4,,,,,,,
count_objects,PP1-CRE-4.1.31_Helping_Parents_at_Home,Count 2 loving parents at home!,hlp_count3.webp,audio_hp9.mp3,1,2,1,3,,🏠,2,,,,,,,
speak_repeat,PP1-CRE-4.1.31_Helping_Parents_at_Home,Say out loud clearly: HONOR AND HELP YOUR PARENTS AT HOME!,speak_hp1.webp,audio_hp10.mp3,1,Honor And Help Your Parents At Home,,,,,,Honor And Help Your Parents At Home,,,,,,,
speak_repeat,PP1-CRE-4.1.31_Helping_Parents_at_Home,Say out loud clearly: HELPING AT HOME PLEASES GOD!,speak_hp2.webp,audio_hp11.mp3,1,Helping At Home Pleases God,,,,,,Helping At Home Pleases God,,,,,,,
matching,PP1-CRE-4.1.31_Helping_Parents_at_Home,Match home helping items!,,,1,,,,,,,,Hand 🤝,1,Home 🏠,2,Heart ❤️,3
matching,PP1-CRE-4.1.31_Helping_Parents_at_Home,Match family honor symbols!,,,1,,,,,,,,Mommy 👩,1,Daddy 👨,2,Pray 🙏,3
multiple_choice,PP1-CRE-4.1.32_Christian_Values_Master,Sharing toys and helping friends show Christian...?,vm_q1.webp,audio_v1.mp3,1,LOVE,ANGER,PRIDE,,,1,,,,,,,
multiple_choice,PP1-CRE-4.1.32_Christian_Values_Master,Always telling the truth means we are...?,vm_q2.webp,audio_v2.mp3,1,HONEST,MEAN,RUDE,,,1,,,,,,,
multiple_choice,PP1-CRE-4.1.32_Christian_Values_Master,Honoring Mommy and Daddy means we...?,vm_q3.webp,audio_v3.mp3,1,OBEY,IGNORE,SHOUT,,,1,,,,,,,
multiple_choice,PP1-CRE-4.1.32_Christian_Values_Master,Who wants us to live with kindness and love?,vm_q4.webp,audio_v4.mp3,1,GOD,NOBODY,BAD,,,1,,,,,,,
multiple_choice,PP1-CRE-4.1.32_Christian_Values_Master,A cheerful giver makes God's heart...?,vm_q5.webp,audio_v5.mp3,1,GLAD,SAD,UPSET,,,1,,,,,,,
multiple_choice,PP1-CRE-4.1.32_Christian_Values_Master,Living by Christian values brings...?,vm_q6.webp,audio_v6.mp3,1,PEACE,FIGHTS,FEAR,,,1,,,,,,,
count_objects,PP1-CRE-4.1.32_Christian_Values_Master,Count 5 master star medals of kindness!,vm_count1.webp,audio_v7.mp3,1,5,3,4,,🥇,5,,,,,,,
count_objects,PP1-CRE-4.1.32_Christian_Values_Master,Count 4 helping hands of love!,vm_count2.webp,audio_v8.mp3,1,4,2,3,,🤝,4,,,,,,,
count_objects,PP1-CRE-4.1.32_Christian_Values_Master,Count 3 master crowns of virtue!,vm_count3.webp,audio_v9.mp3,1,3,1,5,,👑,3,,,,,,,
speak_repeat,PP1-CRE-4.1.32_Christian_Values_Master,Say out loud clearly: I LIVE BY CHRISTIAN VALUES OF LOVE AND KINDNESS!,speak_v1.webp,audio_v10.mp3,1,I Live By Christian Values Of Love And Kindness,,,,,,I Live By Christian Values Of Love And Kindness,,,,,,,
speak_repeat,PP1-CRE-4.1.32_Christian_Values_Master,Say out loud clearly: HONESTY KINDNESS AND SHARING PLEASE GOD!,speak_v2.webp,audio_v11.mp3,1,Honesty Kindness And Sharing Please God,,,,,,Honesty Kindness And Sharing Please God,,,,,,,
matching,PP1-CRE-4.1.32_Christian_Values_Master,Match Christian master values!,,,1,,,,,,,,Share 🎁,1,Help 🤝,2,Truth 📖,3
matching,PP1-CRE-4.1.32_Christian_Values_Master,Match moral value symbols!,,,1,,,,,,,,Crown 👑,1,Cross ✝️,2,Heart ❤️,3
multiple_choice,PP1-CRE-X.33_Dinosaur_Creation_Praise_33,Who created the giant dinosaurs on Earth?,dcp_q1.webp,audio_dc1.mp3,1,GOD,STARS,WIND,,,1,,,,,,,
multiple_choice,PP1-CRE-X.33_Dinosaur_Creation_Praise_33,Who made the big animals step on the ground?,dcp_q2.webp,audio_dc2.mp3,1,GOD,MOON,RAIN,,,1,,,,,,,
multiple_choice,PP1-CRE-X.33_Dinosaur_Creation_Praise_33,What should we do for God creating dinosaurs?,dcp_q3.webp,audio_dc3.mp3,1,PRAISE,CRY,HIDE,,,1,,,,,,,
multiple_choice,PP1-CRE-X.33_Dinosaur_Creation_Praise_33,Who made the tall trees for dinosaurs to eat?,dcp_q4.webp,audio_dc4.mp3,1,GOD,ROADS,CARS,,,1,,,,,,,
multiple_choice,PP1-CRE-X.33_Dinosaur_Creation_Praise_33,God made big dinosaurs to show His great...?,dcp_q5.webp,audio_dc5.mp3,1,POWER,FEAR,SADNESS,,,1,,,,,,,
multiple_choice,PP1-CRE-X.33_Dinosaur_Creation_Praise_33,We say thank you to God for creating...?,dcp_q6.webp,audio_dc6.mp3,1,ANIMALS,TOYS,SHOES,,,1,,,,,,,
count_objects,PP1-CRE-X.33_Dinosaur_Creation_Praise_33,Count 4 giant T-Rex dinosaurs created by God!,dcp_count1.webp,audio_dc7.mp3,1,4,3,5,,🦕,4,,,,,,,
count_objects,PP1-CRE-X.33_Dinosaur_Creation_Praise_33,Count 2 big green dinosaurs praising God!,dcp_count2.webp,audio_dc8.mp3,1,2,1,4,,🦖,2,,,,,,,
count_objects,PP1-CRE-X.33_Dinosaur_Creation_Praise_33,Count 5 tall creation trees for the dinosaurs!,dcp_count3.webp,audio_dc9.mp3,1,5,3,2,,🌴,5,,,,,,,
speak_repeat,PP1-CRE-X.33_Dinosaur_Creation_Praise_33,Say out loud clearly: GOD MADE THE DINOSAURS!,speak_dc1.webp,audio_dc10.mp3,1,God Made The Dinosaurs,,,,,,God Made The Dinosaurs,,,,,,,
speak_repeat,PP1-CRE-X.33_Dinosaur_Creation_Praise_33,Say out loud clearly: PRAISE GOD FOR BIG CREATION ANIMALS!,speak_dc2.webp,audio_dc11.mp3,1,Praise God For Big Creation Animals,,,,,,Praise God For Big Creation Animals,,,,,,,
matching,PP1-CRE-X.33_Dinosaur_Creation_Praise_33,Match God's creation items!,,,1,,,,,,,,Dino 🦕,1,Tree 🌴,2,Sun ☀️,3
matching,PP1-CRE-X.33_Dinosaur_Creation_Praise_33,Match big creation dinosaurs!,,,1,,,,,,,,T-Rex 🦖,1,Leaf 🍃,2,Star ⭐,3


multiple_choice,Dinosaur Noah Ark Safari 34,Who told Noah to build the big ark?,ark_q1.webp,audio_ark1.mp3,1,GOD,KINGS,PILOTS,,,1,,,,,,,
multiple_choice,Dinosaur Noah Ark Safari 34,How did the animals go into Noah's ark?,ark_q2.webp,audio_ark2.mp3,1,PAIRS,ALONE,FAST,,,1,,,,,,,
multiple_choice,Dinosaur Noah Ark Safari 34,What saved the animals from the big rain?,ark_q3.webp,audio_ark3.mp3,1,ARK,CAR,HOUSE,,,1,,,,,,,
multiple_choice,Dinosaur Noah Ark Safari 34,Who kept Noah and the animals safe inside?,ark_q4.webp,audio_ark4.mp3,1,GOD,STORM,WIND,,,1,,,,,,,
multiple_choice,Dinosaur Noah Ark Safari 34,What promise sign did God put in the sky?,ark_q5.webp,audio_ark5.mp3,1,RAINBOW,CLOUDS,MOON,,,1,,,,,,,
multiple_choice,Dinosaur Noah Ark Safari 34,We thank God for keeping us safe like...?,ark_q6.webp,audio_ark6.mp3,1,NOAH,FEAR,RAIN,,,1,,,,,,,
count_objects,Dinosaur Noah Ark Safari 34,Count 2 giraffes going into Noah's ark!,ark_count1.webp,audio_ark7.mp3,1,2,1,3,,🦒,2,,,,,,,
count_objects,Dinosaur Noah Ark Safari 34,Count 4 elephants saved on the ark!,ark_count2.webp,audio_ark8.mp3,1,4,2,5,,🐘,4,,,,,,,
count_objects,Dinosaur Noah Ark Safari 34,Count 3 lions resting inside the ark!,ark_count3.webp,audio_ark9.mp3,1,3,1,4,,🦁,3,,,,,,,
speak_repeat,Dinosaur Noah Ark Safari 34,Say out loud clearly: GOD KEPT NOAH SAFE!,speak_ark1.webp,audio_ark10.mp3,1,God Kept Noah Safe,,,,,,God Kept Noah Safe,,,,,,,
speak_repeat,Dinosaur Noah Ark Safari 34,Say out loud clearly: THANK YOU GOD FOR THE ARK!,speak_ark2.webp,audio_ark11.mp3,1,Thank You God For The Ark,,,,,,Thank You God For The Ark,,,,,,,
matching,Dinosaur Noah Ark Safari 34,Match the animals saved in the ark!,,,1,,,,,,,,Ark ⛵,1,Giraffe 🦒,2,Lion 🦁,3
matching,Dinosaur Noah Ark Safari 34,Match God's safe creation items!,,,1,,,,,,,,Ark ⛵,1,Rainbow 🌈,2,Dove 🕊️,3
multiple_choice,Pirate Cove Bible Treasure 35,What is God's Holy Bible to us?,treasure_q1.webp,audio_tr1.mp3,1,TREASURE,TOY,COIN,,,1,,,,,,,
multiple_choice,Pirate Cove Bible Treasure 35,Where do we read God's true words?,treasure_q2.webp,audio_tr2.mp3,1,BIBLE,MAP,PAPER,,,1,,,,,,,
multiple_choice,Pirate Cove Bible Treasure 35,God's word guides us like a bright...?,treasure_q3.webp,audio_tr3.mp3,1,LIGHT,DARK,FOG,,,1,,,,,,,
multiple_choice,Pirate Cove Bible Treasure 35,What is better than gold and silver?,treasure_q4.webp,audio_tr4.mp3,1,BIBLE,ROCKS,SAND,,,1,,,,,,,
multiple_choice,Pirate Cove Bible Treasure 35,Who gave us the Holy Bible?,treasure_q5.webp,audio_tr5.mp3,1,GOD,PIRATES,SHIPS,,,1,,,,,,,
multiple_choice,Pirate Cove Bible Treasure 35,We store God's words inside our...?,treasure_q6.webp,audio_tr6.mp3,1,HEART,BOX,BAG,,,1,,,,,,,
count_objects,Dinosaur Noah Ark Safari 34,Count 5 total animals walking to the ark!,ark_count4.webp,audio_ark12.mp3,1,5,3,4,,🦓,5,,,,,,,
count_objects,Pirate Cove Bible Treasure 35,Count 3 Holy Bibles full of God's word!,treasure_count1.webp,audio_tr7.mp3,1,3,2,4,,📖,3,,,,,,,
count_objects,Pirate Cove Bible Treasure 35,Count 4 treasure chests of Bible truth!,treasure_count2.webp,audio_tr8.mp3,1,4,3,5,,🏴‍☠️,4,,,,,,,
speak_repeat,Pirate Cove Bible Treasure 35,Say out loud clearly: GOD'S WORD IS MY TREASURE!,speak_tr1.webp,audio_tr9.mp3,1,God's Word Is My Treasure,,,,,,God's Word Is My Treasure,,,,,,,
speak_repeat,Pirate Cove Bible Treasure 35,Say out loud clearly: I LOVE THE HOLY BIBLE!,speak_tr2.webp,audio_tr10.mp3,1,I Love The Holy Bible,,,,,,I Love The Holy Bible,,,,,,,
speak_repeat,Pirate Cove Bible Treasure 35,Say out loud clearly: GOD'S TRUTH SHINES BRIGHT!,speak_tr3.webp,audio_tr11.mp3,1,God's Truth Shines Bright,,,,,,God's Truth Shines Bright,,,,,,,
matching,Pirate Cove Bible Treasure 35,Match God's holy treasure items!,,,1,,,,,,,,Bible 📖,1,Light 💡,2,Heart ❤️,3
matching,Pirate Cove Bible Treasure 35,Match the Bible praise symbols!,,,1,,,,,,,,Bible 📖,1,Cross ✝️,2,Crown 👑,3
multiple_choice,Pirate David Goliath Courage 36,Who gave young David great courage?,david_q1.webp,audio_dg1.mp3,1,GOD,ARMOR,SWORDS,,,1,,,,,,,
multiple_choice,Pirate David Goliath Courage 36,David trusted God because God is...?,david_q2.webp,audio_dg2.mp3,1,STRONG,WEAK,AFRAID,,,1,,,,,,,
multiple_choice,Pirate David Goliath Courage 36,What did David use with faith in God?,david_q3.webp,audio_dg3.mp3,1,SLING,SPEAR,SHIELD,,,1,,,,,,,
multiple_choice,Pirate David Goliath Courage 36,God helps us be brave when we are...?,david_q4.webp,audio_dg4.mp3,1,AFRAID,ANGRY,LOUD,,,1,,,,,,,
multiple_choice,Pirate David Goliath Courage 36,Who won the battle by God's power?,david_q5.webp,audio_dg5.mp3,1,DAVID,GIANT,KINGS,,,1,,,,,,,
multiple_choice,Pirate David Goliath Courage 36,When we trust God we feel...?,david_q6.webp,audio_dg6.mp3,1,BRAVE,SAD,LOST,,,1,,,,,,,
count_objects,Pirate David Goliath Courage 36,Count 5 smooth stones David picked up!,david_count1.webp,audio_dg7.mp3,1,5,4,3,,🪨,5,,,,,,,
count_objects,Pirate David Goliath Courage 36,Count 2 brave hearts trusting in God!,david_count2.webp,audio_dg8.mp3,1,2,1,3,,❤️,2,,,,,,,
count_objects,Pirate David Goliath Courage 36,Count 3 sheep David protected with God!,david_count3.webp,audio_dg9.mp3,1,3,2,4,,🐑,3,,,,,,,
speak_repeat,Pirate David Goliath Courage 36,Say out loud clearly: GOD MAKES ME BRAVE!,speak_dg1.webp,audio_dg10.mp3,1,God Makes Me Brave,,,,,,God Makes Me Brave,,,,,,,
speak_repeat,Pirate David Goliath Courage 36,Say out loud clearly: I TRUST IN THE LORD!,speak_dg2.webp,audio_dg11.mp3,1,I Trust In The Lord,,,,,,I Trust In The Lord,,,,,,,
matching,Pirate David Goliath Courage 36,Match David's courage symbols!,,,1,,,,,,,,Stone 🪨,1,Heart ❤️,2,Crown 👑,3
matching,Pirate David Goliath Courage 36,Match trust and faith items!,,,1,,,,,,,,Sling 🎯,1,Sheep 🐑,2,Cross ✝️,3
multiple_choice,Space Starry Sky Gods World 37,Who made the twinkling stars in space?,space_q1.webp,audio_sp1.mp3,1,GOD,Rockets,Moons,,,1,,,,,,,
multiple_choice,Space Starry Sky Gods World 37,God created the sun to give us...?,space_q2.webp,audio_sp2.mp3,1,LIGHT,RAIN,COLD,,,1,,,,,,,
multiple_choice,Space Starry Sky Gods World 37,Who made the glowing moon at night?,space_q3.webp,audio_sp3.mp3,1,GOD,CLOUDS,WIND,,,1,,,,,,,
multiple_choice,Space Starry Sky Gods World 37,The whole world and sky belong to...?,space_q4.webp,audio_sp4.mp3,1,GOD,STARS,PLANETS,,,1,,,,,,,
multiple_choice,Space Starry Sky Gods World 37,When we see the sky we praise God's...?,space_q5.webp,audio_sp5.mp3,1,GLORY,DARK,FEAR,,,1,,,,,,,
multiple_choice,Space Starry Sky Gods World 37,God counts and knows every single...?,space_q6.webp,audio_sp6.mp3,1,STAR,ROCK,DUST,,,1,,,,,,,
count_objects,Space Starry Sky Gods World 37,Count 5 shiny stars created by God!,space_count1.webp,audio_sp7.mp3,1,5,3,4,,⭐,5,,,,,,,
count_objects,Space Starry Sky Gods World 37,Count 2 bright moons shining in space!,space_count2.webp,audio_sp8.mp3,1,2,1,3,,🌙,2,,,,,,,
count_objects,Space Starry Sky Gods World 37,Count 4 planets God placed in the sky!,space_count3.webp,audio_sp9.mp3,1,4,2,5,,🪐,4,,,,,,,
speak_repeat,Space Starry Sky Gods World 37,Say out loud clearly: GOD MADE THE STARS AND MOON!,speak_sp1.webp,audio_sp10.mp3,1,God Made The Stars And Moon,,,,,,God Made The Stars And Moon,,,,,,,
speak_repeat,Space Starry Sky Gods World 37,Say out loud clearly: GOD'S WORLD IS WONDERFUL!,speak_sp2.webp,audio_sp11.mp3,1,God's World Is Wonderful,,,,,,God's World Is Wonderful,,,,,,,
matching,Space Starry Sky Gods World 37,Match God's heavenly sky creations!,,,1,,,,,,,,Star ⭐,1,Moon 🌙,2,Sun ☀️,3
matching,Space Starry Sky Gods World 37,Match space world elements!,,,1,,,,,,,,Planet 🪐,1,Star 🌟,2,Earth 🌍,3
multiple_choice,Space Alien Praise Song 38,Why do we sing praise songs to God?,alien_q1.webp,audio_ap1.mp3,1,JOY,ANGER,FEAR,,,1,,,,,,,
multiple_choice,Space Alien Praise Song 38,Who loves to hear our happy praise?,alien_q2.webp,audio_ap2.mp3,1,GOD,BIRDS,TREES,,,1,,,,,,,
multiple_choice,Space Alien Praise Song 38,We clap our hands when we sing to...?,alien_q3.webp,audio_ap3.mp3,1,GOD,ROADS,DOORS,,,1,,,,,,,
multiple_choice,Space Alien Praise Song 38,Praise songs fill our hearts with...?,alien_q4.webp,audio_ap4.mp3,1,LOVE,SADNESS,NOISE,,,1,,,,,,,
multiple_choice,Space Alien Praise Song 38,Who created our voices to sing?,alien_q5.webp,audio_ap5.mp3,1,GOD,TOYS,BELLS,,,1,,,,,,,
multiple_choice,Space Alien Praise Song 38,Singing praise to God makes us...?,alien_q6.webp,audio_ap6.mp3,1,HAPPY,TIRED,CROSS,,,1,,,,,,,
count_objects,Space Alien Praise Song 38,Count 3 musical notes of praise to God!,alien_count1.webp,audio_ap7.mp3,1,3,2,4,,🎵,3,,,,,,,
count_objects,Space Alien Praise Song 38,Count 5 happy smiling faces singing!,alien_count2.webp,audio_ap8.mp3,1,5,3,4,,😀,5,,,,,,,
count_objects,Space Alien Praise Song 38,Count 2 harps played to praise God!,alien_count3.webp,audio_ap9.mp3,1,2,1,3,,🪕,2,,,,,,,
speak_repeat,Space Alien Praise Song 38,Say out loud clearly: I SING PRAISE TO GOD WITH JOY!,speak_ap1.webp,audio_ap10.mp3,1,I Sing Praise To God With Joy,,,,,,I Sing Praise To God With Joy,,,,,,,
speak_repeat,Space Alien Praise Song 38,Say out loud clearly: PRAISE THE LORD WITH JOYFUL NOISE!,speak_ap2.webp,audio_ap11.mp3,1,Praise The Lord With Joyful Noise,,,,,,Praise The Lord With Joyful Noise,,,,,,,
speak_repeat,Space Alien Praise Song 38,Say out loud clearly: GOD LOVES OUR PRAISE SONGS!,speak_ap3.webp,audio_ap12.mp3,1,God Loves Our Praise Songs,,,,,,God Loves Our Praise Songs,,,,,,,
matching,Space Alien Praise Song 38,Match music praise symbols!,,,1,,,,,,,,Note 🎵,1,Bell 🔔,2,Heart ❤️,3
matching,Space Alien Praise Song 38,Match joyful praise items!,,,1,,,,,,,,Music 🎶,1,Smile 😊,2,Cross ✝️,3
multiple_choice,Circus Clown Sharing Joy 39,What should we do with our toys?,clown_q1.webp,audio_cj1.mp3,1,SHARE,HIDE,BREAK,,,1,,,,,,,
multiple_choice,Circus Clown Sharing Joy 39,Sharing with others shows God's...?,clown_q2.webp,audio_cj2.mp3,1,LOVE,ANGER,PRIDE,,,1,,,,,,,
multiple_choice,Circus Clown Sharing Joy 39,When we share with friends we bring...?,clown_q3.webp,audio_cj3.mp3,1,JOY,TEARS,FIGHTS,,,1,,,,,,,
multiple_choice,Circus Clown Sharing Joy 39,Who wants us to be kind and share?,clown_q4.webp,audio_cj4.mp3,1,GOD,NONE,NOBODY,,,1,,,,,,,
multiple_choice,Circus Clown Sharing Joy 39,A cheerful giver makes God...?,clown_q5.webp,audio_cj5.mp3,1,GLAD,SAD,UPSET,,,1,,,,,,,
multiple_choice,Circus Clown Sharing Joy 39,Sharing toys is an act of Christian...?,clown_q6.webp,audio_cj6.mp3,1,KINDNESS,GREED,HATE,,,1,,,,,,,
count_objects,Circus Clown Sharing Joy 39,Count 4 shared gift boxes full of joy!,clown_count1.webp,audio_cj7.mp3,1,4,2,3,,🎁,4,,,,,,,
count_objects,Circus Clown Sharing Joy 39,Count 3 balloons shared with friends!,clown_count2.webp,audio_cj8.mp3,1,3,1,4,,🎈,3,,,,,,,
count_objects,Circus Clown Sharing Joy 39,Count 5 happy smiling kids sharing toys!,clown_count3.webp,audio_cj9.mp3,1,5,4,2,,👧,5,,,,,,,
speak_repeat,Circus Clown Sharing Joy 39,Say out loud clearly: SHARING TOYS BRINGS GOD'S JOY!,speak_cj1.webp,audio_cj10.mp3,1,Sharing Toys Brings God's Joy,,,,,,Sharing Toys Brings God's Joy,,,,,,,
speak_repeat,Circus Clown Sharing Joy 39,Say out loud clearly: GOD LOVES A CHEERFUL GIVER!,speak_cj2.webp,audio_cj11.mp3,1,God Loves A Cheerful Giver,,,,,,God Loves A Cheerful Giver,,,,,,,
matching,Circus Clown Sharing Joy 39,Match kindness and sharing items!,,,1,,,,,,,,Gift 🎁,1,Balloon 🎈,2,Heart ❤️,3
matching,Circus Clown Sharing Joy 39,Match Christian joy symbols!,,,1,,,,,,,,Smile 😊,1,Toys 🧸,2,Cross ✝️,3
multiple_choice,Circus Good Samaritan Help 40,What did the Good Samaritan do?,sam_q1.webp,audio_gs1.mp3,1,HELP,RUN,IGNORE,,,1,,,,,,,
multiple_choice,Circus Good Samaritan Help 40,Jesus wants us to love our...?,sam_q2.webp,audio_gs2.mp3,1,NEIGHBOR,TOYS,PETS,,,1,,,,,,,
multiple_choice,Circus Good Samaritan Help 40,Helping someone in need shows God's...?,sam_q3.webp,audio_gs3.mp3,1,LOVE,FEAR,ANGER,,,1,,,,,,,
multiple_choice,Circus Good Samaritan Help 40,Who is pleased when we help others?,sam_q4.webp,audio_gs4.mp3,1,GOD,NOBODY,BAD,,,1,,,,,,,
multiple_choice,Circus Good Samaritan Help 40,When someone falls down we should...?,sam_q5.webp,audio_gs5.mp3,1,HELP,LAUGH,WALK,,,1,,,,,,,
multiple_choice,Circus Good Samaritan Help 40,The Good Samaritan was very...?,sam_q6.webp,audio_gs6.mp3,1,KIND,MEAN,RUDE,,,1,,,,,,,
count_objects,Circus Good Samaritan Help 40,Count 3 helping hands showing God's love!,sam_count1.webp,audio_gs7.mp3,1,3,2,4,,🤝,3,,,,,,,
count_objects,Circus Good Samaritan Help 40,Count 4 bandages used to help the hurt!,sam_count2.webp,audio_gs8.mp3,1,4,3,5,,🩹,4,,,,,,,
count_objects,Circus Good Samaritan Help 40,Count 2 loving hearts helping neighbors!,sam_count3.webp,audio_gs9.mp3,1,2,1,3,,❤️,2,,,,,,,
speak_repeat,Circus Good Samaritan Help 40,Say out loud clearly: LOVE YOUR NEIGHBOR AS YOURSELF!,speak_gs1.webp,audio_gs10.mp3,1,Love Your Neighbor As Yourself,,,,,,Love Your Neighbor As Yourself,,,,,,,
speak_repeat,Circus Good Samaritan Help 40,Say out loud clearly: I WILL HELP OTHERS WITH LOVE!,speak_gs2.webp,audio_gs11.mp3,1,I Will Help Others With Love,,,,,,I Will Help Others With Love,,,,,,,
matching,Circus Good Samaritan Help 40,Match helping and caring symbols!,,,1,,,,,,,,Hand 🤝,1,Heart ❤️,2,Bandage 🩹,3
matching,Circus Good Samaritan Help 40,Match Good Samaritan love items!,,,1,,,,,,,,Cross ✝️,1,Smile 😊,2,Heart 💕,3
multiple_choice,Superhero Gods Armor Shield 41,What is our shield in God's armor?,armor_q1.webp,audio_ar1.mp3,1,FAITH,FEAR,DOUBT,,,1,,,,,,,
multiple_choice,Superhero Gods Armor Shield 41,Who gives us spiritual armor to stand?,armor_q2.webp,audio_ar2.mp3,1,GOD,KINGS,HEROES,,,1,,,,,,,
multiple_choice,Superhero Gods Armor Shield 41,The helmet of salvation protects our...?,armor_q3.webp,audio_ar3.mp3,1,HEAD,FEET,HANDS,,,1,,,,,,,
multiple_choice,Superhero Gods Armor Shield 41,God's armor keeps us safe from...?,armor_q4.webp,audio_ar4.mp3,1,EVIL,JOY,LOVE,,,1,,,,,,,
multiple_choice,Superhero Gods Armor Shield 41,The belt of truth is made of God's...?,armor_q5.webp,audio_ar5.mp3,1,TRUTH,LIES,LUCK,,,1,,,,,,,
multiple_choice,Superhero Gods Armor Shield 41,With God's shield of faith we are...?,armor_q6.webp,audio_ar6.mp3,1,SAFE,LOST,WEAK,,,1,,,,,,,
count_objects,Superhero Gods Armor Shield 41,Count 3 shields of faith given by God!,armor_count1.webp,audio_ar7.mp3,1,3,2,4,,🛡️,3,,,,,,,
count_objects,Superhero Gods Armor Shield 41,Count 4 helmets of salvation!,armor_count2.webp,audio_ar8.mp3,1,4,3,5,,🪖,4,,,,,,,
count_objects,Superhero Gods Armor Shield 41,Count 2 swords of the Spirit (God's word)!,armor_count3.webp,audio_ar9.mp3,1,2,1,3,,⚔️,2,,,,,,,
speak_repeat,Superhero Gods Armor Shield 41,Say out loud clearly: PUT ON THE FULL ARMOR OF GOD!,speak_ar1.webp,audio_ar10.mp3,1,Put On The Full Armor Of God,,,,,,Put On The Full Armor Of God,,,,,,,
speak_repeat,Superhero Gods Armor Shield 41,Say out loud clearly: FAITH IS MY STRONG SHIELD!,speak_ar2.webp,audio_ar11.mp3,1,Faith Is My Strong Shield,,,,,,Faith Is My Strong Shield,,,,,,,
matching,Superhero Gods Armor Shield 41,Match God's holy armor parts!,,,1,,,,,,,,Shield 🛡️,1,Helmet 🪖,2,Sword ⚔️,3
matching,Superhero Gods Armor Shield 41,Match spiritual armor symbols!,,,1,,,,,,,,Shield 🛡️,1,Cross ✝️,2,Heart ❤️,3
question_type,lesson_title,prompt,prompt_image,prompt_audio,correct_answer,option_1,option_2,option_3,option_4,count_emoji_or_image,target_count,target_word,pair_1_left,pair_1_right,pair_2_left,pair_2_right,pair_3_left,pair_3_right
multiple_choice,PP1-CRE-X.42_Superhero_Daniel_Lion_Den_42,Who prayed to God three times every day?,dan_q1.webp,audio_d1.mp3,1,DANIEL,KINGS,GUARDS,,,1,,,,,,,
multiple_choice,PP1-CRE-X.42_Superhero_Daniel_Lion_Den_42,Where was brave Daniel thrown for praying?,dan_q2.webp,audio_d2.mp3,1,LION DEN,PIT,SEA,,,1,,,,,,,
multiple_choice,PP1-CRE-X.42_Superhero_Daniel_Lion_Den_42,Who sent an angel to shut the lions' mouths?,dan_q3.webp,audio_d3.mp3,1,GOD,KING,SOLDIER,,,1,,,,,,,
multiple_choice,PP1-MATH-X.42_Superhero_Daniel_Lion_Den_42,Why was Daniel kept safe from the lions?,dan_q4.webp,audio_d4.mp3,1,PRAYER,RUNNING,HIDING,,,1,,,,,,,
multiple_choice,PP1-CRE-X.42_Superhero_Daniel_Lion_Den_42,Daniel trusted in God and was not...?,dan_q5.webp,audio_d5.mp3,1,AFRAID,HAPPY,KIND,,,1,,,,,,,
multiple_choice,PP1-CRE-X.42_Superhero_Daniel_Lion_Den_42,God protects everyone who faithfully...?,dan_q6.webp,audio_d6.mp3,1,PRAYS,SLEEPS,FIGHTS,,,1,,,,,,,
count_objects,PP1-CRE-X.42_Superhero_Daniel_Lion_Den_42,Count 4 wild lions that God kept quiet!,dan_count1.webp,audio_d7.mp3,1,4,2,3,,🦁,4,,,,,,,
count_objects,PP1-CRE-X.42_Superhero_Daniel_Lion_Den_42,Count 2 praying hands of brave Daniel!,dan_count2.webp,audio_d8.mp3,1,2,1,3,,🙏,2,,,,,,,
count_objects,PP1-CRE-X.42_Superhero_Daniel_Lion_Den_42,Count 1 shining angel protecting Daniel!,dan_count3.webp,audio_d9.mp3,1,1,2,3,,👼,1,,,,,,,
speak_repeat,PP1-CRE-X.42_Superhero_Daniel_Lion_Den_42,Say out loud clearly: GOD PROTECTED DANIEL FROM LIONS!,speak_d1.webp,audio_d10.mp3,1,God Protected Daniel From Lions,,,,,,God Protected Daniel From Lions,,,,,,,
speak_repeat,PP1-CRE-X.42_Superhero_Daniel_Lion_Den_42,Say out loud clearly: PRAY TO GOD EVERY DAY!,speak_d2.webp,audio_d11.mp3,1,Pray To God Every Day,,,,,,Pray To God Every Day,,,,,,,
matching,PP1-CRE-X.42_Superhero_Daniel_Lion_Den_42,Match Daniel's story items!,,,1,,,,,,,,Lion 🦁,1,Pray 🙏,2,Angel 👼,3
matching,PP1-CRE-X.42_Superhero_Daniel_Lion_Den_42,Match prayer and protection symbols!,,,1,,,,,,,,Pray 🙏,1,Shield 🛡️,2,Cross ✝️,3
multiple_choice,PP1-CRE-X.43_Underwater_Reef_Gods_Fish_43,Who created all the colorful fish in the ocean?,reef_q1.webp,audio_r1.mp3,1,GOD,BOATS,DIVERS,,,1,,,,,,,
multiple_choice,PP1-CRE-X.43_Underwater_Reef_Gods_Fish_43,The sea and creatures show God's wonderful...?,reef_q2.webp,audio_r2.mp3,1,CREATION,LUCK,WIND,,,1,,,,,,,
multiple_choice,PP1-CRE-X.43_Underwater_Reef_Gods_Fish_43,Who keeps all ocean creatures alive?,reef_q3.webp,audio_r3.mp3,1,GOD,SHIPS,NETS,,,1,,,,,,,
multiple_choice,PP1-CRE-X.43_Underwater_Reef_Gods_Fish_43,Big whales and tiny fish belong to...?,reef_q4.webp,audio_r4.mp3,1,GOD,SEAS,ROCKS,,,1,,,,,,,
multiple_choice,PP1-CRE-X.43_Underwater_Reef_Gods_Fish_43,We praise God for making blue...?,reef_q5.webp,audio_r5.mp3,1,OCEANS,ROADS,TOWNS,,,1,,,,,,,
multiple_choice,PP1-CRE-X.43_Underwater_Reef_Gods_Fish_43,God made underwater coral reefs so...?,reef_q6.webp,audio_r6.mp3,1,PRETTY,DARK,DRY,,,1,,,,,,,
count_objects,PP1-CRE-X.43_Underwater_Reef_Gods_Fish_43,Count 5 colorful fish swimming for God!,reef_count1.webp,audio_r7.mp3,1,5,3,4,,🐟,5,,,,,,,
count_objects,PP1-CRE-X.43_Underwater_Reef_Gods_Fish_43,Count 3 friendly octopuses created by God!,reef_count2.webp,audio_r8.mp3,1,3,2,4,,🐙,3,,,,,,,
count_objects,PP1-CRE-X.43_Underwater_Reef_Gods_Fish_43,Count 4 sea turtles praising God underwater!,reef_count3.webp,audio_r9.mp3,1,4,2,5,,🐢,4,,,,,,,
speak_repeat,PP1-CRE-X.43_Underwater_Reef_Gods_Fish_43,Say out loud clearly: GOD MADE THE OCEAN CREATURES!,speak_r1.webp,audio_r10.mp3,1,God Made The Ocean Creatures,,,,,,God Made The Ocean Creatures,,,,,,,
speak_repeat,PP1-CRE-X.43_Underwater_Reef_Gods_Fish_43,Say out loud clearly: PRAISE GOD FOR SEA LIFE!,speak_r2.webp,audio_r11.mp3,1,Praise God For Sea Life,,,,,,Praise God For Sea Life,,,,,,,
matching,PP1-CRE-X.43_Underwater_Reef_Gods_Fish_43,Match God's underwater creations!,,,1,,,,,,,,Fish 🐟,1,Turtle 🐢,2,Whale 🐳,3
matching,PP1-CRE-X.43_Underwater_Reef_Gods_Fish_43,Match ocean world elements!,,,1,,,,,,,,Octopus 🐙,1,Water 🌊,2,Coral 🪸,3
multiple_choice,PP1-CRE-X.44_Underwater_Jonah_and_Whale_44,Who told Jonah to go and preach?,jon_q1.webp,audio_j1.mp3,1,GOD,KINGS,SAILORS,,,1,,,,,,,
multiple_choice,PP1-CRE-X.44_Underwater_Jonah_and_Whale_44,What big creature swallowed Jonah in the sea?,jon_q2.webp,audio_j2.mp3,1,WHALE,SHARK,CRAB,,,1,,,,,,,
multiple_choice,PP1-CRE-X.44_Underwater_Jonah_and_Whale_44,What did Jonah do inside the big whale?,jon_q3.webp,audio_j3.mp3,1,PRAY,SLEEP,SING,,,1,,,,,,,
multiple_choice,PP1-CRE-X.44_Underwater_Jonah_and_Whale_44,How many days was Jonah in the whale?,jon_q4.webp,audio_j4.mp3,1,3,1,5,,,1,,,,,,,
multiple_choice,PP1-CRE-X.44_Underwater_Jonah_and_Whale_44,What must we do when God speaks to us?,jon_q5.webp,audio_j5.mp3,1,OBEY,RUN,HIDE,,,1,,,,,,,
multiple_choice,PP1-CRE-X.44_Underwater_Jonah_and_Whale_44,Who saved Jonah out of the ocean?,jon_q6.webp,audio_j6.mp3,1,GOD,FISH,NETS,,,1,,,,,,,
count_objects,PP1-CRE-X.44_Underwater_Jonah_and_Whale_44,Count 1 giant whale sent by God!,jon_count1.webp,audio_j7.mp3,1,1,2,3,,🐳,1,,,,,,,
count_objects,PP1-CRE-X.44_Underwater_Jonah_and_Whale_44,Count 3 days Jonah prayed underwater!,jon_count2.webp,audio_j8.mp3,1,3,2,4,,🙏,3,,,,,,,
count_objects,PP1-CRE-X.44_Underwater_Jonah_and_Whale_44,Count 4 boats in the big sea storm!,jon_count3.webp,audio_j9.mp3,1,4,3,5,,⛵,4,,,,,,,
speak_repeat,PP1-CRE-X.44_Underwater_Jonah_and_Whale_44,Say out loud clearly: I WILL LISTEN AND OBEY GOD!,speak_j1.webp,audio_j10.mp3,1,I Will Listen And Obey God,,,,,,I Will Listen And Obey God,,,,,,,
speak_repeat,PP1-CRE-X.44_Underwater_Jonah_and_Whale_44,Say out loud clearly: GOD SAVED JONAH FROM THE WHALE!,speak_j2.webp,audio_j11.mp3,1,God Saved Jonah From The Whale,,,,,,God Saved Jonah From The Whale,,,,,,,
matching,PP1-CRE-X.44_Underwater_Jonah_and_Whale_44,Match Jonah's ocean story items!,,,1,,,,,,,,Whale 🐳,1,Pray 🙏,2,Boat ⛵,3
matching,PP1-CRE-X.44_Underwater_Jonah_and_Whale_44,Match obedience and prayer symbols!,,,1,,,,,,,,Pray 🙏,1,Heart ❤️,2,Cross ✝️,3
multiple_choice,PP1-CRE-X.45_Safari_Animal_Creation_Praise_45,Who made all the wild safari animals?,saf_q1.webp,audio_s1.mp3,1,GOD,HUNTERS,TREES,,,1,,,,,,,
multiple_choice,PP1-CRE-X.45_Safari_Animal_Creation_Praise_45,What creature has a long trunk made by God?,saf_q2.webp,audio_s2.mp3,1,ELEPHANT,LION,ZEBRA,,,1,,,,,,,
multiple_choice,PP1-CRE-X.45_Safari_Animal_Creation_Praise_45,Who created the roaring lion in the wild?,saf_q3.webp,audio_s3.mp3,1,GOD,ROCKS,CLOUDS,,,1,,,,,,,
multiple_choice,PP1-CRE-X.45_Safari_Animal_Creation_Praise_45,Why did God make all the beautiful animals?,saf_q4.webp,audio_s4.mp3,1,GLORY,FEAR,NOISE,,,1,,,,,,,
multiple_choice,PP1-CRE-X.45_Safari_Animal_Creation_Praise_45,We praise God when we see His wild...?,saf_q5.webp,audio_s5.mp3,1,ANIMALS,CARS,TOYS,,,1,,,,,,,
multiple_choice,PP1-CRE-X.45_Safari_Animal_Creation_Praise_45,God cares for every animal on the...?,saf_q6.webp,audio_s6.mp3,1,SAFARI,ROAD,STREET,,,1,,,,,,,
count_objects,PP1-CRE-X.45_Safari_Animal_Creation_Praise_45,Count 3 mighty lions praising God!,saf_count1.webp,audio_s7.mp3,1,3,2,4,,🦁,3,,,,,,,
count_objects,PP1-CRE-X.45_Safari_Animal_Creation_Praise_45,Count 5 striped zebras in God's safari!,saf_count2.webp,audio_s8.mp3,1,5,3,4,,🦓,5,,,,,,,
count_objects,PP1-CRE-X.45_Safari_Animal_Creation_Praise_45,Count 2 tall giraffes reaching to heaven!,saf_count3.webp,audio_s9.mp3,1,2,1,3,,🦒,2,,,,,,,
speak_repeat,PP1-CRE-X.45_Safari_Animal_Creation_Praise_45,Say out loud clearly: PRAISE GOD FOR SAFARI ANIMALS!,speak_s1.webp,audio_s10.mp3,1,Praise God For Safari Animals,,,,,,Praise God For Safari Animals,,,,,,,
speak_repeat,PP1-CRE-X.45_Safari_Animal_Creation_Praise_45,Say out loud clearly: GOD CREATED EVERY LIVING THING!,speak_s2.webp,audio_s11.mp3,1,God Created Every Living Thing,,,,,,God Created Every Living Thing,,,,,,,
matching,PP1-CRE-X.45_Safari_Animal_Creation_Praise_45,Match God's wild safari creations!,,,1,,,,,,,,Lion 🦁,1,Elephant 🐘,2,Giraffe 🦒,3
matching,PP1-CRE-X.45_Safari_Animal_Creation_Praise_45,Match safari praise items!,,,1,,,,,,,,Zebra 🦓,1,Tree 🌴,2,Sun ☀️,3
multiple_choice,PP1-CRE-X.46_Dinosaur_Gods_Creation_Safari_46,Who created the giant dinosaurs in nature?,din_q1.webp,audio_d1.mp3,1,GOD,STORM,WIND,,,1,,,,,,,
multiple_choice,PP1-CRE-X.46_Dinosaur_Gods_Creation_Safari_46,God made big dinosaurs to show His great...?,din_q2.webp,audio_d2.mp3,1,POWER,FEAR,ANGER,,,1,,,,,,,
multiple_choice,PP1-CRE-X.46_Dinosaur_Gods_Creation_Safari_46,Who made the trees and grass for dinosaurs?,din_q3.webp,audio_d3.mp3,1,GOD,RAIN,ROCKS,,,1,,,,,,,
multiple_choice,PP1-CRE-X.46_Dinosaur_Gods_Creation_Safari_46,When we look at nature we praise...?,din_q4.webp,audio_d4.mp3,1,GOD,TOYS,SHOES,,,1,,,,,,,
multiple_choice,PP1-CRE-X.46_Dinosaur_Gods_Creation_Safari_46,God made all big and small things in...?,din_q5.webp,audio_d5.mp3,1,NATURE,HOUSE,CARS,,,1,,,,,,,
multiple_choice,PP1-CRE-X.46_Dinosaur_Gods_Creation_Safari_46,Everything created by God is very...?,din_q6.webp,audio_d6.mp3,1,GOOD,BAD,DARK,,,1,,,,,,,
count_objects,PP1-CRE-X.46_Dinosaur_Gods_Creation_Safari_46,Count 4 giant green dinosaurs!,din_count1.webp,audio_d7.mp3,1,4,2,5,,🦕,4,,,,,,,
count_objects,PP1-CRE-X.46_Dinosaur_Gods_Creation_Safari_46,Count 3 creation palm trees in nature!,din_count2.webp,audio_d8.mp3,1,3,1,4,,🌴,3,,,,,,,
count_objects,PP1-CRE-X.46_Dinosaur_Gods_Creation_Safari_46,Count 2 flying pterodactyls in God's sky!,din_count3.webp,audio_d9.mp3,1,2,1,3,,🦅,2,,,,,,,
speak_repeat,PP1-CRE-X.46_Dinosaur_Gods_Creation_Safari_46,Say out loud clearly: GOD MADE THE BIG DINOSAURS!,speak_d1.webp,audio_d10.mp3,1,God Made The Big Dinosaurs,,,,,,God Made The Big Dinosaurs,,,,,,,
speak_repeat,PP1-CRE-X.46_Dinosaur_Gods_Creation_Safari_46,Say out loud clearly: GOD'S CREATION IS WONDERFUL!,speak_d2.webp,audio_d11.mp3,1,God's Creation Is Wonderful,,,,,,God's Creation Is Wonderful,,,,,,,
matching,PP1-CRE-X.46_Dinosaur_Gods_Creation_Safari_46,Match creation in nature!,,,1,,,,,,,,Dino 🦕,1,Tree 🌴,2,Sun ☀️,3
matching,PP1-CRE-X.46_Dinosaur_Gods_Creation_Safari_46,Match God's giant creations!,,,1,,,,,,,,T-Rex 🦖,1,Leaf 🍃,2,Star ⭐,3
multiple_choice,PP1-CRE-X.47_Dinosaur_Ark_Animal_Pairs_47,How many of each animal went into the ark?,ark_q1.webp,audio_a1.mp3,1,PAIRS,ALONE,FAST,,,1,,,,,,,
multiple_choice,PP1-CRE-X.47_Dinosaur_Ark_Animal_Pairs_47,Who told Noah to collect animal pairs?,ark_q2.webp,audio_a2.mp3,1,GOD,KINGS,GUARDS,,,1,,,,,,,
multiple_choice,PP1-CRE-X.47_Dinosaur_Ark_Animal_Pairs_47,Why did God bring pairs of animals to the ark?,ark_q3.webp,audio_a3.mp3,1,SAFETY,RACING,PLAY,,,1,,,,,,,
multiple_choice,PP1-CRE-X.47_Dinosaur_Ark_Animal_Pairs_47,Who closed the door of the ark safely?,ark_q4.webp,audio_a4.mp3,1,GOD,NOAH,WIND,,,1,,,,,,,
multiple_choice,PP1-CRE-X.47_Dinosaur_Ark_Animal_Pairs_47,God saved two by two to protect His...?,ark_q5.webp,audio_a5.mp3,1,CREATION,STORM,RAIN,,,1,,,,,,,
multiple_choice,PP1-CRE-X.47_Dinosaur_Ark_Animal_Pairs_47,We praise God for keeping creation...?,ark_q6.webp,audio_a6.mp3,1,SAFE,LOST,COLD,,,1,,,,,,,
count_objects,PP1-CRE-X.47_Dinosaur_Ark_Animal_Pairs_47,Count 2 paired birds flying to Noah's ark!,ark_count1.webp,audio_a7.mp3,1,2,1,3,,🕊️,2,,,,,,,
count_objects,PP1-CRE-X.47_Dinosaur_Ark_Animal_Pairs_47,Count 4 animal pairs walking together!,ark_count2.webp,audio_a8.mp3,1,4,2,5,,🐘,4,,,,,,,
count_objects,PP1-CRE-X.47_Dinosaur_Ark_Animal_Pairs_47,Count 2 lions walking into the ark!,ark_count3.webp,audio_a9.mp3,1,2,3,1,,🦁,2,,,,,,,
speak_repeat,PP1-CRE-X.47_Dinosaur_Ark_Animal_Pairs_47,Say out loud clearly: GOD SAVED ANIMALS TWO BY TWO!,speak_a1.webp,audio_a10.mp3,1,God Saved Animals Two By Two,,,,,,God Saved Animals Two By Two,,,,,,,
speak_repeat,PP1-CRE-X.47_Dinosaur_Ark_Animal_Pairs_47,Say out loud clearly: THANK YOU GOD FOR THE ARK!,speak_a2.webp,audio_a11.mp3,1,Thank You God For The Ark,,,,,,Thank You God For The Ark,,,,,,,
matching,PP1-CRE-X.47_Dinosaur_Ark_Animal_Pairs_47,Match animal pairs in the ark!,,,1,,,,,,,,Ark ⛵,1,Dove 🕊️,2,Rainbow 🌈,3
matching,PP1-CRE-X.47_Dinosaur_Ark_Animal_Pairs_47,Match Noah's safe journey items!,,,1,,,,,,,,Lion 🦁,1,Ark ⛵,2,Cross ✝️,3
multiple_choice,PP1-CRE-X.48_Pirate_Bible_Map_Treasure_48,What book acts as our treasure map to God?,map_q1.webp,audio_m1.mp3,1,BIBLE,PAPER,CHART,,,1,,,,,,,
multiple_choice,PP1-CRE-X.48_Pirate_Bible_Map_Treasure_48,God's word shows us the way to...?,map_q2.webp,audio_m2.mp3,1,HEAVEN,GOLD,ISLANDS,,,1,,,,,,,
multiple_choice,PP1-CRE-X.48_Pirate_Bible_Map_Treasure_48,Which treasure lasts forever in our hearts?,map_q3.webp,audio_m3.mp3,1,TRUTH,COINS,SHIPS,,,1,,,,,,,
multiple_choice,PP1-CRE-X.48_Pirate_Bible_Map_Treasure_48,Who gives us the Holy Bible map?,map_q4.webp,audio_m4.mp3,1,GOD,PIRATES,CAPTAINS,,,1,,,,,,,
multiple_choice,PP1-CRE-X.48_Pirate_Bible_Map_Treasure_48,Thy word is a lamp unto my...?,map_q5.webp,audio_m5.mp3,1,FEET,HANDS,HEAD,,,1,,,,,,,
multiple_choice,PP1-CRE-X.48_Pirate_Bible_Map_Treasure_48,Reading the Bible makes us wise and...?,map_q6.webp,audio_m6.mp3,1,HAPPY,LOST,SAD,,,1,,,,,,,
count_objects,PP1-CRE-X.48_Pirate_Bible_Map_Treasure_48,Count 3 Holy Bible maps leading to truth!,map_count1.webp,audio_m7.mp3,1,3,2,4,,🗺️,3,,,,,,,
count_objects,PP1-CRE-X.48_Pirate_Bible_Map_Treasure_48,Count 5 holy treasure Bibles!,map_count2.webp,audio_m8.mp3,1,5,3,4,,📖,5,,,,,,,
count_objects,PP1-CRE-X.48_Pirate_Bible_Map_Treasure_48,Count 2 shining cross lights!,map_count3.webp,audio_m9.mp3,1,2,1,3,,✝️,2,,,,,,,
speak_repeat,PP1-CRE-X.48_Pirate_Bible_Map_Treasure_48,Say out loud clearly: THE BIBLE IS MY GUIDING MAP!,speak_m1.webp,audio_m10.mp3,1,The Bible Is My Guiding Map,,,,,,The Bible Is My Guiding Map,,,,,,,
speak_repeat,PP1-CRE-X.48_Pirate_Bible_Map_Treasure_48,Say out loud clearly: GOD'S WORD IS GREATER THAN GOLD!,speak_m2.webp,audio_m11.mp3,1,God's Word Is Greater Than Gold,,,,,,God's Word Is Greater Than Gold,,,,,,,
matching,PP1-CRE-X.48_Pirate_Bible_Map_Treasure_48,Match Bible map treasures!,,,1,,,,,,,,Map 🗺️,1,Bible 📖,2,Cross ✝️,3
matching,PP1-CRE-X.48_Pirate_Bible_Map_Treasure_48,Match spiritual treasure symbols!,,,1,,,,,,,,Bible 📖,1,Light 💡,2,Heart ❤️,3
multiple_choice,PP1-CRE-X.49_Pirate_Courage_David_Goliath_49,Who was the brave shepherd boy who trusted God?,dav_q1.webp,audio_d1.mp3,1,DAVID,GOLIATH,SAUL,,,1,,,,,,,
multiple_choice,PP1-CRE-X.49_Pirate_Courage_David_Goliath_49,David defeated Goliath not by sword but by God's...?,dav_q2.webp,audio_d2.mp3,1,NAME,ARMOR,SIZE,,,1,,,,,,,
multiple_choice,PP1-CRE-X.49_Pirate_Courage_David_Goliath_49,Who gives us courage when we face big troubles?,dav_q3.webp,audio_d3.mp3,1,GOD,WEAPONS,SHIPS,,,1,,,,,,,
multiple_choice,PP1-CRE-X.49_Pirate_Courage_David_Goliath_49,What did David use to throw the smooth stone?,dav_q4.webp,audio_d4.mp3,1,SLING,SPEAR,BOW,,,1,,,,,,,
multiple_choice,PP1-CRE-X.49_Pirate_Courage_David_Goliath_49,David said: The Lord is my...?,dav_q5.webp,audio_d5.mp3,1,STRENGTH,FEAR,DOUBT,,,1,,,,,,,
multiple_choice,PP1-CRE-X.49_Pirate_Courage_David_Goliath_49,Trusting God makes us brave like...?,dav_q6.webp,audio_d6.mp3,1,DAVID,GIANTS,GUARDS,,,1,,,,,,,
count_objects,PP1-CRE-X.49_Pirate_Courage_David_Goliath_49,Count 5 smooth stones David gathered!,dav_count1.webp,audio_d7.mp3,1,5,3,4,,🪨,5,,,,,,,
count_objects,PP1-CRE-X.49_Pirate_Courage_David_Goliath_49,Count 1 brave shepherd crown for David!,dav_count2.webp,audio_d8.mp3,1,1,2,3,,👑,1,,,,,,,
count_objects,PP1-CRE-X.49_Pirate_Courage_David_Goliath_49,Count 3 brave hearts trusting in the Lord!,dav_count3.webp,audio_d9.mp3,1,3,2,4,,❤️,3,,,,,,,
speak_repeat,PP1-CRE-X.49_Pirate_Courage_David_Goliath_49,Say out loud clearly: THE LORD IS MY STRENGTH AND SHIELD!,speak_d1.webp,audio_d10.mp3,1,The Lord Is My Strength And Shield,,,,,,The Lord Is My Strength And Shield,,,,,,,
speak_repeat,PP1-CRE-X.49_Pirate_Courage_David_Goliath_49,Say out loud clearly: GOD MAKES ME BRAVE AND STRONG!,speak_d2.webp,audio_d11.mp3,1,God Makes Me Brave And Strong,,,,,,God Makes Me Brave And Strong,,,,,,,
matching,PP1-CRE-X.49_Pirate_Courage_David_Goliath_49,Match David's brave symbols!,,,1,,,,,,,,Stone 🪨,1,Crown 👑,2,Heart ❤️,3
matching,PP1-CRE-X.49_Pirate_Courage_David_Goliath_49,Match faith and strength items!,,,1,,,,,,,,Sling 🎯,1,Shield 🛡️,2,Cross ✝️,3
multiple_choice,PP1-CRE-X.50_Space_Starry_Heavenly_Lights_50,Who created the sun to shine in the day?,sky_q1.webp,audio_s1.mp3,1,GOD,ROCKETS,STARS,,,1,,,,,,,
multiple_choice,PP1-CRE-X.50_Space_Starry_Heavenly_Lights_50,God put the moon and stars to light up the...?,sky_q2.webp,audio_s2.mp3,1,NIGHT,WATER,GROUND,,,1,,,,,,,
multiple_choice,PP1-CRE-X.50_Space_Starry_Heavenly_Lights_50,The heavenly lights declare the glory of...?,sky_q3.webp,audio_s3.mp3,1,GOD,PLANETS,CLOUDS,,,1,,,,,,,
multiple_choice,PP1-CRE-X.50_Space_Starry_Heavenly_Lights_50,Who keeps all stars glowing in space?,sky_q4.webp,audio_s4.mp3,1,GOD,PILOTS,WINDS,,,1,,,,,,,
multiple_choice,PP1-CRE-X.50_Space_Starry_Heavenly_Lights_50,God calls every single star by its own...?,sky_q5.webp,audio_s5.mp3,1,NAME,NUMBER,COLOR,,,1,,,,,,,
multiple_choice,PP1-CRE-X.50_Space_Starry_Heavenly_Lights_50,We praise God for making heavenly...?,sky_q6.webp,audio_s6.mp3,1,LIGHTS,ROCKS,DUST,,,1,,,,,,,
count_objects,PP1-CRE-X.50_Space_Starry_Heavenly_Lights_50,Count 4 bright stars shining for God!,sky_count1.webp,audio_s7.mp3,1,4,2,5,,⭐,4,,,,,,,
count_objects,PP1-CRE-X.50_Space_Starry_Heavenly_Lights_50,Count 1 warm sun made by God!,sky_count2.webp,audio_s8.mp3,1,1,2,3,,☀️,1,,,,,,,
count_objects,PP1-CRE-X.50_Space_Starry_Heavenly_Lights_50,Count 3 glowing moons in the night sky!,sky_count3.webp,audio_s9.mp3,1,3,1,4,,🌙,3,,,,,,,
speak_repeat,PP1-CRE-X.50_Space_Starry_Heavenly_Lights_50,Say out loud clearly: GOD CREATED THE HEAVENLY LIGHTS!,speak_s1.webp,audio_s10.mp3,1,God Created The Heavenly Lights,,,,,,God Created The Heavenly Lights,,,,,,,
speak_repeat,PP1-CRE-X.50_Space_Starry_Heavenly_Lights_50,Say out loud clearly: THE HEAVENS DECLARE GOD'S GLORY!,speak_s2.webp,audio_s11.mp3,1,The Heavens Declare God's Glory,,,,,,The Heavens Declare God's Glory,,,,,,,
matching,PP1-CRE-X.50_Space_Starry_Heavenly_Lights_50,Match God's heavenly lights!,,,1,,,,,,,,Sun ☀️,1,Moon 🌙,2,Star ⭐,3
matching,PP1-CRE-X.50_Space_Starry_Heavenly_Lights_50,Match space creation elements!,,,1,,,,,,,,Star 🌟,1,Planet 🪐,2,Sky ☁️,3
multiple_choice,PP1-CRE-X.51_Space_Alien_Praise_and_Worship_51,Why do we sing praise and worship to God?,wor_q1.webp,audio_w1.mp3,1,LOVE,ANGER,FEAR,,,1,,,,,,,
multiple_choice,PP1-CRE-X.51_Space_Alien_Praise_and_Worship_51,God inhabits the praises of His...?,wor_q2.webp,audio_w2.mp3,1,PEOPLE,TREES,STARS,,,1,,,,,,,
multiple_choice,PP1-CRE-X.51_Space_Alien_Praise_and_Worship_51,We raise our hands to worship...?,wor_q3.webp,audio_w3.mp3,1,GOD,CLOUDS,WALLS,,,1,,,,,,,
multiple_choice,PP1-CRE-X.51_Space_Alien_Praise_and_Worship_51,Worshiping God brings peace to our...?,wor_q4.webp,audio_w4.mp3,1,HEART,HANDS,FEET,,,1,,,,,,,
multiple_choice,PP1-CRE-X.51_Space_Alien_Praise_and_Worship_51,Who is worthy of all our worship?,wor_q5.webp,audio_w5.mp3,1,GOD,KINGS,HEROES,,,1,,,,,,,
multiple_choice,PP1-CRE-X.51_Space_Alien_Praise_and_Worship_51,Let everything that has breath praise the...?,wor_q6.webp,audio_w6.mp3,1,LORD,WIND,RAIN,,,1,,,,,,,
count_objects,PP1-CRE-X.51_Space_Alien_Praise_and_Worship_51,Count 3 harps of praise for God!,wor_count1.webp,audio_w7.mp3,1,3,2,4,,🪕,3,,,,,,,
count_objects,PP1-CRE-X.51_Space_Alien_Praise_and_Worship_51,Count 5 musical notes praising the Lord!,wor_count2.webp,audio_w8.mp3,1,5,3,4,,🎵,5,,,,,,,
count_objects,PP1-CRE-X.51_Space_Alien_Praise_and_Worship_51,Count 2 joyful worshipping hearts!,wor_count3.webp,audio_w9.mp3,1,2,1,3,,💕,2,,,,,,,
speak_repeat,PP1-CRE-X.51_Space_Alien_Praise_and_Worship_51,Say out loud clearly: I PRAISE AND WORSHIP THE LORD!,speak_w1.webp,audio_w10.mp3,1,I Praise And Worship The Lord,,,,,,I Praise And Worship The Lord,,,,,,,
speak_repeat,PP1-CRE-X.51_Space_Alien_Praise_and_Worship_51,Say out loud clearly: GOD IS WORTHY OF ALL PRAISE!,speak_w2.webp,audio_w11.mp3,1,God Is Worthy Of All Praise,,,,,,God Is Worthy Of All Praise,,,,,,,
speak_repeat,PP1-CRE-X.51_Space_Alien_Praise_and_Worship_51,Say out loud clearly: SING TO GOD WITH A JOYFUL HEART!,speak_w3.webp,audio_w12.mp3,1,Sing To God With A Joyful Heart,,,,,,Sing To God With A Joyful Heart,,,,,,,
matching,PP1-CRE-X.51_Space_Alien_Praise_and_Worship_51,Match praise and worship items!,,,1,,,,,,,,Note 🎵,1,Heart ❤️,2,Cross ✝️,3
matching,PP1-CRE-X.51_Space_Alien_Praise_and_Worship_51,Match joyful music symbols!,,,1,,,,,,,,Music 🎶,1,Bell 🔔,2,Crown 👑,3
multiple_choice,PP1-CRE-X.52_Circus_Good_Samaritan_Kindness_52,Who taught us the story of the Good Samaritan?,sam_q1.webp,audio_s1.mp3,1,JESUS,KINGS,SOLDIERS,,,1,,,,,,,
multiple_choice,PP1-CRE-X.52_Circus_Good_Samaritan_Kindness_52,The Good Samaritan showed great...?,sam_q2.webp,audio_s2.mp3,1,KINDNESS,ANGER,GREED,,,1,,,,,,,
multiple_choice,PP1-CRE-X.52_Circus_Good_Samaritan_Kindness_52,We must help people who are hurt or...?,sam_q3.webp,audio_s3.mp3,1,IN NEED,HAPPY,PLAYING,,,1,,,,,,,
multiple_choice,PP1-CRE-X.52_Circus_Good_Samaritan_Kindness_52,Who wants us to treat everyone as our neighbor?,sam_q4.webp,audio_s4.mp3,1,GOD,NOBODY,BAD,,,1,,,,,,,
multiple_choice,PP1-CRE-X.52_Circus_Good_Samaritan_Kindness_52,Kindness is a fruit of God's holy...?,sam_q5.webp,audio_s5.mp3,1,SPIRIT,TREE,FLOWER,,,1,,,,,,,
multiple_choice,PP1-CRE-X.52_Circus_Good_Samaritan_Kindness_52,When we show kindness we follow...?,sam_q6.webp,audio_s6.mp3,1,JESUS,FEAR,DARK,,,1,,,,,,,
count_objects,PP1-CRE-X.52_Circus_Good_Samaritan_Kindness_52,Count 4 helping hands of kindness!,sam_count1.webp,audio_s7.mp3,1,4,2,3,,🤝,4,,,,,,,
count_objects,PP1-CRE-X.52_Circus_Good_Samaritan_Kindness_52,Count 2 loving hearts showing care!,sam_count2.webp,audio_s8.mp3,1,2,1,3,,❤️,2,,,,,,,
count_objects,PP1-CRE-X.52_Circus_Good_Samaritan_Kindness_52,Count 3 healing bandages used with love!,sam_count3.webp,audio_s9.mp3,1,3,2,4,,🩹,3,,,,,,,
speak_repeat,PP1-CRE-X.52_Circus_Good_Samaritan_Kindness_52,Say out loud clearly: SHOW KINDNESS TO EVERY NEIGHBOR!,speak_s1.webp,audio_s10.mp3,1,Show Kindness To Every Neighbor,,,,,,Show Kindness To Every Neighbor,,,,,,,
speak_repeat,PP1-CRE-X.52_Circus_Good_Samaritan_Kindness_52,Say out loud clearly: JESUS TAUGHT US TO HELP OTHERS!,speak_s2.webp,audio_s11.mp3,1,Jesus Taught Us To Help Others,,,,,,Jesus Taught Us To Help Others,,,,,,,
matching,PP1-CRE-X.52_Circus_Good_Samaritan_Kindness_52,Match Good Samaritan kindness symbols!,,,1,,,,,,,,Hand 🤝,1,Heart ❤️,2,Bandage 🩹,3
matching,PP1-CRE-X.52_Circus_Good_Samaritan_Kindness_52,Match Christian love and help items!,,,1,,,,,,,,Cross ✝️,1,Smile 😊,2,Heart 💕,3
multiple_choice,PP1-CRE-X.53_Circus_Popcorn_Sharing_Joy_53,What should we do when we have tasty snacks?,pop_q1.webp,audio_p1.mp3,1,SHARE,HIDE,THROW,,,1,,,,,,,
multiple_choice,PP1-CRE-X.53_Circus_Popcorn_Sharing_Joy_53,Sharing popcorn with friends brings...?,pop_q2.webp,audio_p2.mp3,1,JOY,TEARS,FIGHTS,,,1,,,,,,,
multiple_choice,PP1-CRE-X.53_Circus_Popcorn_Sharing_Joy_53,God loves a person who gives with a happy...?,pop_q3.webp,audio_p3.mp3,1,HEART,HAND,BAG,,,1,,,,,,,
multiple_choice,PP1-CRE-X.53_Circus_Popcorn_Sharing_Joy_53,Who gives us good food to enjoy and share?,pop_q4.webp,audio_p4.mp3,1,GOD,NOBODY,WINDS,,,1,,,,,,,
multiple_choice,PP1-CRE-X.53_Circus_Popcorn_Sharing_Joy_53,Sharing shows our friends God's...?,pop_q5.webp,audio_p5.mp3,1,LOVE,ANGER,COLD,,,1,,,,,,,
multiple_choice,PP1-CRE-X.53_Circus_Popcorn_Sharing_Joy_53,When we share joy we make Jesus...?,pop_q6.webp,audio_p6.mp3,1,HAPPY,SAD,UPSET,,,1,,,,,,,
count_objects,PP1-CRE-X.53_Circus_Popcorn_Sharing_Joy_53,Count 5 boxes of popcorn shared with love!,pop_count1.webp,audio_p7.mp3,1,5,3,4,,🍿,5,,,,,,,
count_objects,PP1-CRE-X.53_Circus_Popcorn_Sharing_Joy_53,Count 3 happy smiling friends sharing!,pop_count2.webp,audio_p8.mp3,1,3,2,4,,😊,3,,,,,,,
count_objects,PP1-CRE-X.53_Circus_Popcorn_Sharing_Joy_53,Count 4 gift boxes of joy from God!,pop_count3.webp,audio_p9.mp3,1,4,2,5,,🎁,4,,,,,,,
speak_repeat,PP1-CRE-X.53_Circus_Popcorn_Sharing_Joy_53,Say out loud clearly: SHARING SNACKS BRINGS GOD'S JOY!,speak_p1.webp,audio_p10.mp3,1,Sharing Snacks Brings God's Joy,,,,,,Sharing Snacks Brings God's Joy,,,,,,,
speak_repeat,PP1-CRE-X.53_Circus_Popcorn_Sharing_Joy_53,Say out loud clearly: GOD BLESSES A CHEERFUL GIVER!,speak_p2.webp,audio_p11.mp3,1,God Blesses A Cheerful Giver,,,,,,God Blesses A Cheerful Giver,,,,,,,
speak_repeat,PP1-CRE-X.53_Circus_Popcorn_Sharing_Joy_53,Say out loud clearly: SHARE LOVE AND JOY WITH FRIENDS!,speak_p3.webp,audio_p12.mp3,1,Share Love And Joy With Friends,,,,,,Share Love And Joy With Friends,,,,,,,
matching,PP1-CRE-X.53_Circus_Popcorn_Sharing_Joy_53,Match sharing and joy items!,,,1,,,,,,,,Popcorn 🍿,1,Smile 😊,2,Gift 🎁,3
matching,PP1-CRE-X.53_Circus_Popcorn_Sharing_Joy_53,Match Christian sharing symbols!,,,1,,,,,,,,Heart ❤️,1,Cross ✝️,2,Balloon 🎈,3
multiple_choice,PP1-CRE-X.54_Superhero_Armor_of_God_54,What is our strong shield in the armor of God?,arm_q1.webp,audio_a1.mp3,1,FAITH,FEAR,DOUBT,,,1,,,,,,,
multiple_choice,PP1-CRE-X.54_Superhero_Armor_of_God_54,Who gives us spiritual armor to stand firm?,arm_q2.webp,audio_a2.mp3,1,GOD,KINGS,HEROES,,,1,,,,,,,
multiple_choice,PP1-CRE-X.54_Superhero_Armor_of_God_54,The helmet of salvation protects our...?,arm_q3.webp,audio_a3.mp3,1,HEAD,FEET,HANDS,,,1,,,,,,,
multiple_choice,PP1-CRE-X.54_Superhero_Armor_of_God_54,God's armor keeps us safe from...?,arm_q4.webp,audio_a4.mp3,1,EVIL,JOY,LOVE,,,1,,,,,,,
multiple_choice,PP1-CRE-X.54_Superhero_Armor_of_God_54,The belt of truth is made of God's holy...?,arm_q5.webp,audio_a5.mp3,1,TRUTH,LIES,LUCK,,,1,,,,,,,
multiple_choice,PP1-CRE-X.54_Superhero_Armor_of_God_54,With God's shield of faith we are always...?,arm_q6.webp,audio_a6.mp3,1,SAFE,LOST,WEAK,,,1,,,,,,,
count_objects,PP1-CRE-X.54_Superhero_Armor_of_God_54,Count 3 shields of faith given by God!,arm_count1.webp,audio_a7.mp3,1,3,2,4,,🛡️,3,,,,,,,
count_objects,PP1-CRE-X.54_Superhero_Armor_of_God_54,Count 4 helmets of salvation!,arm_count2.webp,audio_a8.mp3,1,4,3,5,,🪖,4,,,,,,,
count_objects,PP1-CRE-X.54_Superhero_Armor_of_God_54,Count 2 swords of the Spirit which is God's word!,arm_count3.webp,audio_a9.mp3,1,2,1,3,,⚔️,2,,,,,,,
speak_repeat,PP1-CRE-X.54_Superhero_Armor_of_God_54,Say out loud clearly: PUT ON THE FULL ARMOR OF GOD!,speak_a1.webp,audio_a10.mp3,1,Put On The Full Armor Of God,,,,,,Put On The Full Armor Of God,,,,,,,
speak_repeat,PP1-CRE-X.54_Superhero_Armor_of_God_54,Say out loud clearly: FAITH IS MY STRONG SHIELD!,speak_a2.webp,audio_a11.mp3,1,Faith Is My Strong Shield,,,,,,Faith Is My Strong Shield,,,,,,,
matching,PP1-CRE-X.54_Superhero_Armor_of_God_54,Match God's holy armor parts!,,,1,,,,,,,,Shield 🛡️,1,Helmet 🪖,2,Sword ⚔️,3
matching,PP1-CRE-X.54_Superhero_Armor_of_God_54,Match spiritual armor symbols!,,,1,,,,,,,,Shield 🛡️,1,Cross ✝️,2,Heart ❤️,3
multiple_choice,PP1-CRE-X.55_Superhero_Daniel_Protection_55,Who protected Daniel in the lion's den?,pro_q1.webp,audio_p1.mp3,1,GOD,GUARDS,KINGS,,,1,,,,,,,
multiple_choice,PP1-CRE-X.55_Superhero_Daniel_Protection_55,Daniel was safe because he trusted in...?,pro_q2.webp,audio_p2.mp3,1,GOD,SWORDS,SHIELDS,,,1,,,,,,,
multiple_choice,PP1-CRE-X.55_Superhero_Daniel_Protection_55,What did the angel do to the wild lions?,pro_q3.webp,audio_p3.mp3,1,CLOSED MOUTHS,FOUGHT,RAN,,,1,,,,,,,
multiple_choice,PP1-CRE-X.55_Superhero_Daniel_Protection_55,God protects us when we live in...?,pro_q4.webp,audio_p4.mp3,1,FAITH,FEAR,ANGER,,,1,,,,,,,
multiple_choice,PP1-CRE-X.55_Superhero_Daniel_Protection_55,Daniel showed great spiritual power through...?,pro_q5.webp,audio_p5.mp3,1,PRAYER,FIGHTING,SHOUTING,,,1,,,,,,,
multiple_choice,PP1-CRE-X.55_Superhero_Daniel_Protection_55,God's protection gives us courage and...?,pro_q6.webp,audio_p6.mp3,1,PEACE,FEAR,SADNESS,,,1,,,,,,,
count_objects,PP1-CRE-X.55_Superhero_Daniel_Protection_55,Count 4 calm lions in the den!,pro_count1.webp,audio_p7.mp3,1,4,2,3,,🦁,4,,,,,,,
count_objects,PP1-CRE-X.55_Superhero_Daniel_Protection_55,Count 2 praying hands of Daniel!,pro_count2.webp,audio_p8.mp3,1,2,1,3,,🙏,2,,,,,,,
count_objects,PP1-CRE-X.55_Superhero_Daniel_Protection_55,Count 3 angels of protection!,pro_count3.webp,audio_p9.mp3,1,3,1,4,,👼,3,,,,,,,
speak_repeat,PP1-CRE-X.55_Superhero_Daniel_Protection_55,Say out loud clearly: GOD IS MY PROTECTOR AND SHIELD!,speak_p1.webp,audio_p10.mp3,1,God Is My Protector And Shield,,,,,,God Is My Protector And Shield,,,,,,,
speak_repeat,PP1-CRE-X.55_Superhero_Daniel_Protection_55,Say out loud clearly: TRUST IN GOD FOR SAFE PROTECTION!,speak_p2.webp,audio_p11.mp3,1,Trust In God For Safe Protection,,,,,,Trust In God For Safe Protection,,,,,,,
matching,PP1-CRE-X.55_Superhero_Daniel_Protection_55,Match protection story elements!,,,1,,,,,,,,Daniel 🙏,1,Angel 👼,2,Lion 🦁,3
matching,PP1-CRE-X.55_Superhero_Daniel_Protection_55,Match faith protection symbols!,,,1,,,,,,,,Pray 🙏,1,Shield 🛡️,2,Cross ✝️,3



question_type,lesson_title,prompt,prompt_image,prompt_audio,correct_answer,option_1,option_2,option_3,option_4,count_emoji_or_image,target_count,target_word,pair_1_left,pair_1_right,pair_2_left,pair_2_right,pair_3_left,pair_3_right
multiple_choice,PP1-CRE-X.56_Underwater_Ocean_Creation_56,Who created the vast blue oceans and seas?,oc_q1.webp,audio_oc1.mp3,1,GOD,SAILORS,BOATS,,,1,,,,,,,
multiple_choice,PP1-CRE-X.56_Underwater_Ocean_Creation_56,Who made the swimming whales and dolphins?,oc_q2.webp,audio_oc2.mp3,1,GOD,SHIPS,NETS,,,1,,,,,,,
multiple_choice,PP1-CRE-X.56_Underwater_Ocean_Creation_56,God filled the ocean with living...?,oc_q3.webp,audio_oc3.mp3,1,CREATURES,TOYS,CARS,,,1,,,,,,,
multiple_choice,PP1-CRE-X.56_Underwater_Ocean_Creation_56,We praise God for making pretty coral...?,oc_q4.webp,audio_oc4.mp3,1,REEFS,ROADS,HOUSES,,,1,,,,,,,
multiple_choice,PP1-CRE-X.56_Underwater_Ocean_Creation_56,Who keeps all sea animals safe underwater?,oc_q5.webp,audio_oc5.mp3,1,GOD,DIVERS,WIND,,,1,,,,,,,
multiple_choice,PP1-CRE-X.56_Underwater_Ocean_Creation_56,The deep ocean shows God's great...?,oc_q6.webp,audio_oc6.mp3,1,POWER,FEAR,DARK,,,1,,,,,,,
count_objects,PP1-CRE-X.56_Underwater_Ocean_Creation_56,Count 4 blue whales created by God!,oc_count1.webp,audio_oc7.mp3,1,4,2,5,,🐳,4,,,,,,,
count_objects,PP1-CRE-X.56_Underwater_Ocean_Creation_56,Count 5 sea turtles swimming in God's ocean!,oc_count2.webp,audio_oc8.mp3,1,5,3,4,,🐢,5,,,,,,,
count_objects,PP1-CRE-X.56_Underwater_Ocean_Creation_56,Count 3 colorful fish praising God!,oc_count3.webp,audio_oc9.mp3,1,3,1,4,,🐠,3,,,,,,,
speak_repeat,PP1-CRE-X.56_Underwater_Ocean_Creation_56,Say out loud clearly: GOD CREATED THE VAST OCEANS!,speak_oc1.webp,audio_oc10.mp3,1,God Created The Vast Oceans,,,,,,God Created The Vast Oceans,,,,,,,
speak_repeat,PP1-CRE-X.56_Underwater_Ocean_Creation_56,Say out loud clearly: PRAISE GOD FOR SEA CREATURES!,speak_oc2.webp,audio_oc11.mp3,1,Praise God For Sea Creatures,,,,,,Praise God For Sea Creatures,,,,,,,
matching,PP1-CRE-X.56_Underwater_Ocean_Creation_56,Match God's marine creations!,,,1,,,,,,,,Whale 🐳,1,Turtle 🐢,2,Fish 🐠,3
matching,PP1-CRE-X.56_Underwater_Ocean_Creation_56,Match ocean world elements!,,,1,,,,,,,,Water 🌊,1,Shell 🐚,2,Star ⭐,3
multiple_choice,PP1-CRE-X.57_Underwater_Jonah_Obedience_57,What lesson did Jonah learn in the whale?,jo_q1.webp,audio_jo1.mp3,1,OBEDIENCES,RUNNING,HIDING,,,1,,,,,,,
multiple_choice,PP1-CRE-X.57_Underwater_Jonah_Obedience_57,Who should we always listen to and obey?,jo_q2.webp,audio_jo2.mp3,1,GOD,STORMS,WIND,,,1,,,,,,,
multiple_choice,PP1-CRE-X.57_Underwater_Jonah_Obedience_57,Jonah prayed to God for forgiveness and...?,jo_q3.webp,audio_jo3.mp3,1,HELP,GOLD,SHIPS,,,1,,,,,,,
multiple_choice,PP1-CRE-X.57_Underwater_Jonah_Obedience_57,Obeying God brings peace to our...?,jo_q4.webp,audio_jo4.mp3,1,HEART,HANDS,FEET,,,1,,,,,,,
multiple_choice,PP1-CRE-X.57_Underwater_Jonah_Obedience_57,When God commands us we must say...?,jo_q5.webp,audio_jo5.mp3,1,YES,NO,NEVER,,,1,,,,,,,
multiple_choice,PP1-CRE-X.57_Underwater_Jonah_Obedience_57,God forgave Jonah because God is...?,jo_q6.webp,audio_jo6.mp3,1,LOVING,ANGRY,MEAN,,,1,,,,,,,
count_objects,PP1-CRE-X.57_Underwater_Jonah_Obedience_57,Count 2 praying hands asking God for help!,jo_count1.webp,audio_jo7.mp3,1,2,1,3,,🙏,2,,,,,,,
count_objects,PP1-CRE-X.57_Underwater_Jonah_Obedience_57,Count 1 big whale used by God!,jo_count2.webp,audio_jo8.mp3,1,1,2,3,,🐳,1,,,,,,,
count_objects,PP1-CRE-X.57_Underwater_Jonah_Obedience_57,Count 3 hearts obeying God's word!,jo_count3.webp,audio_jo9.mp3,1,3,2,4,,❤️,3,,,,,,,
speak_repeat,PP1-CRE-X.57_Underwater_Jonah_Obedience_57,Say out loud clearly: OBEY GOD WITH A HAPPY HEART!,speak_jo1.webp,audio_jo10.mp3,1,Obey God With A Happy Heart,,,,,,Obey God With A Happy Heart,,,,,,,
speak_repeat,PP1-CRE-X.57_Underwater_Jonah_Obedience_57,Say out loud clearly: GOD LOVES AN OBEDIENT CHILD!,speak_jo2.webp,audio_jo11.mp3,1,God Loves An Obedient Child,,,,,,God Loves An Obedient Child,,,,,,,
matching,PP1-CRE-X.57_Underwater_Jonah_Obedience_57,Match obedience symbols!,,,1,,,,,,,,Pray 🙏,1,Heart ❤️,2,Bible 📖,3
matching,PP1-CRE-X.57_Underwater_Jonah_Obedience_57,Match Jonah story items!,,,1,,,,,,,,Whale 🐳,1,Boat ⛵,2,Pray 🙏,3
multiple_choice,PP1-CRE-X.58_Gods_Creation_Appreciation_58,How should we treat God's creation?,ca_q1.webp,audio_ca1.mp3,1,CARE,HURT,WASTE,,,1,,,,,,,
multiple_choice,PP1-CRE-X.58_Gods_Creation_Appreciation_58,Who created trees, flowers, and animals for us?,ca_q2.webp,audio_ca2.mp3,1,GOD,KINGS,PEOPLE,,,1,,,,,,,
multiple_choice,PP1-CRE-X.58_Gods_Creation_Appreciation_58,We thank God for giving us clean...?,ca_q3.webp,audio_ca3.mp3,1,WATER,TRASH,SMOKE,,,1,,,,,,,
multiple_choice,PP1-CRE-X.58_Gods_Creation_Appreciation_58,Caring for plants and animals shows God...?,ca_q4.webp,audio_ca4.mp3,1,LOVE,ANGER,PRIDE,,,1,,,,,,,
multiple_choice,PP1-CRE-X.58_Gods_Creation_Appreciation_58,We protect nature because nature belongs to...?,ca_q5.webp,audio_ca5.mp3,1,GOD,NOBODY,BAD,,,1,,,,,,,
multiple_choice,PP1-CRE-X.58_Gods_Creation_Appreciation_58,Planting seeds and watering trees pleases...?,ca_q6.webp,audio_ca6.mp3,1,GOD,RAIN,WINDS,,,1,,,,,,,
count_objects,PP1-CRE-X.58_Gods_Creation_Appreciation_58,Count 5 pretty flowers created by God!,ca_count1.webp,audio_ca7.mp3,1,5,3,4,,🌸,5,,,,,,,
count_objects,PP1-CRE-X.58_Gods_Creation_Appreciation_58,Count 4 green trees in God's garden!,ca_count2.webp,audio_ca8.mp3,1,4,2,3,,🌳,4,,,,,,,
count_objects,PP1-CRE-X.58_Gods_Creation_Appreciation_58,Count 2 watering cans caring for plants!,ca_count3.webp,audio_ca9.mp3,1,2,1,3,,🪴,2,,,,,,,
speak_repeat,PP1-CRE-X.58_Gods_Creation_Appreciation_58,Say out loud clearly: I WILL CARE FOR GOD'S CREATION!,speak_ca1.webp,audio_ca10.mp3,1,I Will Care For God's Creation,,,,,,I Will Care For God's Creation,,,,,,,
speak_repeat,PP1-CRE-X.58_Gods_Creation_Appreciation_58,Say out loud clearly: THANK YOU GOD FOR NATURE!,speak_ca2.webp,audio_ca11.mp3,1,Thank You God For Nature,,,,,,Thank You God For Nature,,,,,,,
matching,PP1-CRE-X.58_Gods_Creation_Appreciation_58,Match nature care symbols!,,,1,,,,,,,,Flower 🌸,1,Tree 🌳,2,Water 💧,3
matching,PP1-CRE-X.58_Gods_Creation_Appreciation_58,Match creation appreciation items!,,,1,,,,,,,,Sun ☀️,1,Leaf 🍃,2,Heart ❤️,3
multiple_choice,PP1-CRE-X.59_Life_and_Love_of_Jesus_59,Who is the Son of God who loves all children?,jl_q1.webp,audio_jl1.mp3,1,JESUS,KINGS,SOLDIERS,,,1,,,,,,,
multiple_choice,PP1-CRE-X.59_Life_and_Love_of_Jesus_59,Jesus said: Let the little children come to...?,jl_q2.webp,audio_jl2.mp3,1,ME,TOWNS,SHIPS,,,1,,,,,,,
multiple_choice,PP1-CRE-X.59_Life_and_Love_of_Jesus_59,Jesus healed the sick because He is full of...?,jl_q3.webp,audio_jl3.mp3,1,LOVE,FEAR,ANGER,,,1,,,,,,,
multiple_choice,PP1-CRE-X.59_Life_and_Love_of_Jesus_59,Who died on the cross and rose again for us?,jl_q4.webp,audio_jl4.mp3,1,JESUS,PILATE,HEROD,,,1,,,,,,,
multiple_choice,PP1-CRE-X.59_Life_and_Love_of_Jesus_59,We show Jesus' love by being...?,jl_q5.webp,audio_jl5.mp3,1,KIND,MEAN,RUDE,,,1,,,,,,,
multiple_choice,PP1-CRE-X.59_Life_and_Love_of_Jesus_59,Jesus is our best friend and Savior because He...?,jl_q6.webp,audio_jl6.mp3,1,LOVES US,LEAVES US,FORGETS US,,,1,,,,,,,
count_objects,PP1-CRE-X.59_Life_and_Love_of_Jesus_59,Count 3 loving hearts from Jesus!,jl_count1.webp,audio_jl7.mp3,1,3,2,4,,❤️,3,,,,,,,
count_objects,PP1-CRE-X.59_Life_and_Love_of_Jesus_59,Count 4 little children blessed by Jesus!,jl_count2.webp,audio_jl8.mp3,1,4,2,5,,👧,4,,,,,,,
count_objects,PP1-CRE-X.59_Life_and_Love_of_Jesus_59,Count 2 holy crosses of love!,jl_count3.webp,audio_jl9.mp3,1,2,1,3,,✝️,2,,,,,,,
speak_repeat,PP1-CRE-X.59_Life_and_Love_of_Jesus_59,Say out loud clearly: JESUS LOVES ME THIS I KNOW!,speak_jl1.webp,audio_jl10.mp3,1,Jesus Loves Me This I Know,,,,,,Jesus Loves Me This I Know,,,,,,,
speak_repeat,PP1-CRE-X.59_Life_and_Love_of_Jesus_59,Say out loud clearly: JESUS IS MY BEST FRIEND!,speak_jl2.webp,audio_jl11.mp3,1,Jesus Is My Best Friend,,,,,,Jesus Is My Best Friend,,,,,,,
matching,PP1-CRE-X.59_Life_and_Love_of_Jesus_59,Match Jesus' love symbols!,,,1,,,,,,,,Cross ✝️,1,Heart ❤️,2,Smile 😊,3
matching,PP1-CRE-X.59_Life_and_Love_of_Jesus_59,Match Christian love items!,,,1,,,,,,,,Bible 📖,1,Pray 🙏,2,Heart 💕,3
multiple_choice,PP1-CRE-X.60_Bible_Hero_Courage_Quest_60,Who gives Bible heroes courage to stand firm?,bh_q1.webp,audio_bh1.mp3,1,GOD,ARMOR,KINGS,,,1,,,,,,,
multiple_choice,PP1-CRE-X.60_Bible_Hero_Courage_Quest_60,David trusted God and defeated giant...?,bh_q2.webp,audio_bh2.mp3,1,GOLIATH,SAUL,LIONS,,,1,,,,,,,
multiple_choice,PP1-CRE-X.60_Bible_Hero_Courage_Quest_60,Daniel prayed in the lion's den with great...?,bh_q3.webp,audio_bh3.mp3,1,FAITH,FEAR,ANGER,,,1,,,,,,,
multiple_choice,PP1-CRE-X.60_Bible_Hero_Courage_Quest_60,When we are afraid, we can pray to...?,bh_q4.webp,audio_bh4.mp3,1,GOD,NOBODY,WINDS,,,1,,,,,,,
multiple_choice,PP1-CRE-X.60_Bible_Hero_Courage_Quest_60,Noah was brave and built a giant...?,bh_q5.webp,audio_bh5.mp3,1,ARK,HOUSE,TOWER,,,1,,,,,,,
multiple_choice,PP1-CRE-X.60_Bible_Hero_Courage_Quest_60,Courage comes when we put our trust in...?,bh_q6.webp,audio_bh6.mp3,1,GOD,WEAPONS,LUCK,,,1,,,,,,,
count_objects,PP1-CRE-X.60_Bible_Hero_Courage_Quest_60,Count 3 shields of faith carried by heroes!,bh_count1.webp,audio_bh7.mp3,1,3,2,4,,🛡️,3,,,,,,,
count_objects,PP1-CRE-X.60_Bible_Hero_Courage_Quest_60,Count 5 smooth stones of courage!,bh_count2.webp,audio_bh8.mp3,1,5,3,4,,🪨,5,,,,,,,
count_objects,PP1-CRE-X.60_Bible_Hero_Courage_Quest_60,Count 2 crowns of victory!,bh_count3.webp,audio_bh9.mp3,1,2,1,3,,👑,2,,,,,,,
speak_repeat,PP1-CRE-X.60_Bible_Hero_Courage_Quest_60,Say out loud clearly: GOD MAKES ME BRAVE AND COURAGEOUS!,speak_bh1.webp,audio_bh10.mp3,1,God Makes Me Brave And Courageous,,,,,,God Makes Me Brave And Courageous,,,,,,,
speak_repeat,PP1-CRE-X.60_Bible_Hero_Courage_Quest_60,Say out loud clearly: TRUST IN THE LORD WITH ALL YOUR HEART!,speak_bh2.webp,audio_bh11.mp3,1,Trust In The Lord With All Your Heart,,,,,,Trust In The Lord With All Your Heart,,,,,,,
matching,PP1-CRE-X.60_Bible_Hero_Courage_Quest_60,Match hero symbols!,,,1,,,,,,,,Shield 🛡️,1,Stone 🪨,2,Crown 👑,3
matching,PP1-CRE-X.60_Bible_Hero_Courage_Quest_60,Match courage and faith items!,,,1,,,,,,,,Pray 🙏,1,Cross ✝️,2,Heart ❤️,3
multiple_choice,PP1-CRE-X.61_Daily_Prayer_and_Praise_61,When should we talk to God in prayer?,dp_q1.webp,audio_dp1.mp3,1,EVERY DAY,NEVER,SOMETIMES,,,1,,,,,,,
multiple_choice,PP1-CRE-X.61_Daily_Prayer_and_Praise_61,Before eating meals we pray to thank God for...?,dp_q2.webp,audio_dp2.mp3,1,FOOD,TOYS,ROCKS,,,1,,,,,,,
multiple_choice,PP1-CRE-X.61_Daily_Prayer_and_Praise_61,When we wake up in the morning we say thank you to...?,dp_q3.webp,audio_dp3.mp3,1,GOD,BED,CLOCKS,,,1,,,,,,,
multiple_choice,PP1-CRE-X.61_Daily_Prayer_and_Praise_61,Before going to sleep at night we ask God to keep us...?,dp_q4.webp,audio_dp4.mp3,1,SAFE,AFRAID,AWAKE,,,1,,,,,,,
multiple_choice,PP1-CRE-X.61_Daily_Prayer_and_Praise_61,Who hears our prayers when we whisper or sing?,dp_q5.webp,audio_dp5.mp3,1,GOD,WALLS,TREES,,,1,,,,,,,
multiple_choice,PP1-CRE-X.61_Daily_Prayer_and_Praise_61,Praising God brings peace and joy to our...?,dp_q6.webp,audio_dp6.mp3,1,HEART,HANDS,FEET,,,1,,,,,,,
count_objects,PP1-CRE-X.61_Daily_Prayer_and_Praise_61,Count 3 times we pray daily: morning, meal, bedtime!,dp_count1.webp,audio_dp7.mp3,1,3,2,4,,🙏,3,,,,,,,
count_objects,PP1-CRE-X.61_Daily_Prayer_and_Praise_61,Count 4 musical notes of praise song!,dp_count2.webp,audio_dp8.mp3,1,4,2,5,,🎵,4,,,,,,,
count_objects,PP1-CRE-X.61_Daily_Prayer_and_Praise_61,Count 2 food bowls blessed by prayer!,dp_count3.webp,audio_dp9.mp3,1,2,1,3,,🥣,2,,,,,,,
speak_repeat,PP1-CRE-X.61_Daily_Prayer_and_Praise_61,Say out loud clearly: PRAY TO GOD MORNING NOON AND NIGHT!,speak_dp1.webp,audio_dp10.mp3,1,Pray To God Morning Noon And Night,,,,,,Pray To God Morning Noon And Night,,,,,,,
speak_repeat,PP1-CRE-X.61_Daily_Prayer_and_Praise_61,Say out loud clearly: GOD HEARS MY EVERY PRAYER!,speak_dp2.webp,audio_dp11.mp3,1,God Hears My Every Prayer,,,,,,God Hears My Every Prayer,,,,,,,
matching,PP1-CRE-X.61_Daily_Prayer_and_Praise_61,Match daily prayer times!,,,1,,,,,,,,Morning ☀️,1,Mealtime 🥣,2,Bedtime 🌙,3
matching,PP1-CRE-X.61_Daily_Prayer_and_Praise_61,Match praise symbols!,,,1,,,,,,,,Pray 🙏,1,Note 🎵,2,Heart ❤️,3
multiple_choice,PP1-CRE-X.62_Christian_Family_Love_62,God gave us family so we can love and...?,fl_q1.webp,audio_fl1.mp3,1,HELP,FIGHT,IGNORE,,,1,,,,,,,
multiple_choice,PP1-CRE-X.62_Christian_Family_Love_62,Who should we honor and obey at home?,fl_q2.webp,audio_fl2.mp3,1,PARENTS,STRANGERS,NOBODY,,,1,,,,,,,
multiple_choice,PP1-CRE-X.62_Christian_Family_Love_62,Showing love to brothers and sisters makes God...?,fl_q3.webp,audio_fl3.mp3,1,HAPPY,SAD,ANGRY,,,1,,,,,,,
multiple_choice,PP1-CRE-X.62_Christian_Family_Love_62,Who blessed us with our family members?,fl_q4.webp,audio_fl4.mp3,1,GOD,KINGS,PILOTS,,,1,,,,,,,
multiple_choice,PP1-CRE-X.62_Christian_Family_Love_62,When we help clean and share at home we show...?,fl_q5.webp,audio_fl5.mp3,1,LOVE,GREED,PRIDE,,,1,,,,,,,
multiple_choice,PP1-CRE-X.62_Christian_Family_Love_62,A Christian home is filled with prayer and...?,fl_q6.webp,audio_fl6.mp3,1,PEACE,TEARS,NOISE,,,1,,,,,,,
count_objects,PP1-CRE-X.62_Christian_Family_Love_62,Count 4 family members loving each other!,fl_count1.webp,audio_fl7.mp3,1,4,2,5,,👨‍👩‍👧‍👦,4,,,,,,,
count_objects,PP1-CRE-X.62_Christian_Family_Love_62,Count 3 helping hands at home!,fl_count2.webp,audio_fl8.mp3,1,3,1,4,,🤝,3,,,,,,,
count_objects,PP1-CRE-X.62_Christian_Family_Love_62,Count 5 loving hearts in the house!,fl_count3.webp,audio_fl9.mp3,1,5,3,4,,❤️,5,,,,,,,
speak_repeat,PP1-CRE-X.62_Christian_Family_Love_62,Say out loud clearly: LOVE YOUR FAMILY EVERY DAY!,speak_fl1.webp,audio_fl10.mp3,1,Love Your Family Every Day,,,,,,Love Your Family Every Day,,,,,,,
speak_repeat,PP1-CRE-X.62_Christian_Family_Love_62,Say out loud clearly: THANK YOU GOD FOR MY FAMILY!,speak_fl2.webp,audio_fl11.mp3,1,Thank You God For My Family,,,,,,Thank You God For My Family,,,,,,,
matching,PP1-CRE-X.62_Christian_Family_Love_62,Match family love items!,,,1,,,,,,,,Family 🏠,1,Hand 🤝,2,Heart ❤️,3
matching,PP1-CRE-X.62_Christian_Family_Love_62,Match household values!,,,1,,,,,,,,Help 🤝,1,Love ❤️,2,Pray 🙏,3
multiple_choice,PP1-CRE-X.63_Helping_and_Sharing_Values_63,When we share our toys with friends we show Christian...?,hv_q1.webp,audio_hv1.mp3,1,KINDNESS,GREED,HATE,,,1,,,,,,,
multiple_choice,PP1-CRE-X.63_Helping_and_Sharing_Values_63,Always speaking the truth means we are being...?,hv_q2.webp,audio_hv2.mp3,1,HONEST,MEAN,RUDE,,,1,,,,,,,
multiple_choice,PP1-CRE-X.63_Helping_and_Sharing_Values_63,Who wants us to help those who are in need?,hv_q3.webp,audio_hv3.mp3,1,GOD,NOBODY,BAD,,,1,,,,,,,
multiple_choice,PP1-CRE-X.63_Helping_and_Sharing_Values_63,A cheerful giver brings joy to...?,hv_q4.webp,audio_hv4.mp3,1,GOD,NONE,NOBODY,,,1,,,,,,,
multiple_choice,PP1-CRE-X.63_Helping_and_Sharing_Values_63,When someone falls down, we should stop and...?,hv_q5.webp,audio_hv5.mp3,1,HELP,LAUGH,RUN,,,1,,,,,,,
multiple_choice,PP1-CRE-X.63_Helping_and_Sharing_Values_63,Honesty and kindness are fruits of God's...?,hv_q6.webp,audio_hv6.mp3,1,SPIRIT,TREE,ROADS,,,1,,,,,,,
count_objects,PP1-CRE-X.63_Helping_and_Sharing_Values_63,Count 4 shared gift boxes!,hv_count1.webp,audio_hv7.mp3,1,4,2,3,,🎁,4,,,,,,,
count_objects,PP1-CRE-X.63_Helping_and_Sharing_Values_63,Count 3 helping hands showing love!,hv_count2.webp,audio_hv8.mp3,1,3,1,4,,🤝,3,,,,,,,
count_objects,PP1-CRE-X.63_Helping_and_Sharing_Values_63,Count 5 smiles of Christian kindness!,hv_count3.webp,audio_hv9.mp3,1,5,3,4,,😊,5,,,,,,,
speak_repeat,PP1-CRE-X.63_Helping_and_Sharing_Values_63,Say out loud clearly: HELPING AND SHARING SHOWS GOD'S LOVE!,speak_hv1.webp,audio_hv10.mp3,1,Helping And Sharing Shows God's Love,,,,,,Helping And Sharing Shows God's Love,,,,,,,
speak_repeat,PP1-CRE-X.63_Helping_and_Sharing_Values_63,Say out loud clearly: ALWAYS BE HONEST AND KIND!,speak_hv2.webp,audio_hv11.mp3,1,Always Be Honest And Kind,,,,,,Always Be Honest And Kind,,,,,,,
matching,PP1-CRE-X.63_Helping_and_Sharing_Values_63,Match Christian values!,,,1,,,,,,,,Share 🎁,1,Help 🤝,2,Truth 📖,3
matching,PP1-CRE-X.63_Helping_and_Sharing_Values_63,Match kindness symbols!,,,1,,,,,,,,Smile 😊,1,Heart ❤️,2,Cross ✝️,3
multiple_choice,PP1-CRE-X.64_Gods_Protection_Day_and_Night_64,Who keeps us safe during the bright daytime?,gp_q1.webp,audio_gp1.mp3,1,GOD,SUN,CARS,,,1,,,,,,,
multiple_choice,PP1-CRE-X.64_Gods_Protection_Day_and_Night_64,Who protects us when we sleep in the dark night?,gp_q2.webp,audio_gp2.mp3,1,GOD,MOON,BEDS,,,1,,,,,,,
multiple_choice,PP1-CRE-X.64_Gods_Protection_Day_and_Night_64,God's angels watch over us day and...?,gp_q3.webp,audio_gp3.mp3,1,NIGHT,RAIN,WIND,,,1,,,,,,,
multiple_choice,PP1-CRE-X.64_Gods_Protection_Day_and_Night_64,We do not fear the dark because God is...?,gp_q4.webp,audio_gp4.mp3,1,NEAR,FAR,LOST,,,1,,,,,,,
multiple_choice,PP1-CRE-X.64_Gods_Protection_Day_and_Night_64,The Lord is my keeper and my safe...?,gp_q5.webp,audio_gp5.mp3,1,SHIELD,DOOR,WINDOW,,,1,,,,,,,
multiple_choice,PP1-CRE-X.64_Gods_Protection_Day_and_Night_64,God never slumbers nor does He...?,gp_q6.webp,audio_gp6.mp3,1,SLEEP,CARE,LOVE,,,1,,,,,,,
count_objects,PP1-CRE-X.64_Gods_Protection_Day_and_Night_64,Count 1 bright sun protecting the day!,gp_count1.webp,audio_gp7.mp3,1,1,2,3,,☀️,1,,,,,,,
count_objects,PP1-CRE-X.64_Gods_Protection_Day_and_Night_64,Count 5 night stars keeping watch!,gp_count2.webp,audio_gp8.mp3,1,5,3,4,,⭐,5,,,,,,,
count_objects,PP1-CRE-X.64_Gods_Protection_Day_and_Night_64,Count 2 guardian angels watching over us!,gp_count3.webp,audio_gp9.mp3,1,2,1,3,,👼,2,,,,,,,
speak_repeat,PP1-CRE-X.64_Gods_Protection_Day_and_Night_64,Say out loud clearly: GOD PROTECTS ME DAY AND NIGHT!,speak_gp1.webp,audio_gp10.mp3,1,God Protects Me Day And Night,,,,,,God Protects Me Day And Night,,,,,,,
speak_repeat,PP1-CRE-X.64_Gods_Protection_Day_and_Night_64,Say out loud clearly: THE LORD IS MY SAFE SHIELD!,speak_gp2.webp,audio_gp11.mp3,1,The Lord Is My Safe Shield,,,,,,The Lord Is My Safe Shield,,,,,,,
matching,PP1-CRE-X.64_Gods_Protection_Day_and_Night_64,Match protection times!,,,1,,,,,,,,Day ☀️,1,Night 🌙,2,Always 🛡️,3
matching,PP1-CRE-X.64_Gods_Protection_Day_and_Night_64,Match safe symbols!,,,1,,,,,,,,Shield 🛡️,1,Angel 👼,2,Cross ✝️,3
multiple_choice,PP1-CRE-X.65_Jesus_The_Good_Shepherd_65,Who is our caring Good Shepherd?,gs_q1.webp,audio_gs1.mp3,1,JESUS,KINGS,SOLDIERS,,,1,,,,,,,
multiple_choice,PP1-CRE-X.65_Jesus_The_Good_Shepherd_65,The Good Shepherd leaves 99 sheep to search for 1...?,gs_q2.webp,audio_gs2.mp3,1,LOST SHEEP,DOG,GOAT,,,1,,,,,,,
multiple_choice,PP1-CRE-X.65_Jesus_The_Good_Shepherd_65,Jesus knows every sheep by its own...?,gs_q3.webp,audio_gs3.mp3,1,NAME,COLOR,SIZE,,,1,,,,,,,
multiple_choice,PP1-CRE-X.65_Jesus_The_Good_Shepherd_65,The Good Shepherd leads us to green...?,gs_q4.webp,audio_gs4.mp3,1,PASTURES,ROADS,DESERTS,,,1,,,,,,,
multiple_choice,PP1-CRE-X.65_Jesus_The_Good_Shepherd_65,We are safe in Jesus' hands because He...?,gs_q5.webp,audio_gs5.mp3,1,CARES FOR US,LEAVES US,HIDES,,,1,,,,,,,
multiple_choice,PP1-CRE-X.65_Jesus_The_Good_Shepherd_65,The sheep hear the Shepherd's voice and...?,gs_q6.webp,audio_gs6.mp3,1,FOLLOW,RUN AWAY,CRY,,,1,,,,,,,
count_objects,PP1-CRE-X.65_Jesus_The_Good_Shepherd_65,Count 4 white sheep cared for by Jesus!,gs_count1.webp,audio_gs7.mp3,1,4,2,5,,🐑,4,,,,,,,
count_objects,PP1-CRE-X.65_Jesus_The_Good_Shepherd_65,Count 1 lost sheep found with great joy!,gs_count2.webp,audio_gs8.mp3,1,1,2,3,,🐑,1,,,,,,,
count_objects,PP1-CRE-X.65_Jesus_The_Good_Shepherd_65,Count 3 shepherd staffs protecting sheep!,gs_count3.webp,audio_gs9.mp3,1,3,1,4,,🦯,3,,,,,,,
speak_repeat,PP1-CRE-X.65_Jesus_The_Good_Shepherd_65,Say out loud clearly: JESUS IS MY GOOD SHEPHERD!,speak_gs1.webp,audio_gs10.mp3,1,Jesus Is My Good Shepherd,,,,,,Jesus Is My Good Shepherd,,,,,,,
speak_repeat,PP1-CRE-X.65_Jesus_The_Good_Shepherd_65,Say out loud clearly: THE LORD IS MY SHEPHERD I SHALL NOT WANT!,speak_gs2.webp,audio_gs11.mp3,1,The Lord Is My Shepherd I Shall Not Want,,,,,,The Lord Is My Shepherd I Shall Not Want,,,,,,,
matching,PP1-CRE-X.65_Jesus_The_Good_Shepherd_65,Match Shepherd story items!,,,1,,,,,,,,Shepherd 🦯,1,Sheep 🐑,2,Grass 🌿,3
matching,PP1-CRE-X.65_Jesus_The_Good_Shepherd_65,Match care symbols!,,,1,,,,,,,,Heart ❤️,1,Staff 🦯,2,Cross ✝️,3
multiple_choice,PP1-CRE-X.66_Miracles_of_Jesus_Showdown_66,Jesus fed 5000 people with 5 loaves and 2...?,mj_q1.webp,audio_mj1.mp3,1,FISH,APPLES,CAKES,,,1,,,,,,,
multiple_choice,PP1-CRE-X.66_Miracles_of_Jesus_Showdown_66,When a big storm hit the sea, Jesus said...?,mj_q2.webp,audio_mj2.mp3,1,PEACE BE STILL,BLOW HARD,RAIN MORE,,,1,,,,,,,
multiple_choice,PP1-CRE-X.66_Miracles_of_Jesus_Showdown_66,Jesus walked on top of the sea...?,mj_q3.webp,audio_mj3.mp3,1,WATER,SAND,BOATS,,,1,,,,,,,
multiple_choice,PP1-CRE-X.66_Miracles_of_Jesus_Showdown_66,Jesus performed miracles by God's great...?,mj_q4.webp,audio_mj4.mp3,1,POWER,LUCK,MAGIC,,,1,,,,,,,
multiple_choice,PP1-CRE-X.66_Miracles_of_Jesus_Showdown_66,Jesus made blind people see and lame people...?,mj_q5.webp,audio_mj5.mp3,1,WALK,SLEEP,FALL,,,1,,,,,,,
multiple_choice,PP1-CRE-X.66_Miracles_of_Jesus_Showdown_66,Jesus' miracles show us that He is the Son of...?,mj_q6.webp,audio_mj6.mp3,1,GOD,KINGS,SOLDIERS,,,1,,,,,,,
count_objects,PP1-CRE-X.66_Miracles_of_Jesus_Showdown_66,Count 2 fish given by the little boy!,mj_count1.webp,audio_mj7.mp3,1,2,1,3,,🐟,2,,,,,,,
count_objects,PP1-CRE-X.66_Miracles_of_Jesus_Showdown_66,Count 5 bread loaves blessed by Jesus!,mj_count2.webp,audio_mj8.mp3,1,5,3,4,,🍞,5,,,,,,,
count_objects,PP1-CRE-X.66_Miracles_of_Jesus_Showdown_66,Count 3 calm waves after the storm stopped!,mj_count3.webp,audio_mj9.mp3,1,3,1,4,,🌊,3,,,,,,,
speak_repeat,PP1-CRE-X.66_Miracles_of_Jesus_Showdown_66,Say out loud clearly: JESUS HAS POWER OVER ALL STORMS!,speak_mj1.webp,audio_mj10.mp3,1,Jesus Has Power Over All Storms,,,,,,Jesus Has Power Over All Storms,,,,,,,
speak_repeat,PP1-CRE-X.66_Miracles_of_Jesus_Showdown_66,Say out loud clearly: JESUS PERFORMS WONDERFUL MIRACLES!,speak_mj2.webp,audio_mj11.mp3,1,Jesus Performs Wonderful Miracles,,,,,,Jesus Performs Wonderful Miracles,,,,,,,
matching,PP1-CRE-X.66_Miracles_of_Jesus_Showdown_66,Match miracle elements!,,,1,,,,,,,,Bread 🍞,1,Fish 🐟,2,Wave 🌊,3
matching,PP1-CRE-X.66_Miracles_of_Jesus_Showdown_66,Match Jesus' miracle power!,,,1,,,,,,,,Calm storm ⛵,1,Feed 5000 🍞,2,Heal sick 🙏,3
multiple_choice,PP1-CRE-X.67_Church_and_Worship_Fellowship_67,Where do Christians gather to pray and praise God?,cw_q1.webp,audio_cw1.mp3,1,CHURCH,MARKET,PARK,,,1,,,,,,,
multiple_choice,PP1-CRE-X.67_Church_and_Worship_Fellowship_67,On Sunday morning we go to church for...?,cw_q2.webp,audio_cw2.mp3,1,WORSHIP,SHOPPING,RACING,,,1,,,,,,,
multiple_choice,PP1-CRE-X.67_Church_and_Worship_Fellowship_67,In Sunday school we learn stories from the Holy...?,cw_q3.webp,audio_cw3.mp3,1,BIBLE,PAPER,CHART,,,1,,,,,,,
multiple_choice,PP1-CRE-X.67_Church_and_Worship_Fellowship_67,Singing together in church is called...?,cw_q4.webp,audio_cw4.mp3,1,FELLOWSHIP,SLEEPING,RUNNING,,,1,,,,,,,
multiple_choice,PP1-CRE-X.67_Church_and_Worship_Fellowship_67,The church is the house of...?,cw_q5.webp,audio_cw5.mp3,1,GOD,KINGS,PILOTS,,,1,,,,,,,
multiple_choice,PP1-CRE-X.67_Church_and_Worship_Fellowship_67,We clap and sing songs to worship...?,cw_q6.webp,audio_cw6.mp3,1,GOD,TREES,DOORS,,,1,,,,,,,
count_objects,PP1-CRE-X.67_Church_and_Worship_Fellowship_67,Count 3 church buildings of worship!,cw_count1.webp,audio_cw7.mp3,1,3,1,4,,⛪,3,,,,,,,
count_objects,PP1-CRE-X.67_Church_and_Worship_Fellowship_67,Count 5 Bibles read in Sunday school!,cw_count2.webp,audio_cw8.mp3,1,5,3,4,,📖,5,,,,,,,
count_objects,PP1-CRE-X.67_Church_and_Worship_Fellowship_67,Count 4 happy kids singing in church!,cw_count3.webp,audio_cw9.mp3,1,4,2,5,,😃,4,,,,,,,
speak_repeat,PP1-CRE-X.67_Church_and_Worship_Fellowship_67,Say out loud clearly: I WAS GLAD WHEN THEY SAID LET US GO TO GOD'S HOUSE!,speak_cw1.webp,audio_cw10.mp3,1,I Was Glad When They Said Let Us Go To God's House,,,,,,I Was Glad When They Said Let Us Go To God's House,,,,,,,
speak_repeat,PP1-CRE-X.67_Church_and_Worship_Fellowship_67,Say out loud clearly: WORSHIP GOD WITH FELLOWSHIP AND JOY!,speak_cw2.webp,audio_cw11.mp3,1,Worship God With Fellowship And Joy,,,,,,Worship God With Fellowship And Joy,,,,,,,
matching,PP1-CRE-X.67_Church_and_Worship_Fellowship_67,Match church fellowship symbols!,,,1,,,,,,,,Church ⛪,1,Bible 📖,2,Pray 🙏,3
matching,PP1-CRE-X.67_Church_and_Worship_Fellowship_67,Match worship items!,,,1,,,,,,,,Cross ✝️,1,Music 🎵,2,Heart ❤️,3
multiple_choice,PP1-CRE-X.68_PP1_CRE_Curriculum_Review_68,Who created the sky, earth, and ocean?,cr_q1.webp,audio_cr1.mp3,1,GOD,PEOPLE,WINDS,,,1,,,,,,,
multiple_choice,PP1-CRE-X.68_PP1_CRE_Curriculum_Review_68,Who is the Good Shepherd who loves us?,cr_q2.webp,audio_cr2.mp3,1,JESUS,KINGS,GUARDS,,,1,,,,,,,
multiple_choice,PP1-CRE-X.68_PP1_CRE_Curriculum_Review_68,What holy book guides our path to God?,cr_q3.webp,audio_cr3.mp3,1,BIBLE,PAPER,MAP,,,1,,,,,,,
multiple_choice,PP1-CRE-X.68_PP1_CRE_Curriculum_Review_68,Talking to God morning, noon, and night is...?,cr_q4.webp,audio_cr4.mp3,1,PRAYER,SLEEPING,RUNNING,,,1,,,,,,,
multiple_choice,PP1-CRE-X.68_PP1_CRE_Curriculum_Review_68,Jesus taught us to love our...?,cr_q5.webp,audio_cr5.mp3,1,NEIGHBOR,TOYS,CARS,,,1,,,,,,,
multiple_choice,PP1-CRE-X.68_PP1_CRE_Curriculum_Review_68,God protects us day and...?,cr_q6.webp,audio_cr6.mp3,1,NIGHT,RAIN,STORM,,,1,,,,,,,
count_objects,PP1-CRE-X.68_PP1_CRE_Curriculum_Review_68,Count 5 Bible review crowns!,cr_count1.webp,audio_cr7.mp3,1,5,3,4,,👑,5,,,,,,,
count_objects,PP1-CRE-X.68_PP1_CRE_Curriculum_Review_68,Count 4 praying hands!,cr_count2.webp,audio_cr8.mp3,1,4,2,3,,🙏,4,,,,,,,
count_objects,PP1-CRE-X.68_PP1_CRE_Curriculum_Review_68,Count 3 holy crosses!,cr_count3.webp,audio_cr9.mp3,1,3,1,5,,✝️,3,,,,,,,
speak_repeat,PP1-CRE-X.68_PP1_CRE_Curriculum_Review_68,Say out loud clearly: PP1 CRE CURRICULUM REVIEW SUCCESS!,speak_cr1.webp,audio_cr10.mp3,1,PP1 CRE Curriculum Review Success,,,,,,PP1 CRE Curriculum Review Success,,,,,,,
speak_repeat,PP1-CRE-X.68_PP1_CRE_Curriculum_Review_68,Say out loud clearly: GOD IS GOOD ALL THE TIME!,speak_cr2.webp,audio_cr11.mp3,1,God Is Good All The Time,,,,,,God Is Good All The Time,,,,,,,
matching,PP1-CRE-X.68_PP1_CRE_Curriculum_Review_68,Match review domains!,,,1,,,,,,,,Creator,GOD,Shepherd,JESUS,Word,BIBLE
matching,PP1-CRE-X.68_PP1_CRE_Curriculum_Review_68,Match review symbols!,,,1,,,,,,,,Crown 👑,1,Cross ✝️,2,Pray 🙏,3
multiple_choice,PP1-CRE-X.69_PP1_CRE_Ultimate_Challenge_69,Who saved Noah and animals in the ark?,uc_q1.webp,audio_uc1.mp3,1,GOD,KINGS,SAILORS,,,1,,,,,,,
multiple_choice,PP1-CRE-X.69_PP1_CRE_Ultimate_Challenge_69,Who protected Daniel in the lion's den?,uc_q2.webp,audio_uc2.mp3,1,GOD,GUARDS,SOLDIERS,,,1,,,,,,,
multiple_choice,PP1-CRE-X.69_PP1_CRE_Ultimate_Challenge_69,Who gives young David courage against giants?,uc_q3.webp,audio_uc3.mp3,1,GOD,ARMOR,SWORDS,,,1,,,,,,,
multiple_choice,PP1-CRE-X.69_PP1_CRE_Ultimate_Challenge_69,What shield protects us in the armor of God?,uc_q4.webp,audio_uc4.mp3,1,FAITH,FEAR,DOUBT,,,1,,,,,,,
multiple_choice,PP1-CRE-X.69_PP1_CRE_Ultimate_Challenge_69,Where do we gather on Sunday to worship God?,uc_q5.webp,audio_uc5.mp3,1,CHURCH,MARKET,PARK,,,1,,,,,,,
multiple_choice,PP1-CRE-X.69_PP1_CRE_Ultimate_Challenge_69,Who performs miracles and calms sea storms?,uc_q6.webp,audio_uc6.mp3,1,JESUS,PILATE,HEROD,,,1,,,,,,,
count_objects,PP1-CRE-X.69_PP1_CRE_Ultimate_Challenge_69,Count 5 ultimate challenge gold medals!,uc_count1.webp,audio_uc7.mp3,1,5,3,4,,🥇,5,,,,,,,
count_objects,PP1-CRE-X.69_PP1_CRE_Ultimate_Challenge_69,Count 3 star trophies of faith!,uc_count2.webp,audio_uc8.mp3,1,3,1,4,,🏆,3,,,,,,,
count_objects,PP1-CRE-X.69_PP1_CRE_Ultimate_Challenge_69,Count 4 victory shields!,uc_count3.webp,audio_uc9.mp3,1,4,2,5,,🛡️,4,,,,,,,
speak_repeat,PP1-CRE-X.69_PP1_CRE_Ultimate_Challenge_69,Say out loud clearly: I PASSED THE ULTIMATE CRE CHALLENGE!,speak_uc1.webp,audio_uc10.mp3,1,I Passed The Ultimate CRE Challenge,,,,,,I Passed The Ultimate CRE Challenge,,,,,,,
speak_repeat,PP1-CRE-X.69_PP1_CRE_Ultimate_Challenge_69,Say out loud clearly: TRUST AND OBEY GOD EVERY DAY!,speak_uc2.webp,audio_uc11.mp3,1,Trust And Obey God Every Day,,,,,,Trust And Obey God Every Day,,,,,,,
matching,PP1-CRE-X.69_PP1_CRE_Ultimate_Challenge_69,Match ultimate heroes!,,,1,,,,,,,,Noah ⛵,1,Daniel 🦁,2,David 🪨,3
matching,PP1-CRE-X.69_PP1_CRE_Ultimate_Challenge_69,Match ultimate symbols!,,,1,,,,,,,,Shield 🛡️,1,Cross ✝️,2,Trophy 🏆,3
multiple_choice,PP1-CRE-X.70_PP1_CRE_Grand_Champion_70,Who created all big and small things in heaven and earth?,gc_q1.webp,audio_gc1.mp3,1,GOD,KINGS,PEOPLE,,,1,,,,,,,
multiple_choice,PP1-CRE-X.70_PP1_CRE_Grand_Champion_70,Who is our Savior, Teacher, and Best Friend?,gc_q2.webp,audio_gc2.mp3,1,JESUS,GUARDS,SOLDIERS,,,1,,,,,,,
multiple_choice,PP1-CRE-X.70_PP1_CRE_Grand_Champion_70,What holy book teaches us God's true words?,gc_q3.webp,audio_gc3.mp3,1,BIBLE,PAPER,MAP,,,1,,,,,,,
multiple_choice,PP1-CRE-X.70_PP1_CRE_Grand_Champion_70,How do we speak to God with love every day?,gc_q4.webp,audio_gc4.mp3,1,PRAYER,SLEEPING,RUNNING,,,1,,,,,,,
multiple_choice,PP1-CRE-X.70_PP1_CRE_Grand_Champion_70,Love, kindness, and sharing bring glory to...?,gc_q5.webp,audio_gc5.mp3,1,GOD,NOBODY,BAD,,,1,,,,,,,
multiple_choice,PP1-CRE-X.70_PP1_CRE_Grand_Champion_70,We praise God now and forever because God is...?,gc_q6.webp,audio_gc6.mp3,1,LOVE,FEAR,SADNESS,,,1,,,,,,,
count_objects,PP1-CRE-X.70_PP1_CRE_Grand_Champion_70,Count 5 grand champion star trophies!,gc_count1.webp,audio_gc7.mp3,1,5,3,4,,🏆,5,,,,,,,
count_objects,PP1-CRE-X.70_PP1_CRE_Grand_Champion_70,Count 4 grand champion gold medals!,gc_count2.webp,audio_gc8.mp3,1,4,2,5,,🥇,4,,,,,,,
count_objects,PP1-CRE-X.70_PP1_CRE_Grand_Champion_70,Count 3 grand champion crowns!,gc_count3.webp,audio_gc9.mp3,1,3,1,4,,👑,3,,,,,,,
speak_repeat,PP1-CRE-X.70_PP1_CRE_Grand_Champion_70,Say out loud clearly: I AM A PP1 CRE GRAND CHAMPION!,speak_gc1.webp,audio_gc10.mp3,1,I Am A PP1 CRE Grand Champion,,,,,,I Am A PP1 CRE Grand Champion,,,,,,,
speak_repeat,PP1-CRE-X.70_PP1_CRE_Grand_Champion_70,Say out loud clearly: SEVENTY MISSIONS OF CRE GRADUATION SUCCESS!,speak_gc2.webp,audio_gc11.mp3,1,Seventy Missions Of CRE Graduation Success,,,,,,Seventy Missions Of CRE Graduation Success,,,,,,,
matching,PP1-CRE-X.70_PP1_CRE_Grand_Champion_70,Match grand champion domains!,,,1,,,,,,,,God,CREATOR,Jesus,SHEPHERD,Bible,WORD
matching,PP1-CRE-X.70_PP1_CRE_Grand_Champion_70,Match grand champion graduation symbols!,,,1,,,,,,,,Trophy 🏆,CHAMPION,Medal 🥇,WINNER,Crown 👑,GRADUATION




question_type,lesson_title,prompt,prompt_image,prompt_audio,correct_answer,option_1,option_2,option_3,option_4,count_emoji_or_image,target_count,target_word,pair_1_left,pair_1_right,pair_2_left,pair_2_right,pair_3_left,pair_3_right
multiple_choice,PP1-ENG-1.1.1_Letter_A_Phonics_Safari,Which letter makes the /a/ sound in Apple?,a_q1.webp,audio_a1.mp3,1,A,B,C,,,1,,,,,,,
multiple_choice,PP1-ENG-1.1.1_Letter_A_Phonics_Safari,Which word begins with the letter A?,a_q2.webp,audio_a2.mp3,1,APPLE,BALL,CAT,,,1,,,,,,,
multiple_choice,PP1-ENG-1.1.1_Letter_A_Phonics_Safari,What letter does Ant start with?,a_q3.webp,audio_a3.mp3,1,A,D,E,,,1,,,,,,,
multiple_choice,PP1-ENG-1.1.1_Letter_A_Phonics_Safari,Find the picture word that starts with /a/!,a_q4.webp,audio_a4.mp3,1,AXE,DOG,EGG,,,1,,,,,,,
multiple_choice,PP1-ENG-1.1.1_Letter_A_Phonics_Safari,Which letter is a big uppercase A?,a_q5.webp,audio_a5.mp3,1,A,a,b,,,1,,,,,,,
multiple_choice,PP1-ENG-1.1.1_Letter_A_Phonics_Safari,Which letter is a small lowercase a?,a_q6.webp,audio_a6.mp3,1,a,A,B,,,1,,,,,,,
count_objects,PP1-ENG-1.1.1_Letter_A_Phonics_Safari,Count 3 red apples on the A safari tree!,a_count1.webp,audio_a7.mp3,1,3,2,4,,🍎,3,,,,,,,
count_objects,PP1-ENG-1.1.1_Letter_A_Phonics_Safari,Count 5 small ants marching on the A track!,a_count2.webp,audio_a8.mp3,1,5,3,4,,🐜,5,,,,,,,
count_objects,PP1-ENG-1.1.1_Letter_A_Phonics_Safari,Count 2 axes used on the safari!,a_count3.webp,audio_a9.mp3,1,2,1,3,,UT,2,,,,,,,
speak_repeat,PP1-ENG-1.1.1_Letter_A_Phonics_Safari,Say out loud clearly: A IS FOR APPLE /a/ /a/ APPLE!,speak_a1.webp,audio_a10.mp3,1,A Is For Apple /a/ /a/ Apple,,,,,,A Is For Apple /a/ /a/ Apple,,,,,,,
speak_repeat,PP1-ENG-1.1.1_Letter_A_Phonics_Safari,Say out loud clearly: ANT AND AXE START WITH A!,speak_a2.webp,audio_a11.mp3,1,Ant And Axe Start With A,,,,,,Ant And Axe Start With A,,,,,,,
matching,PP1-ENG-1.1.1_Letter_A_Phonics_Safari,Match letter A words!,,,1,,,,,,,,Apple 🍎,A,Ant 🐜,A,Axe 🪓,A
matching,PP1-ENG-1.1.1_Letter_A_Phonics_Safari,Match uppercase and lowercase A!,,,1,,,,,,,,A,a,A,A,a,a
multiple_choice,PP1-ENG-1.2.2_Letter_B_Phonics_Safari,Which letter makes the /b/ sound in Ball?,b_q1.webp,audio_b1.mp3,1,B,A,C,,,1,,,,,,,
multiple_choice,PP1-ENG-1.2.2_Letter_B_Phonics_Safari,Which word starts with the letter B?,b_q2.webp,audio_b2.mp3,1,BALL,APPLE,CAT,,,1,,,,,,,
multiple_choice,PP1-ENG-1.2.2_Letter_B_Phonics_Safari,What letter does Bear start with?,b_q3.webp,audio_b3.mp3,1,B,D,E,,,1,,,,,,,
multiple_choice,PP1-ENG-1.2.2_Letter_B_Phonics_Safari,Find the yellow fruit starting with letter B!,b_q4.webp,audio_b4.mp3,1,BANANA,APPLE,EGG,,,1,,,,,,,
multiple_choice,PP1-ENG-1.2.2_Letter_B_Phonics_Safari,Which letter is uppercase B?,b_q5.webp,audio_b5.mp3,1,B,b,a,,,1,,,,,,,
multiple_choice,PP1-ENG-1.2.2_Letter_B_Phonics_Safari,Which letter is lowercase b?,b_q6.webp,audio_b6.mp3,1,b,B,A,,,1,,,,,,,
count_objects,PP1-ENG-1.2.2_Letter_B_Phonics_Safari,Count 4 bouncy balls on the B path!,b_count1.webp,audio_b7.mp3,1,4,2,3,,⚽,4,,,,,,,
count_objects,PP1-ENG-1.2.2_Letter_B_Phonics_Safari,Count 2 brown bears on safari!,b_count2.webp,audio_b8.mp3,1,2,1,3,,🐻,2,,,,,,,
count_objects,PP1-ENG-1.2.2_Letter_B_Phonics_Safari,Count 5 sweet bananas!,b_count3.webp,audio_b9.mp3,1,5,3,4,,🍌,5,,,,,,,
speak_repeat,PP1-ENG-1.2.2_Letter_B_Phonics_Safari,Say out loud clearly: B IS FOR BALL /b/ /b/ BALL!,speak_b1.webp,audio_b10.mp3,1,B Is For Ball /b/ /b/ Ball,,,,,,B Is For Ball /b/ /b/ Ball,,,,,,,
speak_repeat,PP1-ENG-1.2.2_Letter_B_Phonics_Safari,Say out loud clearly: BEAR AND BANANA START WITH B!,speak_b2.webp,audio_b11.mp3,1,Bear And Banana Start With B,,,,,,Bear And Banana Start With B,,,,,,,
matching,PP1-ENG-1.2.2_Letter_B_Phonics_Safari,Match letter B words!,,,1,,,,,,,,Ball ⚽,B,Bear 🐻,B,Banana 🍌,B
matching,PP1-ENG-1.2.2_Letter_B_Phonics_Safari,Match letter B pairs!,,,1,,,,,,,,B,b,B,B,b,b
multiple_choice,PP1-ENG-1.1.3_Letter_C_Phonics_Safari,Which letter makes the /c/ sound in Cat?,c_q1.webp,audio_c1.mp3,1,C,A,B,,,1,,,,,,,
multiple_choice,PP1-ENG-1.1.3_Letter_C_Phonics_Safari,Which word begins with the letter C?,c_q2.webp,audio_c2.mp3,1,CAT,BALL,DOG,,,1,,,,,,,
multiple_choice,PP1-ENG-1.1.3_Letter_C_Phonics_Safari,What letter does Car start with?,c_q3.webp,audio_c3.mp3,1,C,B,D,,,1,,,,,,,
multiple_choice,PP1-ENG-1.1.3_Letter_C_Phonics_Safari,Which drink container starts with letter C?,c_q4.webp,audio_c4.mp3,1,CUP,BALL,EGG,,,1,,,,,,,
multiple_choice,PP1-ENG-1.1.3_Letter_C_Phonics_Safari,Which letter is uppercase C?,c_q5.webp,audio_c5.mp3,1,C,c,a,,,1,,,,,,,
multiple_choice,PP1-ENG-1.1.3_Letter_C_Phonics_Safari,Which letter is lowercase c?,c_q6.webp,audio_c6.mp3,1,c,C,B,,,1,,,,,,,
count_objects,PP1-ENG-1.1.3_Letter_C_Phonics_Safari,Count 3 cute cats on safari!,c_count1.webp,audio_c7.mp3,1,3,2,4,,🐱,3,,,,,,,
count_objects,PP1-ENG-1.1.3_Letter_C_Phonics_Safari,Count 4 red cars on the C track!,c_count2.webp,audio_c8.mp3,1,4,2,5,,🚗,4,,,,,,,
count_objects,PP1-ENG-1.1.3_Letter_C_Phonics_Safari,Count 2 tea cups!,c_count3.webp,audio_c9.mp3,1,2,1,3,,☕,2,,,,,,,
speak_repeat,PP1-ENG-1.1.3_Letter_C_Phonics_Safari,Say out loud clearly: C IS FOR CAT /c/ /c/ CAT!,speak_c1.webp,audio_c10.mp3,1,C Is For Cat /c/ /c/ Cat,,,,,,C Is For Cat /c/ /c/ Cat,,,,,,,
speak_repeat,PP1-ENG-1.1.3_Letter_C_Phonics_Safari,Say out loud clearly: CAR AND CUP START WITH C!,speak_c2.webp,audio_c11.mp3,1,Car And Cup Start With C,,,,,,Car And Cup Start With C,,,,,,,
matching,PP1-ENG-1.1.3_Letter_C_Phonics_Safari,Match letter C words!,,,1,,,,,,,,Cat 🐱,C,Car 🚗,C,Cup ☕,C
matching,PP1-ENG-1.1.3_Letter_C_Phonics_Safari,Match letter C forms!,,,1,,,,,,,,C,c,C,C,c,c
multiple_choice,PP1-ENG-1.1.4_Letter_D_Phonics_Safari,Which letter makes the /d/ sound in Dog?,d_q1.webp,audio_d1.mp3,1,D,B,C,,,1,,,,,,,
multiple_choice,PP1-ENG-1.1.4_Letter_D_Phonics_Safari,Which word begins with the letter D?,d_q2.webp,audio_d2.mp3,1,DOG,CAT,BALL,,,1,,,,,,,
multiple_choice,PP1-ENG-1.1.4_Letter_D_Phonics_Safari,What letter does Duck start with?,d_q3.webp,audio_d3.mp3,1,D,A,C,,,1,,,,,,,
multiple_choice,PP1-ENG-1.1.4_Letter_D_Phonics_Safari,Which musical instrument starts with letter D?,d_q4.webp,audio_d4.mp3,1,DRUM,BALL,CUP,,,1,,,,,,,
multiple_choice,PP1-ENG-1.1.4_Letter_D_Phonics_Safari,Which letter is uppercase D?,d_q5.webp,audio_d5.mp3,1,D,d,b,,,1,,,,,,,
multiple_choice,PP1-ENG-1.1.4_Letter_D_Phonics_Safari,Which letter is lowercase d?,d_q6.webp,audio_d6.mp3,1,d,D,b,,,1,,,,,,,
count_objects,PP1-ENG-1.1.4_Letter_D_Phonics_Safari,Count 3 friendly dogs on safari!,d_count1.webp,audio_d7.mp3,1,3,2,4,,🐶,3,,,,,,,
count_objects,PP1-ENG-1.1.4_Letter_D_Phonics_Safari,Count 5 yellow ducks swimming!,d_count2.webp,audio_d8.mp3,1,5,3,4,,🦆,5,,,,,,,
count_objects,PP1-ENG-1.1.4_Letter_D_Phonics_Safari,Count 2 loud drums!,d_count3.webp,audio_d9.mp3,1,2,1,3,,🥁,2,,,,,,,
speak_repeat,PP1-ENG-1.1.4_Letter_D_Phonics_Safari,Say out loud clearly: D IS FOR DOG /d/ /d/ DOG!,speak_d1.webp,audio_d10.mp3,1,D Is For Dog /d/ /d/ Dog,,,,,,D Is For Dog /d/ /d/ Dog,,,,,,,
speak_repeat,PP1-ENG-1.1.4_Letter_D_Phonics_Safari,Say out loud clearly: DUCK AND DRUM START WITH D!,speak_d2.webp,audio_d11.mp3,1,Duck And Drum Start With D,,,,,,Duck And Drum Start With D,,,,,,,
matching,PP1-ENG-1.1.4_Letter_D_Phonics_Safari,Match letter D words!,,,1,,,,,,,,Dog 🐶,D,Duck 🦆,D,Drum 🥁,D
matching,PP1-ENG-1.1.4_Letter_D_Phonics_Safari,Match letter D forms!,,,1,,,,,,,,D,d,D,D,d,d
multiple_choice,PP1-ENG-1.1.5_Letter_E_Phonics_Safari,Which letter makes the /e/ sound in Egg?,e_q1.webp,audio_e1.mp3,1,E,A,I,,,1,,,,,,,
multiple_choice,PP1-ENG-1.1.5_Letter_E_Phonics_Safari,Which word begins with the letter E?,e_q2.webp,audio_e2.mp3,1,EGG,DOG,CAT,,,1,,,,,,,
multiple_choice,PP1-ENG-1.1.5_Letter_E_Phonics_Safari,What letter does Elephant start with?,e_q3.webp,audio_e3.mp3,1,E,B,D,,,1,,,,,,,
multiple_choice,PP1-ENG-1.1.5_Letter_E_Phonics_Safari,Which body part starts with letter E?,e_q4.webp,audio_e4.mp3,1,ELBOW,HAND,FOOT,,,1,,,,,,,
multiple_choice,PP1-ENG-1.1.5_Letter_E_Phonics_Safari,Which letter is uppercase E?,e_q5.webp,audio_e5.mp3,1,E,e,a,,,1,,,,,,,
multiple_choice,PP1-ENG-1.1.5_Letter_E_Phonics_Safari,Which letter is lowercase e?,e_q6.webp,audio_e6.mp3,1,e,E,c,,,1,,,,,,,
count_objects,PP1-ENG-1.1.5_Letter_E_Phonics_Safari,Count 4 eggs in the nest!,e_count1.webp,audio_e7.mp3,1,4,2,3,,🥚,4,,,,,,,
count_objects,PP1-ENG-1.1.5_Letter_E_Phonics_Safari,Count 2 giant elephants on safari!,e_count2.webp,audio_e8.mp3,1,2,1,3,,🐘,2,,,,,,,
count_objects,PP1-ENG-1.1.5_Letter_E_Phonics_Safari,Count 3 elbows shown on kids!,e_count3.webp,audio_e9.mp3,1,3,2,4,,💪,3,,,,,,,
speak_repeat,PP1-ENG-1.1.5_Letter_E_Phonics_Safari,Say out loud clearly: E IS FOR EGG /e/ /e/ EGG!,speak_e1.webp,audio_e10.mp3,1,E Is For Egg /e/ /e/ Egg,,,,,,E Is For Egg /e/ /e/ Egg,,,,,,,
speak_repeat,PP1-ENG-1.1.5_Letter_E_Phonics_Safari,Say out loud clearly: ELEPHANT AND ELBOW START WITH E!,speak_e2.webp,audio_e11.mp3,1,Elephant And Elbow Start With E,,,,,,Elephant And Elbow Start With E,,,,,,,
matching,PP1-ENG-1.1.5_Letter_E_Phonics_Safari,Match letter E words!,,,1,,,,,,,,Egg 🥚,E,Elephant 🐘,E,Elbow 💪,E
matching,PP1-ENG-1.1.5_Letter_E_Phonics_Safari,Match letter E forms!,,,1,,,,,,,,E,e,E,E,e,e
multiple_choice,PP1-ENG-1.1.6_Letter_F_Phonics_Safari,Which letter makes the /f/ sound in Fish?,f_q1.webp,audio_f1.mp3,1,F,E,G,,,1,,,,,,,
multiple_choice,PP1-ENG-1.1.6_Letter_F_Phonics_Safari,Which word begins with the letter F?,f_q2.webp,audio_f2.mp3,1,FISH,DOG,EGG,,,1,,,,,,,
multiple_choice,PP1-ENG-1.1.6_Letter_F_Phonics_Safari,What letter does Frog start with?,f_q3.webp,audio_f3.mp3,1,F,B,D,,,1,,,,,,,
multiple_choice,PP1-ENG-1.1.6_Letter_F_Phonics_Safari,Which cooling item starts with letter F?,f_q4.webp,audio_f4.mp3,1,FAN,HAT,CUP,,,1,,,,,,,
multiple_choice,PP1-ENG-1.1.6_Letter_F_Phonics_Safari,Which letter is uppercase F?,f_q5.webp,audio_f5.mp3,1,F,f,e,,,1,,,,,,,
multiple_choice,PP1-ENG-1.1.6_Letter_F_Phonics_Safari,Which letter is lowercase f?,f_q6.webp,audio_f6.mp3,1,f,F,t,,,1,,,,,,,
count_objects,PP1-ENG-1.1.6_Letter_F_Phonics_Safari,Count 5 swimming fish!,f_count1.webp,audio_f7.mp3,1,5,3,4,,🐟,5,,,,,,,
count_objects,PP1-ENG-1.1.6_Letter_F_Phonics_Safari,Count 3 green frogs jumping!,f_count2.webp,audio_f8.mp3,1,3,2,4,,🐸,3,,,,,,,
count_objects,PP1-ENG-1.1.6_Letter_F_Phonics_Safari,Count 2 electric fans blowing breeze!,f_count3.webp,audio_f9.mp3,1,2,1,3,,🪭,2,,,,,,,
speak_repeat,PP1-ENG-1.1.6_Letter_F_Phonics_Safari,Say out loud clearly: F IS FOR FISH /f/ /f/ FISH!,speak_f1.webp,audio_f10.mp3,1,F Is For Fish /f/ /f/ Fish,,,,,,F Is For Fish /f/ /f/ Fish,,,,,,,
speak_repeat,PP1-ENG-1.1.6_Letter_F_Phonics_Safari,Say out loud clearly: FROG AND FAN START WITH F!,speak_f2.webp,audio_f11.mp3,1,Frog And Fan Start With F,,,,,,Frog And Fan Start With F,,,,,,,
matching,PP1-ENG-1.1.6_Letter_F_Phonics_Safari,Match letter F words!,,,1,,,,,,,,Fish 🐟,F,Frog 🐸,F,Fan 🪭,F
matching,PP1-ENG-1.1.6_Letter_F_Phonics_Safari,Match letter F forms!,,,1,,,,,,,,F,f,F,F,f,f
multiple_choice,PP1-ENG-1.1.7_Letter_G_Phonics_Safari,Which letter makes the /g/ sound in Goat?,g_q1.webp,audio_g1.mp3,1,G,C,F,,,1,,,,,,,
multiple_choice,PP1-ENG-1.1.7_Letter_G_Phonics_Safari,Which word begins with the letter G?,g_q2.webp,audio_g2.mp3,1,GOAT,FISH,DOG,,,1,,,,,,,
multiple_choice,PP1-ENG-1.1.7_Letter_G_Phonics_Safari,What letter does Girl start with?,g_q3.webp,audio_g3.mp3,1,G,B,D,,,1,,,,,,,
multiple_choice,PP1-ENG-1.1.7_Letter_G_Phonics_Safari,Which garden fence door starts with letter G?,g_q4.webp,audio_g4.mp3,1,GATE,HOUSE,FAN,,,1,,,,,,,
multiple_choice,PP1-ENG-1.1.7_Letter_G_Phonics_Safari,Which letter is uppercase G?,g_q5.webp,audio_g5.mp3,1,G,g,c,,,1,,,,,,,
multiple_choice,PP1-ENG-1.1.7_Letter_G_Phonics_Safari,Which letter is lowercase g?,g_q6.webp,audio_g6.mp3,1,g,G,q,,,1,,,,,,,
count_objects,PP1-ENG-1.1.7_Letter_G_Phonics_Safari,Count 3 safari goats eating grass!,g_count1.webp,audio_g7.mp3,1,3,2,4,,🐐,3,,,,,,,
count_objects,PP1-ENG-1.1.7_Letter_G_Phonics_Safari,Count 4 smiling girls on safari!,g_count2.webp,audio_g8.mp3,1,4,2,5,,👧,4,,,,,,,
count_objects,PP1-ENG-1.1.7_Letter_G_Phonics_Safari,Count 2 wooden gates!,g_count3.webp,audio_g9.mp3,1,2,1,3,,⛩️,2,,,,,,,
speak_repeat,PP1-ENG-1.1.7_Letter_G_Phonics_Safari,Say out loud clearly: G IS FOR GOAT /g/ /g/ GOAT!,speak_g1.webp,audio_g10.mp3,1,G Is For Goat /g/ /g/ Goat,,,,,,G Is For Goat /g/ /g/ Goat,,,,,,,
speak_repeat,PP1-ENG-1.1.7_Letter_G_Phonics_Safari,Say out loud clearly: GIRL AND GATE START WITH G!,speak_g2.webp,audio_g11.mp3,1,Girl And Gate Start With G,,,,,,Girl And Gate Start With G,,,,,,,
matching,PP1-ENG-1.1.7_Letter_G_Phonics_Safari,Match letter G words!,,,1,,,,,,,,Goat 🐐,G,Girl 👧,G,Gate ⛩️,G
matching,PP1-ENG-1.1.7_Letter_G_Phonics_Safari,Match letter G forms!,,,1,,,,,,,,G,g,G,G,g,g
multiple_choice,PP1-ENG-1.1.8_Letter_H_Phonics_Safari,Which letter makes the /h/ sound in Hat?,h_q1.webp,audio_h1.mp3,1,H,F,G,,,1,,,,,,,
multiple_choice,PP1-ENG-1.1.8_Letter_H_Phonics_Safari,Which word begins with the letter H?,h_q2.webp,audio_h2.mp3,1,HAT,GOAT,CAT,,,1,,,,,,,
multiple_choice,PP1-ENG-1.1.8_Letter_H_Phonics_Safari,What letter does House start with?,h_q3.webp,audio_h3.mp3,1,H,B,D,,,1,,,,,,,
multiple_choice,PP1-ENG-1.1.8_Letter_H_Phonics_Safari,Which farm bird starts with letter H?,h_q4.webp,audio_h4.mp3,1,HEN,DUCK,FISH,,,1,,,,,,,
multiple_choice,PP1-ENG-1.1.8_Letter_H_Phonics_Safari,Which letter is uppercase H?,h_q5.webp,audio_h5.mp3,1,H,h,n,,,1,,,,,,,
multiple_choice,PP1-ENG-1.1.8_Letter_H_Phonics_Safari,Which letter is lowercase h?,h_q6.webp,audio_h6.mp3,1,h,H,n,,,1,,,,,,,
count_objects,PP1-ENG-1.1.8_Letter_H_Phonics_Safari,Count 4 sun hats worn on safari!,h_count1.webp,audio_h7.mp3,1,4,2,3,,👒,4,,,,,,,
count_objects,PP1-ENG-1.1.8_Letter_H_Phonics_Safari,Count 2 safari houses!,h_count2.webp,audio_h8.mp3,1,2,1,3,,🏠,2,,,,,,,
count_objects,PP1-ENG-1.1.8_Letter_H_Phonics_Safari,Count 5 farm hens scratching dirt!,h_count3.webp,audio_h9.mp3,1,5,3,4,,🐔,5,,,,,,,
speak_repeat,PP1-ENG-1.1.8_Letter_H_Phonics_Safari,Say out loud clearly: H IS FOR HAT /h/ /h/ HAT!,speak_h1.webp,audio_h10.mp3,1,H Is For Hat /h/ /h/ Hat,,,,,,H Is For Hat /h/ /h/ Hat,,,,,,,
speak_repeat,PP1-ENG-1.1.8_Letter_H_Phonics_Safari,Say out loud clearly: HOUSE AND HEN START WITH H!,speak_h2.webp,audio_h11.mp3,1,House And Hen Start With H,,,,,,House And Hen Start With H,,,,,,,
matching,PP1-ENG-1.1.8_Letter_H_Phonics_Safari,Match letter H words!,,,1,,,,,,,,Hat 👒,H,House 🏠,H,Hen 🐔,H
matching,PP1-ENG-1.1.8_Letter_H_Phonics_Safari,Match letter H forms!,,,1,,,,,,,,H,h,H,H,h,h
multiple_choice,PP1-ENG-1.1.9_Letter_I_Phonics_Safari,Which letter makes the /i/ sound in Igloo?,i_q1.webp,audio_i1.mp3,1,I,E,A,,,1,,,,,,,
multiple_choice,PP1-ENG-1.1.9_Letter_I_Phonics_Safari,Which word begins with the letter I?,i_q2.webp,audio_i2.mp3,1,IGLOO,HAT,DOG,,,1,,,,,,,
multiple_choice,PP1-ENG-1.1.9_Letter_I_Phonics_Safari,What letter does Insect start with?,i_q3.webp,audio_i3.mp3,1,I,H,E,,,1,,,,,,,
multiple_choice,PP1-ENG-1.1.9_Letter_I_Phonics_Safari,Which liquid for writing starts with letter I?,i_q4.webp,audio_i4.mp3,1,INK,CUP,WATER,,,1,,,,,,,
multiple_choice,PP1-ENG-1.1.9_Letter_I_Phonics_Safari,Which letter is uppercase I?,i_q5.webp,audio_i5.mp3,1,I,i,l,,,1,,,,,,,
multiple_choice,PP1-ENG-1.1.9_Letter_I_Phonics_Safari,Which letter is lowercase i?,i_q6.webp,audio_i6.mp3,1,i,I,j,,,1,,,,,,,
count_objects,PP1-ENG-1.1.9_Letter_I_Phonics_Safari,Count 2 ice igloos!,i_count1.webp,audio_i7.mp3,1,2,1,3,,🛖,2,,,,,,,
count_objects,PP1-ENG-1.1.9_Letter_I_Phonics_Safari,Count 5 crawl insects on safari!,i_count2.webp,audio_i8.mp3,1,5,3,4,,🦗,5,,,,,,,
count_objects,PP1-ENG-1.1.9_Letter_I_Phonics_Safari,Count 3 ink bottles!,i_count3.webp,audio_i9.mp3,1,3,2,4,,🛢️,3,,,,,,,
speak_repeat,PP1-ENG-1.1.9_Letter_I_Phonics_Safari,Say out loud clearly: I IS FOR IGLOO /i/ /i/ IGLOO!,speak_i1.webp,audio_i10.mp3,1,I Is For Igloo /i/ /i/ Igloo,,,,,,I Is For Igloo /i/ /i/ Igloo,,,,,,,
speak_repeat,PP1-ENG-1.1.9_Letter_I_Phonics_Safari,Say out loud clearly: INSECT AND INK START WITH I!,speak_i2.webp,audio_i11.mp3,1,Insect And Ink Start With I,,,,,,Insect And Ink Start With I,,,,,,,
matching,PP1-ENG-1.1.9_Letter_I_Phonics_Safari,Match letter I words!,,,1,,,,,,,,Igloo 🛖,I,Insect 🦗,I,Ink 🛢️,I
matching,PP1-ENG-1.1.9_Letter_I_Phonics_Safari,Match letter I forms!,,,1,,,,,,,,I,i,I,I,i,i
multiple_choice,PP1-ENG-1.1.10_Letter_J_Phonics_Safari,Which letter makes the /j/ sound in Jug?,j_q1.webp,audio_j1.mp3,1,J,I,G,,,1,,,,,,,
multiple_choice,PP1-ENG-1.1.10_Letter_J_Phonics_Safari,Which word begins with the letter J?,j_q2.webp,audio_j2.mp3,1,JUG,IGLOO,HAT,,,1,,,,,,,
multiple_choice,PP1-ENG-1.1.10_Letter_J_Phonics_Safari,What letter does Jam start with?,j_q3.webp,audio_j3.mp3,1,J,G,H,,,1,,,,,,,
multiple_choice,PP1-ENG-1.1.10_Letter_J_Phonics_Safari,Which sweet treat starts with letter J?,j_q4.webp,audio_j4.mp3,1,JELLY,EGG,APPLE,,,1,,,,,,,
multiple_choice,PP1-ENG-1.1.10_Letter_J_Phonics_Safari,Which letter is uppercase J?,j_q5.webp,audio_j5.mp3,1,J,j,i,,,1,,,,,,,
multiple_choice,PP1-ENG-1.1.10_Letter_J_Phonics_Safari,Which letter is lowercase j?,j_q6.webp,audio_j6.mp3,1,j,J,i,,,1,,,,,,,
count_objects,PP1-ENG-1.1.10_Letter_J_Phonics_Safari,Count 3 water jugs on safari!,j_count1.webp,audio_j7.mp3,1,3,2,4,,🏺,3,,,,,,,
count_objects,PP1-ENG-1.1.10_Letter_J_Phonics_Safari,Count 4 sweet jam jars!,j_count2.webp,audio_j8.mp3,1,4,2,5,,🫙,4,,,,,,,
count_objects,PP1-ENG-1.1.10_Letter_J_Phonics_Safari,Count 2 jiggly jelly desserts!,j_count3.webp,audio_j9.mp3,1,2,1,3,,🍮,2,,,,,,,
speak_repeat,PP1-ENG-1.1.10_Letter_J_Phonics_Safari,Say out loud clearly: J IS FOR JUG /j/ /j/ JUG!,speak_j1.webp,audio_j10.mp3,1,J Is For Jug /j/ /j/ Jug,,,,,,J Is For Jug /j/ /j/ Jug,,,,,,,
speak_repeat,PP1-ENG-1.1.10_Letter_J_Phonics_Safari,Say out loud clearly: JAM AND JELLY START WITH J!,speak_j2.webp,audio_j11.mp3,1,Jam And Jelly Start With J,,,,,,Jam And Jelly Start With J,,,,,,,
matching,PP1-ENG-1.1.10_Letter_J_Phonics_Safari,Match letter J words!,,,1,,,,,,,,Jug 🏺,J,Jam 🫙,J,Jelly 🍮,J
matching,PP1-ENG-1.1.10_Letter_J_Phonics_Safari,Match letter J forms!,,,1,,,,,,,,J,j,J,J,j,j
multiple_choice,PP1-ENG-1.1.11_Letter_K_Phonics_Safari,Which letter makes the /k/ sound in Kite?,k_q1.webp,audio_k1.mp3,1,K,C,J,,,1,,,,,,,
multiple_choice,PP1-ENG-1.1.11_Letter_K_Phonics_Safari,Which word begins with the letter K?,k_q2.webp,audio_k2.mp3,1,KITE,JUG,CAT,,,1,,,,,,,
multiple_choice,PP1-ENG-1.1.11_Letter_K_Phonics_Safari,What letter does Kangaroo start with?,k_q3.webp,audio_k3.mp3,1,K,G,C,,,1,,,,,,,
multiple_choice,PP1-ENG-1.1.11_Letter_K_Phonics_Safari,Which royal leader starts with letter K?,k_q4.webp,audio_k4.mp3,1,KING,MAN,BOY,,,1,,,,,,,
multiple_choice,PP1-ENG-1.1.11_Letter_K_Phonics_Safari,Which letter is uppercase K?,k_q5.webp,audio_k5.mp3,1,K,k,h,,,1,,,,,,,
multiple_choice,PP1-ENG-1.1.11_Letter_K_Phonics_Safari,Which letter is lowercase k?,k_q6.webp,audio_k6.mp3,1,k,K,h,,,1,,,,,,,
count_objects,PP1-ENG-1.1.11_Letter_K_Phonics_Safari,Count 4 flying kites in the sky!,k_count1.webp,audio_k7.mp3,1,4,2,3,,🪁,4,,,,,,,
count_objects,PP1-ENG-1.1.11_Letter_K_Phonics_Safari,Count 2 jumping kangaroos on safari!,k_count2.webp,audio_k8.mp3,1,2,1,3,,🦘,2,,,,,,,
count_objects,PP1-ENG-1.1.11_Letter_K_Phonics_Safari,Count 3 kings with golden crowns!,k_count3.webp,audio_k9.mp3,1,3,2,4,,👑,3,,,,,,,
speak_repeat,PP1-ENG-1.1.11_Letter_K_Phonics_Safari,Say out loud clearly: K IS FOR KITE /k/ /k/ KITE!,speak_k1.webp,audio_k10.mp3,1,K Is For Kite /k/ /k/ Kite,,,,,,K Is For Kite /k/ /k/ Kite,,,,,,,
speak_repeat,PP1-ENG-1.1.11_Letter_K_Phonics_Safari,Say out loud clearly: KANGAROO AND KING START WITH K!,speak_k2.webp,audio_k11.mp3,1,Kangaroo And King Start With K,,,,,,Kangaroo And King Start With K,,,,,,,
matching,PP1-ENG-1.1.11_Letter_K_Phonics_Safari,Match letter K words!,,,1,,,,,,,,Kite 🪁,K,Kangaroo 🦘,K,King 👑,K
matching,PP1-ENG-1.1.11_Letter_K_Phonics_Safari,Match letter K forms!,,,1,,,,,,,,K,k,K,K,k,k
multiple_choice,PP1-ENG-1.1.12_Letter_L_Phonics_Safari,Which letter makes the /l/ sound in Lion?,l_q1.webp,audio_l1.mp3,1,L,I,K,,,1,,,,,,,
multiple_choice,PP1-ENG-1.1.12_Letter_L_Phonics_Safari,Which word begins with the letter L?,l_q2.webp,audio_l2.mp3,1,LION,KITE,DOG,,,1,,,,,,,
multiple_choice,PP1-ENG-1.1.12_Letter_L_Phonics_Safari,What letter does Leaf start with?,l_q3.webp,audio_l3.mp3,1,L,E,F,,,1,,,,,,,
multiple_choice,PP1-ENG-1.1.12_Letter_L_Phonics_Safari,Which wood log starts with letter L?,l_q4.webp,audio_l4.mp3,1,LOG,TREE,BOX,,,1,,,,,,,
multiple_choice,PP1-ENG-1.1.12_Letter_L_Phonics_Safari,Which letter is uppercase L?,l_q5.webp,audio_l5.mp3,1,L,l,i,,,1,,,,,,,
multiple_choice,PP1-ENG-1.1.12_Letter_L_Phonics_Safari,Which letter is lowercase l?,l_q6.webp,audio_l6.mp3,1,l,L,I,,,1,,,,,,,
count_objects,PP1-ENG-1.1.12_Letter_L_Phonics_Safari,Count 3 roaring lions on safari!,l_count1.webp,audio_l7.mp3,1,3,2,4,,🦁,3,,,,,,,
count_objects,PP1-ENG-1.1.12_Letter_L_Phonics_Safari,Count 5 green tree leaves!,l_count2.webp,audio_l8.mp3,1,5,3,4,,🍃,5,,,,,,,
count_objects,PP1-ENG-1.1.12_Letter_L_Phonics_Safari,Count 2 wooden logs!,l_count3.webp,audio_l9.mp3,1,2,1,3,,🪵,2,,,,,,,
speak_repeat,PP1-ENG-1.1.12_Letter_L_Phonics_Safari,Say out loud clearly: L IS FOR LION /l/ /l/ LION!,speak_l1.webp,audio_l10.mp3,1,L Is For Lion /l/ /l/ Lion,,,,,,L Is For Lion /l/ /l/ Lion,,,,,,,
speak_repeat,PP1-ENG-1.1.12_Letter_L_Phonics_Safari,Say out loud clearly: LEAF AND LOG START WITH L!,speak_l2.webp,audio_l11.mp3,1,Leaf And Log Start With L,,,,,,Leaf And Log Start With L,,,,,,,
matching,PP1-ENG-1.1.12_Letter_L_Phonics_Safari,Match letter L words!,,,1,,,,,,,,Lion 🦁,L,Leaf 🍃,L,Log 🪵,L
matching,PP1-ENG-1.1.12_Letter_L_Phonics_Safari,Match letter L forms!,,,1,,,,,,,,L,l,L,L,l,l
multiple_choice,PP1-ENG-1.1.13_Letter_M_Phonics_Safari,Which letter makes the /m/ sound in Monkey?,m_q1.webp,audio_m1.mp3,1,M,N,W,,,1,,,,,,,
multiple_choice,PP1-ENG-1.1.13_Letter_M_Phonics_Safari,Which word begins with the letter M?,m_q2.webp,audio_m2.mp3,1,MONKEY,LION,CAT,,,1,,,,,,,
multiple_choice,PP1-ENG-1.1.13_Letter_M_Phonics_Safari,What letter does Moon start with?,m_q3.webp,audio_m3.mp3,1,M,S,N,,,1,,,,,,,
multiple_choice,PP1-ENG-1.1.13_Letter_M_Phonics_Safari,Which white drink starts with letter M?,m_q4.webp,audio_m4.mp3,1,MILK,WATER,JUICE,,,1,,,,,,,
multiple_choice,PP1-ENG-1.1.13_Letter_M_Phonics_Safari,Which letter is uppercase M?,m_q5.webp,audio_m5.mp3,1,M,m,w,,,1,,,,,,,
multiple_choice,PP1-ENG-1.1.13_Letter_M_Phonics_Safari,Which letter is lowercase m?,m_q6.webp,audio_m6.mp3,1,m,M,n,,,1,,,,,,,
count_objects,PP1-ENG-1.1.13_Letter_M_Phonics_Safari,Count 4 playful monkeys on trees!,m_count1.webp,audio_m7.mp3,1,4,2,3,,🐒,4,,,,,,,
count_objects,PP1-ENG-1.1.13_Letter_M_Phonics_Safari,Count 2 glowing moons at night!,m_count2.webp,audio_m8.mp3,1,2,1,3,,🌙,2,,,,,,,
count_objects,PP1-ENG-1.1.13_Letter_M_Phonics_Safari,Count 3 glass cartons of milk!,m_count3.webp,audio_m9.mp3,1,3,2,4,,🥛,3,,,,,,,
speak_repeat,PP1-ENG-1.1.13_Letter_M_Phonics_Safari,Say out loud clearly: M IS FOR MONKEY /m/ /m/ MONKEY!,speak_m1.webp,audio_m10.mp3,1,M Is For Monkey /m/ /m/ Monkey,,,,,,M Is For Monkey /m/ /m/ Monkey,,,,,,,
speak_repeat,PP1-ENG-1.1.13_Letter_M_Phonics_Safari,Say out loud clearly: MOON AND MILK START WITH M!,speak_m2.webp,audio_m11.mp3,1,Moon And Milk Start With M,,,,,,Moon And Milk Start With M,,,,,,,
matching,PP1-ENG-1.1.13_Letter_M_Phonics_Safari,Match letter M words!,,,1,,,,,,,,Monkey 🐒,M,Moon 🌙,M,Milk 🥛,M
matching,PP1-ENG-1.1.13_Letter_M_Phonics_Safari,Match letter M forms!,,,1,,,,,,,,M,m,M,M,m,m
multiple_choice,PP1-ENG-1.1.14_Letter_N_Phonics_Safari,Which letter makes the /n/ sound in Nest?,n_q1.webp,audio_n1.mp3,1,N,M,H,,,1,,,,,,,
multiple_choice,PP1-ENG-1.1.14_Letter_N_Phonics_Safari,Which word begins with the letter N?,n_q2.webp,audio_n2.mp3,1,NEST,MONKEY,EGG,,,1,,,,,,,
multiple_choice,PP1-ENG-1.1.14_Letter_N_Phonics_Safari,What letter does Net start with?,n_q3.webp,audio_n3.mp3,1,N,M,W,,,1,,,,,,,
multiple_choice,PP1-ENG-1.1.14_Letter_N_Phonics_Safari,Which food item starts with letter N?,n_q4.webp,audio_n4.mp3,1,NUT,APPLE,BANANA,,,1,,,,,,,
multiple_choice,PP1-ENG-1.1.14_Letter_N_Phonics_Safari,Which letter is uppercase N?,n_q5.webp,audio_n5.mp3,1,N,n,m,,,1,,,,,,,
multiple_choice,PP1-ENG-1.1.14_Letter_N_Phonics_Safari,Which letter is lowercase n?,n_q6.webp,audio_n6.mp3,1,n,N,u,,,1,,,,,,,
count_objects,PP1-ENG-1.1.14_Letter_N_Phonics_Safari,Count 3 bird nests in the tree!,n_count1.webp,audio_n7.mp3,1,3,2,4,,🪹,3,,,,,,,
count_objects,PP1-ENG-1.1.14_Letter_N_Phonics_Safari,Count 2 fishing nets!,n_count2.webp,audio_n8.mp3,1,2,1,3,,🕸️,2,,,,,,,
count_objects,PP1-ENG-1.1.14_Letter_N_Phonics_Safari,Count 5 crunchy nuts!,n_count3.webp,audio_n9.mp3,1,5,3,4,,🥜,5,,,,,,,
speak_repeat,PP1-ENG-1.1.14_Letter_N_Phonics_Safari,Say out loud clearly: N IS FOR NEST /n/ /n/ NEST!,speak_n1.webp,audio_n10.mp3,1,N Is For Nest /n/ /n/ Nest,,,,,,N Is For Nest /n/ /n/ Nest,,,,,,,
speak_repeat,PP1-ENG-1.1.14_Letter_N_Phonics_Safari,Say out loud clearly: NET AND NUT START WITH N!,speak_n2.webp,audio_n11.mp3,1,Net And Nut Start With N,,,,,,Net And Nut Start With N,,,,,,,
matching,PP1-ENG-1.1.14_Letter_N_Phonics_Safari,Match letter N words!,,,1,,,,,,,,Nest 🪹,N,Net 🕸️,N,Nut 🥜,N
matching,PP1-ENG-1.1.14_Letter_N_Phonics_Safari,Match letter N forms!,,,1,,,,,,,,N,n,N,N,n,n
multiple_choice,PP1-ENG-1.1.15_Letter_O_Phonics_Safari,Which letter makes the /o/ sound in Owl?,o_q1.webp,audio_o1.mp3,1,O,A,U,,,1,,,,,,,
multiple_choice,PP1-ENG-1.1.15_Letter_O_Phonics_Safari,Which word begins with the letter O?,o_q2.webp,audio_o2.mp3,1,OWL,NEST,LION,,,1,,,,,,,
multiple_choice,PP1-ENG-1.1.15_Letter_O_Phonics_Safari,What letter does Orange start with?,o_q3.webp,audio_o3.mp3,1,O,A,E,,,1,,,,,,,
multiple_choice,PP1-ENG-1.1.15_Letter_O_Phonics_Safari,Which sea creature starts with letter O?,o_q4.webp,audio_o4.mp3,1,OCTOPUS,FISH,WHALE,,,1,,,,,,,
multiple_choice,PP1-ENG-1.1.15_Letter_O_Phonics_Safari,Which letter is uppercase O?,o_q5.webp,audio_o5.mp3,1,O,o,c,,,1,,,,,,,
multiple_choice,PP1-ENG-1.1.15_Letter_O_Phonics_Safari,Which letter is lowercase o?,o_q6.webp,audio_o6.mp3,1,o,O,c,,,1,,,,,,,
count_objects,PP1-ENG-1.1.15_Letter_O_Phonics_Safari,Count 3 wise owls sitting on branches!,o_count1.webp,audio_o7.mp3,1,3,2,4,,🦉,3,,,,,,,
count_objects,PP1-ENG-1.1.15_Letter_O_Phonics_Safari,Count 4 juicy oranges!,o_count2.webp,audio_o8.mp3,1,4,2,5,,🍊,4,,,,,,,
count_objects,PP1-ENG-1.1.15_Letter_O_Phonics_Safari,Count 2 octopuses swimming in the sea!,o_count3.webp,audio_o9.mp3,1,2,1,3,,🐙,2,,,,,,,
speak_repeat,PP1-ENG-1.1.15_Letter_O_Phonics_Safari,Say out loud clearly: O IS FOR OWL /o/ /o/ OWL!,speak_o1.webp,audio_o10.mp3,1,O Is For Owl /o/ /o/ Owl,,,,,,O Is For Owl /o/ /o/ Owl,,,,,,,
speak_repeat,PP1-ENG-1.1.15_Letter_O_Phonics_Safari,Say out loud clearly: ORANGE AND OCTOPUS START WITH O!,speak_o2.webp,audio_o11.mp3,1,Orange And Octopus Start With O,,,,,,Orange And Octopus Start With O,,,,,,,
matching,PP1-ENG-1.1.15_Letter_O_Phonics_Safari,Match letter O words!,,,1,,,,,,,,Owl 🦉,O,Orange 🍊,O,Octopus 🐙,O
matching,PP1-ENG-1.1.15_Letter_O_Phonics_Safari,Match letter O forms!,,,1,,,,,,,,O,o,O,O,o,o
multiple_choice,PP1-ENG-1.1.16_Letter_P_Phonics_Safari,Which letter makes the /p/ sound in Pig?,p_q1.webp,audio_p1.mp3,1,P,B,D,,,1,,,,,,,
multiple_choice,PP1-ENG-1.1.16_Letter_P_Phonics_Safari,Which word begins with the letter P?,p_q2.webp,audio_p2.mp3,1,PIG,OWL,CAT,,,1,,,,,,,
multiple_choice,PP1-ENG-1.1.16_Letter_P_Phonics_Safari,What letter does Pen start with?,p_q3.webp,audio_p3.mp3,1,P,B,T,,,1,,,,,,,
multiple_choice,PP1-ENG-1.1.16_Letter_P_Phonics_Safari,Which cooking pot starts with letter P?,p_q4.webp,audio_p4.mp3,1,POT,CUP,FAN,,,1,,,,,,,
multiple_choice,PP1-ENG-1.1.16_Letter_P_Phonics_Safari,Which letter is uppercase P?,p_q5.webp,audio_p5.mp3,1,P,p,b,,,1,,,,,,,
multiple_choice,PP1-ENG-1.1.16_Letter_P_Phonics_Safari,Which letter is lowercase p?,p_q6.webp,audio_p6.mp3,1,p,P,q,,,1,,,,,,,
count_objects,PP1-ENG-1.1.16_Letter_P_Phonics_Safari,Count 4 pink pigs on safari!,p_count1.webp,audio_p7.mp3,1,4,2,3,,🐖,4,,,,,,,
count_objects,PP1-ENG-1.1.16_Letter_P_Phonics_Safari,Count 3 writing pens!,p_count2.webp,audio_p8.mp3,1,3,1,5,,🖊️,3,,,,,,,
count_objects,PP1-ENG-1.1.16_Letter_P_Phonics_Safari,Count 2 cooking pots!,p_count3.webp,audio_p9.mp3,1,2,1,4,,🍲,2,,,,,,,
speak_repeat,PP1-ENG-1.1.16_Letter_P_Phonics_Safari,Say out loud clearly: P IS FOR PIG /p/ /p/ PIG!,speak_p1.webp,audio_p10.mp3,1,P Is For Pig /p/ /p/ Pig,,,,,,P Is For Pig /p/ /p/ Pig,,,,,,,
speak_repeat,PP1-ENG-1.1.16_Letter_P_Phonics_Safari,Say out loud clearly: PEN AND POT START WITH P!,speak_p2.webp,audio_p11.mp3,1,Pen And Pot Start With P,,,,,,Pen And Pot Start With P,,,,,,,
matching,PP1-ENG-1.1.16_Letter_P_Phonics_Safari,Match letter P words!,,,1,,,,,,,,Pig 🐖,P,Pen 🖊️,P,Pot 🍲,P
matching,PP1-ENG-1.1.16_Letter_P_Phonics_Safari,Match letter P forms!,,,1,,,,,,,,P,p,P,P,p,p
multiple_choice,PP1-ENG-1.1.17_Letter_Q_Phonics_Safari,Which letter makes the /q/ sound in Queen?,q_q1.webp,audio_q1.mp3,1,Q,P,O,,,1,,,,,,,
multiple_choice,PP1-ENG-1.1.17_Letter_Q_Phonics_Safari,Which word begins with the letter Q?,q_q2.webp,audio_q2.mp3,1,QUEEN,PIG,KING,,,1,,,,,,,
multiple_choice,PP1-ENG-1.1.17_Letter_Q_Phonics_Safari,What letter does Quilt start with?,q_q3.webp,audio_q3.mp3,1,Q,K,P,,,1,,,,,,,
multiple_choice,PP1-ENG-1.1.17_Letter_Q_Phonics_Safari,Which writing feather starts with letter Q?,q_q4.webp,audio_q4.mp3,1,QUILL,PEN,HAT,,,1,,,,,,,
multiple_choice,PP1-ENG-1.1.17_Letter_Q_Phonics_Safari,Which letter is uppercase Q?,q_q5.webp,audio_q5.mp3,1,Q,q,O,,,1,,,,,,,
multiple_choice,PP1-ENG-1.1.17_Letter_Q_Phonics_Safari,Which letter is lowercase q?,q_q6.webp,audio_q6.mp3,1,q,Q,p,,,1,,,,,,,
count_objects,PP1-ENG-1.1.17_Letter_Q_Phonics_Safari,Count 2 royal queens with crowns!,q_count1.webp,audio_q7.mp3,1,2,1,3,,👸,2,,,,,,,
count_objects,PP1-ENG-1.1.17_Letter_Q_Phonics_Safari,Count 3 warm quilts!,q_count2.webp,audio_q8.mp3,1,3,2,4,,🛌,3,,,,,,,
count_objects,PP1-ENG-1.1.17_Letter_Q_Phonics_Safari,Count 4 feather quills!,q_count3.webp,audio_q9.mp3,1,4,3,5,,🪶,4,,,,,,,
speak_repeat,PP1-ENG-1.1.17_Letter_Q_Phonics_Safari,Say out loud clearly: Q IS FOR QUEEN /q/ /q/ QUEEN!,speak_q1.webp,audio_q10.mp3,1,Q Is For Queen /q/ /q/ Queen,,,,,,Q Is For Queen /q/ /q/ Queen,,,,,,,
speak_repeat,PP1-ENG-1.1.17_Letter_Q_Phonics_Safari,Say out loud clearly: QUILT AND QUILL START WITH Q!,speak_q2.webp,audio_q11.mp3,1,Quilt And Quill Start With Q,,,,,,Quilt And Quill Start With Q,,,,,,,
matching,PP1-ENG-1.1.17_Letter_Q_Phonics_Safari,Match letter Q words!,,,1,,,,,,,,Queen 👸,Q,Quilt 🛌,Q,Quill 🪶,Q
matching,PP1-ENG-1.1.17_Letter_Q_Phonics_Safari,Match letter Q forms!,,,1,,,,,,,,Q,q,Q,Q,q,q
multiple_choice,PP1-ENG-1.1.18_Letter_R_Phonics_Safari,Which letter makes the /r/ sound in Rose?,r_q1.webp,audio_r1.mp3,1,R,P,Q,,,1,,,,,,,
multiple_choice,PP1-ENG-1.1.18_Letter_R_Phonics_Safari,Which word begins with the letter R?,r_q2.webp,audio_r2.mp3,1,ROSE,QUEEN,PIG,,,1,,,,,,,
multiple_choice,PP1-ENG-1.1.18_Letter_R_Phonics_Safari,What letter does Ring start with?,r_q3.webp,audio_r3.mp3,1,R,P,B,,,1,,,,,,,
multiple_choice,PP1-ENG-1.1.18_Letter_R_Phonics_Safari,Which small rodent starts with letter R?,r_q4.webp,audio_r4.mp3,1,RAT,CAT,DOG,,,1,,,,,,,
multiple_choice,PP1-ENG-1.1.18_Letter_R_Phonics_Safari,Which letter is uppercase R?,r_q5.webp,audio_r5.mp3,1,R,r,P,,,1,,,,,,,
multiple_choice,PP1-ENG-1.1.18_Letter_R_Phonics_Safari,Which letter is lowercase r?,r_q6.webp,audio_r6.mp3,1,r,R,n,,,1,,,,,,,
count_objects,PP1-ENG-1.1.18_Letter_R_Phonics_Safari,Count 5 red roses in the garden!,r_count1.webp,audio_r7.mp3,1,5,3,4,,🌹,5,,,,,,,
count_objects,PP1-ENG-1.1.18_Letter_R_Phonics_Safari,Count 3 shiny finger rings!,r_count2.webp,audio_r8.mp3,1,3,2,4,,💍,3,,,,,,,
count_objects,PP1-ENG-1.1.18_Letter_R_Phonics_Safari,Count 2 small rats on safari!,r_count3.webp,audio_r9.mp3,1,2,1,4,,🐀,2,,,,,,,
speak_repeat,PP1-ENG-1.1.18_Letter_R_Phonics_Safari,Say out loud clearly: R IS FOR ROSE /r/ /r/ ROSE!,speak_r1.webp,audio_r10.mp3,1,R Is For Rose /r/ /r/ Rose,,,,,,R Is For Rose /r/ /r/ Rose,,,,,,,
speak_repeat,PP1-ENG-1.1.18_Letter_R_Phonics_Safari,Say out loud clearly: RING AND RAT START WITH R!,speak_r2.webp,audio_r11.mp3,1,Ring And Rat Start With R,,,,,,Ring And Rat Start With R,,,,,,,
matching,PP1-ENG-1.1.18_Letter_R_Phonics_Safari,Match letter R words!,,,1,,,,,,,,Rose 🌹,R,Ring 💍,R,Rat 🐀,R
matching,PP1-ENG-1.1.18_Letter_R_Phonics_Safari,Match letter R forms!,,,1,,,,,,,,R,r,R,R,r,r
multiple_choice,PP1-ENG-1.1.19_Letter_S_Phonics_Safari,Which letter makes the /s/ sound in Sun?,s_q1.webp,audio_s1.mp3,1,S,C,Z,,,1,,,,,,,
multiple_choice,PP1-ENG-1.1.19_Letter_S_Phonics_Safari,Which word begins with the letter S?,s_q2.webp,audio_s2.mp3,1,SUN,ROSE,HAT,,,1,,,,,,,
multiple_choice,PP1-ENG-1.1.19_Letter_S_Phonics_Safari,What letter does Star start with?,s_q3.webp,audio_s3.mp3,1,S,T,C,,,1,,,,,,,
multiple_choice,PP1-ENG-1.1.19_Letter_S_Phonics_Safari,Which clothing item for feet starts with letter S?,s_q4.webp,audio_s4.mp3,1,SOCKS,HAT,POT,,,1,,,,,,,
multiple_choice,PP1-ENG-1.1.19_Letter_S_Phonics_Safari,Which letter is uppercase S?,s_q5.webp,audio_s5.mp3,1,S,s,z,,,1,,,,,,,
multiple_choice,PP1-ENG-1.1.19_Letter_S_Phonics_Safari,Which letter is lowercase s?,s_q6.webp,audio_s6.mp3,1,s,S,c,,,1,,,,,,,
count_objects,PP1-ENG-1.1.19_Letter_S_Phonics_Safari,Count 1 bright yellow sun in the sky!,s_count1.webp,audio_s7.mp3,1,1,2,3,,☀️,1,,,,,,,
count_objects,PP1-ENG-1.1.19_Letter_S_Phonics_Safari,Count 5 shiny stars twinkling!,s_count2.webp,audio_s8.mp3,1,5,3,4,,⭐,5,,,,,,,
count_objects,PP1-ENG-1.1.19_Letter_S_Phonics_Safari,Count 4 pairs of warm socks!,s_count3.webp,audio_s9.mp3,1,4,2,3,,🧦,4,,,,,,,
speak_repeat,PP1-ENG-1.1.19_Letter_S_Phonics_Safari,Say out loud clearly: S IS FOR SUN /s/ /s/ SUN!,speak_s1.webp,audio_s10.mp3,1,S Is For Sun /s/ /s/ Sun,,,,,,S Is For Sun /s/ /s/ Sun,,,,,,,
speak_repeat,PP1-ENG-1.1.19_Letter_S_Phonics_Safari,Say out loud clearly: STAR AND SOCKS START WITH S!,speak_s2.webp,audio_s11.mp3,1,Star And Socks Start With S,,,,,,Star And Socks Start With S,,,,,,,
matching,PP1-ENG-1.1.19_Letter_S_Phonics_Safari,Match letter S words!,,,1,,,,,,,,Sun ☀️,S,Star ⭐,S,Socks 🧦,S
matching,PP1-ENG-1.1.19_Letter_S_Phonics_Safari,Match letter S forms!,,,1,,,,,,,,S,s,S,S,s,s
multiple_choice,PP1-ENG-1.1.20_Letter_T_Phonics_Safari,Which letter makes the /t/ sound in Tree?,t_q1.webp,audio_t1.mp3,1,T,S,F,,,1,,,,,,,
multiple_choice,PP1-ENG-1.1.20_Letter_T_Phonics_Safari,Which word begins with the letter T?,t_q2.webp,audio_t2.mp3,1,TREE,SUN,LION,,,1,,,,,,,
multiple_choice,PP1-ENG-1.1.20_Letter_T_Phonics_Safari,What letter does Turtle start with?,t_q3.webp,audio_t3.mp3,1,T,D,P,,,1,,,,,,,
multiple_choice,PP1-ENG-1.1.20_Letter_T_Phonics_Safari,Which bath tub item starts with letter T?,t_q4.webp,audio_t4.mp3,1,TUB,CUP,POT,,,1,,,,,,,
multiple_choice,PP1-ENG-1.1.20_Letter_T_Phonics_Safari,Which letter is uppercase T?,t_q5.webp,audio_t5.mp3,1,T,t,f,,,1,,,,,,,
multiple_choice,PP1-ENG-1.1.20_Letter_T_Phonics_Safari,Which letter is lowercase t?,t_q6.webp,audio_t6.mp3,1,t,T,f,,,1,,,,,,,
count_objects,PP1-ENG-1.1.20_Letter_T_Phonics_Safari,Count 4 tall green trees on safari!,t_count1.webp,audio_t7.mp3,1,4,2,5,,🌴,4,,,,,,,
count_objects,PP1-ENG-1.1.20_Letter_T_Phonics_Safari,Count 2 slow turtles walking!,t_count2.webp,audio_t8.mp3,1,2,1,3,,🐢,2,,,,,,,
count_objects,PP1-ENG-1.1.20_Letter_T_Phonics_Safari,Count 3 bath tubs!,t_count3.webp,audio_t9.mp3,1,3,2,4,,🛁,3,,,,,,,
speak_repeat,PP1-ENG-1.1.20_Letter_T_Phonics_Safari,Say out loud clearly: T IS FOR TREE /t/ /t/ TREE!,speak_t1.webp,audio_t10.mp3,1,T Is For Tree /t/ /t/ Tree,,,,,,T Is For Tree /t/ /t/ Tree,,,,,,,
speak_repeat,PP1-ENG-1.1.20_Letter_T_Phonics_Safari,Say out loud clearly: TURTLE AND TUB START WITH T!,speak_t2.webp,audio_t11.mp3,1,Turtle And Tub Start With T,,,,,,Turtle And Tub Start With T,,,,,,,
matching,PP1-ENG-1.1.20_Letter_T_Phonics_Safari,Match letter T words!,,,1,,,,,,,,Tree 🌴,T,Turtle 🐢,T,Tub 🛁,T
matching,PP1-ENG-1.1.20_Letter_T_Phonics_Safari,Match letter T forms!,,,1,,,,,,,,T,t,T,T,t,t
multiple_choice,PP1-ENG-1.1.21_Letter_U_Phonics_Safari,Which letter makes the /u/ sound in Umbrella?,u_q1.webp,audio_u1.mp3,1,U,V,W,,,1,,,,,,,
multiple_choice,PP1-ENG-1.1.21_Letter_U_Phonics_Safari,Which word begins with the letter U?,u_q2.webp,audio_u2.mp3,1,UMBRELLA,TREE,SUN,,,1,,,,,,,
multiple_choice,PP1-ENG-1.1.21_Letter_U_Phonics_Safari,What letter does Urn start with?,u_q3.webp,audio_u3.mp3,1,U,O,A,,,1,,,,,,,
multiple_choice,PP1-ENG-1.1.21_Letter_U_Phonics_Safari,Which direction word starts with letter U?,u_q4.webp,audio_u4.mp3,1,UP,DOWN,OUT,,,1,,,,,,,
multiple_choice,PP1-ENG-1.1.21_Letter_U_Phonics_Safari,Which letter is uppercase U?,u_q5.webp,audio_u5.mp3,1,U,u,v,,,1,,,,,,,
multiple_choice,PP1-ENG-1.1.21_Letter_U_Phonics_Safari,Which letter is lowercase u?,u_q6.webp,audio_u6.mp3,1,u,U,v,,,1,,,,,,,
count_objects,PP1-ENG-1.1.21_Letter_U_Phonics_Safari,Count 3 colorful umbrellas on safari!,u_count1.webp,audio_u7.mp3,1,3,1,4,,☂️,3,,,,,,,
count_objects,PP1-ENG-1.1.21_Letter_U_Phonics_Safari,Count 2 ancient water urns!,u_count2.webp,audio_u8.mp3,1,2,1,3,,🏺,2,,,,,,,
count_objects,PP1-ENG-1.1.21_Letter_U_Phonics_Safari,Count 4 up arrows pointing to the sky!,u_count3.webp,audio_u9.mp3,1,4,2,5,,⬆️,4,,,,,,,
speak_repeat,PP1-ENG-1.1.21_Letter_U_Phonics_Safari,Say out loud clearly: U IS FOR UMBRELLA /u/ /u/ UMBRELLA!,speak_u1.webp,audio_u10.mp3,1,U Is For Umbrella /u/ /u/ Umbrella,,,,,,U Is For Umbrella /u/ /u/ Umbrella,,,,,,,
speak_repeat,PP1-ENG-1.1.21_Letter_U_Phonics_Safari,Say out loud clearly: URN AND UP START WITH U!,speak_u2.webp,audio_u11.mp3,1,Urn And Up Start With U,,,,,,Urn And Up Start With U,,,,,,,
matching,PP1-ENG-1.1.21_Letter_U_Phonics_Safari,Match letter U words!,,,1,,,,,,,,Umbrella ☂️,U,Urn 🏺,U,Up ⬆️,U
matching,PP1-ENG-1.1.21_Letter_U_Phonics_Safari,Match letter U forms!,,,1,,,,,,,,U,u,U,U,u,u
multiple_choice,PP1-ENG-1.1.22_Letter_V_Phonics_Safari,Which letter makes the /v/ sound in Van?,v_q1.webp,audio_v1.mp3,1,V,U,W,,,1,,,,,,,
multiple_choice,PP1-ENG-1.1.22_Letter_V_Phonics_Safari,Which word begins with the letter V?,v_q2.webp,audio_v2.mp3,1,VAN,UMBRELLA,CAR,,,1,,,,,,,
multiple_choice,PP1-ENG-1.1.22_Letter_V_Phonics_Safari,What letter does Vase start with?,v_q3.webp,audio_v3.mp3,1,V,B,F,,,1,,,,,,,
multiple_choice,PP1-ENG-1.1.22_Letter_V_Phonics_Safari,Which clothing vest starts with letter V?,v_q4.webp,audio_v4.mp3,1,VEST,HAT,SOCKS,,,1,,,,,,,
multiple_choice,PP1-ENG-1.1.22_Letter_V_Phonics_Safari,Which letter is uppercase V?,v_q5.webp,audio_v5.mp3,1,V,v,u,,,1,,,,,,,
multiple_choice,PP1-ENG-1.1.22_Letter_V_Phonics_Safari,Which letter is lowercase v?,v_q6.webp,audio_v6.mp3,1,v,V,w,,,1,,,,,,,
count_objects,PP1-ENG-1.1.22_Letter_V_Phonics_Safari,Count 3 safari vans driving on the road!,v_count1.webp,audio_v7.mp3,1,3,2,4,,🚐,3,,,,,,,
count_objects,PP1-MATH-1.1.22_Letter_V_Phonics_Safari,Count 4 flower vases on the table!,v_count2.webp,audio_v8.mp3,1,4,2,5,,🏺,4,,,,,,,
count_objects,PP1-ENG-1.1.22_Letter_V_Phonics_Safari,Count 2 warm vests!,v_count3.webp,audio_v9.mp3,1,2,1,3,,🦺,2,,,,,,,
speak_repeat,PP1-ENG-1.1.22_Letter_V_Phonics_Safari,Say out loud clearly: V IS FOR VAN /v/ /v/ VAN!,speak_v1.webp,audio_v10.mp3,1,V Is For Van /v/ /v/ Van,,,,,,V Is For Van /v/ /v/ Van,,,,,,,
speak_repeat,PP1-ENG-1.1.22_Letter_V_Phonics_Safari,Say out loud clearly: VASE AND VEST START WITH V!,speak_v2.webp,audio_v11.mp3,1,Vase And Vest Start With V,,,,,,Vase And Vest Start With V,,,,,,,
matching,PP1-ENG-1.1.22_Letter_V_Phonics_Safari,Match letter V words!,,,1,,,,,,,,Van 🚐,V,Vase 🏺,V,Vest 🦺,V
matching,PP1-ENG-1.1.22_Letter_V_Phonics_Safari,Match letter V forms!,,,1,,,,,,,,V,v,V,V,v,v
multiple_choice,PP1-ENG-1.1.23_Letter_W_Phonics_Safari,Which letter makes the /w/ sound in Water?,w_q1.webp,audio_w1.mp3,1,W,V,M,,,1,,,,,,,
multiple_choice,PP1-ENG-1.1.23_Letter_W_Phonics_Safari,Which word begins with the letter W?,w_q2.webp,audio_w2.mp3,1,WATER,VAN,MILK,,,1,,,,,,,
multiple_choice,PP1-ENG-1.1.23_Letter_W_Phonics_Safari,What letter does Wheel start with?,w_q3.webp,audio_w3.mp3,1,W,V,U,,,1,,,,,,,
multiple_choice,PP1-ENG-1.1.23_Letter_W_Phonics_Safari,Which water well starts with letter W?,w_q4.webp,audio_w4.mp3,1,WELL,POT,TUB,,,1,,,,,,,
multiple_choice,PP1-ENG-1.1.23_Letter_W_Phonics_Safari,Which letter is uppercase W?,w_q5.webp,audio_w5.mp3,1,W,w,m,,,1,,,,,,,
multiple_choice,PP1-ENG-1.1.23_Letter_W_Phonics_Safari,Which letter is lowercase w?,w_q6.webp,audio_w6.mp3,1,w,W,v,,,1,,,,,,,
count_objects,PP1-ENG-1.1.23_Letter_W_Phonics_Safari,Count 4 glasses of clean water!,w_count1.webp,audio_w7.mp3,1,4,2,5,,💧,4,,,,,,,
count_objects,PP1-ENG-1.1.23_Letter_W_Phonics_Safari,Count 4 spinning wheels on the safari cart!,w_count2.webp,audio_w8.mp3,1,4,3,2,,⚙️,4,,,,,,,
count_objects,PP1-ENG-1.1.23_Letter_W_Phonics_Safari,Count 2 deep water wells!,w_count3.webp,audio_w9.mp3,1,2,1,3,,🛢️,2,,,,,,,
speak_repeat,PP1-ENG-1.1.23_Letter_W_Phonics_Safari,Say out loud clearly: W IS FOR WATER /w/ /w/ WATER!,speak_w1.webp,audio_w10.mp3,1,W Is For Water /w/ /w/ Water,,,,,,W Is For Water /w/ /w/ Water,,,,,,,
speak_repeat,PP1-ENG-1.1.23_Letter_W_Phonics_Safari,Say out loud clearly: WHEEL AND WELL START WITH W!,speak_w2.webp,audio_w11.mp3,1,Wheel And Well Start With W,,,,,,Wheel And Well Start With W,,,,,,,
matching,PP1-ENG-1.1.23_Letter_W_Phonics_Safari,Match letter W words!,,,1,,,,,,,,Water 💧,W,Wheel ⚙️,W,Well 🛢️,W
matching,PP1-ENG-1.1.23_Letter_W_Phonics_Safari,Match letter W forms!,,,1,,,,,,,,W,w,W,W,w,w
multiple_choice,PP1-ENG-1.1.24_Letter_X_Phonics_Safari,Which letter makes the /x/ sound in Xylophone?,x_q1.webp,audio_x1.mp3,1,X,Z,Y,,,1,,,,,,,
multiple_choice,PP1-ENG-1.1.24_Letter_X_Phonics_Safari,Which instrument begins with the letter X?,x_q2.webp,audio_x2.mp3,1,XYLOPHONE,DRUM,HARP,,,1,,,,,,,
multiple_choice,PP1-ENG-1.1.24_Letter_X_Phonics_Safari,What letter starts the medical photo word X-ray?,x_q3.webp,audio_x3.mp3,1,X,E,R,,,1,,,,,,,
multiple_choice,PP1-ENG-1.1.24_Letter_X_Phonics_Safari,Which word ends with the /x/ sound like in Box?,x_q4.webp,audio_x4.mp3,1,BOX,CAT,DOG,,,1,,,,,,,
multiple_choice,PP1-ENG-1.1.24_Letter_X_Phonics_Safari,Which letter is uppercase X?,x_q5.webp,audio_x5.mp3,1,X,x,k,,,1,,,,,,,
multiple_choice,PP1-ENG-1.1.24_Letter_X_Phonics_Safari,Which letter is lowercase x?,x_q6.webp,audio_x6.mp3,1,x,X,z,,,1,,,,,,,
count_objects,PP1-ENG-1.1.24_Letter_X_Phonics_Safari,Count 2 musical xylophones on safari!,x_count1.webp,audio_x7.mp3,1,2,1,3,,🎼,2,,,,,,,
count_objects,PP1-ENG-1.1.24_Letter_X_Phonics_Safari,Count 3 X-ray pictures of bones!,x_count2.webp,audio_x8.mp3,1,3,2,4,,🩻,3,,,,,,,
count_objects,PP1-ENG-1.1.24_Letter_X_Phonics_Safari,Count 4 storage boxes ending with X!,x_count3.webp,audio_x9.mp3,1,4,2,5,,📦,4,,,,,,,
speak_repeat,PP1-ENG-1.1.24_Letter_X_Phonics_Safari,Say out loud clearly: X IS FOR XYLOPHONE /x/ /x/ XYLOPHONE!,speak_x1.webp,audio_x10.mp3,1,X Is For Xylophone /x/ /x/ Xylophone,,,,,,X Is For Xylophone /x/ /x/ Xylophone,,,,,,,
speak_repeat,PP1-ENG-1.1.24_Letter_X_Phonics_Safari,Say out loud clearly: X-RAY AND BOX HAVE THE X SOUND!,speak_x2.webp,audio_x11.mp3,1,X-Ray And Box Have The X Sound,,,,,,X-Ray And Box Have The X Sound,,,,,,,
matching,PP1-ENG-1.1.24_Letter_X_Phonics_Safari,Match letter X words!,,,1,,,,,,,,Xylophone 🎼,X,X-ray 🩻,X,Box 📦,X
matching,PP1-ENG-1.1.24_Letter_X_Phonics_Safari,Match letter X forms!,,,1,,,,,,,,X,x,X,X,x,x
multiple_choice,PP1-ENG-1.1.25_Letter_Y_Phonics_Safari,Which letter makes the /y/ sound in Yo-yo?,y_q1.webp,audio_y1.mp3,1,Y,V,X,,,1,,,,,,,
multiple_choice,PP1-ENG-1.1.25_Letter_Y_Phonics_Safari,Which toy word begins with the letter Y?,y_q2.webp,audio_y2.mp3,1,YO-YO,BALL,KITE,,,1,,,,,,,
multiple_choice,PP1-ENG-1.1.25_Letter_Y_Phonics_Safari,What letter does Yak start with?,y_q3.webp,audio_y3.mp3,1,Y,X,Z,,,1,,,,,,,
multiple_choice,PP1-ENG-1.1.25_Letter_Y_Phonics_Safari,Which tasty yellow root food starts with letter Y?,y_q4.webp,audio_y4.mp3,1,YAM,APPLE,NUT,,,1,,,,,,,
multiple_choice,PP1-ENG-1.1.25_Letter_Y_Phonics_Safari,Which letter is uppercase Y?,y_q5.webp,audio_y5.mp3,1,Y,y,v,,,1,,,,,,,
multiple_choice,PP1-ENG-1.1.25_Letter_Y_Phonics_Safari,Which letter is lowercase y?,y_q6.webp,audio_y6.mp3,1,y,Y,v,,,1,,,,,,,
count_objects,PP1-ENG-1.1.25_Letter_Y_Phonics_Safari,Count 4 spinning yo-yos!,y_count1.webp,audio_y7.mp3,1,4,2,3,,🪀,4,,,,,,,
count_objects,PP1-ENG-1.1.25_Letter_Y_Phonics_Safari,Count 2 furry yaks on the mountain safari!,y_count2.webp,audio_y8.mp3,1,2,1,3,,🐂,2,,,,,,,
count_objects,PP1-ENG-1.1.25_Letter_Y_Phonics_Safari,Count 3 sweet yams on the plate!,y_count3.webp,audio_y9.mp3,1,3,2,4,,🍠,3,,,,,,,
speak_repeat,PP1-ENG-1.1.25_Letter_Y_Phonics_Safari,Say out loud clearly: Y IS FOR YO-YO /y/ /y/ YO-YO!,speak_y1.webp,audio_y10.mp3,1,Y Is For Yo-Yo /y/ /y/ Yo-Yo,,,,,,Y Is For Yo-Yo /y/ /y/ Yo-Yo,,,,,,,
speak_repeat,PP1-ENG-1.1.25_Letter_Y_Phonics_Safari,Say out loud clearly: YAK AND YAM START WITH Y!,speak_y2.webp,audio_y11.mp3,1,Yak And Yam Start With Y,,,,,,Yak And Yam Start With Y,,,,,,,
matching,PP1-ENG-1.1.25_Letter_Y_Phonics_Safari,Match letter Y words!,,,1,,,,,,,,Yo-yo 🪀,Y,Yak 🐂,Y,Yam 🍠,Y
matching,PP1-ENG-1.1.25_Letter_Y_Phonics_Safari,Match letter Y forms!,,,1,,,,,,,,Y,y,Y,Y,y,y
multiple_choice,PP1-ENG-1.1.26_Letter_Z_Phonics_Safari,Which letter makes the /z/ sound in Zebra?,z_q1.webp,audio_z1.mp3,1,Z,S,X,,,1,,,,,,,
multiple_choice,PP1-ENG-1.1.26_Letter_Z_Phonics_Safari,Which striped animal begins with the letter Z?,z_q2.webp,audio_z2.mp3,1,ZEBRA,LION,GOAT,,,1,,,,,,,
multiple_choice,PP1-ENG-1.1.26_Letter_Z_Phonics_Safari,What letter does Zoo start with?,z_q3.webp,audio_z3.mp3,1,Z,S,O,,,1,,,,,,,
multiple_choice,PP1-ENG-1.1.26_Letter_Z_Phonics_Safari,Which jacket fastener starts with letter Z?,z_q4.webp,audio_z4.mp3,1,ZIP,HAT,VEST,,,1,,,,,,,
multiple_choice,PP1-ENG-1.1.26_Letter_Z_Phonics_Safari,Which letter is uppercase Z?,z_q5.webp,audio_z5.mp3,1,Z,z,s,,,1,,,,,,,
multiple_choice,PP1-ENG-1.1.26_Letter_Z_Phonics_Safari,Which letter is lowercase z?,z_q6.webp,audio_z6.mp3,1,z,Z,s,,,1,,,,,,,
count_objects,PP1-ENG-1.1.26_Letter_Z_Phonics_Safari,Count 5 striped zebras running on safari!,z_count1.webp,audio_z7.mp3,1,5,3,4,,🦓,5,,,,,,,
count_objects,PP1-ENG-1.1.26_Letter_Z_Phonics_Safari,Count 2 safari zoo gates!,z_count2.webp,audio_z8.mp3,1,2,1,3,,🏞️,2,,,,,,,
count_objects,PP1-ENG-1.1.26_Letter_Z_Phonics_Safari,Count 3 jacket zips!,z_count3.webp,audio_z9.mp3,1,3,2,4,,🤐,3,,,,,,,
speak_repeat,PP1-ENG-1.1.26_Letter_Z_Phonics_Safari,Say out loud clearly: Z IS FOR ZEBRA /z/ /z/ ZEBRA!,speak_z1.webp,audio_z10.mp3,1,Z Is For Zebra /z/ /z/ Zebra,,,,,,Z Is For Zebra /z/ /z/ Zebra,,,,,,,
speak_repeat,PP1-ENG-1.1.26_Letter_Z_Phonics_Safari,Say out loud clearly: ZOO AND ZIP START WITH Z!,speak_z2.webp,audio_z11.mp3,1,Zoo And Zip Start With Z,,,,,,Zoo And Zip Start With Z,,,,,,,
matching,PP1-ENG-1.1.26_Letter_Z_Phonics_Safari,Match letter Z words!,,,1,,,,,,,,Zebra 🦓,Z,Zoo 🏞️,Z,Zip 🤐,Z
matching,PP1-ENG-1.1.26_Letter_Z_Phonics_Safari,Match letter Z forms!,,,1,,,,,,,,Z,z,Z,Z,z,z
multiple_choice,PP1-ENG-2.1.27_CVC_Word_Family_at_Cat_Hat,Which word rhymes with CAT?,at_q1.webp,audio_at1.mp3,1,HAT,DOG,PIG,,,1,,,,,,,
multiple_choice,PP1-ENG-2.1.27_CVC_Word_Family_at_Cat_Hat,What letters make the -at family sound?,at_q2.webp,audio_at2.mp3,1,-AT,-AN,-IG,,,1,,,,,,,
multiple_choice,PP1-ENG-2.1.27_CVC_Word_Family_at_Cat_Hat,Spell the word for a sleeping floor MAT!,at_q3.webp,audio_at3.mp3,1,MAT,CAT,HAT,,,1,,,,,,,
multiple_choice,PP1-ENG-2.1.27_CVC_Word_Family_at_Cat_Hat,Which flying animal rhymes with CAT?,at_q4.webp,audio_at4.mp3,1,BAT,DOG,RAT,,,1,,,,,,,
multiple_choice,PP1-ENG-2.1.27_CVC_Word_Family_at_Cat_Hat,Which small rodent belongs to the -at family?,at_q5.webp,audio_at5.mp3,1,RAT,PIG,FOX,,,1,,,,,,,
multiple_choice,PP1-ENG-2.1.27_CVC_Word_Family_at_Cat_Hat,Cat, Hat, Mat, and Bat all end with...?,at_q6.webp,audio_at6.mp3,1,-AT,-OP,-IN,,,1,,,,,,,
count_objects,PP1-ENG-2.1.27_CVC_Word_Family_at_Cat_Hat,Count 3 fluffy cats in the -at family!,at_count1.webp,audio_at7.mp3,1,3,2,4,,🐱,3,,,,,,,
count_objects,PP1-ENG-2.1.27_CVC_Word_Family_at_Cat_Hat,Count 4 sun hats!,at_count2.webp,audio_at8.mp3,1,4,2,5,,👒,4,,,,,,,
count_objects,PP1-ENG-2.1.27_CVC_Word_Family_at_Cat_Hat,Count 2 small rats!,at_count3.webp,audio_at9.mp3,1,2,1,3,,🐀,2,,,,,,,
speak_repeat,PP1-ENG-2.1.27_CVC_Word_Family_at_Cat_Hat,Say out loud clearly: CAT HAT MAT BAT RAT ALL RHYME WITH AT!,speak_at1.webp,audio_at10.mp3,1,Cat Hat Mat Bat Rat All Rhyme With At,,,,,,Cat Hat Mat Bat Rat All Rhyme With At,,,,,,,
speak_repeat,PP1-ENG-2.1.27_CVC_Word_Family_at_Cat_Hat,Say out loud clearly: THE CAT SAT ON THE MAT WITH A HAT!,speak_at2.webp,audio_at11.mp3,1,The Cat Sat On The Mat With A Hat,,,,,,The Cat Sat On The Mat With A Hat,,,,,,,
matching,PP1-ENG-2.1.27_CVC_Word_Family_at_Cat_Hat,Match -at family rhyming pictures!,,,1,,,,,,,,Cat 🐱,HAT,Hat 👒,MAT,Rat 🐀,BAT
matching,PP1-ENG-2.1.27_CVC_Word_Family_at_Cat_Hat,Match -at words to pictures!,,,1,,,,,,,,Cat,🐱,Hat,👒,Rat,🐀
multiple_choice,PP1-ENG-2.1.28_CVC_Word_Family_an_Man_Fan,Which word rhymes with MAN?,an_q1.webp,audio_an1.mp3,1,FAN,CAT,PIG,,,1,,,,,,,
multiple_choice,PP1-ENG-2.1.28_CVC_Word_Family_an_Man_Fan,What letters make the -an family sound?,an_q2.webp,audio_an2.mp3,1,-AN,-AT,-OP,,,1,,,,,,,
multiple_choice,PP1-ENG-2.1.28_CVC_Word_Family_an_Man_Fan,Which cooking pan belongs to the -an family?,an_q3.webp,audio_an3.mp3,1,PAN,POT,CUP,,,1,,,,,,,
multiple_choice,PP1-ENG-2.1.28_CVC_Word_Family_an_Man_Fan,Which driving vehicle rhymes with MAN?,an_q4.webp,audio_an4.mp3,1,VAN,BUS,CAR,,,1,,,,,,,
multiple_choice,PP1-ENG-2.1.28_CVC_Word_Family_an_Man_Fan,Spell the word for a soda CAN!,an_q5.webp,audio_an5.mp3,1,CAN,MAN,VAN,,,1,,,,,,,
multiple_choice,PP1-ENG-2.1.28_CVC_Word_Family_an_Man_Fan,Man, Fan, Pan, and Van all end with...?,an_q6.webp,audio_an6.mp3,1,-AN,-AT,-IG,,,1,,,,,,,
count_objects,PP1-ENG-2.1.28_CVC_Word_Family_an_Man_Fan,Count 2 safari men in the -an family!,an_count1.webp,audio_an7.mp3,1,2,1,3,,👨,2,,,,,,,
count_objects,PP1-ENG-2.1.28_CVC_Word_Family_an_Man_Fan,Count 3 cooling fans!,an_count2.webp,audio_an8.mp3,1,3,2,4,,🪭,3,,,,,,,
count_objects,PP1-ENG-2.1.28_CVC_Word_Family_an_Man_Fan,Count 4 driving vans!,an_count3.webp,audio_an9.mp3,1,4,2,5,,🚐,4,,,,,,,
speak_repeat,PP1-ENG-2.1.28_CVC_Word_Family_an_Man_Fan,Say out loud clearly: MAN FAN PAN VAN CAN ALL RHYME WITH AN!,speak_an1.webp,audio_an10.mp3,1,Man Fan Pan Van Can All Rhyme With An,,,,,,Man Fan Pan Van Can All Rhyme With An,,,,,,,
speak_repeat,PP1-ENG-2.1.28_CVC_Word_Family_an_Man_Fan,Say out loud clearly: THE MAN DROVE A VAN WITH A FAN!,speak_an2.webp,audio_an11.mp3,1,The Man Drove A Van With A Fan,,,,,,The Man Drove A Van With A Fan,,,,,,,
matching,PP1-ENG-2.1.28_CVC_Word_Family_an_Man_Fan,Match -an family rhyming words!,,,1,,,,,,,,Man 👨,FAN,Pan 🍳,VAN,Can 🥫,MAN
matching,PP1-ENG-2.1.28_CVC_Word_Family_an_Man_Fan,Match -an words to pictures!,,,1,,,,,,,,Man,👨,Fan,🪭,Van,🚐
multiple_choice,PP1-ENG-2.1.29_CVC_Word_Family_ig_Pig_Dig,Which word rhymes with PIG?,ig_q1.webp,audio_ig1.mp3,1,DIG,CAT,MAN,,,1,,,,,,,
multiple_choice,PP1-ENG-2.1.29_CVC_Word_Family_ig_Pig_Dig,What letters make the -ig family sound?,ig_q2.webp,audio_ig2.mp3,1,-IG,-AT,-AN,,,1,,,,,,,
multiple_choice,PP1-ENG-2.1.29_CVC_Word_Family_ig_Pig_Dig,Which word means large and belongs to -ig family?,ig_q3.webp,audio_ig3.mp3,1,BIG,SMALL,SHORT,,,1,,,,,,,
multiple_choice,PP1-ENG-2.1.29_CVC_Word_Family_ig_Pig_Dig,Which fruit belongs to the -ig family?,ig_q4.webp,audio_ig4.mp3,1,FIG,APPLE,BANANA,,,1,,,,,,,
multiple_choice,PP1-ENG-2.1.29_CVC_Word_Family_ig_Pig_Dig,Which hair item rhymes with PIG?,ig_q5.webp,audio_ig5.mp3,1,WIG,HAT,CAP,,,1,,,,,,,
multiple_choice,PP1-ENG-2.1.29_CVC_Word_Family_ig_Pig_Dig,Pig, Dig, Big, and Fig all end with...?,ig_q6.webp,audio_ig6.mp3,1,-IG,-OP,-AT,,,1,,,,,,,
count_objects,PP1-ENG-2.1.29_CVC_Word_Family_ig_Pig_Dig,Count 4 pink pigs in the -ig family!,ig_count1.webp,audio_ig7.mp3,1,4,2,3,,🐖,4,,,,,,,
count_objects,PP1-ENG-2.1.29_CVC_Word_Family_ig_Pig_Dig,Count 3 sweet fig fruits!,ig_count2.webp,audio_ig8.mp3,1,3,1,5,,🫒,3,,,,,,,
count_objects,PP1-ENG-2.1.29_CVC_Word_Family_ig_Pig_Dig,Count 2 costume wigs!,ig_count3.webp,audio_ig9.mp3,1,2,1,4,,💈,2,,,,,,,
speak_repeat,PP1-ENG-2.1.29_CVC_Word_Family_ig_Pig_Dig,Say out loud clearly: PIG DIG BIG FIG WIG ALL RHYME WITH IG!,speak_ig1.webp,audio_ig10.mp3,1,Pig Dig Big Fig Wig All Rhyme With Ig,,,,,,Pig Dig Big Fig Wig All Rhyme With Ig,,,,,,,
speak_repeat,PP1-ENG-2.1.29_CVC_Word_Family_ig_Pig_Dig,Say out loud clearly: THE BIG PIG CAN DIG FOR A FIG!,speak_ig2.webp,audio_ig11.mp3,1,The Big Pig Can Dig For A Fig,,,,,,The Big Pig Can Dig For A Fig,,,,,,,
matching,PP1-ENG-2.1.29_CVC_Word_Family_ig_Pig_Dig,Match -ig family rhyming words!,,,1,,,,,,,,Pig 🐖,DIG,Fig 🫒,BIG,Wig 💈,PIG
matching,PP1-ENG-2.1.29_CVC_Word_Family_ig_Pig_Dig,Match -ig words to pictures!,,,1,,,,,,,,Pig,🐖,Fig,🫒,Wig,💈
multiple_choice,PP1-ENG-2.1.30_CVC_Word_Family_op_Hop_Pop,Which word rhymes with HOP?,op_q1.webp,audio_op1.mp3,1,POP,CAT,PIG,,,1,,,,,,,
multiple_choice,PP1-ENG-2.1.30_CVC_Word_Family_op_Hop_Pop,What letters make the -op family sound?,op_q2.webp,audio_op2.mp3,1,-OP,-IG,-AN,,,1,,,,,,,
multiple_choice,PP1-ENG-2.1.30_CVC_Word_Family_op_Hop_Pop,Which floor cleaning tool belongs to -op family?,op_q3.webp,audio_op3.mp3,1,MOP,FAN,PAN,,,1,,,,,,,
multiple_choice,PP1-ENG-2.1.30_CVC_Word_Family_op_Hop_Pop,Which spinning toy rhymes with HOP?,op_q4.webp,audio_op4.mp3,1,TOP,BALL,KITE,,,1,,,,,,,
multiple_choice,PP1-ENG-2.1.30_CVC_Word_Family_op_Hop_Pop,Hop, Pop, Mop, and Top all end with...?,op_q5.webp,audio_op5.mp3,1,-OP,-AT,-IN,,,1,,,,,,,
multiple_choice,PP1-ENG-2.1.30_CVC_Word_Family_op_Hop_Pop,When a balloon breaks with sound it goes...?,op_q6.webp,audio_op6.mp3,1,POP,MOP,TOP,,,1,,,,,,,
count_objects,PP1-ENG-2.1.30_CVC_Word_Family_op_Hop_Pop,Count 3 frogs hopping in -op family!,op_count1.webp,audio_op7.mp3,1,3,2,4,,🐸,3,,,,,,,
count_objects,PP1-ENG-2.1.30_CVC_Word_Family_op_Hop_Pop,Count 2 floor mops!,op_count2.webp,audio_op8.mp3,1,2,1,3,,🧹,2,,,,,,,
count_objects,PP1-ENG-2.1.30_CVC_Word_Family_op_Hop_Pop,Count 4 spinning tops!,op_count3.webp,audio_op9.mp3,1,4,2,5,,🪀,4,,,,,,,
speak_repeat,PP1-ENG-2.1.30_CVC_Word_Family_op_Hop_Pop,Say out loud clearly: HOP POP MOP TOP ALL RHYME WITH OP!,speak_op1.webp,audio_op10.mp3,1,Hop Pop Mop Top All Rhyme With Op,,,,,,Hop Pop Mop Top All Rhyme With Op,,,,,,,
speak_repeat,PP1-ENG-2.1.30_CVC_Word_Family_op_Hop_Pop,Say out loud clearly: HOP TO THE TOP WITH A MOP!,speak_op2.webp,audio_op11.mp3,1,Hop To The Top With A Mop,,,,,,Hop To The Top With A Mop,,,,,,,
matching,PP1-ENG-2.1.30_CVC_Word_Family_op_Hop_Pop,Match -op family rhyming words!,,,1,,,,,,,,Hop 🐸,POP,Mop 🧹,TOP,Pop 🎈,HOP
matching,PP1-ENG-2.1.30_CVC_Word_Family_op_Hop_Pop,Match -op words to pictures!,,,1,,,,,,,,Hop,🐸,Mop,🧹,Top,🪀


question_type,lesson_title,prompt,prompt_image,prompt_audio,correct_answer,option_1,option_2,option_3,option_4,count_emoji_or_image,target_count,target_word,pair_1_left,pair_1_right,pair_2_left,pair_2_right,pair_3_left,pair_3_right
multiple_choice,PP1-ENG-2.1.31_CVC_Word_Family_ug_Bug_Rug,Which word rhymes with BUG?,ug_q1.webp,audio_ug1.mp3,1,RUG,CAT,PIG,,,1,,,,,,,
multiple_choice,PP1-ENG-2.1.31_CVC_Word_Family_ug_Bug_Rug,What letters make the -ug family sound?,ug_q2.webp,audio_ug2.mp3,1,-UG,-AT,-AN,,,1,,,,,,,
multiple_choice,PP1-ENG-2.1.31_CVC_Word_Family_ug_Bug_Rug,Which drink container rhymes with BUG?,ug_q3.webp,audio_ug3.mp3,1,MUG,PAN,POT,,,1,,,,,,,
multiple_choice,PP1-ENG-2.1.31_CVC_Word_Family_ug_Bug_Rug,Which warm cuddle word belongs to the -ug family?,ug_q4.webp,audio_ug4.mp3,1,HUG,RUN,HOP,,,1,,,,,,,
multiple_choice,PP1-ENG-2.1.31_CVC_Word_Family_ug_Bug_Rug,Which water pitcher rhymes with BUG?,ug_q5.webp,audio_ug5.mp3,1,JUG,DOG,VAN,,,1,,,,,,,
multiple_choice,PP1-ENG-2.1.31_CVC_Word_Family_ug_Bug_Rug,Bug, Rug, Mug, and Hug all end with...?,ug_q6.webp,audio_ug6.mp3,1,-UG,-OP,-IG,,,1,,,,,,,
count_objects,PP1-ENG-2.1.31_CVC_Word_Family_ug_Bug_Rug,Count 3 crawling bugs on the rug!,ug_count1.webp,audio_ug7.mp3,1,3,2,4,,🐛,3,,,,,,,
count_objects,PP1-ENG-2.1.31_CVC_Word_Family_ug_Bug_Rug,Count 2 warm coffee mugs!,ug_count2.webp,audio_ug8.mp3,1,2,1,3,,☕,2,,,,,,,
count_objects,PP1-ENG-2.1.31_CVC_Word_Family_ug_Bug_Rug,Count 4 water jugs!,ug_count3.webp,audio_ug9.mp3,1,4,2,5,,🏺,4,,,,,,,
speak_repeat,PP1-ENG-2.1.31_CVC_Word_Family_ug_Bug_Rug,Say out loud clearly: BUG RUG MUG HUG JUG ALL RHYME WITH UG!,speak_ug1.webp,audio_ug10.mp3,1,Bug Rug Mug Hug Jug All Rhyme With Ug,,,,,,Bug Rug Mug Hug Jug All Rhyme With Ug,,,,,,,
speak_repeat,PP1-ENG-2.1.31_CVC_Word_Family_ug_Bug_Rug,Say out loud clearly: A BUG SAT ON A MUG ON THE RUG!,speak_ug2.webp,audio_ug11.mp3,1,A Bug Sat On A Mug On The Rug,,,,,,A Bug Sat On A Mug On The Rug,,,,,,,
matching,PP1-ENG-2.1.31_CVC_Word_Family_ug_Bug_Rug,Match -ug family rhyming words!,,,1,,,,,,,,Bug 🐛,RUG,Mug ☕,HUG,Jug 🏺,BUG
matching,PP1-ENG-2.1.31_CVC_Word_Family_ug_Bug_Rug,Match -ug words to pictures!,,,1,,,,,,,,Bug,🐛,Mug,☕,Jug,🏺
multiple_choice,PP1-ENG-2.1.32_CVC_Word_Family_en_Hen_Pen,Which word rhymes with HEN?,en_q1.webp,audio_en1.mp3,1,PEN,CAT,DOG,,,1,,,,,,,
multiple_choice,PP1-ENG-2.1.32_CVC_Word_Family_en_Hen_Pen,What letters make the -en family sound?,en_q2.webp,audio_en2.mp3,1,-EN,-AT,-UG,,,1,,,,,,,
multiple_choice,PP1-ENG-2.1.32_CVC_Word_Family_en_Hen_Pen,Which number rhymes with HEN?,en_q3.webp,audio_en3.mp3,1,TEN,ONE,TWO,,,1,,,,,,,
multiple_choice,PP1-ENG-2.1.32_CVC_Word_Family_en_Hen_Pen,Which plural word for boys belongs to -en family?,en_q4.webp,audio_en4.mp3,1,MEN,MAN,BOY,,,1,,,,,,,
multiple_choice,PP1-ENG-2.1.32_CVC_Word_Family_en_Hen_Pen,Which lion home rhymes with HEN?,en_q5.webp,audio_en5.mp3,1,DEN,BOX,HOUSE,,,1,,,,,,,
multiple_choice,PP1-ENG-2.1.32_CVC_Word_Family_en_Hen_Pen,Hen, Pen, Ten, and Men all end with...?,en_q6.webp,audio_en6.mp3,1,-EN,-AN,-IG,,,1,,,,,,,
count_objects,PP1-ENG-2.1.32_CVC_Word_Family_en_Hen_Pen,Count 5 farm hens in the -en family!,en_count1.webp,audio_en7.mp3,1,5,3,4,,🐔,5,,,,,,,
count_objects,PP1-ENG-2.1.32_CVC_Word_Family_en_Hen_Pen,Count 3 writing pens!,en_count2.webp,audio_en8.mp3,1,3,1,4,,🖊️,3,,,,,,,
count_objects,PP1-ENG-2.1.32_CVC_Word_Family_en_Hen_Pen,Count 2 lion dens!,en_count3.webp,audio_en9.mp3,1,2,1,3,,🦁,2,,,,,,,
speak_repeat,PP1-ENG-2.1.32_CVC_Word_Family_en_Hen_Pen,Say out loud clearly: HEN PEN TEN MEN DEN ALL RHYME WITH EN!,speak_en1.webp,audio_en10.mp3,1,Hen Pen Ten Men Den All Rhyme With En,,,,,,Hen Pen Ten Men Den All Rhyme With En,,,,,,,
speak_repeat,PP1-ENG-2.1.32_CVC_Word_Family_en_Hen_Pen,Say out loud clearly: TEN HENS IN A PEN NEAR THE DEN!,speak_en2.webp,audio_en11.mp3,1,Ten Hens In A Pen Near The Den,,,,,,Ten Hens In A Pen Near The Den,,,,,,,
matching,PP1-ENG-2.1.32_CVC_Word_Family_en_Hen_Pen,Match -en family rhyming words!,,,1,,,,,,,,Hen 🐔,PEN,Ten 🔟,DEN,Men 👨‍👨‍👦,HEN
matching,PP1-ENG-2.1.32_CVC_Word_Family_en_Hen_Pen,Match -en words to pictures!,,,1,,,,,,,,Hen,🐔,Pen,🖊️,Ten,🔟
multiple_choice,PP1-ENG-3.1.33_Sight_Words_The_And_Is,Find the sight word THE in the sentence: The cat sat.,sw1_q1.webp,audio_sw1.mp3,1,THE,CAT,SAT,,,1,,,,,,,
multiple_choice,PP1-ENG-3.1.33_Sight_Words_The_And_Is,Find the sight word AND: Cat AND dog.,sw1_q2.webp,audio_sw2.mp3,1,AND,CAT,DOG,,,1,,,,,,,
multiple_choice,PP1-ENG-3.1.33_Sight_Words_The_And_Is,Find the sight word IS: The sun IS hot.,sw1_q3.webp,audio_sw3.mp3,1,IS,SUN,HOT,,,1,,,,,,,
multiple_choice,PP1-ENG-3.1.33_Sight_Words_The_And_Is,Which word connects two friends: Boy ___ Girl?,sw1_q4.webp,audio_sw4.mp3,1,AND,THE,IS,,,1,,,,,,,
multiple_choice,PP1-ENG-3.1.33_Sight_Words_The_And_Is,Complete the sentence: ___ dog is big.,sw1_q5.webp,audio_sw5.mp3,1,THE,AND,IS,,,1,,,,,,,
multiple_choice,PP1-ENG-3.1.33_Sight_Words_The_And_Is,Complete the sentence: It ___ a happy day.,sw1_q6.webp,audio_sw6.mp3,1,IS,THE,AND,,,1,,,,,,,
count_objects,PP1-ENG-3.1.33_Sight_Words_The_And_Is,Count 3 sight word cards showing THE!,sw1_count1.webp,audio_sw7.mp3,1,3,2,4,,🃏,3,,,,,,,
count_objects,PP1-ENG-3.1.33_Sight_Words_The_And_Is,Count 4 sight word cards showing AND!,sw1_count2.webp,audio_sw8.mp3,1,4,2,5,,🃏,4,,,,,,,
count_objects,PP1-ENG-3.1.33_Sight_Words_The_And_Is,Count 2 sight word cards showing IS!,sw1_count3.webp,audio_sw9.mp3,1,2,1,3,,🃏,2,,,,,,,
speak_repeat,PP1-ENG-3.1.33_Sight_Words_The_And_Is,Say out loud clearly: SIGHT WORDS THE AND IS!,speak_sw1.webp,audio_sw10.mp3,1,Sight Words The And Is,,,,,,Sight Words The And Is,,,,,,,
speak_repeat,PP1-ENG-3.1.33_Sight_Words_The_And_Is,Say out loud clearly: THE CAT AND THE DOG IS HAPPY!,speak_sw2.webp,audio_sw11.mp3,1,The Cat And The Dog Is Happy,,,,,,The Cat And The Dog Is Happy,,,,,,,
matching,PP1-ENG-3.1.33_Sight_Words_The_And_Is,Match sight words!,,,1,,,,,,,,T-H-E,THE,A-N-D,AND,I-S,IS
matching,PP1-ENG-3.1.33_Sight_Words_The_And_Is,Match sight word pairs!,,,1,,,,,,,,The,THE,And,AND,Is,IS
multiple_choice,PP1-ENG-3.1.34_Sight_Words_In_On_Under,Where is the cat sitting IN the box?,prep_q1.webp,audio_pr1.mp3,1,IN,ON,UNDER,,,1,,,,,,,
multiple_choice,PP1-ENG-3.1.34_Sight_Words_In_On_Under,Where is the book resting ON the table?,prep_q2.webp,audio_pr2.mp3,1,ON,IN,UNDER,,,1,,,,,,,
multiple_choice,PP1-ENG-3.1.34_Sight_Words_In_On_Under,Where is the dog sleeping UNDER the bed?,prep_q3.webp,audio_pr3.mp3,1,UNDER,IN,ON,,,1,,,,,,,
multiple_choice,PP1-ENG-3.1.34_Sight_Words_In_On_Under,The fish swims ___ the water jar.,prep_q4.webp,audio_pr4.mp3,1,IN,ON,UNDER,,,1,,,,,,,
multiple_choice,PP1-ENG-3.1.34_Sight_Words_In_On_Under,The hat is ___ my head.,prep_q5.webp,audio_pr5.mp3,1,ON,IN,UNDER,,,1,,,,,,,
multiple_choice,PP1-ENG-3.1.34_Sight_Words_In_On_Under,The ball rolled ___ the chair.,prep_q6.webp,audio_pr6.mp3,1,UNDER,IN,ON,,,1,,,,,,,
count_objects,PP1-ENG-3.1.34_Sight_Words_In_On_Under,Count 3 items IN the basket!,prep_count1.webp,audio_pr7.mp3,1,3,2,4,,🧺,3,,,,,,,
count_objects,PP1-ENG-3.1.34_Sight_Words_In_On_Under,Count 2 hats ON the shelf!,prep_count2.webp,audio_pr8.mp3,1,2,1,4,,👒,2,,,,,,,
count_objects,PP1-ENG-3.1.34_Sight_Words_In_On_Under,Count 4 balls UNDER the table!,prep_count3.webp,audio_pr9.mp3,1,4,2,5,,⚽,4,,,,,,,
speak_repeat,PP1-ENG-3.1.34_Sight_Words_In_On_Under,Say out loud clearly: PREPOSITION SIGHT WORDS IN ON UNDER!,speak_pr1.webp,audio_pr10.mp3,1,Preposition Sight Words In On Under,,,,,,Preposition Sight Words In On Under,,,,,,,
speak_repeat,PP1-ENG-3.1.34_Sight_Words_In_On_Under,Say out loud clearly: IN THE BOX ON THE TABLE UNDER THE BED!,speak_pr2.webp,audio_pr11.mp3,1,In The Box On The Table Under The Bed,,,,,,In The Box On The Table Under The Bed,,,,,,,
matching,PP1-ENG-3.1.34_Sight_Words_In_On_Under,Match preposition sight words!,,,1,,,,,,,,Inside,IN,Top of,ON,Below,UNDER
matching,PP1-ENG-3.1.34_Sight_Words_In_On_Under,Match positional words!,,,1,,,,,,,,In,IN,On,ON,Under,UNDER
multiple_choice,PP1-ENG-3.1.35_CVC_Word_Master,Which word belongs to the -at family?,cvm_q1.webp,audio_cm1.mp3,1,CAT,PIG,BUG,,,1,,,,,,,
multiple_choice,PP1-ENG-3.1.35_CVC_Word_Master,Which word belongs to the -an family?,cvm_q2.webp,audio_cm2.mp3,1,MAN,HOP,HEN,,,1,,,,,,,
multiple_choice,PP1-ENG-3.1.35_CVC_Word_Master,Which word belongs to the -ig family?,cvm_q3.webp,audio_cm3.mp3,1,PIG,HAT,MUG,,,1,,,,,,,
multiple_choice,PP1-ENG-3.1.35_CVC_Word_Master,Which word belongs to the -op family?,cvm_q4.webp,audio_cm4.mp3,1,HOP,PEN,VAN,,,1,,,,,,,
multiple_choice,PP1-ENG-3.1.35_CVC_Word_Master,Which word belongs to the -ug family?,cvm_q5.webp,audio_cm5.mp3,1,BUG,CAT,TEN,,,1,,,,,,,
multiple_choice,PP1-ENG-3.1.35_CVC_Word_Master,Which word belongs to the -en family?,cvm_q6.webp,audio_cm6.mp3,1,HEN,MAP,DOG,,,1,,,,,,,
count_objects,PP1-ENG-3.1.35_CVC_Word_Master,Count 5 CVC master word cards!,cvm_count1.webp,audio_cm7.mp3,1,5,3,4,,🃏,5,,,,,,,
count_objects,PP1-ENG-3.1.35_CVC_Word_Master,Count 4 CVC rhyming blocks!,cvm_count2.webp,audio_cm8.mp3,1,4,2,3,,🧱,4,,,,,,,
count_objects,PP1-ENG-3.1.35_CVC_Word_Master,Count 3 CVC master trophies!,cvm_count3.webp,audio_cm9.mp3,1,3,1,5,,🏆,3,,,,,,,
speak_repeat,PP1-ENG-3.1.35_CVC_Word_Master,Say out loud clearly: I AM A CVC WORD FAMILY GRAND MASTER!,speak_cm1.webp,audio_cm10.mp3,1,I Am A CVC Word Family Grand Master,,,,,,I Am A CVC Word Family Grand Master,,,,,,,
speak_repeat,PP1-ENG-3.1.35_CVC_Word_Master,Say out loud clearly: CAT MAN PIG HOP BUG HEN!,speak_cm2.webp,audio_cm11.mp3,1,Cat Man Pig Hop Bug Hen,,,,,,Cat Man Pig Hop Bug Hen,,,,,,,
matching,PP1-ENG-3.1.35_CVC_Word_Master,Match CVC word families!,,,1,,,,,,,,Cat 🐱,-AT,Man 👨,-AN,Pig 🐖,-IG
matching,PP1-ENG-3.1.35_CVC_Word_Master,Match more CVC families!,,,1,,,,,,,,Hop 🐸,-OP,Bug 🐛,-UG,Hen 🐔,-EN
multiple_choice,PP1-ENG-3.1.36_Grammar_Nouns_Naming_People,Which noun names a person?,np_q1.webp,audio_np1.mp3,1,BOY,DOG,PARK,,,1,,,,,,,
multiple_choice,PP1-ENG-3.1.36_Grammar_Nouns_Naming_People,Which noun names a female child person?,np_q2.webp,audio_np2.mp3,1,GIRL,CAT,BOOK,,,1,,,,,,,
multiple_choice,PP1-ENG-3.1.36_Grammar_Nouns_Naming_People,Who teaches us at school?,np_q3.webp,audio_np3.mp3,1,TEACHER,TOY,CHAIR,,,1,,,,,,,
multiple_choice,PP1-ENG-3.1.36_Grammar_Nouns_Naming_People,Who helps us when we are sick?,np_q4.webp,audio_np4.mp3,1,DOCTOR,BALL,HOUSE,,,1,,,,,,,
multiple_choice,PP1-ENG-3.1.36_Grammar_Nouns_Naming_People,A noun is a word that names a person place or...?,np_q5.webp,audio_np5.mp3,1,THING,RUN,BIG,,,1,,,,,,,
multiple_choice,PP1-ENG-3.1.36_Grammar_Nouns_Naming_People,Boy, Girl, Teacher, and Doctor are all...?,np_q6.webp,audio_np6.mp3,1,PEOPLE,ANIMALS,PLACES,,,1,,,,,,,
count_objects,PP1-ENG-3.1.36_Grammar_Nouns_Naming_People,Count 3 young boys playing!,np_count1.webp,audio_np7.mp3,1,3,2,4,,👦,3,,,,,,,
count_objects,PP1-ENG-3.1.36_Grammar_Nouns_Naming_People,Count 4 happy girls reading!,np_count2.webp,audio_np8.mp3,1,4,2,5,,👧,4,,,,,,,
count_objects,PP1-ENG-3.1.36_Grammar_Nouns_Naming_People,Count 2 teachers guiding class!,np_count3.webp,audio_np9.mp3,1,2,1,3,,👩‍🏫,2,,,,,,,
speak_repeat,PP1-ENG-3.1.36_Grammar_Nouns_Naming_People,Say out loud clearly: NOUNS ARE NAMES OF PEOPLE BOY GIRL TEACHER DOCTOR!,speak_np1.webp,audio_np10.mp3,1,Nouns Are Names Of People Boy Girl Teacher Doctor,,,,,,Nouns Are Names Of People Boy Girl Teacher Doctor,,,,,,,
speak_repeat,PP1-ENG-3.1.36_Grammar_Nouns_Naming_People,Say out loud clearly: PEOPLE ARE SPECIAL NOUNS!,speak_np2.webp,audio_np11.mp3,1,People Are Special Nouns,,,,,,People Are Special Nouns,,,,,,,
matching,PP1-ENG-3.1.36_Grammar_Nouns_Naming_People,Match people nouns!,,,1,,,,,,,,Boy 👦,PERSON,Teacher 👩‍🏫,PERSON,Doctor 🧑‍⚕️,PERSON
matching,PP1-ENG-3.1.36_Grammar_Nouns_Naming_People,Match people words!,,,1,,,,,,,,Boy,BOY,Girl,GIRL,Doctor,DOCTOR
multiple_choice,PP1-ENG-3.1.37_Grammar_Nouns_Naming_Animals,Which noun names an animal that barks?,na_q1.webp,audio_na1.mp3,1,DOG,BOY,PARK,,,1,,,,,,,
multiple_choice,PP1-ENG-3.1.37_Grammar_Nouns_Naming_Animals,Which noun names an animal that meows?,na_q2.webp,audio_na2.mp3,1,CAT,GIRL,SCHOOL,,,1,,,,,,,
multiple_choice,PP1-ENG-3.1.37_Grammar_Nouns_Naming_Animals,Which noun names the roaring wild animal?,na_q3.webp,audio_na3.mp3,1,LION,TEACHER,HOUSE,,,1,,,,,,,
multiple_choice,PP1-ENG-3.1.37_Grammar_Nouns_Naming_Animals,Which noun names a giant animal with a trunk?,na_q4.webp,audio_na4.mp3,1,ELEPHANT,CAR,BOOK,,,1,,,,,,,
multiple_choice,PP1-ENG-3.1.37_Grammar_Nouns_Naming_Animals,Dog, Cat, Lion, and Elephant are nouns naming...?,na_q5.webp,audio_na5.mp3,1,ANIMALS,PEOPLE,PLACES,,,1,,,,,,,
multiple_choice,PP1-ENG-3.1.37_Grammar_Nouns_Naming_Animals,An animal noun describes a living...?,na_q6.webp,audio_na6.mp3,1,CREATURE,BUILDING,ACTION,,,1,,,,,,,
count_objects,PP1-ENG-3.1.37_Grammar_Nouns_Naming_Animals,Count 3 friendly dogs!,na_count1.webp,audio_na7.mp3,1,3,2,4,,🐶,3,,,,,,,
count_objects,PP1-ENG-3.1.37_Grammar_Nouns_Naming_Animals,Count 4 cute cats!,na_count2.webp,audio_na8.mp3,1,4,2,5,,🐱,4,,,,,,,
count_objects,PP1-ENG-3.1.37_Grammar_Nouns_Naming_Animals,Count 2 roaring lions!,na_count3.webp,audio_na9.mp3,1,2,1,3,,🦁,2,,,,,,,
speak_repeat,PP1-ENG-3.1.37_Grammar_Nouns_Naming_Animals,Say out loud clearly: ANIMAL NOUNS DOG CAT LION ELEPHANT!,speak_na1.webp,audio_na10.mp3,1,Animal Nouns Dog Cat Lion Elephant,,,,,,Animal Nouns Dog Cat Lion Elephant,,,,,,,
speak_repeat,PP1-ENG-3.1.37_Grammar_Nouns_Naming_Animals,Say out loud clearly: ANIMALS ARE NOUNS THAT GROW AND MOVE!,speak_na2.webp,audio_na11.mp3,1,Animals Are Nouns That Grow And Move,,,,,,Animals Are Nouns That Grow And Move,,,,,,,
matching,PP1-ENG-3.1.37_Grammar_Nouns_Naming_Animals,Match animal nouns!,,,1,,,,,,,,Dog 🐶,ANIMAL,Cat 🐱,ANIMAL,Lion 🦁,ANIMAL
matching,PP1-ENG-3.1.37_Grammar_Nouns_Naming_Animals,Match animal words!,,,1,,,,,,,,Dog,DOG,Cat,CAT,Elephant,ELEPHANT
multiple_choice,PP1-ENG-3.1.38_Grammar_Nouns_Naming_Places,Which noun names a place where we go to learn?,npl_q1.webp,audio_pl1.mp3,1,SCHOOL,DOG,PEN,,,1,,,,,,,
multiple_choice,PP1-ENG-3.1.38_Grammar_Nouns_Naming_Places,Which noun names a place where we go to play on swings?,npl_q2.webp,audio_pl2.mp3,1,PARK,CAT,CHAIR,,,1,,,,,,,
multiple_choice,PP1-ENG-3.1.38_Grammar_Nouns_Naming_Places,Which noun names the place where we live with family?,npl_q3.webp,audio_pl3.mp3,1,HOME,TEACHER,TOY,,,1,,,,,,,
multiple_choice,PP1-ENG-3.1.38_Grammar_Nouns_Naming_Places,Which noun names a place where wild animals live?,npl_q4.webp,audio_pl4.mp3,1,ZOO,GIRL,BOOK,,,1,,,,,,,
multiple_choice,PP1-ENG-3.1.38_Grammar_Nouns_Naming_Places,School, Park, Home, and Zoo are all nouns naming...?,npl_q5.webp,audio_pl5.mp3,1,PLACES,PEOPLE,THINGS,,,1,,,,,,,
multiple_choice,PP1-ENG-3.1.38_Grammar_Nouns_Naming_Places,A place noun tells us...?,npl_q6.webp,audio_pl6.mp3,1,WHERE,WHO,ACTION,,,1,,,,,,,
count_objects,PP1-ENG-3.1.38_Grammar_Nouns_Naming_Places,Count 2 school buildings!,npl_count1.webp,audio_pl7.mp3,1,2,1,3,,🏫,2,,,,,,,
count_objects,PP1-ENG-3.1.38_Grammar_Nouns_Naming_Places,Count 3 park playgrounds!,npl_count2.webp,audio_pl8.mp3,1,3,2,4,,🛝,3,,,,,,,
count_objects,PP1-ENG-3.1.38_Grammar_Nouns_Naming_Places,Count 4 cozy homes!,npl_count3.webp,audio_pl9.mp3,1,4,2,5,,🏠,4,,,,,,,
speak_repeat,PP1-ENG-3.1.38_Grammar_Nouns_Naming_Places,Say out loud clearly: PLACE NOUNS SCHOOL PARK HOME ZOO!,speak_pl1.webp,audio_pl10.mp3,1,Place Nouns School Park Home Zoo,,,,,,Place Nouns School Park Home Zoo,,,,,,,
speak_repeat,PP1-ENG-3.1.38_Grammar_Nouns_Naming_Places,Say out loud clearly: PLACES TELL US WHERE WE ARE!,speak_pl2.webp,audio_pl11.mp3,1,Places Tell Us Where We Are,,,,,,Places Tell Us Where We Are,,,,,,,
matching,PP1-ENG-3.1.38_Grammar_Nouns_Naming_Places,Match place nouns!,,,1,,,,,,,,School 🏫,PLACE,Park 🛝,PLACE,Home 🏠,PLACE
matching,PP1-ENG-3.1.38_Grammar_Nouns_Naming_Places,Match place words!,,,1,,,,,,,,School,SCHOOL,Park,PARK,Home,HOME
multiple_choice,PP1-ENG-3.1.39_Grammar_Nouns_Naming_Things,Which noun names a thing we read?,nth_q1.webp,audio_th1.mp3,1,BOOK,BOY,PARK,,,1,,,,,,,
multiple_choice,PP1-ENG-3.1.39_Grammar_Nouns_Naming_Things,Which noun names a thing we sit on?,nth_q2.webp,audio_th2.mp3,1,CHAIR,CAT,ZOO,,,1,,,,,,,
multiple_choice,PP1-ENG-3.1.39_Grammar_Nouns_Naming_Things,Which noun names a thing we write with?,nth_q3.webp,audio_th3.mp3,1,PEN,TEACHER,HOME,,,1,,,,,,,
multiple_choice,PP1-ENG-3.1.39_Grammar_Nouns_Naming_Things,Which noun names a thing we play with?,nth_q4.webp,audio_th4.mp3,1,TOY,GIRL,SCHOOL,,,1,,,,,,,
multiple_choice,PP1-ENG-3.1.39_Grammar_Nouns_Naming_Things,Book, Chair, Pen, and Toy are nouns naming...?,nth_q5.webp,audio_th5.mp3,1,THINGS,PEOPLE,PLACES,,,1,,,,,,,
multiple_choice,PP1-ENG-3.1.39_Grammar_Nouns_Naming_Things,A thing noun is an object that is not a...?,nth_q6.webp,audio_th6.mp3,1,PERSON,TOY,ITEM,,,1,,,,,,,
count_objects,PP1-ENG-3.1.39_Grammar_Nouns_Naming_Things,Count 4 story books!,nth_count1.webp,audio_th7.mp3,1,4,2,3,,📚,4,,,,,,,
count_objects,PP1-ENG-3.1.39_Grammar_Nouns_Naming_Things,Count 3 wooden chairs!,nth_count2.webp,audio_th8.mp3,1,3,1,5,,🪑,3,,,,,,,
count_objects,PP1-ENG-3.1.39_Grammar_Nouns_Naming_Things,Count 5 fun toys!,nth_count3.webp,audio_th9.mp3,1,5,3,4,,🧸,5,,,,,,,
speak_repeat,PP1-ENG-3.1.39_Grammar_Nouns_Naming_Things,Say out loud clearly: THING NOUNS BOOK CHAIR PEN TOY!,speak_th1.webp,audio_th10.mp3,1,Thing Nouns Book Chair Pen Toy,,,,,,Thing Nouns Book Chair Pen Toy,,,,,,,
speak_repeat,PP1-ENG-3.1.39_Grammar_Nouns_Naming_Things,Say out loud clearly: THINGS ARE OBJECTS WE USE EVERY DAY!,speak_th2.webp,audio_th11.mp3,1,Things Are Objects We Use Every Day,,,,,,Things Are Objects We Use Every Day,,,,,,,
matching,PP1-ENG-3.1.39_Grammar_Nouns_Naming_Things,Match thing nouns!,,,1,,,,,,,,Book 📚,THING,Chair 🪑,THING,Toy 🧸,THING
matching,PP1-ENG-3.1.39_Grammar_Nouns_Naming_Things,Match thing words!,,,1,,,,,,,,Book,BOOK,Chair,CHAIR,Pen,PEN
multiple_choice,PP1-ENG-3.1.40_Grammar_Verbs_Action_Words_Run_Jump,Which verb is an action word for moving feet very fast?,v1_q1.webp,audio_v11.mp3,1,RUN,BOOK,BLUE,,,1,,,,,,,
multiple_choice,PP1-ENG-3.1.40_Grammar_Verbs_Action_Words_Run_Jump,Which verb means pushing off two feet high into the air?,v1_q2.webp,audio_v12.mp3,1,JUMP,CHAIR,RED,,,1,,,,,,,
multiple_choice,PP1-ENG-3.1.40_Grammar_Verbs_Action_Words_Run_Jump,Which verb means taking slow steady steps?,v1_q3.webp,audio_v13.mp3,1,WALK,TOY,BIG,,,1,,,,,,,
multiple_choice,PP1-ENG-3.1.40_Grammar_Verbs_Action_Words_Run_Jump,Which verb means bouncing forward on one foot?,v1_q4.webp,audio_v14.mp3,1,HOP,PARK,SMALL,,,1,,,,,,,
multiple_choice,PP1-ENG-3.1.40_Grammar_Verbs_Action_Words_Run_Jump,Verbs are words that show...?,v1_q5.webp,audio_v15.mp3,1,ACTION,NAME,COLOR,,,1,,,,,,,
multiple_choice,PP1-ENG-3.1.40_Grammar_Verbs_Action_Words_Run_Jump,Run, Jump, Walk, and Hop tell us what we can...?,v1_q6.webp,audio_v16.mp3,1,DO,NAME,COLOR,,,1,,,,,,,
count_objects,PP1-ENG-3.1.40_Grammar_Verbs_Action_Words_Run_Jump,Count 3 kids running fast!,v1_count1.webp,audio_v17.mp3,1,3,2,4,,🏃,3,,,,,,,
count_objects,PP1-ENG-3.1.40_Grammar_Verbs_Action_Words_Run_Jump,Count 4 kids jumping high!,v1_count2.webp,audio_v18.mp3,1,4,2,5,,🧗,4,,,,,,,
count_objects,PP1-ENG-3.1.40_Grammar_Verbs_Action_Words_Run_Jump,Count 2 frogs hopping!,v1_count3.webp,audio_v19.mp3,1,2,1,3,,🐸,2,,,,,,,
speak_repeat,PP1-ENG-3.1.40_Grammar_Verbs_Action_Words_Run_Jump,Say out loud clearly: ACTION VERBS RUN JUMP WALK HOP!,speak_v11.webp,audio_v110.mp3,1,Action Verbs Run Jump Walk Hop,,,,,,Action Verbs Run Jump Walk Hop,,,,,,,
speak_repeat,PP1-ENG-3.1.40_Grammar_Verbs_Action_Words_Run_Jump,Say out loud clearly: VERBS SHOW WHAT WE CAN DO!,speak_v12.webp,audio_v111.mp3,1,Verbs Show What We Can Do,,,,,,Verbs Show What We Can Do,,,,,,,
matching,PP1-ENG-3.1.40_Grammar_Verbs_Action_Words_Run_Jump,Match action verbs!,,,1,,,,,,,,Run 🏃,ACTION,Jump 🧗,ACTION,Hop 🐸,ACTION
matching,PP1-ENG-3.1.40_Grammar_Verbs_Action_Words_Run_Jump,Match verb words!,,,1,,,,,,,,Run,RUN,Jump,JUMP,Walk,WALK
multiple_choice,PP1-ENG-3.1.41_Grammar_Verbs_Action_Words_Sing_Dance,Which verb means making music with your voice?,v2_q1.webp,audio_v21.mp3,1,SING,RED,BOOK,,,1,,,,,,,
multiple_choice,PP1-ENG-3.1.41_Grammar_Verbs_Action_Words_Sing_Dance,Which verb means moving your body to music?,v2_q2.webp,audio_v22.mp3,1,DANCE,BIG,HOME,,,1,,,,,,,
multiple_choice,PP1-ENG-3.1.41_Grammar_Verbs_Action_Words_Sing_Dance,Which verb means hitting your hands together to make a sound?,v2_q3.webp,audio_v23.mp3,1,CLAP,COLD,DOG,,,1,,,,,,,
multiple_choice,PP1-ENG-3.1.41_Grammar_Verbs_Action_Words_Sing_Dance,Which verb means moving your hand to say hello?,v2_q4.webp,audio_v24.mp3,1,WAVE,SMALL,CAT,,,1,,,,,,,
multiple_choice,PP1-ENG-3.1.41_Grammar_Verbs_Action_Words_Sing_Dance,Sing, Dance, Clap, and Wave are all...?,v2_q5.webp,audio_v25.mp3,1,VERBS,NOUNS,COLORS,,,1,,,,,,,
multiple_choice,PP1-ENG-3.1.41_Grammar_Verbs_Action_Words_Sing_Dance,A verb describes an active...?,v2_q6.webp,audio_v26.mp3,1,MOVEMENT,NAME,SIZE,,,1,,,,,,,
count_objects,PP1-ENG-3.1.41_Grammar_Verbs_Action_Words_Sing_Dance,Count 3 kids singing!,v2_count1.webp,audio_v27.mp3,1,3,1,4,,🎤,3,,,,,,,
count_objects,PP1-ENG-3.1.41_Grammar_Verbs_Action_Words_Sing_Dance,Count 2 kids dancing!,v2_count2.webp,audio_v28.mp3,1,2,1,3,,💃,2,,,,,,,
count_objects,PP1-ENG-3.1.41_Grammar_Verbs_Action_Words_Sing_Dance,Count 4 hands clapping!,v2_count3.webp,audio_v29.mp3,1,4,2,5,,👏,4,,,,,,,
speak_repeat,PP1-ENG-3.1.41_Grammar_Verbs_Action_Words_Sing_Dance,Say out loud clearly: ACTION VERBS SING DANCE CLAP WAVE!,speak_v21.webp,audio_v210.mp3,1,Action Verbs Sing Dance Clap Wave,,,,,,Action Verbs Sing Dance Clap Wave,,,,,,,
speak_repeat,PP1-ENG-3.1.41_Grammar_Verbs_Action_Words_Sing_Dance,Say out loud clearly: SING AND DANCE WITH JOY!,speak_v22.webp,audio_v211.mp3,1,Sing And Dance With Joy,,,,,,Sing And Dance With Joy,,,,,,,
matching,PP1-ENG-3.1.41_Grammar_Verbs_Action_Words_Sing_Dance,Match musical action verbs!,,,1,,,,,,,,Sing 🎤,ACTION,Dance 💃,ACTION,Clap 👏,ACTION
matching,PP1-ENG-3.1.41_Grammar_Verbs_Action_Words_Sing_Dance,Match verb actions!,,,1,,,,,,,,Sing,SING,Dance,DANCE,Wave,WAVE
multiple_choice,PP1-ENG-3.1.42_Grammar_Adjectives_Colors_Red_Blue,Which adjective describes the color of an apple?,adj1_q1.webp,audio_a11.mp3,1,RED,RUN,BOOK,,,1,,,,,,,
multiple_choice,PP1-ENG-3.1.42_Grammar_Adjectives_Colors_Red_Blue,Which adjective describes the color of the ocean?,adj1_q2.webp,audio_a12.mp3,1,BLUE,JUMP,GIRL,,,1,,,,,,,
multiple_choice,PP1-ENG-3.1.42_Grammar_Adjectives_Colors_Red_Blue,Which adjective describes the color of a ripe banana?,adj1_q3.webp,audio_a13.mp3,1,YELLOW,WALK,HOME,,,1,,,,,,,
multiple_choice,PP1-ENG-3.1.42_Grammar_Adjectives_Colors_Red_Blue,Which adjective describes the color of grass?,adj1_q4.webp,audio_a14.mp3,1,GREEN,HOP,TOY,,,1,,,,,,,
multiple_choice,PP1-ENG-3.1.42_Grammar_Adjectives_Colors_Red_Blue,Color words like Red, Blue, Yellow, and Green are...?,adj1_q5.webp,audio_a15.mp3,1,ADJECTIVES,VERBS,NOUNS,,,1,,,,,,,
multiple_choice,PP1-ENG-3.1.42_Grammar_Adjectives_Colors_Red_Blue,Adjectives describe how nouns...?,adj1_q6.webp,audio_a16.mp3,1,LOOK,RUN,SPEAK,,,1,,,,,,,
count_objects,PP1-ENG-3.1.42_Grammar_Adjectives_Colors_Red_Blue,Count 3 red apples!,adj1_count1.webp,audio_a17.mp3,1,3,1,4,,🍎,3,,,,,,,
count_objects,PP1-ENG-3.1.42_Grammar_Adjectives_Colors_Red_Blue,Count 4 blue balloons!,adj1_count2.webp,audio_a18.mp3,1,4,2,5,,🎈,4,,,,,,,
count_objects,PP1-ENG-3.1.42_Grammar_Adjectives_Colors_Red_Blue,Count 2 yellow bananas!,adj1_count3.webp,audio_a19.mp3,1,2,1,3,,🍌,2,,,,,,,
speak_repeat,PP1-ENG-3.1.42_Grammar_Adjectives_Colors_Red_Blue,Say out loud clearly: COLOR ADJECTIVES RED BLUE YELLOW GREEN!,speak_a11.webp,audio_a110.mp3,1,Color Adjectives Red Blue Yellow Green,,,,,,Color Adjectives Red Blue Yellow Green,,,,,,,
speak_repeat,PP1-ENG-3.1.42_Grammar_Adjectives_Colors_Red_Blue,Say out loud clearly: ADJECTIVES DESCRIBE COLORS OF THINGS!,speak_a12.webp,audio_a111.mp3,1,Adjectives Describe Colors Of Things,,,,,,Adjectives Describe Colors Of Things,,,,,,,
matching,PP1-ENG-3.1.42_Grammar_Adjectives_Colors_Red_Blue,Match color adjectives!,,,1,,,,,,,,Apple 🍎,RED,Sky 🔵,BLUE,Leaf 🟢,GREEN
matching,PP1-ENG-3.1.42_Grammar_Adjectives_Colors_Red_Blue,Match adjective color words!,,,1,,,,,,,,Red,RED,Blue,BLUE,Yellow,YELLOW
multiple_choice,PP1-ENG-3.1.43_Grammar_Adjectives_Sizes_Big_Small,Which size adjective describes a giant elephant?,adj2_q1.webp,audio_a21.mp3,1,BIG,SMALL,RED,,,1,,,,,,,
multiple_choice,PP1-ENG-3.1.43_Grammar_Adjectives_Sizes_Big_Small,Which size adjective describes a tiny mouse?,adj2_q2.webp,audio_a22.mp3,1,SMALL,BIG,BLUE,,,1,,,,,,,
multiple_choice,PP1-ENG-3.1.43_Grammar_Adjectives_Sizes_Big_Small,Which size adjective describes a high giraffe?,adj2_q3.webp,audio_a23.mp3,1,TALL,SHORT,YELLOW,,,1,,,,,,,
multiple_choice,PP1-ENG-3.1.43_Grammar_Adjectives_Sizes_Big_Small,Which size adjective describes a little bush?,adj2_q4.webp,audio_a24.mp3,1,SHORT,TALL,GREEN,,,1,,,,,,,
multiple_choice,PP1-ENG-3.1.43_Grammar_Adjectives_Sizes_Big_Small,Big, Small, Tall, and Short are size...?,adj2_q5.webp,audio_a25.mp3,1,ADJECTIVES,VERBS,NOUNS,,,1,,,,,,,
multiple_choice,PP1-ENG-3.1.43_Grammar_Adjectives_Sizes_Big_Small,Adjectives tell us the size of a...?,adj2_q6.webp,audio_a26.mp3,1,NOUN,VERB,ACTION,,,1,,,,,,,
count_objects,PP1-ENG-3.1.43_Grammar_Adjectives_Sizes_Big_Small,Count 2 big elephants!,adj2_count1.webp,audio_a27.mp3,1,2,1,3,,🐘,2,,,,,,,
count_objects,PP1-ENG-3.1.43_Grammar_Adjectives_Sizes_Big_Small,Count 5 small mice!,adj2_count2.webp,audio_a28.mp3,1,5,3,4,,🐭,5,,,,,,,
count_objects,PP1-ENG-3.1.43_Grammar_Adjectives_Sizes_Big_Small,Count 3 tall giraffes!,adj2_count3.webp,audio_a29.mp3,1,3,1,4,,🦒,3,,,,,,,
speak_repeat,PP1-ENG-3.1.43_Grammar_Adjectives_Sizes_Big_Small,Say out loud clearly: SIZE ADJECTIVES BIG SMALL TALL SHORT!,speak_a21.webp,audio_a210.mp3,1,Size Adjectives Big Small Tall Short,,,,,,Size Adjectives Big Small Tall Short,,,,,,,
speak_repeat,PP1-ENG-3.1.43_Grammar_Adjectives_Sizes_Big_Small,Say out loud clearly: BIG ELEPHANT AND SMALL MOUSE!,speak_a22.webp,audio_a211.mp3,1,Big Elephant And Small Mouse,,,,,,Big Elephant And Small Mouse,,,,,,,
matching,PP1-ENG-3.1.43_Grammar_Adjectives_Sizes_Big_Small,Match size adjectives!,,,1,,,,,,,,Elephant 🐘,BIG,Mouse 🐭,SMALL,Giraffe 🦒,TALL
matching,PP1-ENG-3.1.43_Grammar_Adjectives_Sizes_Big_Small,Match size words!,,,1,,,,,,,,Big,BIG,Small,SMALL,Short,SHORT
multiple_choice,PP1-ENG-3.1.44_Grammar_Opposites_Hot_Cold,What is the opposite of HOT?,opp_q1.webp,audio_o11.mp3,1,COLD,BIG,RED,,,1,,,,,,,
multiple_choice,PP1-ENG-3.1.44_Grammar_Opposites_Hot_Cold,What is the opposite of UP?,opp_q2.webp,audio_o12.mp3,1,DOWN,HOT,RUN,,,1,,,,,,,
multiple_choice,PP1-ENG-3.1.44_Grammar_Opposites_Hot_Cold,What is the opposite of FAST?,opp_q3.webp,audio_o13.mp3,1,SLOW,BIG,COLD,,,1,,,,,,,
multiple_choice,PP1-ENG-3.1.44_Grammar_Opposites_Hot_Cold,What is the opposite of HAPPY?,opp_q4.webp,audio_o14.mp3,1,SAD,TALL,GREEN,,,1,,,,,,,
multiple_choice,PP1-ENG-3.1.44_Grammar_Opposites_Hot_Cold,Opposite words mean completely...?,opp_q5.webp,audio_o15.mp3,1,DIFFERENT,SAME,EQUAL,,,1,,,,,,,
multiple_choice,PP1-ENG-3.1.44_Grammar_Opposites_Hot_Cold,Hot and Cold, Up and Down are word...?,opp_q6.webp,audio_o16.mp3,1,OPPOSITES,NOUNS,VERBS,,,1,,,,,,,
count_objects,PP1-ENG-3.1.44_Grammar_Opposites_Hot_Cold,Count 2 steaming hot cups!,opp_count1.webp,audio_o17.mp3,1,2,1,3,,☕,2,,,,,,,
count_objects,PP1-ENG-3.1.44_Grammar_Opposites_Hot_Cold,Count 3 cold ice cubes!,opp_count2.webp,audio_o18.mp3,1,3,2,4,,🧊,3,,,,,,,
count_objects,PP1-ENG-3.1.44_Grammar_Opposites_Hot_Cold,Count 4 up arrows pointing high!,opp_count3.webp,audio_o19.mp3,1,4,2,5,,⬆️,4,,,,,,,
speak_repeat,PP1-ENG-3.1.44_Grammar_Opposites_Hot_Cold,Say out loud clearly: OPPOSITE PAIRS HOT COLD UP DOWN FAST SLOW!,speak_o11.webp,audio_o110.mp3,1,Opposite Pairs Hot Cold Up Down Fast Slow,,,,,,Opposite Pairs Hot Cold Up Down Fast Slow,,,,,,,
speak_repeat,PP1-ENG-3.1.44_Grammar_Opposites_Hot_Cold,Say out loud clearly: OPPOSITES ARE DIFFERENT IN EVERY WAY!,speak_o12.webp,audio_o111.mp3,1,Opposites Are Different In Every Way,,,,,,Opposites Are Different In Every Way,,,,,,,
matching,PP1-ENG-3.1.44_Grammar_Opposites_Hot_Cold,Match opposite word pairs!,,,1,,,,,,,,Hot ☕,COLD,Up ⬆️,DOWN,Fast 🐇,SLOW
matching,PP1-ENG-3.1.44_Grammar_Opposites_Hot_Cold,Match opposite words!,,,1,,,,,,,,Hot,COLD,Up,DOWN,Fast,SLOW
multiple_choice,PP1-ENG-3.1.45_Grammar_Master_Grand_Master,Which word is a noun naming a person?,gm_q1.webp,audio_g11.mp3,1,BOY,RUN,RED,,,1,,,,,,,
multiple_choice,PP1-ENG-3.1.45_Grammar_Master_Grand_Master,Which word is an action verb?,gm_q2.webp,audio_g12.mp3,1,JUMP,CAT,HOME,,,1,,,,,,,
multiple_choice,PP1-ENG-3.1.45_Grammar_Master_Grand_Master,Which word is a color adjective?,gm_q3.webp,audio_g13.mp3,1,BLUE,BOY,WALK,,,1,,,,,,,
multiple_choice,PP1-ENG-3.1.45_Grammar_Master_Grand_Master,Which word is a size adjective?,gm_q4.webp,audio_g14.mp3,1,BIG,BOOK,SING,,,1,,,,,,,
multiple_choice,PP1-ENG-3.1.45_Grammar_Master_Grand_Master,Nouns name, Verbs do action, and Adjectives...?,gm_q5.webp,audio_g15.mp3,1,DESCRIBE,SING,RUN,,,1,,,,,,,
multiple_choice,PP1-ENG-3.1.45_Grammar_Master_Grand_Master,What is the opposite of FAST?,gm_q6.webp,audio_g16.mp3,1,SLOW,BIG,RED,,,1,,,,,,,
count_objects,PP1-ENG-3.1.45_Grammar_Master_Grand_Master,Count 5 grammar master star trophies!,gm_count1.webp,audio_g17.mp3,1,5,3,4,,🏆,5,,,,,,,
count_objects,PP1-ENG-3.1.45_Grammar_Master_Grand_Master,Count 4 grammar medals!,gm_count2.webp,audio_g18.mp3,1,4,2,3,,🥇,4,,,,,,,
count_objects,PP1-ENG-3.1.45_Grammar_Master_Grand_Master,Count 3 master crowns!,gm_count3.webp,audio_g19.mp3,1,3,1,5,,👑,3,,,,,,,
speak_repeat,PP1-ENG-3.1.45_Grammar_Master_Grand_Master,Say out loud clearly: I AM A GRAMMAR MASTER OF NOUNS VERBS AND ADJECTIVES!,speak_g11.webp,audio_g110.mp3,1,I Am A Grammar Master Of Nouns Verbs And Adjectives,,,,,,I Am A Grammar Master Of Nouns Verbs And Adjectives,,,,,,,
speak_repeat,PP1-ENG-3.1.45_Grammar_Master_Grand_Master,Say out loud clearly: GRAMMAR HELPS US SPEAK AND WRITE CLEARLY!,speak_g12.webp,audio_g111.mp3,1,Grammar Helps Us Speak And Write Clearly,,,,,,Grammar Helps Us Speak And Write Clearly,,,,,,,
matching,PP1-ENG-3.1.45_Grammar_Master_Grand_Master,Match grammar categories!,,,1,,,,,,,,Boy 👦,NOUN,Run 🏃,VERB,Red 🔴,ADJECTIVE
matching,PP1-ENG-3.1.45_Grammar_Master_Grand_Master,Match grammar terms!,,,1,,,,,,,,Name,NOUN,Action,VERB,Describe,ADJECTIVE
multiple_choice,PP1-ENG-4.1.46_Story_The_Boy_Who_Cried_Wolf,What important lesson does the story teach us?,wolf_q1.webp,audio_w11.mp3,1,TRUTH,LIES,FEAR,,,1,,,,,,,
multiple_choice,PP1-ENG-4.1.46_Story_The_Boy_Who_Cried_Wolf,What animal did the shepherd boy pretend to see?,wolf_q2.webp,audio_w12.mp3,1,WOLF,DOG,CAT,,,1,,,,,,,
multiple_choice,PP1-ENG-4.1.46_Story_The_Boy_Who_Cried_Wolf,When we tell the truth people can trust our...?,wolf_q3.webp,audio_w13.mp3,1,WORDS,TOYS,CARS,,,1,,,,,,,
multiple_choice,PP1-ENG-4.1.46_Story_The_Boy_Who_Cried_Wolf,Why did the villagers stop coming when the boy shouted?,wolf_q4.webp,audio_w14.mp3,1,LIED BEFORE,TIRED,LATE,,,1,,,,,,,
multiple_choice,PP1-ENG-4.1.46_Story_The_Boy_Who_Cried_Wolf,An honest person always speaks the...?,wolf_q5.webp,audio_w15.mp3,1,TRUTH,NOISE,LIES,,,1,,,,,,,
multiple_choice,PP1-ENG-4.1.46_Story_The_Boy_Who_Cried_Wolf,Honesty is an important Christian...?,wolf_q6.webp,audio_w16.mp3,1,VALUE,TOY,GAME,,,1,,,,,,,
count_objects,PP1-ENG-4.1.46_Story_The_Boy_Who_Cried_Wolf,Count 4 sheep in the shepherd boy's flock!,wolf_count1.webp,audio_w17.mp3,1,4,2,3,,🐑,4,,,,,,,
count_objects,PP1-ENG-4.1.46_Story_The_Boy_Who_Cried_Wolf,Count 1 wild wolf in the story!,wolf_count2.webp,audio_w18.mp3,1,1,2,3,,🐺,1,,,,,,,
count_objects,PP1-ENG-4.1.46_Story_The_Boy_Who_Cried_Wolf,Count 3 villagers helping!,wolf_count3.webp,audio_w19.mp3,1,3,2,4,,🏼,3,,,,,,,
speak_repeat,PP1-ENG-4.1.46_Story_The_Boy_Who_Cried_Wolf,Say out loud clearly: ALWAYS TELL THE TRUTH AND BE HONEST!,speak_w11.webp,audio_w110.mp3,1,Always Tell The Truth And Be Honest,,,,,,Always Tell The Truth And Be Honest,,,,,,,
speak_repeat,PP1-ENG-4.1.46_Story_The_Boy_Who_Cried_Wolf,Say out loud clearly: HONESTY BUILDS TRUST WITH FRIENDS!,speak_w12.webp,audio_w111.mp3,1,Honesty Builds Trust With Friends,,,,,,Honesty Builds Trust With Friends,,,,,,,
matching,PP1-ENG-4.1.46_Story_The_Boy_Who_Cried_Wolf,Match story elements!,,,1,,,,,,,,Boy 👦,SHEPHERD,Wolf 🐺,DANGER,Truth 📖,HONEST
matching,PP1-ENG-4.1.46_Story_The_Boy_Who_Cried_Wolf,Match story moral terms!,,,1,,,,,,,,Truth,TRUTH,Honest,HONESTY,Trust,TRUST
multiple_choice,PP1-ENG-4.1.47_Story_The_Gingerbread_Man,What character ran fast shouting: You can't catch me!,gbm_q1.webp,audio_g21.mp3,1,GINGERBREAD MAN,CAT,DOG,,,1,,,,,,,
multiple_choice,PP1-ENG-4.1.47_Story_The_Gingerbread_Man,How did the Gingerbread Man run away?,gbm_q2.webp,audio_g22.mp3,1,FAST,SLOW,WALK,,,1,,,,,,,
multiple_choice,PP1-ENG-4.1.47_Story_The_Gingerbread_Man,Which tricky animal tricked the Gingerbread Man at the river?,gbm_q3.webp,audio_g23.mp3,1,FOX,PIG,HEN,,,1,,,,,,,
multiple_choice,PP1-ENG-4.1.47_Story_The_Gingerbread_Man,Where was the Gingerbread Man baked?,gbm_q4.webp,audio_g24.mp3,1,OVEN,TREE,BOX,,,1,,,,,,,
multiple_choice,PP1-ENG-4.1.47_Story_The_Gingerbread_Man,Run run as fast as you can, you can't catch me I'm the...?,gbm_q5.webp,audio_g25.mp3,1,GINGERBREAD MAN,LION,BEAR,,,1,,,,,,,
multiple_choice,PP1-ENG-4.1.47_Story_The_Gingerbread_Man,The fox offered to carry him across the...?,gbm_q6.webp,audio_g26.mp3,1,RIVER,ROAD,HILL,,,1,,,,,,,
count_objects,PP1-ENG-4.1.47_Story_The_Gingerbread_Man,Count 3 gingerbread cookies!,gbm_count1.webp,audio_g27.mp3,1,3,2,4,,🍪,3,,,,,,,
count_objects,PP1-ENG-4.1.47_Story_The_Gingerbread_Man,Count 1 sly fox by the river!,gbm_count2.webp,audio_g28.mp3,1,1,2,3,,🦊,1,,,,,,,
count_objects,PP1-ENG-4.1.47_Story_The_Gingerbread_Man,Count 4 runners in the story chase!,gbm_count3.webp,audio_g29.mp3,1,4,2,5,,🏃,4,,,,,,,
speak_repeat,PP1-ENG-4.1.47_Story_The_Gingerbread_Man,Say out loud clearly: RUN RUN AS FAST AS YOU CAN!,speak_g21.webp,audio_g210.mp3,1,Run Run As Fast As You Can,,,,,,Run Run As Fast As You Can,,,,,,,
speak_repeat,PP1-ENG-4.1.47_Story_The_Gingerbread_Man,Say out loud clearly: YOU CAN'T CATCH ME I'M THE GINGERBREAD MAN!,speak_g22.webp,audio_g211.mp3,1,You Can't Catch Me I'm The Gingerbread Man,,,,,,You Can't Catch Me I'm The Gingerbread Man,,,,,,,
matching,PP1-ENG-4.1.47_Story_The_Gingerbread_Man,Match story characters!,,,1,,,,,,,,Cookie 🍪,GINGERBREAD,Fox 🦊,TRICKY,Run 🏃,FAST
matching,PP1-ENG-4.1.47_Story_The_Gingerbread_Man,Match story places!,,,1,,,,,,,,Oven 🛖,BAKE,River 🌊,CROSS,Road 🛣️,RUN
multiple_choice,PP1-ENG-4.1.48_Story_The_Town_Musicians_of_Bremen,What did the four animal friends do together?,tmb_q1.webp,audio_m31.mp3,1,MUSIC,FIGHT,SLEEP,,,1,,,,,,,
multiple_choice,PP1-ENG-4.1.48_Story_The_Town_Musicians_of_Bremen,Which four animals joined team Bremen?,tmb_q2.webp,audio_m32.mp3,1,DONKEY DOG CAT ROOSTER,LION BEAR ELEPHANT SNAKE,NONE,,,1,,,,,,,
multiple_choice,PP1-ENG-4.1.48_Story_The_Town_Musicians_of_Bremen,How did working together as friends help the animals?,tmb_q3.webp,audio_m33.mp3,1,SCARED ROBBERS,LOST,FELL,,,1,,,,,,,
multiple_choice,PP1-ENG-4.1.48_Story_The_Town_Musicians_of_Bremen,Friends working in harmony make great...?,tmb_q4.webp,audio_m34.mp3,1,MUSIC,NOISE,TEARS,,,1,,,,,,,
multiple_choice,PP1-ENG-4.1.48_Story_The_Town_Musicians_of_Bremen,Where were the animals traveling to become musicians?,tmb_q5.webp,audio_m35.mp3,1,BREMEN,ROME,ZOO,,,1,,,,,,,
multiple_choice,PP1-ENG-4.1.48_Story_The_Town_Musicians_of_Bremen,Teamwork and friendship bring...?,tmb_q6.webp,audio_m36.mp3,1,SUCCESS,FEAR,SADNESS,,,1,,,,,,,
count_objects,PP1-ENG-4.1.48_Story_The_Town_Musicians_of_Bremen,Count 4 Bremen animal musicians!,tmb_count1.webp,audio_m37.mp3,1,4,2,3,,🫏,4,,,,,,,
count_objects,PP1-ENG-4.1.48_Story_The_Town_Musicians_of_Bremen,Count 3 musical notes played together!,tmb_count2.webp,audio_m38.mp3,1,3,1,4,,🎵,3,,,,,,,
count_objects,PP1-ENG-4.1.48_Story_The_Town_Musicians_of_Bremen,Count 2 robber houses scared away!,tmb_count3.webp,audio_m39.mp3,1,2,1,3,,🏠,2,,,,,,,
speak_repeat,PP1-ENG-4.1.48_Story_The_Town_Musicians_of_Bremen,Say out loud clearly: ANIMAL FRIENDS MAKE MUSIC TOGETHER!,speak_m31.webp,audio_m310.mp3,1,Animal Friends Make Music Together,,,,,,Animal Friends Make Music Together,,,,,,,
speak_repeat,PP1-ENG-4.1.48_Story_The_Town_Musicians_of_Bremen,Say out loud clearly: TEAMWORK AND FRIENDSHIP BRING JOY!,speak_m32.webp,audio_m311.mp3,1,Teamwork And Friendship Bring Joy,,,,,,Teamwork And Friendship Bring Joy,,,,,,,
matching,PP1-ENG-4.1.48_Story_The_Town_Musicians_of_Bremen,Match Bremen musicians!,,,1,,,,,,,,Donkey 🫏,1,Dog 🐕,2,Cat 🐈,3
matching,PP1-ENG-4.1.48_Story_The_Town_Musicians_of_Bremen,Match story values!,,,1,,,,,,,,Music 🎵,1,Friends 🤝,2,Teamwork 🏆,3
multiple_choice,PP1-ENG-4.1.49_Story_The_Little_Red_Hen,What did the Little Red Hen plant to make bread?,lrh_q1.webp,audio_h21.mp3,1,WHEAT,ROCKS,TOYS,,,1,,,,,,,
multiple_choice,PP1-ENG-4.1.49_Story_The_Little_Red_Hen,Did the lazy animals help plant and bake?,lrh_q2.webp,audio_h22.mp3,1,NO,YES,ALWAYS,,,1,,,,,,,
multiple_choice,PP1-ENG-4.1.49_Story_The_Little_Red_Hen,What value does the story teach us?,lrh_q3.webp,audio_h23.mp3,1,HARD WORK,LAZINESS,GREED,,,1,,,,,,,
multiple_choice,PP1-ENG-4.1.49_Story_The_Little_Red_Hen,Who ate the delicious baked bread in the end?,lrh_q4.webp,audio_h24.mp3,1,HEN AND CHICKS,LAZY CAT,NOBODY,,,1,,,,,,,
multiple_choice,PP1-ENG-4.1.49_Story_The_Little_Red_Hen,Hard work and helping others pleases...?,lrh_q5.webp,audio_h25.mp3,1,GOD,NOBODY,NONE,,,1,,,,,,,
multiple_choice,PP1-ENG-4.1.49_Story_The_Little_Red_Hen,The Little Red Hen baked warm fresh...?,lrh_q6.webp,audio_h26.mp3,1,BREAD,CAKE,SOUP,,,1,,,,,,,
count_objects,PP1-ENG-4.1.49_Story_The_Little_Red_Hen,Count 1 hard working Little Red Hen!,lrh_count1.webp,audio_h27.mp3,1,1,2,3,,🐔,1,,,,,,,
count_objects,PP1-ENG-4.1.49_Story_The_Little_Red_Hen,Count 4 stalks of wheat!,lrh_count2.webp,audio_h28.mp3,1,4,2,5,,🌾,4,,,,,,,
count_objects,PP1-ENG-4.1.49_Story_The_Little_Red_Hen,Count 3 loaves of baked bread!,lrh_count3.webp,audio_h29.mp3,1,3,1,5,,🍞,3,,,,,,,
speak_repeat,PP1-ENG-4.1.49_Story_The_Little_Red_Hen,Say out loud clearly: HARD WORK AND HELPING BRINGS BLESSING!,speak_h21.webp,audio_h210.mp3,1,Hard Work And Helping Brings Blessing,,,,,,Hard Work And Helping Brings Blessing,,,,,,,
speak_repeat,PP1-ENG-4.1.49_Story_The_Little_Red_Hen,Say out loud clearly: I WILL WORK HARD AND HELP OTHERS!,speak_h22.webp,audio_h211.mp3,1,I Will Work Hard And Help Others,,,,,,I Will Work Hard And Help Others,,,,,,,
matching,PP1-ENG-4.1.49_Story_The_Little_Red_Hen,Match story elements!,,,1,,,,,,,,Hen 🐔,WORK,Wheat 🌾,PLANT,Bread 🍞,BAKE
matching,PP1-ENG-4.1.49_Story_The_Little_Red_Hen,Match story lessons!,,,1,,,,,,,,Work,HARD WORK,Help,HELPING,Eat,BREAD
multiple_choice,PP1-ENG-4.1.50_Storybook_PP1_Master,Which story teaches us to always tell the truth?,sbm_q1.webp,audio_s31.mp3,1,BOY CRIED WOLF,GINGERBREAD,BREMEN,,,1,,,,,,,
multiple_choice,PP1-ENG-4.1.50_Storybook_PP1_Master,Which story features a fast running cookie?,sbm_q2.webp,audio_s32.mp3,1,GINGERBREAD MAN,RED HEN,WOLF,,,1,,,,,,,
multiple_choice,PP1-ENG-4.1.50_Storybook_PP1_Master,Which story features four animal musicians?,sbm_q3.webp,audio_s33.mp3,1,BREMEN MUSICIANS,BOY WOLF,RED HEN,,,1,,,,,,,
multiple_choice,PP1-ENG-4.1.50_Storybook_PP1_Master,Which story teaches us hard work and baking wheat?,sbm_q4.webp,audio_s34.mp3,1,LITTLE RED HEN,GINGERBREAD,BREMEN,,,1,,,,,,,
multiple_choice,PP1-ENG-4.1.50_Storybook_PP1_Master,Stories teach us moral values, honesty, and...?,sbm_q5.webp,audio_s35.mp3,1,KINDNESS,FEAR,ANGER,,,1,,,,,,,
multiple_choice,PP1-ENG-4.1.50_Storybook_PP1_Master,Reading storybooks makes us smart and...?,sbm_q6.webp,audio_s36.mp3,1,HAPPY,SAD,LOST,,,1,,,,,,,
count_objects,PP1-ENG-4.1.50_Storybook_PP1_Master,Count 5 storybook master stars!,sbm_count1.webp,audio_s37.mp3,1,5,3,4,,⭐,5,,,,,,,
count_objects,PP1-ENG-4.1.50_Storybook_PP1_Master,Count 4 open storybooks!,sbm_count2.webp,audio_s38.mp3,1,4,2,3,,📖,4,,,,,,,
count_objects,PP1-ENG-4.1.50_Storybook_PP1_Master,Count 3 master trophies!,sbm_count3.webp,audio_s39.mp3,1,3,1,5,,🏆,3,,,,,,,
speak_repeat,PP1-ENG-4.1.50_Storybook_PP1_Master,Say out loud clearly: I AM A PP1 STORYBOOK MASTER!,speak_s31.webp,audio_s310.mp3,1,I Am A PP1 Storybook Master,,,,,,I Am A PP1 Storybook Master,,,,,,,
speak_repeat,PP1-ENG-4.1.50_Storybook_PP1_Master,Say out loud clearly: STORIES TEACH US HONESTY KINDNESS AND HARD WORK!,speak_s32.webp,audio_s311.mp3,1,Stories Teach Us Honesty Kindness And Hard Work,,,,,,Stories Teach Us Honesty Kindness And Hard Work,,,,,,,
matching,PP1-ENG-4.1.50_Storybook_PP1_Master,Match stories to lessons!,,,1,,,,,,,,Boy Wolf,TRUTH,Gingerbread,FAST,Red Hen,WORK
matching,PP1-ENG-4.1.50_Storybook_PP1_Master,Match story symbols!,,,1,,,,,,,,Book 📖,STORY,Star ⭐,MASTER,Trophy 🏆,WINNER
multiple_choice,PP1-ENG-5.1.51_Letter_Tracing_A_to_E,Which letter comes first in tracing A to E?,tr1_q1.webp,audio_t11.mp3,1,A,B,C,,,1,,,,,,,
multiple_choice,PP1-ENG-5.1.51_Letter_Tracing_A_to_E,Which letter comes right after A?,tr1_q2.webp,audio_t12.mp3,1,B,C,D,,,1,,,,,,,
multiple_choice,PP1-ENG-5.1.51_Letter_Tracing_A_to_E,Which letter comes right after B?,tr1_q3.webp,audio_t13.mp3,1,C,D,E,,,1,,,,,,,
multiple_choice,PP1-ENG-5.1.51_Letter_Tracing_A_to_E,Which letter comes right after C?,tr1_q4.webp,audio_t14.mp3,1,D,E,A,,,1,,,,,,,
multiple_choice,PP1-ENG-5.1.51_Letter_Tracing_A_to_E,Which letter comes right after D in this set?,tr1_q5.webp,audio_t15.mp3,1,E,A,B,,,1,,,,,,,
multiple_choice,PP1-ENG-5.1.51_Letter_Tracing_A_to_E,Tracing lines builds strong writing...?,tr1_q6.webp,audio_t16.mp3,1,SKILLS,ROADS,TOYS,,,1,,,,,,,
count_objects,PP1-ENG-5.1.51_Letter_Tracing_A_to_E,Count 5 tracing pencils!,tr1_count1.webp,audio_t17.mp3,1,5,3,4,,✏️,5,,,,,,,
count_objects,PP1-ENG-5.1.51_Letter_Tracing_A_to_E,Count 3 letter A cards!,tr1_count2.webp,audio_t18.mp3,1,3,1,4,,🅰️,3,,,,,,,
count_objects,PP1-ENG-5.1.51_Letter_Tracing_A_to_E,Count 2 letter B cards!,tr1_count3.webp,audio_t19.mp3,1,2,1,3,,🅱️,2,,,,,,,
speak_repeat,PP1-ENG-5.1.51_Letter_Tracing_A_to_E,Say out loud clearly: TRACING LETTERS A B C D E!,speak_t11.webp,audio_t110.mp3,1,Tracing Letters A B C D E,,,,,,Tracing Letters A B C D E,,,,,,,
speak_repeat,PP1-ENG-5.1.51_Letter_Tracing_A_to_E,Say out loud clearly: HOLD YOUR PENCIL AND TRACE THE LINES!,speak_t12.webp,audio_t111.mp3,1,Hold Your Pencil And Trace The Lines,,,,,,Hold Your Pencil And Trace The Lines,,,,,,,
matching,PP1-ENG-5.1.51_Letter_Tracing_A_to_E,Match letter pairs A to C!,,,1,,,,,,,,A,a,B,b,C,c
matching,PP1-ENG-5.1.51_Letter_Tracing_A_to_E,Match letter pairs D to E!,,,1,,,,,,,,D,d,E,e,A,a
multiple_choice,PP1-ENG-5.1.52_Letter_Tracing_F_to_J,Which letter comes after E when tracing F to J?,tr2_q1.webp,audio_t21.mp3,1,F,G,H,,,1,,,,,,,
multiple_choice,PP1-ENG-5.1.52_Letter_Tracing_F_to_J,Which letter comes right after F?,tr2_q2.webp,audio_t22.mp3,1,G,H,I,,,1,,,,,,,
multiple_choice,PP1-ENG-5.1.52_Letter_Tracing_F_to_J,Which letter comes right after G?,tr2_q3.webp,audio_t23.mp3,1,H,I,J,,,1,,,,,,,
multiple_choice,PP1-ENG-5.1.52_Letter_Tracing_F_to_J,Which letter comes right after H?,tr2_q4.webp,audio_t24.mp3,1,I,J,F,,,1,,,,,,,
multiple_choice,PP1-ENG-5.1.52_Letter_Tracing_F_to_J,Which letter comes right after I in this set?,tr2_q5.webp,audio_t25.mp3,1,J,F,G,,,1,,,,,,,
multiple_choice,PP1-ENG-5.1.52_Letter_Tracing_F_to_J,Tracing letters F G H I J helps us...?,tr2_q6.webp,audio_t26.mp3,1,WRITE,RUN,SING,,,1,,,,,,,
count_objects,PP1-ENG-5.1.52_Letter_Tracing_F_to_J,Count 5 tracing chalks!,tr2_count1.webp,audio_t27.mp3,1,5,3,4,,🖍️,5,,,,,,,
count_objects,PP1-ENG-5.1.52_Letter_Tracing_F_to_J,Count 4 letter F tracing cards!,tr2_count2.webp,audio_t28.mp3,1,4,2,3,,🃏,4,,,,,,,
count_objects,PP1-ENG-5.1.52_Letter_Tracing_F_to_J,Count 2 letter J cards!,tr2_count3.webp,audio_t29.mp3,1,2,1,3,,🃏,2,,,,,,,
speak_repeat,PP1-ENG-5.1.52_Letter_Tracing_F_to_J,Say out loud clearly: TRACING LETTERS F G H I J!,speak_t21.webp,audio_t210.mp3,1,Tracing Letters F G H I J,,,,,,Tracing Letters F G H I J,,,,,,,
speak_repeat,PP1-ENG-5.1.52_Letter_Tracing_F_to_J,Say out loud clearly: TRACE SMOOTHLY FROM TOP TO BOTTOM!,speak_t22.webp,audio_t211.mp3,1,Trace Smoothly From Top To Bottom,,,,,,Trace Smoothly From Top To Bottom,,,,,,,
matching,PP1-ENG-5.1.52_Letter_Tracing_F_to_J,Match letter pairs F to H!,,,1,,,,,,,,F,f,G,g,H,h
matching,PP1-ENG-5.1.52_Letter_Tracing_F_to_J,Match letter pairs I to J!,,,1,,,,,,,,I,i,J,j,F,f
multiple_choice,PP1-ENG-5.1.53_Letter_Tracing_K_to_O,Which letter comes after J when tracing K to O?,tr3_q1.webp,audio_t31.mp3,1,K,L,M,,,1,,,,,,,
multiple_choice,PP1-ENG-5.1.53_Letter_Tracing_K_to_O,Which letter comes right after K?,tr3_q2.webp,audio_t32.mp3,1,L,M,N,,,1,,,,,,,
multiple_choice,PP1-ENG-5.1.53_Letter_Tracing_K_to_O,Which letter comes right after L?,tr3_q3.webp,audio_t33.mp3,1,M,N,O,,,1,,,,,,,
multiple_choice,PP1-ENG-5.1.53_Letter_Tracing_K_to_O,Which letter comes right after M?,tr3_q4.webp,audio_t34.mp3,1,N,O,K,,,1,,,,,,,
multiple_choice,PP1-ENG-5.1.53_Letter_Tracing_K_to_O,Which letter comes right after N in this set?,tr3_q5.webp,audio_t35.mp3,1,O,K,L,,,1,,,,,,,
multiple_choice,PP1-ENG-5.1.53_Letter_Tracing_K_to_O,Tracing letters K L M N O makes hand control...?,tr3_q6.webp,audio_t36.mp3,1,STRONG,WEAK,TIRED,,,1,,,,,,,
count_objects,PP1-ENG-5.1.53_Letter_Tracing_K_to_O,Count 5 letter tracing slates!,tr3_count1.webp,audio_t37.mp3,1,5,3,4,,📝,5,,,,,,,
count_objects,PP1-ENG-5.1.53_Letter_Tracing_K_to_O,Count 3 letter K cards!,tr3_count2.webp,audio_t38.mp3,1,3,1,4,,🃏,3,,,,,,,
count_objects,PP1-ENG-5.1.53_Letter_Tracing_K_to_O,Count 2 letter O cards!,tr3_count3.webp,audio_t39.mp3,1,2,1,3,,🧅,2,,,,,,,
speak_repeat,PP1-ENG-5.1.53_Letter_Tracing_K_to_O,Say out loud clearly: TRACING LETTERS K L M N O!,speak_t31.webp,audio_t310.mp3,1,Tracing Letters K L M N O,,,,,,Tracing Letters K L M N O,,,,,,,
speak_repeat,PP1-ENG-5.1.53_Letter_Tracing_K_to_O,Say out loud clearly: PRACTICE WRITING EVERY SINGLE DAY!,speak_t32.webp,audio_t311.mp3,1,Practice Writing Every Single Day,,,,,,Practice Writing Every Single Day,,,,,,,
matching,PP1-ENG-5.1.53_Letter_Tracing_K_to_O,Match letter pairs K to M!,,,1,,,,,,,,K,k,L,l,M,m
matching,PP1-ENG-5.1.53_Letter_Tracing_K_to_O,Match letter pairs N to O!,,,1,,,,,,,,N,n,O,o,K,k
multiple_choice,PP1-ENG-5.1.54_Letter_Tracing_P_to_T,Which letter comes after O when tracing P to T?,tr4_q1.webp,audio_t41.mp3,1,P,Q,R,,,1,,,,,,,
multiple_choice,PP1-ENG-5.1.54_Letter_Tracing_P_to_T,Which letter comes right after P?,tr4_q2.webp,audio_t42.mp3,1,Q,R,S,,,1,,,,,,,
multiple_choice,PP1-ENG-5.1.54_Letter_Tracing_P_to_T,Which letter comes right after Q?,tr4_q3.webp,audio_t43.mp3,1,R,S,T,,,1,,,,,,,
multiple_choice,PP1-ENG-5.1.54_Letter_Tracing_P_to_T,Which letter comes right after R?,tr4_q4.webp,audio_t44.mp3,1,S,T,P,,,1,,,,,,,
multiple_choice,PP1-ENG-5.1.54_Letter_Tracing_P_to_T,Which letter comes right after S in this set?,tr4_q5.webp,audio_t45.mp3,1,T,P,Q,,,1,,,,,,,
multiple_choice,PP1-ENG-5.1.54_Letter_Tracing_P_to_T,Tracing P Q R S T builds letter...?,tr4_q6.webp,audio_t46.mp3,1,SHAPES,FOOD,COLORS,,,1,,,,,,,
count_objects,PP1-ENG-5.1.54_Letter_Tracing_P_to_T,Count 4 tracing markers!,tr4_count1.webp,audio_t47.mp3,1,4,2,3,,🖊️,4,,,,,,,
count_objects,PP1-ENG-5.1.54_Letter_Tracing_P_to_T,Count 3 letter P cards!,tr4_count2.webp,audio_t48.mp3,1,3,1,4,,🅿️,3,,,,,,,
count_objects,PP1-ENG-5.1.54_Letter_Tracing_P_to_T,Count 2 letter T cards!,tr4_count3.webp,audio_t49.mp3,1,2,1,3,,✝️,2,,,,,,,
speak_repeat,PP1-ENG-5.1.54_Letter_Tracing_P_to_T,Say out loud clearly: TRACING LETTERS P Q R S T!,speak_t41.webp,audio_t410.mp3,1,Tracing Letters P Q R S T,,,,,,Tracing Letters P Q R S T,,,,,,,
speak_repeat,PP1-ENG-5.1.54_Letter_Tracing_P_to_T,Say out loud clearly: TRACE WITH CARE AND HAVE FUN!,speak_t42.webp,audio_t411.mp3,1,Trace With Care And Have Fun,,,,,,Trace With Care And Have Fun,,,,,,,
matching,PP1-ENG-5.1.54_Letter_Tracing_P_to_T,Match letter pairs P to R!,,,1,,,,,,,,P,p,Q,q,R,r
matching,PP1-ENG-5.1.54_Letter_Tracing_P_to_T,Match letter pairs S to T!,,,1,,,,,,,,S,s,T,t,P,p
multiple_choice,PP1-ENG-5.1.55_Letter_Tracing_U_to_Z,Which letter comes after T when tracing U to Z?,tr5_q1.webp,audio_t51.mp3,1,U,V,W,,,1,,,,,,,
multiple_choice,PP1-ENG-5.1.55_Letter_Tracing_U_to_Z,Which letter comes right after U?,tr5_q2.webp,audio_t52.mp3,1,V,W,X,,,1,,,,,,,
multiple_choice,PP1-ENG-5.1.55_Letter_Tracing_U_to_Z,Which letter comes right after V?,tr5_q3.webp,audio_t53.mp3,1,W,X,Y,,,1,,,,,,,
multiple_choice,PP1-ENG-5.1.55_Letter_Tracing_U_to_Z,Which letter comes right after W?,tr5_q4.webp,audio_t54.mp3,1,X,Y,Z,,,1,,,,,,,
multiple_choice,PP1-ENG-5.1.55_Letter_Tracing_U_to_Z,Which letter is the last letter of alphabet Z?,tr5_q5.webp,audio_t55.mp3,1,Z,Y,X,,,1,,,,,,,
multiple_choice,PP1-ENG-5.1.55_Letter_Tracing_U_to_Z,Tracing U to Z completes the whole...?,tr5_q6.webp,audio_t56.mp3,1,ALPHABET,NUMBER,SONG,,,1,,,,,,,
count_objects,PP1-ENG-5.1.55_Letter_Tracing_U_to_Z,Count 6 tracing pencils for U to Z!,tr5_count1.webp,audio_t57.mp3,1,6,3,5,,✏️,6,,,,,,,
count_objects,PP1-ENG-5.1.55_Letter_Tracing_U_to_Z,Count 3 letter Z cards!,tr5_count2.webp,audio_t58.mp3,1,3,1,4,,⚡,3,,,,,,,
count_objects,PP1-ENG-5.1.55_Letter_Tracing_U_to_Z,Count 2 letter U cards!,tr5_count3.webp,audio_t59.mp3,1,2,1,3,,☂️,2,,,,,,,
speak_repeat,PP1-ENG-5.1.55_Letter_Tracing_U_to_Z,Say out loud clearly: TRACING LETTERS U V W X Y Z!,speak_t51.webp,audio_t510.mp3,1,Tracing Letters U V W X Y Z,,,,,,Tracing Letters U V W X Y Z,,,,,,,
speak_repeat,PP1-ENG-5.1.55_Letter_Tracing_U_to_Z,Say out loud clearly: I CAN TRACE ALL LETTERS FROM A TO Z!,speak_t52.webp,audio_t511.mp3,1,I Can Trace All Letters From A To Z,,,,,,I Can Trace All Letters From A To Z,,,,,,,
matching,PP1-ENG-5.1.55_Letter_Tracing_U_to_Z,Match letter pairs U to W!,,,1,,,,,,,,U,u,V,v,W,w
matching,PP1-ENG-5.1.55_Letter_Tracing_U_to_Z,Match letter pairs X to Z!,,,1,,,,,,,,X,x,Y,y,Z,z
multiple_choice,PP1-ENG-5.1.56_Pre_Writing_Curves_and_Loops,Which pre-writing line looks like sea waves?,pw1_q1.webp,audio_p61.mp3,1,WAVY,STRAIGHT,CROSS,,,1,,,,,,,
multiple_choice,PP1-ENG-5.1.56_Pre_Writing_Curves_and_Loops,Which stroke looks like a round circle or loop?,pw1_q2.webp,audio_p62.mp3,1,LOOP,LINE,DOT,,,1,,,,,,,
multiple_choice,PP1-ENG-5.1.56_Pre_Writing_Curves_and_Loops,Tracing curvy lines prepares us to write letters like...?,pw1_q3.webp,audio_p63.mp3,1,C AND S,I AND T,X AND K,,,1,,,,,,,
multiple_choice,PP1-ENG-5.1.56_Pre_Writing_Curves_and_Loops,Curvy and loopy lines move smoothly across the...?,pw1_q4.webp,audio_p64.mp3,1,PAPER,WALL,FLOOR,,,1,,,,,,,
multiple_choice,PP1-ENG-5.1.56_Pre_Writing_Curves_and_Loops,Pre-writing stroke practice builds hand...?,pw1_q5.webp,audio_p65.mp3,1,CONTROL,NOISE,FEAR,,,1,,,,,,,
multiple_choice,PP1-ENG-5.1.56_Pre_Writing_Curves_and_Loops,Loopy lines look like jumping...?,pw1_q6.webp,audio_p66.mp3,1,FROGS,ROCKS,BOXES,,,1,,,,,,,
count_objects,PP1-ENG-5.1.56_Pre_Writing_Curves_and_Loops,Count 4 curvy wave lines!,pw1_count1.webp,audio_p67.mp3,1,4,2,3,,〰️,4,,,,,,,
count_objects,PP1-ENG-5.1.56_Pre_Writing_Curves_and_Loops,Count 3 loop stroke patterns!,pw1_count2.webp,audio_p68.mp3,1,3,1,5,,➰,3,,,,,,,
count_objects,PP1-ENG-5.1.56_Pre_Writing_Curves_and_Loops,Count 5 tracing crayons!,pw1_count3.webp,audio_p69.mp3,1,5,3,4,,🖍️,5,,,,,,,
speak_repeat,PP1-ENG-5.1.56_Pre_Writing_Curves_and_Loops,Say out loud clearly: PRE WRITING CURVES LOOPS AND WAVY LINES!,speak_p61.webp,audio_p610.mp3,1,Pre Writing Curves Loops And Wavy Lines,,,,,,Pre Writing Curves Loops And Wavy Lines,,,,,,,
speak_repeat,PP1-ENG-5.1.56_Pre_Writing_Curves_and_Loops,Say out loud clearly: TRACE CURVES AND LOOPS FOR GOOD WRITING!,speak_p62.webp,audio_p611.mp3,1,Trace Curves And Loops For Good Writing,,,,,,Trace Curves And Loops For Good Writing,,,,,,,
matching,PP1-ENG-5.1.56_Pre_Writing_Curves_and_Loops,Match stroke types!,,,1,,,,,,,,Waves 〰️,WAVY,Loops ➰,LOOP,Curves 🌙,CURVE
matching,PP1-ENG-5.1.56_Pre_Writing_Curves_and_Loops,Match line forms!,,,1,,,,,,,,Wave,WAVY,Loop,LOOP,Curve,CURVE
multiple_choice,PP1-ENG-5.1.57_Pre_Writing_Crosses_and_Shapes,Which straight stroke goes up and down?,pw2_q1.webp,audio_p71.mp3,1,VERTICAL,WAVY,LOOP,,,1,,,,,,,
multiple_choice,PP1-ENG-5.1.57_Pre_Writing_Crosses_and_Shapes,Which stroke crosses two straight lines like a plus sign?,pw2_q2.webp,audio_p72.mp3,1,CROSS,CIRCLE,WAVE,,,1,,,,,,,
multiple_choice,PP1-ENG-5.1.57_Pre_Writing_Crosses_and_Shapes,Which shape stroke is completely round with no corners?,pw2_q3.webp,audio_p73.mp3,1,CIRCLE,SQUARE,CROSS,,,1,,,,,,,
multiple_choice,PP1-ENG-5.1.57_Pre_Writing_Crosses_and_Shapes,Tracing straight lines and crosses prepares us to write letters like...?,pw2_q4.webp,audio_p74.mp3,1,T AND X,O AND C,S AND U,,,1,,,,,,,
multiple_choice,PP1-ENG-5.1.57_Pre_Writing_Crosses_and_Shapes,Straight strokes move from top to...?,pw2_q5.webp,audio_p75.mp3,1,BOTTOM,SIDE,UP,,,1,,,,,,,
multiple_choice,PP1-ENG-5.1.57_Pre_Writing_Crosses_and_Shapes,Practicing circles helps us write the letter...?,pw2_q6.webp,audio_p76.mp3,1,O,T,I,,,1,,,,,,,
count_objects,PP1-ENG-5.1.57_Pre_Writing_Crosses_and_Shapes,Count 4 straight line strokes!,pw2_count1.webp,audio_p77.mp3,1,4,2,3,,➖,4,,,,,,,
count_objects,PP1-ENG-5.1.57_Pre_Writing_Crosses_and_Shapes,Count 3 cross strokes!,pw2_count2.webp,audio_p78.mp3,1,3,1,5,,➕,3,,,,,,,
count_objects,PP1-ENG-5.1.57_Pre_Writing_Crosses_and_Shapes,Count 5 round circle shapes!,pw2_count3.webp,audio_p79.mp3,1,5,3,4,,⭕,5,,,,,,,
speak_repeat,PP1-ENG-5.1.57_Pre_Writing_Crosses_and_Shapes,Say out loud clearly: STRAIGHT LINES CROSSES AND CIRCLE SHAPES!,speak_p71.webp,audio_p710.mp3,1,Straight Lines Crosses And Circle Shapes,,,,,,Straight Lines Crosses And Circle Shapes,,,,,,,
speak_repeat,PP1-ENG-5.1.57_Pre_Writing_Crosses_and_Shapes,Say out loud clearly: DRAW LINES AND CROSSES WITH STEADY HAND!,speak_p72.webp,audio_p711.mp3,1,Draw Lines And Crosses With Steady Hand,,,,,,Draw Lines And Crosses With Steady Hand,,,,,,,
matching,PP1-ENG-5.1.57_Pre_Writing_Crosses_and_Shapes,Match pre-writing strokes!,,,1,,,,,,,,Line ➖,STRAIGHT,Cross ➕,CROSS,Circle ⭕,ROUND
matching,PP1-ENG-5.1.57_Pre_Writing_Crosses_and_Shapes,Match stroke terms!,,,1,,,,,,,,Line,STRAIGHT,Cross,CROSS,Circle,CIRCLE
multiple_choice,PP1-ENG-5.1.58_Writing_Readiness_PP1_Master,Which stroke helps us write letter T?,wrm_q1.webp,audio_w81.mp3,1,CROSS AND LINE,CIRCLE,LOOP,,,1,,,,,,,
multiple_choice,PP1-ENG-5.1.58_Writing_Readiness_PP1_Master,Which stroke helps us write letter O?,wrm_q2.webp,audio_w82.mp3,1,CIRCLE,CROSS,ZIGZAG,,,1,,,,,,,
multiple_choice,PP1-ENG-5.1.58_Writing_Readiness_PP1_Master,Which stroke helps us write letter S?,wrm_q3.webp,audio_w83.mp3,1,CURVE AND WAVE,STRAIGHT,DOT,,,1,,,,,,,
multiple_choice,PP1-ENG-5.1.58_Writing_Readiness_PP1_Master,Proper pencil grip means holding pencil near the...?,wrm_q4.webp,audio_w84.mp3,1,TIP,TOP,MIDDLE,,,1,,,,,,,
multiple_choice,PP1-ENG-5.1.58_Writing_Readiness_PP1_Master,Writing readiness prepares us for Grade...?,wrm_q5.webp,audio_w85.mp3,1,ONE,NONE,TEN,,,1,,,,,,,
multiple_choice,PP1-ENG-5.1.58_Writing_Readiness_PP1_Master,Tracing and stroke practice makes writing...?,wrm_q6.webp,audio_w86.mp3,1,NEAT,MESSY,SLOPPY,,,1,,,,,,,
count_objects,PP1-ENG-5.1.58_Writing_Readiness_PP1_Master,Count 5 writing readiness star trophies!,wrm_count1.webp,audio_w87.mp3,1,5,3,4,,🏆,5,,,,,,,
count_objects,PP1-ENG-5.1.58_Writing_Readiness_PP1_Master,Count 4 tracing pencils!,wrm_count2.webp,audio_w88.mp3,1,4,2,3,,✏️,4,,,,,,,
count_objects,PP1-ENG-5.1.58_Writing_Readiness_PP1_Master,Count 3 writing medals!,wrm_count3.webp,audio_w89.mp3,1,3,1,5,,🥇,3,,,,,,,
speak_repeat,PP1-ENG-5.1.58_Writing_Readiness_PP1_Master,Say out loud clearly: I AM A WRITING READINESS GRAND MASTER!,speak_w81.webp,audio_w810.mp3,1,I Am A Writing Readiness Grand Master,,,,,,I Am A Writing Readiness Grand Master,,,,,,,
speak_repeat,PP1-ENG-5.1.58_Writing_Readiness_PP1_Master,Say out loud clearly: GOOD PENCIL GRIP AND NEAT TRACING!,speak_w82.webp,audio_w811.mp3,1,Good Pencil Grip And Neat Tracing,,,,,,Good Pencil Grip And Neat Tracing,,,,,,,
matching,PP1-ENG-5.1.58_Writing_Readiness_PP1_Master,Match letters to strokes!,,,1,,,,,,,,T,CROSS,O,CIRCLE,S,CURVE
matching,PP1-ENG-5.1.58_Writing_Readiness_PP1_Master,Match writing master symbols!,,,1,,,,,,,,Pencil ✏️,GRIP,Star ⭐,MASTER,Trophy 🏆,WINNER
multiple_choice,PP1-ENG-X.59_Dinosaur_Phonics_Letter_A_to_Z_59,Which dinosaur letter sound starts Apple?,dp_q1.webp,audio_d91.mp3,1,A,B,C,,,1,,,,,,,
multiple_choice,PP1-ENG-X.59_Dinosaur_Phonics_Letter_A_to_Z_59,Which dinosaur letter sound starts Ball?,dp_q2.webp,audio_d92.mp3,1,B,A,D,,,1,,,,,,,
multiple_choice,PP1-ENG-X.59_Dinosaur_Phonics_Letter_A_to_Z_59,Which dinosaur letter sound starts Cat?,dp_q3.webp,audio_d93.mp3,1,C,B,E,,,1,,,,,,,
multiple_choice,PP1-ENG-X.59_Dinosaur_Phonics_Letter_A_to_Z_59,Which dinosaur letter sound starts Dog?,dp_q4.webp,audio_d94.mp3,1,D,C,F,,,1,,,,,,,
multiple_choice,PP1-ENG-X.59_Dinosaur_Phonics_Letter_A_to_Z_59,Which dinosaur letter sound starts Egg?,dp_q5.webp,audio_d95.mp3,1,E,D,G,,,1,,,,,,,
multiple_choice,PP1-ENG-X.59_Dinosaur_Phonics_Letter_A_to_Z_59,Dinosaur phonics safari travels from A to...?,dp_q6.webp,audio_d96.mp3,1,Z,M,O,,,1,,,,,,,
count_objects,PP1-ENG-X.59_Dinosaur_Phonics_Letter_A_to_Z_59,Count 5 green T-Rex phonics dinos!,dp_count1.webp,audio_d97.mp3,1,5,3,4,,🦕,5,,,,,,,
count_objects,PP1-ENG-X.59_Dinosaur_Phonics_Letter_A_to_Z_59,Count 4 dinosaur egg letter tokens!,dp_count2.webp,audio_d98.mp3,1,4,2,3,,🥚,4,,,,,,,
count_objects,PP1-ENG-X.59_Dinosaur_Phonics_Letter_A_to_Z_59,Count 3 dinosaur footprint letter tracks!,dp_count3.webp,audio_d99.mp3,1,3,1,5,,🐾,3,,,,,,,
speak_repeat,PP1-ENG-X.59_Dinosaur_Phonics_Letter_A_to_Z_59,Say out loud clearly: DINOSAUR PHONICS SAFARI LETTER A TO Z!,speak_d91.webp,audio_d910.mp3,1,Dinosaur Phonics Safari Letter A To Z,,,,,,Dinosaur Phonics Safari Letter A To Z,,,,,,,
speak_repeat,PP1-ENG-X.59_Dinosaur_Phonics_Letter_A_to_Z_59,Say out loud clearly: I KNOW ALL MY PHONICS SOUNDS FROM A TO Z!,speak_d92.webp,audio_d911.mp3,1,I Know All My Phonics Sounds From A To Z,,,,,,I Know All My Phonics Sounds From A To Z,,,,,,,
matching,PP1-ENG-X.59_Dinosaur_Phonics_Letter_A_to_Z_59,Match dino letter sounds!,,,1,,,,,,,,A 🍎,APPLE,B ⚽,BALL,C 🐱,CAT
matching,PP1-ENG-X.59_Dinosaur_Phonics_Letter_A_to_Z_59,Match more dino sounds!,,,1,,,,,,,,D 🐶,DOG,E 🥚,EGG,F 🐟,FISH
multiple_choice,PP1-ENG-X.60_Dinosaur_CVC_Word_Hunt_60,Find the CVC word on the dino footprint for CAT!,dh_q1.webp,audio_d101.mp3,1,CAT,DOG,PIG,,,1,,,,,,,
multiple_choice,PP1-ENG-X.60_Dinosaur_CVC_Word_Hunt_60,Find the CVC word on the dino footprint for DOG!,dh_q2.webp,audio_d102.mp3,1,DOG,CAT,HAT,,,1,,,,,,,
multiple_choice,PP1-ENG-X.60_Dinosaur_CVC_Word_Hunt_60,Find the CVC word on the dino footprint for PIG!,dh_q3.webp,audio_d103.mp3,1,PIG,BUG,HEN,,,1,,,,,,,
multiple_choice,PP1-ENG-X.60_Dinosaur_CVC_Word_Hunt_60,Find the CVC word on the dino footprint for BUG!,dh_q4.webp,audio_d104.mp3,1,BUG,RUG,MUG,,,1,,,,,,,
multiple_choice,PP1-ENG-X.60_Dinosaur_CVC_Word_Hunt_60,Find the CVC word on the dino footprint for HEN!,dh_q5.webp,audio_d105.mp3,1,HEN,PEN,TEN,,,1,,,,,,,
multiple_choice,PP1-ENG-X.60_Dinosaur_CVC_Word_Hunt_60,Dinosaur CVC word hunt finds 3-letter...?,dh_q6.webp,audio_d106.mp3,1,WORDS,SOUNDS,NUMBERS,,,1,,,,,,,
count_objects,PP1-ENG-X.60_Dinosaur_CVC_Word_Hunt_60,Count 5 dinosaur CVC footprint tracks!,dh_count1.webp,audio_d107.mp3,1,5,3,4,,🐾,5,,,,,,,
count_objects,PP1-ENG-X.60_Dinosaur_CVC_Word_Hunt_60,Count 3 dinosaur CVC egg tokens!,dh_count2.webp,audio_d108.mp3,1,3,1,4,,🥚,3,,,,,,,
count_objects,PP1-ENG-X.60_Dinosaur_CVC_Word_Hunt_60,Count 4 dinosaur CVC hunt trophies!,dh_count3.webp,audio_d109.mp3,1,4,2,5,,🏆,4,,,,,,,
speak_repeat,PP1-ENG-X.60_Dinosaur_CVC_Word_Hunt_60,Say out loud clearly: DINOSAUR FOOTPRINT CVC WORD HUNT!,speak_d101.webp,audio_d1010.mp3,1,Dinosaur Footprint CVC Word Hunt,,,,,,Dinosaur Footprint CVC Word Hunt,,,,,,,
speak_repeat,PP1-ENG-X.60_Dinosaur_CVC_Word_Hunt_60,Say out loud clearly: READ THREE LETTER CVC WORDS ON THE HUNT!,speak_d102.webp,audio_d1011.mp3,1,Read Three Letter CVC Words On The Hunt,,,,,,Read Three Letter CVC Words On The Hunt,,,,,,,
matching,PP1-ENG-X.60_Dinosaur_CVC_Word_Hunt_60,Match dino CVC words!,,,1,,,,,,,,Cat 🐱,CAT,Dog 🐶,DOG,Pig 🐖,PIG
matching,PP1-ENG-X.60_Dinosaur_CVC_Word_Hunt_60,Match CVC footprint words!,,,1,,,,,,,,Bug 🐛,BUG,Hen 🐔,HEN,Hop 🐸,HOP

question_type,lesson_title,prompt,prompt_image,prompt_audio,correct_answer,option_1,option_2,option_3,option_4,count_emoji_or_image,target_count,target_word,pair_1_left,pair_1_right,pair_2_left,pair_2_right,pair_3_left,pair_3_right
multiple_choice,PP1-ENG-X.61_Pirate_Cove_Alphabet_Treasure_61,Which letter marks the treasure spot for Apple?,pct_q1.webp,audio_p1.mp3,1,A,B,C,,,1,,,,,,,
multiple_choice,PP1-ENG-X.61_Pirate_Cove_Alphabet_Treasure_61,Which letter marks the treasure chest for Ball?,pct_q2.webp,audio_p2.mp3,1,B,A,D,,,1,,,,,,,
multiple_choice,PP1-ENG-X.61_Pirate_Cove_Alphabet_Treasure_61,Which letter is hidden in the pirate ship for Cat?,pct_q3.webp,audio_p3.mp3,1,C,B,E,,,1,,,,,,,
multiple_choice,PP1-ENG-X.61_Pirate_Cove_Alphabet_Treasure_61,Which letter marks the map for Dog?,pct_q4.webp,audio_p4.mp3,1,D,C,F,,,1,,,,,,,
multiple_choice,PP1-ENG-X.61_Pirate_Cove_Alphabet_Treasure_61,Which letter comes right after D on the treasure map?,pct_q5.webp,audio_p5.mp3,1,E,D,F,,,1,,,,,,,
multiple_choice,PP1-ENG-X.61_Pirate_Cove_Alphabet_Treasure_61,What is the last letter of the pirate alphabet?,pct_q6.webp,audio_p6.mp3,1,Z,Y,X,,,1,,,,,,,
count_objects,PP1-ENG-X.61_Pirate_Cove_Alphabet_Treasure_61,Count 4 golden letter A coins!,pct_count1.webp,audio_p7.mp3,1,4,2,5,,🪙,4,,,,,,,
count_objects,PP1-ENG-X.61_Pirate_Cove_Alphabet_Treasure_61,Count 3 pirate treasure maps!,pct_count2.webp,audio_p8.mp3,1,3,1,4,,🗺️,3,,,,,,,
count_objects,PP1-ENG-X.61_Pirate_Cove_Alphabet_Treasure_61,Count 5 letter B gems!,pct_count3.webp,audio_p9.mp3,1,5,3,4,,💎,5,,,,,,,
speak_repeat,PP1-ENG-X.61_Pirate_Cove_Alphabet_Treasure_61,Say out loud clearly: PIRATE ALPHABET TREASURE FROM A TO Z!,speak_p1.webp,audio_p10.mp3,1,Pirate Alphabet Treasure From A To Z,,,,,,Pirate Alphabet Treasure From A To Z,,,,,,,
speak_repeat,PP1-ENG-X.61_Pirate_Cove_Alphabet_Treasure_61,Say out loud clearly: FIND THE HIDDEN LETTER TREASURE!,speak_p2.webp,audio_p11.mp3,1,Find The Hidden Letter Treasure,,,,,,Find The Hidden Letter Treasure,,,,,,,
matching,PP1-ENG-X.61_Pirate_Cove_Alphabet_Treasure_61,Match pirate letters to treasures!,,,1,,,,,,,,A,APPLE,B,BALL,C,CAT
matching,PP1-ENG-X.61_Pirate_Cove_Alphabet_Treasure_61,Match uppercase and lowercase pirate letters!,,,1,,,,,,,,A,a,B,b,C,c
multiple_choice,PP1-ENG-X.62_Pirate_CVC_Word_Map_62,Which word on the map rhymes with CAT?,pcm_q1.webp,audio_pm1.mp3,1,HAT,DOG,PIG,,,1,,,,,,,
multiple_choice,PP1-ENG-X.62_Pirate_CVC_Word_Map_62,Which word on the map rhymes with MAN?,pcm_q2.webp,audio_pm2.mp3,1,VAN,CAT,BUG,,,1,,,,,,,
multiple_choice,PP1-ENG-X.62_Pirate_CVC_Word_Map_62,Which word on the map rhymes with PIG?,pcm_q3.webp,audio_pm3.mp3,1,DIG,HAT,HOP,,,1,,,,,,,
multiple_choice,PP1-ENG-X.62_Pirate_CVC_Word_Map_62,Which word on the map rhymes with HOP?,pcm_q4.webp,audio_pm4.mp3,1,POP,MAN,PEN,,,1,,,,,,,
multiple_choice,PP1-ENG-X.62_Pirate_CVC_Word_Map_62,Which word on the map rhymes with BUG?,pcm_q5.webp,audio_pm5.mp3,1,RUG,PIG,CAT,,,1,,,,,,,
multiple_choice,PP1-ENG-X.62_Pirate_CVC_Word_Map_62,Which word on the map rhymes with HEN?,pcm_q6.webp,audio_pm6.mp3,1,PEN,DOG,RUN,,,1,,,,,,,
count_objects,PP1-ENG-X.62_Pirate_CVC_Word_Map_62,Count 3 pirate map CVC treasure chests!,pcm_count1.webp,audio_pm7.mp3,1,3,1,4,,🏴‍☠️,3,,,,,,,
count_objects,PP1-ENG-X.62_Pirate_CVC_Word_Map_62,Count 5 CVC rhyming scrolls!,pcm_count2.webp,audio_pm8.mp3,1,5,3,4,,📜,5,,,,,,,
count_objects,PP1-ENG-X.62_Pirate_CVC_Word_Map_62,Count 2 pirate parrot CVC clues!,pcm_count3.webp,audio_pm9.mp3,1,2,1,3,,🦜,2,,,,,,,
speak_repeat,PP1-ENG-X.62_Pirate_CVC_Word_Map_62,Say out loud clearly: PIRATE TREASURE MAP CVC RHYMING WORDS!,speak_pm1.webp,audio_pm10.mp3,1,Pirate Treasure Map CVC Rhyming Words,,,,,,Pirate Treasure Map CVC Rhyming Words,,,,,,,
speak_repeat,PP1-ENG-X.62_Pirate_CVC_Word_Map_62,Say out loud clearly: READ THE CVC MAP TO FIND THE TREASURE!,speak_pm2.webp,audio_pm11.mp3,1,Read The CVC Map To Find The Treasure,,,,,,Read The CVC Map To Find The Treasure,,,,,,,
matching,PP1-ENG-X.62_Pirate_CVC_Word_Map_62,Match pirate map rhyming words!,,,1,,,,,,,,Cat 🐱,HAT,Man 👨,VAN,Pig 🐖,DIG
matching,PP1-ENG-X.62_Pirate_CVC_Word_Map_62,Match CVC map words!,,,1,,,,,,,,Hop 🐸,POP,Bug 🐛,RUG,Hen 🐔,PEN
multiple_choice,PP1-ENG-X.63_Space_Rocket_Phonics_Launch_63,Which phonics sound launches Apple into space?,srp_q1.webp,audio_sr1.mp3,1,/A/,/B/,/C/,,,1,,,,,,,
multiple_choice,PP1-ENG-X.63_Space_Rocket_Phonics_Launch_63,Which phonics sound launches Ball into space?,srp_q2.webp,audio_sr2.mp3,1,/B/,/A/,/D/,,,1,,,,,,,
multiple_choice,PP1-ENG-X.63_Space_Rocket_Phonics_Launch_63,Which phonics sound launches Cat into space?,srp_q3.webp,audio_sr3.mp3,1,/C/,/B/,/E/,,,1,,,,,,,
multiple_choice,PP1-ENG-X.63_Space_Rocket_Phonics_Launch_63,Which phonics sound launches Dog into space?,srp_q4.webp,audio_sr4.mp3,1,/D/,/C/,/F/,,,1,,,,,,,
multiple_choice,PP1-ENG-X.63_Space_Rocket_Phonics_Launch_63,Which phonics sound launches Egg into space?,srp_q5.webp,audio_sr5.mp3,1,/E/,/D/,/G/,,,1,,,,,,,
multiple_choice,PP1-ENG-X.63_Space_Rocket_Phonics_Launch_63,Which phonics sound launches Sun into space?,srp_q6.webp,audio_sr6.mp3,1,/S/,/T/,/Z/,,,1,,,,,,,
count_objects,PP1-ENG-X.63_Space_Rocket_Phonics_Launch_63,Count 4 phonics launch rockets!,srp_count1.webp,audio_sr7.mp3,1,4,2,5,,🚀,4,,,,,,,
count_objects,PP1-ENG-X.63_Space_Rocket_Phonics_Launch_63,Count 5 glowing phonics stars!,srp_count2.webp,audio_sr8.mp3,1,5,3,4,,⭐,5,,,,,,,
count_objects,PP1-ENG-X.63_Space_Rocket_Phonics_Launch_63,Count 2 moon launchpads!,srp_count3.webp,audio_sr9.mp3,1,2,1,3,,🌙,2,,,,,,,
speak_repeat,PP1-ENG-X.63_Space_Rocket_Phonics_Launch_63,Say out loud clearly: SPACE ROCKET PHONICS SOUND LAUNCH!,speak_sr1.webp,audio_sr10.mp3,1,Space Rocket Phonics Sound Launch,,,,,,Space Rocket Phonics Sound Launch,,,,,,,
speak_repeat,PP1-ENG-X.63_Space_Rocket_Phonics_Launch_63,Say out loud clearly: THREE TWO ONE PHONICS BLASTOFF!,speak_sr2.webp,audio_sr11.mp3,1,Three Two One Phonics Blastoff,,,,,,Three Two One Phonics Blastoff,,,,,,,
matching,PP1-ENG-X.63_Space_Rocket_Phonics_Launch_63,Match phonics sounds to launch words!,,,1,,,,,,,,Apple 🍎,A,Ball ⚽,B,Cat 🐱,C
matching,PP1-ENG-X.63_Space_Rocket_Phonics_Launch_63,Match space phonics letters!,,,1,,,,,,,,Dog 🐶,D,Egg 🥚,E,Sun ☀️,S
multiple_choice,PP1-ENG-X.64_Space_Alien_Sight_Word_Search_64,Find the sight word THE hidden on alien planet!,sas_q1.webp,audio_sa1.mp3,1,THE,AND,IS,,,1,,,,,,,
multiple_choice,PP1-ENG-X.64_Space_Alien_Sight_Word_Search_64,Find the sight word AND carried by alien!,sas_q2.webp,audio_sa2.mp3,1,AND,THE,IN,,,1,,,,,,,
multiple_choice,PP1-ENG-X.64_Space_Alien_Sight_Word_Search_64,Find the sight word IS inside alien spaceship!,sas_q3.webp,audio_sa3.mp3,1,IS,ON,UNDER,,,1,,,,,,,
multiple_choice,PP1-ENG-X.64_Space_Alien_Sight_Word_Search_64,Find the sight word IN on the space radar!,sas_q4.webp,audio_sa4.mp3,1,IN,ON,THE,,,1,,,,,,,
multiple_choice,PP1-ENG-X.64_Space_Alien_Sight_Word_Search_64,Find the sight word ON on alien moon!,sas_q5.webp,audio_sa5.mp3,1,ON,IN,IS,,,1,,,,,,,
multiple_choice,PP1-ENG-X.64_Space_Alien_Sight_Word_Search_64,Which sight word connects Cat ___ Dog in space?,sas_q6.webp,audio_sa6.mp3,1,AND,THE,IS,,,1,,,,,,,
count_objects,PP1-ENG-X.64_Space_Alien_Sight_Word_Search_64,Count 3 friendly aliens carrying sight word cards!,sas_count1.webp,audio_sa7.mp3,1,3,1,4,,👽,3,,,,,,,
count_objects,PP1-ENG-X.64_Space_Alien_Sight_Word_Search_64,Count 5 sight word stars in the galaxy!,sas_count2.webp,audio_sa8.mp3,1,5,3,4,,⭐,5,,,,,,,
count_objects,PP1-ENG-X.64_Space_Alien_Sight_Word_Search_64,Count 4 alien spaceships searching words!,sas_count3.webp,audio_sa9.mp3,1,4,2,5,,🛸,4,,,,,,,
speak_repeat,PP1-ENG-X.64_Space_Alien_Sight_Word_Search_64,Say out loud clearly: SPACE ALIEN SIGHT WORD SEARCH THE AND IS IN ON!,speak_sa1.webp,audio_sa10.mp3,1,Space Alien Sight Word Search The And Is In On,,,,,,Space Alien Sight Word Search The And Is In On,,,,,,,
speak_repeat,PP1-ENG-X.64_Space_Alien_Sight_Word_Search_64,Say out loud clearly: I CAN READ ALL ALIEN SIGHT WORDS!,speak_sa2.webp,audio_sa11.mp3,1,I Can Read All Alien Sight Words,,,,,,I Can Read All Alien Sight Words,,,,,,,
matching,PP1-ENG-X.64_Space_Alien_Sight_Word_Search_64,Match sight words!,,,1,,,,,,,,T-H-E,THE,A-N-D,AND,I-S,IS
matching,PP1-ENG-X.64_Space_Alien_Sight_Word_Search_64,Match preposition sight words!,,,1,,,,,,,,I-N,IN,O-N,ON,U-N-D-E-R,UNDER
multiple_choice,PP1-ENG-X.65_Circus_Clown_Alphabet_Juggle_65,Clown juggles big A. What is the small matching letter?,ccj_q1.webp,audio_cj1.mp3,1,a,b,c,,,1,,,,,,,
multiple_choice,PP1-ENG-X.65_Circus_Clown_Alphabet_Juggle_65,Clown juggles big B. What is the small matching letter?,ccj_q2.webp,audio_cj2.mp3,1,b,a,d,,,1,,,,,,,
multiple_choice,PP1-ENG-X.65_Circus_Clown_Alphabet_Juggle_65,Clown juggles big C. What is the small matching letter?,ccj_q3.webp,audio_cj3.mp3,1,c,b,e,,,1,,,,,,,
multiple_choice,PP1-ENG-X.65_Circus_Clown_Alphabet_Juggle_65,Clown juggles big D. What is the small matching letter?,ccj_q4.webp,audio_cj4.mp3,1,d,c,f,,,1,,,,,,,
multiple_choice,PP1-ENG-X.65_Circus_Clown_Alphabet_Juggle_65,Clown juggles big E. What is the small matching letter?,ccj_q5.webp,audio_cj5.mp3,1,e,d,g,,,1,,,,,,,
multiple_choice,PP1-ENG-X.65_Circus_Clown_Alphabet_Juggle_65,Clown juggles big Z. What is the small matching letter?,ccj_q6.webp,audio_cj6.mp3,1,z,y,x,,,1,,,,,,,
count_objects,PP1-ENG-X.65_Circus_Clown_Alphabet_Juggle_65,Count 6 juggling letter balls at circus!,ccj_count1.webp,audio_cj7.mp3,1,6,3,5,,🤹,6,,,,,,,
count_objects,PP1-ENG-X.65_Circus_Clown_Alphabet_Juggle_65,Count 4 circus clown hats!,ccj_count2.webp,audio_cj8.mp3,1,4,2,5,,🎪,4,,,,,,,
count_objects,PP1-ENG-X.65_Circus_Clown_Alphabet_Juggle_65,Count 3 red clown noses!,ccj_count3.webp,audio_cj9.mp3,1,3,1,4,,🔴,3,,,,,,,
speak_repeat,PP1-ENG-X.65_Circus_Clown_Alphabet_Juggle_65,Say out loud clearly: CIRCUS CLOWN ALPHABET JUGGLE UPPERCASE AND LOWERCASE!,speak_cj1.webp,audio_cj10.mp3,1,Circus Clown Alphabet Juggle Uppercase And Lowercase,,,,,,Circus Clown Alphabet Juggle Uppercase And Lowercase,,,,,,,
speak_repeat,PP1-ENG-X.65_Circus_Clown_Alphabet_Juggle_65,Say out loud clearly: MATCH BIG LETTERS AND SMALL LETTERS IN THE JUGGLE!,speak_cj2.webp,audio_cj11.mp3,1,Match Big Letters And Small Letters In The Juggle,,,,,,Match Big Letters And Small Letters In The Juggle,,,,,,,
matching,PP1-ENG-X.65_Circus_Clown_Alphabet_Juggle_65,Match uppercase and lowercase juggle letters!,,,1,,,,,,,,A,a,B,b,C,c
matching,PP1-ENG-X.65_Circus_Clown_Alphabet_Juggle_65,Match more juggle pairs!,,,1,,,,,,,,D,d,E,e,Z,z
multiple_choice,PP1-ENG-X.66_Circus_Grammar_Verb_Carnival_66,At the carnival, which action verb means pushing off feet into air?,cgv_q1.webp,audio_cg1.mp3,1,JUMP,BOOK,RED,,,1,,,,,,,
multiple_choice,PP1-ENG-X.66_Circus_Grammar_Verb_Carnival_66,Which action verb means moving feet very fast?,cgv_q2.webp,audio_cg2.mp3,1,RUN,CAT,BIG,,,1,,,,,,,
multiple_choice,PP1-ENG-X.66_Circus_Grammar_Verb_Carnival_66,Which action verb means making music with voice?,cgv_q3.webp,audio_cg3.mp3,1,SING,CHAIR,BLUE,,,1,,,,,,,
multiple_choice,PP1-ENG-X.66_Circus_Grammar_Verb_Carnival_66,Which action verb means moving body to music?,cgv_q4.webp,audio_cg4.mp3,1,DANCE,TOY,COLD,,,1,,,,,,,
multiple_choice,PP1-ENG-X.66_Circus_Grammar_Verb_Carnival_66,Which action verb means hitting hands together for applause?,cgv_q5.webp,audio_cg5.mp3,1,CLAP,HAT,GREEN,,,1,,,,,,,
multiple_choice,PP1-ENG-X.66_Circus_Grammar_Verb_Carnival_66,Action verbs tell us what performers can...?,cgv_q6.webp,audio_cg6.mp3,1,DO,NAME,LOOK,,,1,,,,,,,
count_objects,PP1-ENG-X.66_Circus_Grammar_Verb_Carnival_66,Count 4 performers jumping at the carnival!,cgv_count1.webp,audio_cg7.mp3,1,4,2,5,,🧗,4,,,,,,,
count_objects,PP1-ENG-X.66_Circus_Grammar_Verb_Carnival_66,Count 3 dancers moving to music!,cgv_count2.webp,audio_cg8.mp3,1,3,1,4,,💃,3,,,,,,,
count_objects,PP1-ENG-X.66_Circus_Grammar_Verb_Carnival_66,Count 5 hands clapping in audience!,cgv_count3.webp,audio_cg9.mp3,1,5,3,4,,👏,5,,,,,,,
speak_repeat,PP1-ENG-X.66_Circus_Grammar_Verb_Carnival_66,Say out loud clearly: CIRCUS CARNIVAL ACTION VERBS JUMP RUN SING DANCE!,speak_cg1.webp,audio_cg10.mp3,1,Circus Carnival Action Verbs Jump Run Sing Dance,,,,,,Circus Carnival Action Verbs Jump Run Sing Dance,,,,,,,
speak_repeat,PP1-ENG-X.66_Circus_Grammar_Verb_Carnival_66,Say out loud clearly: ACTION VERBS SHOW MOVEMENT AND FUN!,speak_cg2.webp,audio_cg11.mp3,1,Action Verbs Show Movement And Fun,,,,,,Action Verbs Show Movement And Fun,,,,,,,
matching,PP1-ENG-X.66_Circus_Grammar_Verb_Carnival_66,Match carnival action verbs!,,,1,,,,,,,,Jump 🧗,ACTION,Run 🏃,ACTION,Dance 💃,ACTION
matching,PP1-ENG-X.66_Circus_Grammar_Verb_Carnival_66,Match verb words!,,,1,,,,,,,,Jump,JUMP,Run,RUN,Sing,SING
multiple_choice,PP1-ENG-X.67_Superhero_Phonics_Letter_Shield_67,Which phonics letter shield protects Apple sound /a/?,spl_q1.webp,audio_sp1.mp3,1,A,B,C,,,1,,,,,,,
multiple_choice,PP1-ENG-X.67_Superhero_Phonics_Letter_Shield_67,Which phonics letter shield protects Ball sound /b/?,spl_q2.webp,audio_sp2.mp3,1,B,A,D,,,1,,,,,,,
multiple_choice,PP1-ENG-X.67_Superhero_Phonics_Letter_Shield_67,Which phonics letter shield protects Cat sound /c/?,spl_q3.webp,audio_sp3.mp3,1,C,B,E,,,1,,,,,,,
multiple_choice,PP1-ENG-X.67_Superhero_Phonics_Letter_Shield_67,Which phonics letter shield protects Dog sound /d/?,spl_q4.webp,audio_sp4.mp3,1,D,C,F,,,1,,,,,,,
multiple_choice,PP1-ENG-X.67_Superhero_Phonics_Letter_Shield_67,Which phonics letter shield protects Sun sound /s/?,spl_q5.webp,audio_sp5.mp3,1,S,T,Z,,,1,,,,,,,
multiple_choice,PP1-ENG-X.67_Superhero_Phonics_Letter_Shield_67,Which phonics letter shield protects Tree sound /t/?,spl_q6.webp,audio_sp6.mp3,1,T,S,D,,,1,,,,,,,
count_objects,PP1-ENG-X.67_Superhero_Phonics_Letter_Shield_67,Count 4 superhero letter shields!,spl_count1.webp,audio_sp7.mp3,1,4,2,5,,🛡️,4,,,,,,,
count_objects,PP1-ENG-X.67_Superhero_Phonics_Letter_Shield_67,Count 5 superhero star badges!,spl_count2.webp,audio_sp8.mp3,1,5,3,4,,⭐,5,,,,,,,
count_objects,PP1-ENG-X.67_Superhero_Phonics_Letter_Shield_67,Count 3 superhero power capes!,spl_count3.webp,audio_sp9.mp3,1,3,1,4,,🦸,3,,,,,,,
speak_repeat,PP1-ENG-X.67_Superhero_Phonics_Letter_Shield_67,Say out loud clearly: SUPERHERO PHONICS LETTER SOUND SHIELD MATCH!,speak_sp1.webp,audio_sp10.mp3,1,Superhero Phonics Letter Sound Shield Match,,,,,,Superhero Phonics Letter Sound Shield Match,,,,,,,
speak_repeat,PP1-ENG-X.67_Superhero_Phonics_Letter_Shield_67,Say out loud clearly: MATCH EVERY PHONICS SOUND TO ITS POWER SHIELD!,speak_sp2.webp,audio_sp11.mp3,1,Match Every Phonics Sound To Its Power Shield,,,,,,Match Every Phonics Sound To Its Power Shield,,,,,,,
matching,PP1-ENG-X.67_Superhero_Phonics_Letter_Shield_67,Match phonics letters to power shields!,,,1,,,,,,,,Apple 🍎,A,Ball ⚽,B,Cat 🐱,C
matching,PP1-ENG-X.67_Superhero_Phonics_Letter_Shield_67,Match more superhero phonics shields!,,,1,,,,,,,,Dog 🐶,D,Sun ☀️,S,Tree 🌴,T
multiple_choice,PP1-ENG-X.68_Superhero_Word_Building_Power_68,Combine power letters C-A-T to build what word?,swb_q1.webp,audio_sb1.mp3,1,CAT,DOG,PIG,,,1,,,,,,,
multiple_choice,PP1-ENG-X.68_Superhero_Word_Building_Power_68,Combine power letters D-O-G to build what word?,swb_q2.webp,audio_sb2.mp3,1,DOG,CAT,HAT,,,1,,,,,,,
multiple_choice,PP1-ENG-X.68_Superhero_Word_Building_Power_68,Combine power letters P-I-G to build what word?,swb_q3.webp,audio_sb3.mp3,1,PIG,BUG,HEN,,,1,,,,,,,
multiple_choice,PP1-ENG-X.68_Superhero_Word_Building_Power_68,Combine power letters B-U-G to build what word?,swb_q4.webp,audio_sb4.mp3,1,BUG,RUG,MUG,,,1,,,,,,,
multiple_choice,PP1-ENG-X.68_Superhero_Word_Building_Power_68,Combine power letters H-E-N to build what word?,swb_q5.webp,audio_sb5.mp3,1,HEN,PEN,TEN,,,1,,,,,,,
multiple_choice,PP1-ENG-X.68_Superhero_Word_Building_Power_68,Building CVC words gives us reading...?,swb_q6.webp,audio_sb6.mp3,1,POWER,FEAR,NOISE,,,1,,,,,,,
count_objects,PP1-ENG-X.68_Superhero_Word_Building_Power_68,Count 5 CVC word building blocks!,swb_count1.webp,audio_sb7.mp3,1,5,3,4,,🧱,5,,,,,,,
count_objects,PP1-ENG-X.68_Superhero_Word_Building_Power_68,Count 3 superhero power trophies!,swb_count2.webp,audio_sb8.mp3,1,3,1,4,,🏆,3,,,,,,,
count_objects,PP1-ENG-X.68_Superhero_Word_Building_Power_68,Count 4 superhero word shields!,swb_count3.webp,audio_sb9.mp3,1,4,2,5,,🛡️,4,,,,,,,
speak_repeat,PP1-ENG-X.68_Superhero_Word_Building_Power_68,Say out loud clearly: SUPERHERO CVC WORD BUILDING POWER!,speak_sb1.webp,audio_sb10.mp3,1,Superhero CVC Word Building Power,,,,,,Superhero CVC Word Building Power,,,,,,,
speak_repeat,PP1-ENG-X.68_Superhero_Word_Building_Power_68,Say out loud clearly: COMBINE LETTERS TO BUILD THREE LETTER WORDS!,speak_sb2.webp,audio_sb11.mp3,1,Combine Letters To Build Three Letter Words,,,,,,Combine Letters To Build Three Letter Words,,,,,,,
matching,PP1-ENG-X.68_Superhero_Word_Building_Power_68,Match CVC word building letters!,,,1,,,,,,,,C-A-T,CAT,D-O-G,DOG,P-I-G,PIG
matching,PP1-ENG-X.68_Superhero_Word_Building_Power_68,Match power building words!,,,1,,,,,,,,B-U-G,BUG,H-E-N,HEN,H-O-P,HOP
multiple_choice,PP1-ENG-X.69_Underwater_Mermaid_ABC_Reef_69,Mermaid finds letter A on coral reef. Which word starts with A?,uma_q1.webp,audio_um1.mp3,1,APPLE,BALL,CAT,,,1,,,,,,,
multiple_choice,PP1-ENG-X.69_Underwater_Mermaid_ABC_Reef_69,Mermaid finds letter B on shell. Which word starts with B?,uma_q2.webp,audio_um2.mp3,1,BALL,APPLE,DOG,,,1,,,,,,,
multiple_choice,PP1-ENG-X.69_Underwater_Mermaid_ABC_Reef_69,Mermaid finds letter C on pearl. Which word starts with C?,uma_q3.webp,audio_um3.mp3,1,CAT,BALL,FISH,,,1,,,,,,,
multiple_choice,PP1-ENG-X.69_Underwater_Mermaid_ABC_Reef_69,Mermaid finds letter D on reef. Which word starts with D?,uma_q4.webp,audio_um4.mp3,1,DOG,CAT,EGG,,,1,,,,,,,
multiple_choice,PP1-ENG-X.69_Underwater_Mermaid_ABC_Reef_69,Mermaid finds letter F in sea. Which word starts with F?,uma_q5.webp,audio_um5.mp3,1,FISH,DOG,HAT,,,1,,,,,,,
multiple_choice,PP1-ENG-X.69_Underwater_Mermaid_ABC_Reef_69,Mermaid ABC reef adventure travels from A to...?,uma_q6.webp,audio_um6.mp3,1,Z,M,O,,,1,,,,,,,
count_objects,PP1-ENG-X.69_Underwater_Mermaid_ABC_Reef_69,Count 3 mermaids exploring the ABC reef!,uma_count1.webp,audio_um7.mp3,1,3,1,4,,🧜‍♀️,3,,,,,,,
count_objects,PP1-ENG-X.69_Underwater_Mermaid_ABC_Reef_69,Count 5 pearl ABC shells!,uma_count2.webp,audio_um8.mp3,1,5,3,4,,🦪,5,,,,,,,
count_objects,PP1-ENG-X.69_Underwater_Mermaid_ABC_Reef_69,Count 4 swimming ABC fish!,uma_count3.webp,audio_um9.mp3,1,4,2,5,,🐟,4,,,,,,,
speak_repeat,PP1-ENG-X.69_Underwater_Mermaid_ABC_Reef_69,Say out loud clearly: UNDERWATER MERMAID ALPHABET REEF ADVENTURE!,speak_um1.webp,audio_um10.mp3,1,Underwater Mermaid Alphabet Reef Adventure,,,,,,Underwater Mermaid Alphabet Reef Adventure,,,,,,,
speak_repeat,PP1-ENG-X.69_Underwater_Mermaid_ABC_Reef_69,Say out loud clearly: EXPLORE THE ABC REEF FROM A TO Z!,speak_um2.webp,audio_um11.mp3,1,Explore The ABC Reef From A To Z,,,,,,Explore The ABC Reef From A To Z,,,,,,,
matching,PP1-ENG-X.69_Underwater_Mermaid_ABC_Reef_69,Match mermaid reef letters!,,,1,,,,,,,,A,APPLE,B,BALL,C,CAT
matching,PP1-ENG-X.69_Underwater_Mermaid_ABC_Reef_69,Match reef phonics words!,,,1,,,,,,,,D,DOG,E,EGG,F,FISH
multiple_choice,PP1-ENG-X.70_Underwater_CVC_Word_Bubble_70,Pop the bubble with CVC word rhyming with CAT!,ucb_q1.webp,audio_ub1.mp3,1,HAT,DOG,PIG,,,1,,,,,,,
multiple_choice,PP1-ENG-X.70_Underwater_CVC_Word_Bubble_70,Pop the bubble with CVC word rhyming with MAN!,ucb_q2.webp,audio_ub2.mp3,1,VAN,CAT,BUG,,,1,,,,,,,
multiple_choice,PP1-ENG-X.70_Underwater_CVC_Word_Bubble_70,Pop the bubble with CVC word rhyming with PIG!,ucb_q3.webp,audio_ub3.mp3,1,DIG,HAT,HOP,,,1,,,,,,,
multiple_choice,PP1-ENG-X.70_Underwater_CVC_Word_Bubble_70,Pop the bubble with CVC word rhyming with HOP!,ucb_q4.webp,audio_ub4.mp3,1,POP,MAN,PEN,,,1,,,,,,,
multiple_choice,PP1-ENG-X.70_Underwater_CVC_Word_Bubble_70,Pop the bubble with CVC word rhyming with BUG!,ucb_q5.webp,audio_ub5.mp3,1,RUG,PIG,CAT,,,1,,,,,,,
multiple_choice,PP1-ENG-X.70_Underwater_CVC_Word_Bubble_70,Pop the bubble with CVC word rhyming with HEN!,ucb_q6.webp,audio_ub6.mp3,1,PEN,DOG,RUN,,,1,,,,,,,
count_objects,PP1-ENG-X.70_Underwater_CVC_Word_Bubble_70,Count 5 CVC word bubbles underwater!,ucb_count1.webp,audio_ub7.mp3,1,5,3,4,,🫧,5,,,,,,,
count_objects,PP1-ENG-X.70_Underwater_CVC_Word_Bubble_70,Count 3 fish popping word bubbles!,ucb_count2.webp,audio_ub8.mp3,1,3,1,4,,🐠,3,,,,,,,
count_objects,PP1-ENG-X.70_Underwater_CVC_Word_Bubble_70,Count 2 clam shells with CVC words!,ucb_count3.webp,audio_ub9.mp3,1,2,1,3,,🦪,2,,,,,,,
speak_repeat,PP1-ENG-X.70_Underwater_CVC_Word_Bubble_70,Say out loud clearly: UNDERWATER CVC WORD BUBBLE POP RHYMING!,speak_ub1.webp,audio_ub10.mp3,1,Underwater CVC Word Bubble Pop Rhyming,,,,,,Underwater CVC Word Bubble Pop Rhyming,,,,,,,
speak_repeat,PP1-ENG-X.70_Underwater_CVC_Word_Bubble_70,Say out loud clearly: POP RHYMING WORD BUBBLE UNDERWATER!,speak_ub2.webp,audio_ub11.mp3,1,Pop Rhyming Word Bubble Underwater,,,,,,Pop Rhyming Word Bubble Underwater,,,,,,,
matching,PP1-ENG-X.70_Underwater_CVC_Word_Bubble_70,Match bubble CVC rhyming words!,,,1,,,,,,,,Cat 🐱,HAT,Man 👨,VAN,Pig 🐖,DIG
matching,PP1-ENG-X.70_Underwater_CVC_Word_Bubble_70,Match more CVC bubble words!,,,1,,,,,,,,Hop 🐸,POP,Bug 🐛,RUG,Hen 🐔,PEN
multiple_choice,PP1-ENG-X.71_Phonics_Letter_Sound_Showdown_71,In the phonics showdown, which letter makes sound /a/ in Apple?,pls_q1.webp,audio_ps1.mp3,1,A,B,C,,,1,,,,,,,
multiple_choice,PP1-ENG-X.71_Phonics_Letter_Sound_Showdown_71,In the phonics showdown, which letter makes sound /b/ in Ball?,pls_q2.webp,audio_ps2.mp3,1,B,A,D,,,1,,,,,,,
multiple_choice,PP1-ENG-X.71_Phonics_Letter_Sound_Showdown_71,In the phonics showdown, which letter makes sound /c/ in Cat?,pls_q3.webp,audio_ps3.mp3,1,C,B,E,,,1,,,,,,,
multiple_choice,PP1-ENG-X.71_Phonics_Letter_Sound_Showdown_71,In the phonics showdown, which letter makes sound /d/ in Dog?,pls_q4.webp,audio_ps4.mp3,1,D,C,F,,,1,,,,,,,
multiple_choice,PP1-ENG-X.71_Phonics_Letter_Sound_Showdown_71,In the phonics showdown, which letter makes sound /s/ in Sun?,pls_q5.webp,audio_ps5.mp3,1,S,T,Z,,,1,,,,,,,
multiple_choice,PP1-ENG-X.71_Phonics_Letter_Sound_Showdown_71,In the phonics showdown, which letter makes sound /z/ in Zebra?,pls_q6.webp,audio_ps6.mp3,1,Z,S,X,,,1,,,,,,,
count_objects,PP1-ENG-X.71_Phonics_Letter_Sound_Showdown_71,Count 5 phonics showdown star trophies!,pls_count1.webp,audio_ps7.mp3,1,5,3,4,,🏆,5,,,,,,,
count_objects,PP1-ENG-X.71_Phonics_Letter_Sound_Showdown_71,Count 4 phonics sound medals!,pls_count2.webp,audio_ps8.mp3,1,4,2,3,,🥇,4,,,,,,,
count_objects,PP1-ENG-X.71_Phonics_Letter_Sound_Showdown_71,Count 3 letter crowns!,pls_count3.webp,audio_ps9.mp3,1,3,1,5,,👑,3,,,,,,,
speak_repeat,PP1-ENG-X.71_Phonics_Letter_Sound_Showdown_71,Say out loud clearly: PHONICS LETTER SOUND SHOWDOWN A TO Z!,speak_ps1.webp,audio_ps10.mp3,1,Phonics Letter Sound Showdown A To Z,,,,,,Phonics Letter Sound Showdown A To Z,,,,,,,
speak_repeat,PP1-ENG-X.71_Phonics_Letter_Sound_Showdown_71,Say out loud clearly: I KNOW ALL LETTER SOUNDS FROM A TO Z!,speak_ps2.webp,audio_ps11.mp3,1,I Know All Letter Sounds From A To Z,,,,,,I Know All Letter Sounds From A To Z,,,,,,,
matching,PP1-ENG-X.71_Phonics_Letter_Sound_Showdown_71,Match letter sounds in showdown!,,,1,,,,,,,,A,APPLE,B,BALL,C,CAT
matching,PP1-ENG-X.71_Phonics_Letter_Sound_Showdown_71,Match more showdown sounds!,,,1,,,,,,,,D,DOG,S,SUN,Z,ZEBRA
multiple_choice,PP1-ENG-X.72_CVC_Word_Family_Mastery_72,Which CVC word belongs to the -at family?,cwm_q1.webp,audio_cw1.mp3,1,CAT,MAN,PIG,,,1,,,,,,,
multiple_choice,PP1-ENG-X.72_CVC_Word_Family_Mastery_72,Which CVC word belongs to the -an family?,cwm_q2.webp,audio_cw2.mp3,1,MAN,CAT,HOP,,,1,,,,,,,
multiple_choice,PP1-ENG-X.72_CVC_Word_Family_Mastery_72,Which CVC word belongs to the -ig family?,cwm_q3.webp,audio_cw3.mp3,1,PIG,BUG,HEN,,,1,,,,,,,
multiple_choice,PP1-ENG-X.72_CVC_Word_Family_Mastery_72,Which CVC word belongs to the -op family?,cwm_q4.webp,audio_cw4.mp3,1,HOP,CAT,MAN,,,1,,,,,,,
multiple_choice,PP1-ENG-X.72_CVC_Word_Family_Mastery_72,Which CVC word belongs to the -ug family?,cwm_q5.webp,audio_cw5.mp3,1,BUG,PIG,HEN,,,1,,,,,,,
multiple_choice,PP1-ENG-X.72_CVC_Word_Family_Mastery_72,Mastering -at, -an, -ig, -op, -ug builds reading...?,cwm_q6.webp,audio_cw6.mp3,1,SUCCESS,FEAR,DARK,,,1,,,,,,,
count_objects,PP1-ENG-X.72_CVC_Word_Family_Mastery_72,Count 5 CVC mastery cards!,cwm_count1.webp,audio_cw7.mp3,1,5,3,4,,🃏,5,,,,,,,
count_objects,PP1-ENG-X.72_CVC_Word_Family_Mastery_72,Count 4 CVC rhyming blocks!,cwm_count2.webp,audio_cw8.mp3,1,4,2,3,,🧱,4,,,,,,,
count_objects,PP1-ENG-X.72_CVC_Word_Family_Mastery_72,Count 3 CVC master trophies!,cwm_count3.webp,audio_cw9.mp3,1,3,1,5,,🏆,3,,,,,,,
speak_repeat,PP1-ENG-X.72_CVC_Word_Family_Mastery_72,Say out loud clearly: CVC WORD FAMILY MASTERY AT AN IG OP UG!,speak_cw1.webp,audio_cw10.mp3,1,CVC Word Family Mastery At An Ig Op Ug,,,,,,CVC Word Family Mastery At An Ig Op Ug,,,,,,,
speak_repeat,PP1-ENG-X.72_CVC_Word_Family_Mastery_72,Say out loud clearly: I CAN READ ALL THREE LETTER CVC WORDS!,speak_cw2.webp,audio_cw11.mp3,1,I Can Read All Three Letter CVC Words,,,,,,I Can Read All Three Letter CVC Words,,,,,,,
matching,PP1-ENG-X.72_CVC_Word_Family_Mastery_72,Match CVC family words!,,,1,,,,,,,,Cat 🐱,-AT,Man 👨,-AN,Pig 🐖,-IG
matching,PP1-ENG-X.72_CVC_Word_Family_Mastery_72,Match more CVC families!,,,1,,,,,,,,Hop 🐸,-OP,Bug 🐛,-UG,Hen 🐔,-EN
multiple_choice,PP1-ENG-X.73_Sight_Word_Champion_Quest_73,Find the champion sight word THE: The cat sat.,swc_q1.webp,audio_sw1.mp3,1,THE,CAT,SAT,,,1,,,,,,,
multiple_choice,PP1-ENG-X.73_Sight_Word_Champion_Quest_73,Find the champion sight word AND: Boy AND Girl.,swc_q2.webp,audio_sw2.mp3,1,AND,BOY,GIRL,,,1,,,,,,,
multiple_choice,PP1-ENG-X.73_Sight_Word_Champion_Quest_73,Find the champion sight word IS: Sun IS bright.,swc_q3.webp,audio_sw3.mp3,1,IS,SUN,HOT,,,1,,,,,,,
multiple_choice,PP1-ENG-X.73_Sight_Word_Champion_Quest_73,Find the preposition sight word IN: Fish IN water.,swc_q4.webp,audio_sw4.mp3,1,IN,ON,UNDER,,,1,,,,,,,
multiple_choice,PP1-ENG-X.73_Sight_Word_Champion_Quest_73,Find the preposition sight word ON: Hat ON head.,swc_q5.webp,audio_sw5.mp3,1,ON,IN,UNDER,,,1,,,,,,,
multiple_choice,PP1-ENG-X.73_Sight_Word_Champion_Quest_73,Knowing sight words makes reading...?,swc_q6.webp,audio_sw6.mp3,1,EASY,HARD,DARK,,,1,,,,,,,
count_objects,PP1-ENG-X.73_Sight_Word_Champion_Quest_73,Count 5 sight word champion badges!,swc_count1.webp,audio_sw7.mp3,1,5,3,4,,🥇,5,,,,,,,
count_objects,PP1-ENG-X.73_Sight_Word_Champion_Quest_73,Count 4 sight word quest cards!,swc_count2.webp,audio_sw8.mp3,1,4,2,3,,🃏,4,,,,,,,
count_objects,PP1-ENG-X.73_Sight_Word_Champion_Quest_73,Count 3 star trophies!,swc_count3.webp,audio_sw9.mp3,1,3,1,5,,🏆,3,,,,,,,
speak_repeat,PP1-ENG-X.73_Sight_Word_Champion_Quest_73,Say out loud clearly: SIGHT WORD CHAMPION QUEST SUCCESS!,speak_sw1.webp,audio_sw10.mp3,1,Sight Word Champion Quest Success,,,,,,Sight Word Champion Quest Success,,,,,,,
speak_repeat,PP1-ENG-X.73_Sight_Word_Champion_Quest_73,Say out loud clearly: I READ SIGHT WORDS THE AND IS IN ON UNDER!,speak_sw2.webp,audio_sw11.mp3,1,I Read Sight Words The And Is In On Under,,,,,,I Read Sight Words The And Is In On Under,,,,,,,
matching,PP1-ENG-X.73_Sight_Word_Champion_Quest_73,Match sight words on quest!,,,1,,,,,,,,T-H-E,THE,A-N-D,AND,I-S,IS
matching,PP1-ENG-X.73_Sight_Word_Champion_Quest_73,Match preposition words!,,,1,,,,,,,,I-N,IN,O-N,ON,U-N-D-E-R,UNDER
multiple_choice,PP1-ENG-X.74_Grammar_Noun_Naming_Safari_74,On safari, which noun names a PERSON?,gns_q1.webp,audio_gn1.mp3,1,BOY,LION,PARK,,,1,,,,,,,
multiple_choice,PP1-ENG-X.74_Grammar_Noun_Naming_Safari_74,On safari, which noun names an ANIMAL?,gns_q2.webp,audio_gn2.mp3,1,LION,GIRL,SCHOOL,,,1,,,,,,,
multiple_choice,PP1-ENG-X.74_Grammar_Noun_Naming_Safari_74,On safari, which noun names a PLACE?,gns_q3.webp,audio_gn3.mp3,1,PARK,DOG,BOOK,,,1,,,,,,,
multiple_choice,PP1-ENG-X.74_Grammar_Noun_Naming_Safari_74,On safari, which noun names a THING?,gns_q4.webp,audio_gn4.mp3,1,BOOK,TEACHER,ZOO,,,1,,,,,,,
multiple_choice,PP1-ENG-X.74_Grammar_Noun_Naming_Safari_74,A noun is a naming word for people, animals, places, and...?,gns_q5.webp,audio_gn5.mp3,1,THINGS,RUN,RED,,,1,,,,,,,
multiple_choice,PP1-ENG-X.74_Grammar_Noun_Naming_Safari_74,Boy, Lion, Park, and Book are all...?,gns_q6.webp,audio_gn6.mp3,1,NOUNS,VERBS,COLORS,,,1,,,,,,,
count_objects,PP1-ENG-X.74_Grammar_Noun_Naming_Safari_74,Count 4 safari noun cards!,gns_count1.webp,audio_gn7.mp3,1,4,2,3,,🃏,4,,,,,,,
count_objects,PP1-ENG-X.74_Grammar_Noun_Naming_Safari_74,Count 3 safari animal nouns!,gns_count2.webp,audio_gn8.mp3,1,3,1,5,,🦁,3,,,,,,,
count_objects,PP1-ENG-X.74_Grammar_Noun_Naming_Safari_74,Count 2 safari place signs!,gns_count3.webp,audio_gn9.mp3,1,2,1,4,,🪧,2,,,,,,,
speak_repeat,PP1-ENG-X.74_Grammar_Noun_Naming_Safari_74,Say out loud clearly: GRAMMAR NOUN NAMING SAFARI PEOPLE ANIMALS PLACES THINGS!,speak_gn1.webp,audio_gn10.mp3,1,Grammar Noun Naming Safari People Animals Places Things,,,,,,Grammar Noun Naming Safari People Animals Places Things,,,,,,,
speak_repeat,PP1-ENG-X.74_Grammar_Noun_Naming_Safari_74,Say out loud clearly: NOUNS NAME EVERYTHING AROUND US!,speak_gn2.webp,audio_gn11.mp3,1,Nouns Name Everything Around Us,,,,,,Nouns Name Everything Around Us,,,,,,,
matching,PP1-ENG-X.74_Grammar_Noun_Naming_Safari_74,Match safari noun categories!,,,1,,,,,,,,Boy 👦,PERSON,Lion 🦁,ANIMAL,Park 🛝,PLACE
matching,PP1-ENG-X.74_Grammar_Noun_Naming_Safari_74,Match thing nouns on safari!,,,1,,,,,,,,Book 📚,THING,Chair 🪑,THING,Pen 🖊️,THING
multiple_choice,PP1-ENG-X.75_Grammar_Verb_Action_Showdown_75,In verb showdown, which action verb means moving feet fast?,gva_q1.webp,audio_gv1.mp3,1,RUN,BOOK,RED,,,1,,,,,,,
multiple_choice,PP1-ENG-X.75_Grammar_Verb_Action_Showdown_75,Which action verb means pushing off feet high into air?,gva_q2.webp,audio_gv2.mp3,1,JUMP,CAT,BLUE,,,1,,,,,,,
multiple_choice,PP1-ENG-X.75_Grammar_Verb_Action_Showdown_75,Which action verb means taking steady steps?,gva_q3.webp,audio_gv3.mp3,1,WALK,DOG,YELLOW,,,1,,,,,,,
multiple_choice,PP1-ENG-X.75_Grammar_Verb_Action_Showdown_75,Which action verb means soaring through the air like a bird?,gva_q4.webp,audio_gv4.mp3,1,FLY,HAT,GREEN,,,1,,,,,,,
multiple_choice,PP1-ENG-X.75_Grammar_Verb_Action_Showdown_75,Action verbs show movement and tell us what we can...?,gva_q5.webp,audio_gv5.mp3,1,DO,NAME,COLOR,,,1,,,,,,,
multiple_choice,PP1-ENG-X.75_Grammar_Verb_Action_Showdown_75,Run, Jump, Walk, and Fly are all...?,gva_q6.webp,audio_gv6.mp3,1,VERBS,NOUNS,COLORS,,,1,,,,,,,
count_objects,PP1-ENG-X.75_Grammar_Verb_Action_Showdown_75,Count 4 runners in verb showdown!,gva_count1.webp,audio_gv7.mp3,1,4,2,3,,🏃,4,,,,,,,
count_objects,PP1-ENG-X.75_Grammar_Verb_Action_Showdown_75,Count 3 jumpers leaping high!,gva_count2.webp,audio_gv8.mp3,1,3,1,5,,🧗,3,,,,,,,
count_objects,PP1-ENG-X.75_Grammar_Verb_Action_Showdown_75,Count 2 birds flying in sky!,gva_count3.webp,audio_gv9.mp3,1,2,1,4,,🕊️,2,,,,,,,
speak_repeat,PP1-ENG-X.75_Grammar_Verb_Action_Showdown_75,Say out loud clearly: ACTION VERB SHOWDOWN RUN JUMP WALK FLY!,speak_gv1.webp,audio_gv10.mp3,1,Action Verb Showdown Run Jump Walk Fly,,,,,,Action Verb Showdown Run Jump Walk Fly,,,,,,,
speak_repeat,PP1-ENG-X.75_Grammar_Verb_Action_Showdown_75,Say out loud clearly: VERBS ARE ACTION WORDS WE DO EVERY DAY!,speak_gv2.webp,audio_gv11.mp3,1,Verbs Are Action Words We Do Every Day,,,,,,Verbs Are Action Words We Do Every Day,,,,,,,
matching,PP1-ENG-X.75_Grammar_Verb_Action_Showdown_75,Match action verbs in showdown!,,,1,,,,,,,,Run 🏃,ACTION,Jump 🧗,ACTION,Fly 🕊️,ACTION
matching,PP1-ENG-X.75_Grammar_Verb_Action_Showdown_75,Match verb words!,,,1,,,,,,,,Run,RUN,Jump,JUMP,Walk,WALK
multiple_choice,PP1-ENG-X.76_Grammar_Opposite_Pairs_Quest_76,What is the opposite of HOT?,gop_q1.webp,audio_go1.mp3,1,COLD,BIG,RED,,,1,,,,,,,
multiple_choice,PP1-ENG-X.76_Grammar_Opposite_Pairs_Quest_76,What is the opposite of BIG?,gop_q2.webp,audio_go2.mp3,1,SMALL,HOT,RUN,,,1,,,,,,,
multiple_choice,PP1-ENG-X.76_Grammar_Opposite_Pairs_Quest_76,What is the opposite of TALL?,gop_q3.webp,audio_go3.mp3,1,SHORT,COLD,BLUE,,,1,,,,,,,
multiple_choice,PP1-ENG-X.76_Grammar_Opposite_Pairs_Quest_76,What is the opposite of UP?,gop_q4.webp,audio_go4.mp3,1,DOWN,SMALL,HOT,,,1,,,,,,,
multiple_choice,PP1-ENG-X.76_Grammar_Opposite_Pairs_Quest_76,Opposite pairs mean words that are completely...?,gop_q5.webp,audio_go5.mp3,1,DIFFERENT,SAME,EQUAL,,,1,,,,,,,
multiple_choice,PP1-ENG-X.76_Grammar_Opposite_Pairs_Quest_76,Hot/Cold and Big/Small are opposite word...?,gop_q6.webp,audio_go6.mp3,1,PAIRS,NOUNS,VERBS,,,1,,,,,,,
count_objects,PP1-ENG-X.76_Grammar_Opposite_Pairs_Quest_76,Count 2 steaming hot cups!,gop_count1.webp,audio_go7.mp3,1,2,1,3,,☕,2,,,,,,,
count_objects,PP1-ENG-X.76_Grammar_Opposite_Pairs_Quest_76,Count 3 cold ice cubes!,gop_count2.webp,audio_go8.mp3,1,3,2,4,,🧊,3,,,,,,,
count_objects,PP1-ENG-X.76_Grammar_Opposite_Pairs_Quest_76,Count 4 up arrows pointing high!,gop_count3.webp,audio_go9.mp3,1,4,2,5,,⬆️,4,,,,,,,
speak_repeat,PP1-ENG-X.76_Grammar_Opposite_Pairs_Quest_76,Say out loud clearly: GRAMMAR OPPOSITE PAIRS HOT COLD BIG SMALL TALL SHORT UP DOWN!,speak_go1.webp,audio_go10.mp3,1,Grammar Opposite Pairs Hot Cold Big Small Tall Short Up Down,,,,,,Grammar Opposite Pairs Hot Cold Big Small Tall Short Up Down,,,,,,,
speak_repeat,PP1-ENG-X.76_Grammar_Opposite_Pairs_Quest_76,Say out loud clearly: OPPOSITES ARE DIFFERENT IN EVERY WAY!,speak_go2.webp,audio_go11.mp3,1,Opposites Are Different In Every Way,,,,,,Opposites Are Different In Every Way,,,,,,,
matching,PP1-ENG-X.76_Grammar_Opposite_Pairs_Quest_76,Match opposite pairs!,,,1,,,,,,,,Hot ☕,COLD,Big 🐘,SMALL,Tall 🦒,SHORT
matching,PP1-ENG-X.76_Grammar_Opposite_Pairs_Quest_76,Match direction opposites!,,,1,,,,,,,,Up ⬆️,DOWN,Fast 🐇,SLOW,Happy 😊,SAD
multiple_choice,PP1-ENG-X.77_Storybook_Moral_Lesson_Recap_77,Which moral story teaches us to always tell the truth?,smr_q1.webp,audio_sm1.mp3,1,BOY CRIED WOLF,GINGERBREAD,BREMEN,,,1,,,,,,,
multiple_choice,PP1-ENG-X.77_Storybook_Moral_Lesson_Recap_77,Which story teaches us hard work and helping bake bread?,smr_q2.webp,audio_sm2.mp3,1,LITTLE RED HEN,BOY WOLF,GINGERBREAD,,,1,,,,,,,
multiple_choice,PP1-ENG-X.77_Storybook_Moral_Lesson_Recap_77,Which story features four animal friends making music?,smr_q3.webp,audio_sm3.mp3,1,BREMEN MUSICIANS,RED HEN,WOLF,,,1,,,,,,,
multiple_choice,PP1-ENG-X.77_Storybook_Moral_Lesson_Recap_77,Which story features a fast running cookie?,smr_q4.webp,audio_sm4.mp3,1,GINGERBREAD MAN,RED HEN,BREMEN,,,1,,,,,,,
multiple_choice,PP1-ENG-X.77_Storybook_Moral_Lesson_Recap_77,Moral lessons in storybooks teach us honesty, kindness, and...?,smr_q5.webp,audio_sm5.mp3,1,SHARING,FEAR,ANGER,,,1,,,,,,,
multiple_choice,PP1-ENG-X.77_Storybook_Moral_Lesson_Recap_77,Reading stories helps us grow with good Christian...?,smr_q6.webp,audio_sm6.mp3,1,VALUES,TOYS,GAMES,,,1,,,,,,,
count_objects,PP1-ENG-X.77_Storybook_Moral_Lesson_Recap_77,Count 4 open storybooks!,smr_count1.webp,audio_sm7.mp3,1,4,2,3,,📖,4,,,,,,,
count_objects,PP1-ENG-X.77_Storybook_Moral_Lesson_Recap_77,Count 5 moral star medals!,smr_count2.webp,audio_sm8.mp3,1,5,3,4,,🥇,5,,,,,,,
count_objects,PP1-ENG-X.77_Storybook_Moral_Lesson_Recap_77,Count 3 story trophies!,smr_count3.webp,audio_sm9.mp3,1,3,1,5,,🏆,3,,,,,,,
speak_repeat,PP1-ENG-X.77_Storybook_Moral_Lesson_Recap_77,Say out loud clearly: STORYBOOK MORAL LESSONS RECAP HONESTY KINDNESS SHARING!,speak_sm1.webp,audio_sm10.mp3,1,Storybook Moral Lessons Recap Honesty Kindness Sharing,,,,,,Storybook Moral Lessons Recap Honesty Kindness Sharing,,,,,,,
speak_repeat,PP1-ENG-X.77_Storybook_Moral_Lesson_Recap_77,Say out loud clearly: STORIES TEACH US GOOD MORAL VALUES!,speak_sm2.webp,audio_sm11.mp3,1,Stories Teach Us Good Moral Values,,,,,,Stories Teach Us Good Moral Values,,,,,,,
matching,PP1-ENG-X.77_Storybook_Moral_Lesson_Recap_77,Match stories to moral lessons!,,,1,,,,,,,,Boy Wolf,TRUTH,Red Hen,WORK,Bremen,FRIENDS
matching,PP1-ENG-X.77_Storybook_Moral_Lesson_Recap_77,Match storybook symbols!,,,1,,,,,,,,Book 📖,STORY,Star ⭐,MORAL,Trophy 🏆,LESSON
multiple_choice,PP1-ENG-X.78_Pre_Writing_Loop_Tracing_Master_78,Which pre-writing stroke moves in round loopy circles?,plt_q1.webp,audio_pl1.mp3,1,LOOP,STRAIGHT,CROSS,,,1,,,,,,,
multiple_choice,PP1-ENG-X.78_Pre_Writing_Loop_Tracing_Master_78,Which pre-writing stroke flows like sea waves?,plt_q2.webp,audio_pl2.mp3,1,WAVY,STRAIGHT,DOT,,,1,,,,,,,
multiple_choice,PP1-ENG-X.78_Pre_Writing_Loop_Tracing_Master_78,Which pre-writing stroke goes straight up and down?,plt_q3.webp,audio_pl3.mp3,1,STRAIGHT,CURVE,LOOP,,,1,,,,,,,
multiple_choice,PP1-ENG-X.78_Pre_Writing_Loop_Tracing_Master_78,Which stroke crosses two lines like a plus sign?,plt_q4.webp,audio_pl4.mp3,1,CROSS,LOOP,WAVE,,,1,,,,,,,
multiple_choice,PP1-ENG-X.78_Pre_Writing_Loop_Tracing_Master_78,Pre-writing stroke practice prepares hand muscles for...?,plt_q5.webp,audio_pl5.mp3,1,WRITING,RUNNING,SINGING,,,1,,,,,,,
multiple_choice,PP1-ENG-X.78_Pre_Writing_Loop_Tracing_Master_78,Holding a pencil correctly builds good writing...?,plt_q6.webp,audio_pl6.mp3,1,GRIP,NOISE,SPEED,,,1,,,,,,,
count_objects,PP1-ENG-X.78_Pre_Writing_Loop_Tracing_Master_78,Count 5 loopy stroke patterns!,plt_count1.webp,audio_pl7.mp3,1,5,3,4,,➰,5,,,,,,,
count_objects,PP1-ENG-X.78_Pre_Writing_Loop_Tracing_Master_78,Count 4 wavy line patterns!,plt_count2.webp,audio_pl8.mp3,1,4,2,3,,〰️,4,,,,,,,
count_objects,PP1-ENG-X.78_Pre_Writing_Loop_Tracing_Master_78,Count 3 tracing pencils!,plt_count3.webp,audio_pl9.mp3,1,3,1,5,,✏️,3,,,,,,,
speak_repeat,PP1-ENG-X.78_Pre_Writing_Loop_Tracing_Master_78,Say out loud clearly: PRE WRITING LOOP TRACING AND CURVE READINESS!,speak_pl1.webp,audio_pl10.mp3,1,Pre Writing Loop Tracing And Curve Readiness,,,,,,Pre Writing Loop Tracing And Curve Readiness,,,,,,,
speak_repeat,PP1-ENG-X.78_Pre_Writing_Loop_Tracing_Master_78,Say out loud clearly: TRACE LOOPS AND CURVES WITH A STEADY HAND!,speak_pl2.webp,audio_pl11.mp3,1,Trace Loops And Curves With A Steady Hand,,,,,,Trace Loops And Curves With A Steady Hand,,,,,,,
matching,PP1-ENG-X.78_Pre_Writing_Loop_Tracing_Master_78,Match pre-writing stroke types!,,,1,,,,,,,,Loop ➰,LOOP,Wave 〰️,WAVY,Line ➖,STRAIGHT
matching,PP1-ENG-X.78_Pre_Writing_Loop_Tracing_Master_78,Match stroke readiness!,,,1,,,,,,,,Loop,LOOP,Curve,CURVE,Cross,CROSS
multiple_choice,PP1-ENG-X.79_Uppercase_Lowercase_Match_Challenge_79,Match big uppercase A to its small lowercase letter!,ulm_q1.webp,audio_ul1.mp3,1,a,b,c,,,1,,,,,,,
multiple_choice,PP1-ENG-X.79_Uppercase_Lowercase_Match_Challenge_79,Match big uppercase B to its small lowercase letter!,ulm_q2.webp,audio_ul2.mp3,1,b,a,d,,,1,,,,,,,
multiple_choice,PP1-ENG-X.79_Uppercase_Lowercase_Match_Challenge_79,Match big uppercase C to its small lowercase letter!,ulm_q3.webp,audio_ul3.mp3,1,c,b,e,,,1,,,,,,,
multiple_choice,PP1-ENG-X.79_Uppercase_Lowercase_Match_Challenge_79,Match big uppercase D to its small lowercase letter!,ulm_q4.webp,audio_ul4.mp3,1,d,c,f,,,1,,,,,,,
multiple_choice,PP1-ENG-X.79_Uppercase_Lowercase_Match_Challenge_79,Match big uppercase E to its small lowercase letter!,ulm_q5.webp,audio_ul5.mp3,1,e,d,g,,,1,,,,,,,
multiple_choice,PP1-ENG-X.79_Uppercase_Lowercase_Match_Challenge_79,Match big uppercase Z to its small lowercase letter!,ulm_q6.webp,audio_ul6.mp3,1,z,y,x,,,1,,,,,,,
count_objects,PP1-ENG-X.79_Uppercase_Lowercase_Match_Challenge_79,Count 5 uppercase letter cards!,ulm_count1.webp,audio_ul7.mp3,1,5,3,4,,🅰️,5,,,,,,,
count_objects,PP1-ENG-X.79_Uppercase_Lowercase_Match_Challenge_79,Count 4 lowercase letter cards!,ulm_count2.webp,audio_ul8.mp3,1,4,2,3,,🃏,4,,,,,,,
count_objects,PP1-ENG-X.79_Uppercase_Lowercase_Match_Challenge_79,Count 3 matching star trophies!,ulm_count3.webp,audio_ul9.mp3,1,3,1,5,,🏆,3,,,,,,,
speak_repeat,PP1-ENG-X.79_Uppercase_Lowercase_Match_Challenge_79,Say out loud clearly: UPPERCASE AND LOWERCASE MATCH CHALLENGE A TO Z!,speak_ul1.webp,audio_ul10.mp3,1,Uppercase And Lowercase Match Challenge A To Z,,,,,,Uppercase And Lowercase Match Challenge A To Z,,,,,,,
speak_repeat,PP1-ENG-X.79_Uppercase_Lowercase_Match_Challenge_79,Say out loud clearly: EVERY BIG LETTER HAS A MATCHING SMALL LETTER!,speak_ul2.webp,audio_ul11.mp3,1,Every Big Letter Has A Matching Small Letter,,,,,,Every Big Letter Has A Matching Small Letter,,,,,,,
matching,PP1-ENG-X.79_Uppercase_Lowercase_Match_Challenge_79,Match uppercase to lowercase A-C!,,,1,,,,,,,,A,a,B,b,C,c
matching,PP1-ENG-X.79_Uppercase_Lowercase_Match_Challenge_79,Match uppercase to lowercase D-Z!,,,1,,,,,,,,D,d,E,e,Z,z
multiple_choice,PP1-ENG-X.80_Spoken_English_Confidence_Builder_80,Say clearly: Good morning teacher! What do we build when speaking clearly?,seb_q1.webp,audio_se1.mp3,1,CONFIDENCE,FEAR,NOISE,,,1,,,,,,,
multiple_choice,PP1-ENG-X.80_Spoken_English_Confidence_Builder_80,Say clearly: I am happy today! Spoken English helps us...?,seb_q2.webp,audio_se2.mp3,1,COMMUNICATE,HIDE,CRY,,,1,,,,,,,
multiple_choice,PP1-ENG-X.80_Spoken_English_Confidence_Builder_80,Say clearly: Thank you very much! Polite words show...?,seb_q3.webp,audio_se3.mp3,1,RESPECT,ANGER,PRIDE,,,1,,,,,,,
multiple_choice,PP1-ENG-X.80_Spoken_English_Confidence_Builder_80,Say clearly: Jesus loves me! Speaking out loud makes voice...?,seb_q4.webp,audio_se4.mp3,1,STRONG,WEAK,SHY,,,1,,,,,,,
multiple_choice,PP1-ENG-X.80_Spoken_English_Confidence_Builder_80,Say clearly: Please and thank you! These are polite...?,seb_q5.webp,audio_se5.mp3,1,WORDS,TOYS,GAMES,,,1,,,,,,,
multiple_choice,PP1-ENG-X.80_Spoken_English_Confidence_Builder_80,Repeating full sentences builds English speech...?,seb_q6.webp,audio_se6.mp3,1,CONFIDENCE,FEAR,SADNESS,,,1,,,,,,,
count_objects,PP1-ENG-X.80_Spoken_English_Confidence_Builder_80,Count 4 microphones for clear speaking!,seb_count1.webp,audio_se7.mp3,1,4,2,3,,🎤,4,,,,,,,
count_objects,PP1-ENG-X.80_Spoken_English_Confidence_Builder_80,Count 5 confident smiling kids!,seb_count2.webp,audio_se8.mp3,1,5,3,4,,😃,5,,,,,,,
count_objects,PP1-ENG-X.80_Spoken_English_Confidence_Builder_80,Count 3 speech badges!,seb_count3.webp,audio_se9.mp3,1,3,1,5,,🥇,3,,,,,,,
speak_repeat,PP1-ENG-X.80_Spoken_English_Confidence_Builder_80,Say out loud clearly: SPOKEN ENGLISH CONFIDENCE BUILDER!,speak_se1.webp,audio_se10.mp3,1,Spoken English Confidence Builder,,,,,,Spoken English Confidence Builder,,,,,,,
speak_repeat,PP1-ENG-X.80_Spoken_English_Confidence_Builder_80,Say out loud clearly: I SPEAK ENGLISH CLEARLY WITH CONFIDENCE AND JOY!,speak_se2.webp,audio_se11.mp3,1,I Speak English Clearly With Confidence And Joy,,,,,,I Speak English Clearly With Confidence And Joy,,,,,,,
matching,PP1-ENG-X.80_Spoken_English_Confidence_Builder_80,Match polite spoken phrases!,,,1,,,,,,,,Please,POLITE,Thank you,RESPECT,Good morning,GREETING
matching,PP1-ENG-X.80_Spoken_English_Confidence_Builder_80,Match speech confidence symbols!,,,1,,,,,,,,Mic 🎤,SPEAK,Smile 😃,CONFIDENT,Medal 🥇,SUCCESS
multiple_choice,PP1-ENG-X.81_Dinosaur_Phonics_Safari_81,Which dinosaur letter sound starts Apple?,dps81_q1.webp,audio_dp1.mp3,1,A,B,C,,,1,,,,,,,
multiple_choice,PP1-ENG-X.81_Dinosaur_Phonics_Safari_81,Which dinosaur letter sound starts Ball?,dps81_q2.webp,audio_dp2.mp3,1,B,A,D,,,1,,,,,,,
multiple_choice,PP1-ENG-X.81_Dinosaur_Phonics_Safari_81,Which dinosaur letter sound starts Cat?,dps81_q3.webp,audio_dp3.mp3,1,C,B,E,,,1,,,,,,,
multiple_choice,PP1-ENG-X.81_Dinosaur_Phonics_Safari_81,Which dinosaur letter sound starts Dog?,dps81_q4.webp,audio_dp4.mp3,1,D,C,F,,,1,,,,,,,
multiple_choice,PP1-ENG-X.81_Dinosaur_Phonics_Safari_81,Which dinosaur letter sound starts Egg?,dps81_q5.webp,audio_dp5.mp3,1,E,D,G,,,1,,,,,,,
multiple_choice,PP1-ENG-X.81_Dinosaur_Phonics_Safari_81,Dinosaur phonics safari travels from A to...?,dps81_q6.webp,audio_dp6.mp3,1,Z,M,O,,,1,,,,,,,
count_objects,PP1-ENG-X.81_Dinosaur_Phonics_Safari_81,Count 5 green T-Rex phonics dinos!,dps81_count1.webp,audio_dp7.mp3,1,5,3,4,,🦕,5,,,,,,,
count_objects,PP1-ENG-X.81_Dinosaur_Phonics_Safari_81,Count 4 dinosaur egg letter tokens!,dps81_count2.webp,audio_dp8.mp3,1,4,2,3,,🥚,4,,,,,,,
count_objects,PP1-ENG-X.81_Dinosaur_Phonics_Safari_81,Count 3 dinosaur footprint tracks!,dps81_count3.webp,audio_dp9.mp3,1,3,1,5,,🐾,3,,,,,,,
speak_repeat,PP1-ENG-X.81_Dinosaur_Phonics_Safari_81,Say out loud clearly: DINOSAUR PHONICS SAFARI LETTER SOUND HUNT!,speak_dp1.webp,audio_dp10.mp3,1,Dinosaur Phonics Safari Letter Sound Hunt,,,,,,Dinosaur Phonics Safari Letter Sound Hunt,,,,,,,
speak_repeat,PP1-ENG-X.81_Dinosaur_Phonics_Safari_81,Say out loud clearly: HUNT ALL PHONICS SOUNDS FROM A TO Z!,speak_dp2.webp,audio_dp11.mp3,1,Hunt All Phonics Sounds From A To Z,,,,,,Hunt All Phonics Sounds From A To Z,,,,,,,
matching,PP1-ENG-X.81_Dinosaur_Phonics_Safari_81,Match dino letter sounds!,,,1,,,,,,,,A 🍎,APPLE,B ⚽,BALL,C 🐱,CAT
matching,PP1-ENG-X.81_Dinosaur_Phonics_Safari_81,Match more dino sounds!,,,1,,,,,,,,D 🐶,DOG,E 🥚,EGG,F 🐟,FISH
multiple_choice,PP1-ENG-X.82_Dinosaur_CVC_Word_Family_82,Find the dinosaur CVC word rhyming with CAT!,dcw82_q1.webp,audio_dc1.mp3,1,HAT,DOG,PIG,,,1,,,,,,,
multiple_choice,PP1-ENG-X.82_Dinosaur_CVC_Word_Family_82,Find the dinosaur CVC word rhyming with MAN!,dcw82_q2.webp,audio_dc2.mp3,1,VAN,CAT,BUG,,,1,,,,,,,
multiple_choice,PP1-ENG-X.82_Dinosaur_CVC_Word_Family_82,Find the dinosaur CVC word rhyming with PIG!,dcw82_q3.webp,audio_dc3.mp3,1,DIG,HAT,HOP,,,1,,,,,,,
multiple_choice,PP1-ENG-X.82_Dinosaur_CVC_Word_Family_82,Find the dinosaur CVC word rhyming with HOP!,dcw82_q4.webp,audio_dc4.mp3,1,POP,MAN,PEN,,,1,,,,,,,
multiple_choice,PP1-ENG-X.82_Dinosaur_CVC_Word_Family_82,Find the dinosaur CVC word rhyming with BUG!,dcw82_q5.webp,audio_dc5.mp3,1,RUG,PIG,CAT,,,1,,,,,,,
multiple_choice,PP1-ENG-X.82_Dinosaur_CVC_Word_Family_82,Find the dinosaur CVC word rhyming with HEN!,dcw82_q6.webp,audio_dc6.mp3,1,PEN,DOG,RUN,,,1,,,,,,,
count_objects,PP1-ENG-X.82_Dinosaur_CVC_Word_Family_82,Count 5 dinosaur CVC footprint tracks!,dcw82_count1.webp,audio_dc7.mp3,1,5,3,4,,🐾,5,,,,,,,
count_objects,PP1-ENG-X.82_Dinosaur_CVC_Word_Family_82,Count 3 dinosaur CVC egg tokens!,dcw82_count2.webp,audio_dc8.mp3,1,3,1,4,,🥚,3,,,,,,,
count_objects,PP1-ENG-X.82_Dinosaur_CVC_Word_Family_82,Count 4 dinosaur CVC trophies!,dcw82_count3.webp,audio_dc9.mp3,1,4,2,5,,🏆,4,,,,,,,
speak_repeat,PP1-ENG-X.82_Dinosaur_CVC_Word_Family_82,Say out loud clearly: DINOSAUR CVC WORD FAMILY RHYMING!,speak_dc1.webp,audio_dc10.mp3,1,Dinosaur CVC Word Family Rhyming,,,,,,Dinosaur CVC Word Family Rhyming,,,,,,,
speak_repeat,PP1-ENG-X.82_Dinosaur_CVC_Word_Family_82,Say out loud clearly: RHYME THREE LETTER CVC WORDS WITH DINOS!,speak_dc2.webp,audio_dc11.mp3,1,Rhyme Three Letter CVC Words With Dinos,,,,,,Rhyme Three Letter CVC Words With Dinos,,,,,,,
matching,PP1-ENG-X.82_Dinosaur_CVC_Word_Family_82,Match dino CVC rhyming words!,,,1,,,,,,,,Cat 🐱,HAT,Man 👨,VAN,Pig 🐖,DIG
matching,PP1-ENG-X.82_Dinosaur_CVC_Word_Family_82,Match dino footprint CVC words!,,,1,,,,,,,,Hop 🐸,POP,Bug 🐛,RUG,Hen 🐔,PEN
multiple_choice,PP1-ENG-X.83_Pirate_Cove_Alphabet_Treasure_83,Which pirate letter marks Apple treasure?,pct83_q1.webp,audio_p1.mp3,1,A,B,C,,,1,,,,,,,
multiple_choice,PP1-ENG-X.83_Pirate_Cove_Alphabet_Treasure_83,Which pirate letter marks Ball treasure?,pct83_q2.webp,audio_p2.mp3,1,B,A,D,,,1,,,,,,,
multiple_choice,PP1-ENG-X.83_Pirate_Cove_Alphabet_Treasure_83,Which pirate letter marks Cat treasure?,pct83_q3.webp,audio_p3.mp3,1,C,B,E,,,1,,,,,,,
multiple_choice,PP1-ENG-X.83_Pirate_Cove_Alphabet_Treasure_83,Which pirate letter marks Dog treasure?,pct83_q4.webp,audio_p4.mp3,1,D,C,F,,,1,,,,,,,
multiple_choice,PP1-ENG-X.83_Pirate_Cove_Alphabet_Treasure_83,Which letter comes right after D on pirate map?,pct83_q5.webp,audio_p5.mp3,1,E,D,F,,,1,,,,,,,
multiple_choice,PP1-ENG-X.83_Pirate_Cove_Alphabet_Treasure_83,What is the last letter of pirate alphabet?,pct83_q6.webp,audio_p6.mp3,1,Z,Y,X,,,1,,,,,,,
count_objects,PP1-ENG-X.83_Pirate_Cove_Alphabet_Treasure_83,Count 4 golden letter A coins!,pct83_count1.webp,audio_p7.mp3,1,4,2,5,,🪙,4,,,,,,,
count_objects,PP1-ENG-X.83_Pirate_Cove_Alphabet_Treasure_83,Count 3 pirate treasure maps!,pct83_count2.webp,audio_p8.mp3,1,3,1,4,,🗺️,3,,,,,,,
count_objects,PP1-ENG-X.83_Pirate_Cove_Alphabet_Treasure_83,Count 5 letter B gems!,pct83_count3.webp,audio_p9.mp3,1,5,3,4,,💎,5,,,,,,,
speak_repeat,PP1-ENG-X.83_Pirate_Cove_Alphabet_Treasure_83,Say out loud clearly: PIRATE COVE ALPHABET LETTER TREASURE!,speak_p1.webp,audio_p10.mp3,1,Pirate Cove Alphabet Letter Treasure,,,,,,Pirate Cove Alphabet Letter Treasure,,,,,,,
speak_repeat,PP1-ENG-X.83_Pirate_Cove_Alphabet_Treasure_83,Say out loud clearly: FIND THE ALPHABET TREASURE FROM A TO Z!,speak_p2.webp,audio_p11.mp3,1,Find The Alphabet Treasure From A To Z,,,,,,Find The Alphabet Treasure From A To Z,,,,,,,
matching,PP1-ENG-X.83_Pirate_Cove_Alphabet_Treasure_83,Match pirate letters to treasures!,,,1,,,,,,,,A,APPLE,B,BALL,C,CAT
matching,PP1-ENG-X.83_Pirate_Cove_Alphabet_Treasure_83,Match uppercase and lowercase pirate letters!,,,1,,,,,,,,A,a,B,b,C,c
multiple_choice,PP1-ENG-X.84_Pirate_CVC_Word_Map_84,Which pirate map word rhymes with CAT?,pcm84_q1.webp,audio_pm1.mp3,1,HAT,DOG,PIG,,,1,,,,,,,
multiple_choice,PP1-ENG-X.84_Pirate_CVC_Word_Map_84,Which pirate map word rhymes with MAN?,pcm84_q2.webp,audio_pm2.mp3,1,VAN,CAT,BUG,,,1,,,,,,,
multiple_choice,PP1-ENG-X.84_Pirate_CVC_Word_Map_84,Which pirate map word rhymes with PIG?,pcm84_q3.webp,audio_pm3.mp3,1,DIG,HAT,HOP,,,1,,,,,,,
multiple_choice,PP1-ENG-X.84_Pirate_CVC_Word_Map_84,Which pirate map word rhymes with HOP?,pcm84_q4.webp,audio_pm4.mp3,1,POP,MAN,PEN,,,1,,,,,,,
multiple_choice,PP1-ENG-X.84_Pirate_CVC_Word_Map_84,Which pirate map word rhymes with BUG?,pcm84_q5.webp,audio_pm5.mp3,1,RUG,PIG,CAT,,,1,,,,,,,
multiple_choice,PP1-ENG-X.84_Pirate_CVC_Word_Map_84,Which pirate map word rhymes with HEN?,pcm84_q6.webp,audio_pm6.mp3,1,PEN,DOG,RUN,,,1,,,,,,,
count_objects,PP1-ENG-X.84_Pirate_CVC_Word_Map_84,Count 3 pirate map CVC treasure chests!,pcm84_count1.webp,audio_pm7.mp3,1,3,1,4,,🏴‍☠️,3,,,,,,,
count_objects,PP1-ENG-X.84_Pirate_CVC_Word_Map_84,Count 5 CVC rhyming scrolls!,pcm84_count2.webp,audio_pm8.mp3,1,5,3,4,,📜,5,,,,,,,
count_objects,PP1-ENG-X.84_Pirate_CVC_Word_Map_84,Count 2 pirate parrot CVC clues!,pcm84_count3.webp,audio_pm9.mp3,1,2,1,3,,🦜,2,,,,,,,
speak_repeat,PP1-ENG-X.84_Pirate_CVC_Word_Map_84,Say out loud clearly: PIRATE CVC RHYMING WORD MAP!,speak_pm1.webp,audio_pm10.mp3,1,Pirate CVC Rhyming Word Map,,,,,,Pirate CVC Rhyming Word Map,,,,,,,
speak_repeat,PP1-ENG-X.84_Pirate_CVC_Word_Map_84,Say out loud clearly: FOLLOW CVC RHYMES TO FIND THE GOLD!,speak_pm2.webp,audio_pm11.mp3,1,Follow CVC Rhymes To Find The Gold,,,,,,Follow CVC Rhymes To Find The Gold,,,,,,,
matching,PP1-ENG-X.84_Pirate_CVC_Word_Map_84,Match pirate map rhyming words!,,,1,,,,,,,,Cat 🐱,HAT,Man 👨,VAN,Pig 🐖,DIG
matching,PP1-ENG-X.84_Pirate_CVC_Word_Map_84,Match CVC map words!,,,1,,,,,,,,Hop 🐸,POP,Bug 🐛,RUG,Hen 🐔,PEN
multiple_choice,PP1-ENG-X.85_Space_Rocket_Phonics_Launch_85,Which phonics sound launches Apple into space?,srp85_q1.webp,audio_sr1.mp3,1,/A/,/B/,/C/,,,1,,,,,,,
multiple_choice,PP1-ENG-X.85_Space_Rocket_Phonics_Launch_85,Which phonics sound launches Ball into space?,srp85_q2.webp,audio_sr2.mp3,1,/B/,/A/,/D/,,,1,,,,,,,
multiple_choice,PP1-ENG-X.85_Space_Rocket_Phonics_Launch_85,Which phonics sound launches Cat into space?,srp85_q3.webp,audio_sr3.mp3,1,/C/,/B/,/E/,,,1,,,,,,,
multiple_choice,PP1-ENG-X.85_Space_Rocket_Phonics_Launch_85,Which phonics sound launches Dog into space?,srp85_q4.webp,audio_sr4.mp3,1,/D/,/C/,/F/,,,1,,,,,,,
multiple_choice,PP1-ENG-X.85_Space_Rocket_Phonics_Launch_85,Which phonics sound launches Egg into space?,srp85_q5.webp,audio_sr5.mp3,1,/E/,/D/,/G/,,,1,,,,,,,
multiple_choice,PP1-ENG-X.85_Space_Rocket_Phonics_Launch_85,Which phonics sound launches Sun into space?,srp85_q6.webp,audio_sr6.mp3,1,/S/,/T/,/Z/,,,1,,,,,,,
count_objects,PP1-ENG-X.85_Space_Rocket_Phonics_Launch_85,Count 4 phonics launch rockets!,srp85_count1.webp,audio_sr7.mp3,1,4,2,5,,🚀,4,,,,,,,
count_objects,PP1-ENG-X.85_Space_Rocket_Phonics_Launch_85,Count 5 glowing phonics stars!,srp85_count2.webp,audio_sr8.mp3,1,5,3,4,,⭐,5,,,,,,,
count_objects,PP1-ENG-X.85_Space_Rocket_Phonics_Launch_85,Count 2 moon launchpads!,srp85_count3.webp,audio_sr9.mp3,1,2,1,3,,🌙,2,,,,,,,
speak_repeat,PP1-ENG-X.85_Space_Rocket_Phonics_Launch_85,Say out loud clearly: SPACE ROCKET PHONICS SOUND LAUNCH!,speak_sr1.webp,audio_sr10.mp3,1,Space Rocket Phonics Sound Launch,,,,,,Space Rocket Phonics Sound Launch,,,,,,,
speak_repeat,PP1-ENG-X.85_Space_Rocket_Phonics_Launch_85,Say out loud clearly: THREE TWO ONE PHONICS BLASTOFF!,speak_sr2.webp,audio_sr11.mp3,1,Three Two One Phonics Blastoff,,,,,,Three Two One Phonics Blastoff,,,,,,,
matching,PP1-ENG-X.85_Space_Rocket_Phonics_Launch_85,Match phonics sounds to launch words!,,,1,,,,,,,,Apple 🍎,A,Ball ⚽,B,Cat 🐱,C
matching,PP1-ENG-X.85_Space_Rocket_Phonics_Launch_85,Match space phonics letters!,,,1,,,,,,,,Dog 🐶,D,Egg 🥚,E,Sun ☀️,S
multiple_choice,PP1-ENG-X.86_Space_Alien_Sight_Word_Search_86,Find the sight word THE on alien planet!,sas86_q1.webp,audio_sa1.mp3,1,THE,AND,IS,,,1,,,,,,,
multiple_choice,PP1-ENG-X.86_Space_Alien_Sight_Word_Search_86,Find the sight word AND carried by alien!,sas86_q2.webp,audio_sa2.mp3,1,AND,THE,IN,,,1,,,,,,,
multiple_choice,PP1-ENG-X.86_Space_Alien_Sight_Word_Search_86,Find the sight word IS inside alien ship!,sas86_q3.webp,audio_sa3.mp3,1,IS,ON,UNDER,,,1,,,,,,,
multiple_choice,PP1-ENG-X.86_Space_Alien_Sight_Word_Search_86,Find the sight word IN on space radar!,sas86_q4.webp,audio_sa4.mp3,1,IN,ON,THE,,,1,,,,,,,
multiple_choice,PP1-ENG-X.86_Space_Alien_Sight_Word_Search_86,Find the sight word ON on alien moon!,sas86_q5.webp,audio_sa5.mp3,1,ON,IN,IS,,,1,,,,,,,
multiple_choice,PP1-ENG-X.86_Space_Alien_Sight_Word_Search_86,Which sight word connects Cat ___ Dog in space?,sas86_q6.webp,audio_sa6.mp3,1,AND,THE,IS,,,1,,,,,,,
count_objects,PP1-ENG-X.86_Space_Alien_Sight_Word_Search_86,Count 3 aliens carrying sight word cards!,sas86_count1.webp,audio_sa7.mp3,1,3,1,4,,👽,3,,,,,,,
count_objects,PP1-ENG-X.86_Space_Alien_Sight_Word_Search_86,Count 5 sight word stars in galaxy!,sas86_count2.webp,audio_sa8.mp3,1,5,3,4,,⭐,5,,,,,,,
count_objects,PP1-ENG-X.86_Space_Alien_Sight_Word_Search_86,Count 4 alien spaceships searching words!,sas86_count3.webp,audio_sa9.mp3,1,4,2,5,,🛸,4,,,,,,,
speak_repeat,PP1-ENG-X.86_Space_Alien_Sight_Word_Search_86,Say out loud clearly: SPACE ALIEN SIGHT WORD SEARCH!,speak_sa1.webp,audio_sa10.mp3,1,Space Alien Sight Word Search,,,,,,Space Alien Sight Word Search,,,,,,,
speak_repeat,PP1-ENG-X.86_Space_Alien_Sight_Word_Search_86,Say out loud clearly: READ SIGHT WORDS THE AND IS IN ON UNDER!,speak_sa2.webp,audio_sa11.mp3,1,Read Sight Words The And Is In On Under,,,,,,Read Sight Words The And Is In On Under,,,,,,,
matching,PP1-ENG-X.86_Space_Alien_Sight_Word_Search_86,Match sight words!,,,1,,,,,,,,T-H-E,THE,A-N-D,AND,I-S,IS
matching,PP1-ENG-X.86_Space_Alien_Sight_Word_Search_86,Match preposition sight words!,,,1,,,,,,,,I-N,IN,O-N,ON,U-N-D-E-R,UNDER
multiple_choice,PP1-ENG-X.87_Circus_Clown_Alphabet_Juggle_87,Clown juggles big A. What is small matching letter?,ccj87_q1.webp,audio_cj1.mp3,1,a,b,c,,,1,,,,,,,
multiple_choice,PP1-ENG-X.87_Circus_Clown_Alphabet_Juggle_87,Clown juggles big B. What is small matching letter?,ccj87_q2.webp,audio_cj2.mp3,1,b,a,d,,,1,,,,,,,
multiple_choice,PP1-ENG-X.87_Circus_Clown_Alphabet_Juggle_87,Clown juggles big C. What is small matching letter?,ccj87_q3.webp,audio_cj3.mp3,1,c,b,e,,,1,,,,,,,
multiple_choice,PP1-ENG-X.87_Circus_Clown_Alphabet_Juggle_87,Clown juggles big D. What is small matching letter?,ccj87_q4.webp,audio_cj4.mp3,1,d,c,f,,,1,,,,,,,
multiple_choice,PP1-ENG-X.87_Circus_Clown_Alphabet_Juggle_87,Clown juggles big E. What is small matching letter?,ccj87_q5.webp,audio_cj5.mp3,1,e,d,g,,,1,,,,,,,
multiple_choice,PP1-ENG-X.87_Circus_Clown_Alphabet_Juggle_87,Clown juggles big Z. What is small matching letter?,ccj87_q6.webp,audio_cj6.mp3,1,z,y,x,,,1,,,,,,,
count_objects,PP1-ENG-X.87_Circus_Clown_Alphabet_Juggle_87,Count 6 juggling letter balls at circus!,ccj87_count1.webp,audio_cj7.mp3,1,6,3,5,,🤹,6,,,,,,,
count_objects,PP1-ENG-X.87_Circus_Clown_Alphabet_Juggle_87,Count 4 circus clown hats!,ccj87_count2.webp,audio_cj8.mp3,1,4,2,5,,🎪,4,,,,,,,
count_objects,PP1-ENG-X.87_Circus_Clown_Alphabet_Juggle_87,Count 3 red clown noses!,ccj87_count3.webp,audio_cj9.mp3,1,3,1,4,,🔴,3,,,,,,,
speak_repeat,PP1-ENG-X.87_Circus_Clown_Alphabet_Juggle_87,Say out loud clearly: CIRCUS CLOWN ALPHABET LETTER JUGGLING!,speak_cj1.webp,audio_cj10.mp3,1,Circus Clown Alphabet Letter Juggling,,,,,,Circus Clown Alphabet Letter Juggling,,,,,,,
speak_repeat,PP1-ENG-X.87_Circus_Clown_Alphabet_Juggle_87,Say out loud clearly: JUGGLE BIG AND SMALL LETTERS AT THE CIRCUS!,speak_cj2.webp,audio_cj11.mp3,1,Juggle Big And Small Letters At The Circus,,,,,,Juggle Big And Small Letters At The Circus,,,,,,,
matching,PP1-ENG-X.87_Circus_Clown_Alphabet_Juggle_87,Match uppercase and lowercase juggle letters!,,,1,,,,,,,,A,a,B,b,C,c
matching,PP1-ENG-X.87_Circus_Clown_Alphabet_Juggle_87,Match more juggle pairs!,,,1,,,,,,,,D,d,E,e,Z,z
multiple_choice,PP1-ENG-X.88_Circus_Grammar_Verb_Carnival_88,At circus carnival, which action verb means pushing off feet into air?,cgv88_q1.webp,audio_cg1.mp3,1,JUMP,BOOK,RED,,,1,,,,,,,
multiple_choice,PP1-ENG-X.88_Circus_Grammar_Verb_Carnival_88,Which action verb means moving feet very fast?,cgv88_q2.webp,audio_cg2.mp3,1,RUN,CAT,BIG,,,1,,,,,,,
multiple_choice,PP1-ENG-X.88_Circus_Grammar_Verb_Carnival_88,Which action verb means making music with voice?,cgv88_q3.webp,audio_cg3.mp3,1,SING,CHAIR,BLUE,,,1,,,,,,,
multiple_choice,PP1-ENG-X.88_Circus_Grammar_Verb_Carnival_88,Which action verb means moving body to music?,cgv88_q4.webp,audio_cg4.mp3,1,DANCE,TOY,COLD,,,1,,,,,,,
multiple_choice,PP1-ENG-X.88_Circus_Grammar_Verb_Carnival_88,Which action verb means hitting hands together for applause?,cgv88_q5.webp,audio_cg5.mp3,1,CLAP,HAT,GREEN,,,1,,,,,,,
multiple_choice,PP1-ENG-X.88_Circus_Grammar_Verb_Carnival_88,Action verbs tell us what circus performers can...?,cgv88_q6.webp,audio_cg6.mp3,1,DO,NAME,LOOK,,,1,,,,,,,
count_objects,PP1-ENG-X.88_Circus_Grammar_Verb_Carnival_88,Count 4 performers jumping at carnival!,cgv88_count1.webp,audio_cg7.mp3,1,4,2,5,,🧗,4,,,,,,,
count_objects,PP1-ENG-X.88_Circus_Grammar_Verb_Carnival_88,Count 3 dancers moving to music!,cgv88_count2.webp,audio_cg8.mp3,1,3,1,4,,💃,3,,,,,,,
count_objects,PP1-ENG-X.88_Circus_Grammar_Verb_Carnival_88,Count 5 hands clapping in audience!,cgv88_count3.webp,audio_cg9.mp3,1,5,3,4,,👏,5,,,,,,,
speak_repeat,PP1-ENG-X.88_Circus_Grammar_Verb_Carnival_88,Say out loud clearly: CIRCUS CARNIVAL ACTION VERBS!,speak_cg1.webp,audio_cg10.mp3,1,Circus Carnival Action Verbs,,,,,,Circus Carnival Action Verbs,,,,,,,
speak_repeat,PP1-ENG-X.88_Circus_Grammar_Verb_Carnival_88,Say out loud clearly: JUMP RUN SING DANCE CLAP AT CARNIVAL!,speak_cg2.webp,audio_cg11.mp3,1,Jump Run Sing Dance Clap At Carnival,,,,,,Jump Run Sing Dance Clap At Carnival,,,,,,,
matching,PP1-ENG-X.88_Circus_Grammar_Verb_Carnival_88,Match carnival action verbs!,,,1,,,,,,,,Jump 🧗,ACTION,Run 🏃,ACTION,Dance 💃,ACTION
matching,PP1-ENG-X.88_Circus_Grammar_Verb_Carnival_88,Match verb words!,,,1,,,,,,,,Jump,JUMP,Run,RUN,Sing,SING
multiple_choice,PP1-ENG-X.89_Superhero_Phonics_Letter_Shield_89,Which phonics letter shield protects Apple sound /a/?,spl89_q1.webp,audio_sp1.mp3,1,A,B,C,,,1,,,,,,,
multiple_choice,PP1-ENG-X.89_Superhero_Phonics_Letter_Shield_89,Which phonics letter shield protects Ball sound /b/?,spl89_q2.webp,audio_sp2.mp3,1,B,A,D,,,1,,,,,,,
multiple_choice,PP1-ENG-X.89_Superhero_Phonics_Letter_Shield_89,Which phonics letter shield protects Cat sound /c/?,spl89_q3.webp,audio_sp3.mp3,1,C,B,E,,,1,,,,,,,
multiple_choice,PP1-ENG-X.89_Superhero_Phonics_Letter_Shield_89,Which phonics letter shield protects Dog sound /d/?,spl89_q4.webp,audio_sp4.mp3,1,D,C,F,,,1,,,,,,,
multiple_choice,PP1-ENG-X.89_Superhero_Phonics_Letter_Shield_89,Which phonics letter shield protects Sun sound /s/?,spl89_q5.webp,audio_sp5.mp3,1,S,T,Z,,,1,,,,,,,
multiple_choice,PP1-ENG-X.89_Superhero_Phonics_Letter_Shield_89,Which phonics letter shield protects Tree sound /t/?,spl89_q6.webp,audio_sp6.mp3,1,T,S,D,,,1,,,,,,,
count_objects,PP1-ENG-X.89_Superhero_Phonics_Letter_Shield_89,Count 4 superhero letter shields!,spl89_count1.webp,audio_sp7.mp3,1,4,2,5,,🛡️,4,,,,,,,
count_objects,PP1-ENG-X.89_Superhero_Phonics_Letter_Shield_89,Count 5 superhero star badges!,spl89_count2.webp,audio_sp8.mp3,1,5,3,4,,⭐,5,,,,,,,
count_objects,PP1-ENG-X.89_Superhero_Phonics_Letter_Shield_89,Count 3 superhero power capes!,spl89_count3.webp,audio_sp9.mp3,1,3,1,4,,🦸,3,,,,,,,
speak_repeat,PP1-ENG-X.89_Superhero_Phonics_Letter_Shield_89,Say out loud clearly: SUPERHERO LETTER SOUND SHIELD MATCH!,speak_sp1.webp,audio_sp10.mp3,1,Superhero Letter Sound Shield Match,,,,,,Superhero Letter Sound Shield Match,,,,,,,
speak_repeat,PP1-ENG-X.89_Superhero_Phonics_Letter_Shield_89,Say out loud clearly: MATCH LETTER SOUNDS TO SUPERHERO SHIELDS!,speak_sp2.webp,audio_sp11.mp3,1,Match Letter Sounds To Superhero Shields,,,,,,Match Letter Sounds To Superhero Shields,,,,,,,
matching,PP1-ENG-X.89_Superhero_Phonics_Letter_Shield_89,Match phonics letters to power shields!,,,1,,,,,,,,Apple 🍎,A,Ball ⚽,B,Cat 🐱,C
matching,PP1-ENG-X.89_Superhero_Phonics_Letter_Shield_89,Match more superhero phonics shields!,,,1,,,,,,,,Dog 🐶,D,Sun ☀️,S,Tree 🌴,T
multiple_choice,PP1-ENG-X.90_Superhero_Word_Building_Power_90,Combine power letters C-A-T to build what word?,swb90_q1.webp,audio_sb1.mp3,1,CAT,DOG,PIG,,,1,,,,,,,
multiple_choice,PP1-ENG-X.90_Superhero_Word_Building_Power_90,Combine power letters D-O-G to build what word?,swb90_q2.webp,audio_sb2.mp3,1,DOG,CAT,HAT,,,1,,,,,,,
multiple_choice,PP1-ENG-X.90_Superhero_Word_Building_Power_90,Combine power letters P-I-G to build what word?,swb90_q3.webp,audio_sb3.mp3,1,PIG,BUG,HEN,,,1,,,,,,,
multiple_choice,PP1-ENG-X.90_Superhero_Word_Building_Power_90,Combine power letters B-U-G to build what word?,swb90_q4.webp,audio_sb4.mp3,1,BUG,RUG,MUG,,,1,,,,,,,
multiple_choice,PP1-ENG-X.90_Superhero_Word_Building_Power_90,Combine power letters H-E-N to build what word?,swb90_q5.webp,audio_sb5.mp3,1,HEN,PEN,TEN,,,1,,,,,,,
multiple_choice,PP1-ENG-X.90_Superhero_Word_Building_Power_90,Building CVC words gives us reading...?,swb90_q6.webp,audio_sb6.mp3,1,POWER,FEAR,NOISE,,,1,,,,,,,
count_objects,PP1-ENG-X.90_Superhero_Word_Building_Power_90,Count 5 CVC word building blocks!,swb90_count1.webp,audio_sb7.mp3,1,5,3,4,,🧱,5,,,,,,,
count_objects,PP1-ENG-X.90_Superhero_Word_Building_Power_90,Count 3 superhero power trophies!,swb90_count2.webp,audio_sb8.mp3,1,3,1,4,,🏆,3,,,,,,,
count_objects,PP1-ENG-X.90_Superhero_Word_Building_Power_90,Count 4 superhero word shields!,swb90_count3.webp,audio_sb9.mp3,1,4,2,5,,🛡️,4,,,,,,,
speak_repeat,PP1-ENG-X.90_Superhero_Word_Building_Power_90,Say out loud clearly: SUPERHERO CVC WORD BUILDING POWER!,speak_sb1.webp,audio_sb10.mp3,1,Superhero CVC Word Building Power,,,,,,Superhero CVC Word Building Power,,,,,,,
speak_repeat,PP1-ENG-X.90_Superhero_Word_Building_Power_90,Say out loud clearly: BUILD THREE LETTER CVC WORDS WITH SUPERPOWER!,speak_sb2.webp,audio_sb11.mp3,1,Build Three Letter CVC Words With Superpower,,,,,,Build Three Letter CVC Words With Superpower,,,,,,,
matching,PP1-ENG-X.90_Superhero_Word_Building_Power_90,Match CVC word building letters!,,,1,,,,,,,,C-A-T,CAT,D-O-G,DOG,P-I-G,PIG
matching,PP1-ENG-X.90_Superhero_Word_Building_Power_90,Match power building words!,,,1,,,,,,,,B-U-G,BUG,H-E-N,HEN,H-O-P,HOP


question_type,lesson_title,prompt,prompt_image,prompt_audio,correct_answer,option_1,option_2,option_3,option_4,count_emoji_or_image,target_count,target_word,pair_1_left,pair_1_right,pair_2_left,pair_2_right,pair_3_left,pair_3_right
multiple_choice,PP1-ENG-X.91_Underwater_Mermaid_ABC_Reef_91,Mermaid finds letter A on coral reef. Which word starts with A?,uma91_q1.webp,audio_um1.mp3,1,APPLE,BALL,CAT,,,1,,,,,,,
multiple_choice,PP1-ENG-X.91_Underwater_Mermaid_ABC_Reef_91,Mermaid finds letter B on shell. Which word starts with B?,uma91_q2.webp,audio_um2.mp3,1,BALL,APPLE,DOG,,,1,,,,,,,
multiple_choice,PP1-ENG-X.91_Underwater_Mermaid_ABC_Reef_91,Mermaid finds letter C on pearl. Which word starts with C?,uma91_q3.webp,audio_um3.mp3,1,CAT,BALL,FISH,,,1,,,,,,,
multiple_choice,PP1-ENG-X.91_Underwater_Mermaid_ABC_Reef_91,Mermaid finds letter D on reef. Which word starts with D?,uma91_q4.webp,audio_um4.mp3,1,DOG,CAT,EGG,,,1,,,,,,,
multiple_choice,PP1-ENG-X.91_Underwater_Mermaid_ABC_Reef_91,Mermaid finds letter F in sea. Which word starts with F?,uma91_q5.webp,audio_um5.mp3,1,FISH,DOG,HAT,,,1,,,,,,,
multiple_choice,PP1-ENG-X.91_Underwater_Mermaid_ABC_Reef_91,Mermaid ABC reef adventure travels from A to...?,uma91_q6.webp,audio_um6.mp3,1,Z,M,O,,,1,,,,,,,
count_objects,PP1-ENG-X.91_Underwater_Mermaid_ABC_Reef_91,Count 3 mermaids exploring the ABC reef!,uma91_count1.webp,audio_um7.mp3,1,3,1,4,,🧜‍♀️,3,,,,,,,
count_objects,PP1-ENG-X.91_Underwater_Mermaid_ABC_Reef_91,Count 5 pearl ABC shells!,uma91_count2.webp,audio_um8.mp3,1,5,3,4,,🦪,5,,,,,,,
count_objects,PP1-ENG-X.91_Underwater_Mermaid_ABC_Reef_91,Count 4 swimming ABC fish!,uma91_count3.webp,audio_um9.mp3,1,4,2,5,,🐟,4,,,,,,,
speak_repeat,PP1-ENG-X.91_Underwater_Mermaid_ABC_Reef_91,Say out loud clearly: UNDERWATER MERMAID ALPHABET REEF SOUND HUNT!,speak_um1.webp,audio_um10.mp3,1,Underwater Mermaid Alphabet Reef Sound Hunt,,,,,,Underwater Mermaid Alphabet Reef Sound Hunt,,,,,,,
speak_repeat,PP1-ENG-X.91_Underwater_Mermaid_ABC_Reef_91,Say out loud clearly: FIND ALL LETTER SOUNDS ON THE CORAL REEF!,speak_um2.webp,audio_um11.mp3,1,Find All Letter Sounds On The Coral Reef,,,,,,Find All Letter Sounds On The Coral Reef,,,,,,,
matching,PP1-ENG-X.91_Underwater_Mermaid_ABC_Reef_91,Match mermaid reef letters!,,,1,,,,,,,,A,APPLE,B,BALL,C,CAT
matching,PP1-ENG-X.91_Underwater_Mermaid_ABC_Reef_91,Match reef phonics words!,,,1,,,,,,,,D,DOG,E,EGG,F,FISH
multiple_choice,PP1-ENG-X.92_Underwater_CVC_Word_Bubble_92,Pop the bubble with CVC word rhyming with CAT!,ucb92_q1.webp,audio_ub1.mp3,1,HAT,DOG,PIG,,,1,,,,,,,
multiple_choice,PP1-ENG-X.92_Underwater_CVC_Word_Bubble_92,Pop the bubble with CVC word rhyming with MAN!,ucb92_q2.webp,audio_ub2.mp3,1,VAN,CAT,BUG,,,1,,,,,,,
multiple_choice,PP1-ENG-X.92_Underwater_CVC_Word_Bubble_92,Pop the bubble with CVC word rhyming with PIG!,ucb92_q3.webp,audio_ub3.mp3,1,DIG,HAT,HOP,,,1,,,,,,,
multiple_choice,PP1-ENG-X.92_Underwater_CVC_Word_Bubble_92,Pop the bubble with CVC word rhyming with HOP!,ucb92_q4.webp,audio_ub4.mp3,1,POP,MAN,PEN,,,1,,,,,,,
multiple_choice,PP1-ENG-X.92_Underwater_CVC_Word_Bubble_92,Pop the bubble with CVC word rhyming with BUG!,ucb92_q5.webp,audio_ub5.mp3,1,RUG,PIG,CAT,,,1,,,,,,,
multiple_choice,PP1-ENG-X.92_Underwater_CVC_Word_Bubble_92,Pop the bubble with CVC word rhyming with HEN!,ucb92_q6.webp,audio_ub6.mp3,1,PEN,DOG,RUN,,,1,,,,,,,
count_objects,PP1-ENG-X.92_Underwater_CVC_Word_Bubble_92,Count 5 CVC word bubbles underwater!,ucb92_count1.webp,audio_ub7.mp3,1,5,3,4,,🫧,5,,,,,,,
count_objects,PP1-ENG-X.92_Underwater_CVC_Word_Bubble_92,Count 3 fish popping word bubbles!,ucb92_count2.webp,audio_ub8.mp3,1,3,1,4,,🐠,3,,,,,,,
count_objects,PP1-ENG-X.92_Underwater_CVC_Word_Bubble_92,Count 2 clam shells with CVC words!,ucb92_count3.webp,audio_ub9.mp3,1,2,1,3,,🦪,2,,,,,,,
speak_repeat,PP1-ENG-X.92_Underwater_CVC_Word_Bubble_92,Say out loud clearly: UNDERWATER CVC WORD BUBBLE RHYMING!,speak_ub1.webp,audio_ub10.mp3,1,Underwater CVC Word Bubble Rhyming,,,,,,Underwater CVC Word Bubble Rhyming,,,,,,,
speak_repeat,PP1-ENG-X.92_Underwater_CVC_Word_Bubble_92,Say out loud clearly: POP CVC BUBBLES THAT RHYME WITH FRIENDS!,speak_ub2.webp,audio_ub11.mp3,1,Pop CVC Bubbles That Rhyme With Friends,,,,,,Pop CVC Bubbles That Rhyme With Friends,,,,,,,
matching,PP1-ENG-X.92_Underwater_CVC_Word_Bubble_92,Match bubble CVC rhyming words!,,,1,,,,,,,,Cat 🐱,HAT,Man 👨,VAN,Pig 🐖,DIG
matching,PP1-ENG-X.92_Underwater_CVC_Word_Bubble_92,Match more CVC bubble words!,,,1,,,,,,,,Hop 🐸,POP,Bug 🐛,RUG,Hen 🐔,PEN
multiple_choice,PP1-ENG-X.93_Safari_Phonics_Letter_Safari_93,Which safari letter sound starts Lion?,spl93_q1.webp,audio_sl1.mp3,1,L,M,N,,,1,,,,,,,
multiple_choice,PP1-ENG-X.93_Safari_Phonics_Letter_Safari_93,Which safari letter sound starts Monkey?,spl93_q2.webp,audio_sl2.mp3,1,M,L,K,,,1,,,,,,,
multiple_choice,PP1-ENG-X.93_Safari_Phonics_Letter_Safari_93,Which safari letter sound starts Zebra?,spl93_q3.webp,audio_sl3.mp3,1,Z,S,X,,,1,,,,,,,
multiple_choice,PP1-ENG-X.93_Safari_Phonics_Letter_Safari_93,Which safari letter sound starts Elephant?,spl93_q4.webp,audio_sl4.mp3,1,E,F,G,,,1,,,,,,,
multiple_choice,PP1-ENG-X.93_Safari_Phonics_Letter_Safari_93,Which safari letter sound starts Giraffe?,spl93_q5.webp,audio_sl5.mp3,1,G,J,K,,,1,,,,,,,
multiple_choice,PP1-ENG-X.93_Safari_Phonics_Letter_Safari_93,Safari phonics connects animal pictures to letter...?,spl93_q6.webp,audio_sl6.mp3,1,SOUNDS,COLORS,NUMBERS,,,1,,,,,,,
count_objects,PP1-ENG-X.93_Safari_Phonics_Letter_Safari_93,Count 4 roaring safari lions!,spl93_count1.webp,audio_sl7.mp3,1,4,2,3,,🦁,4,,,,,,,
count_objects,PP1-ENG-X.93_Safari_Phonics_Letter_Safari_93,Count 3 playful monkeys on trees!,spl93_count2.webp,audio_sl8.mp3,1,3,1,5,,🐒,3,,,,,,,
count_objects,PP1-ENG-X.93_Safari_Phonics_Letter_Safari_93,Count 5 striped zebras on safari!,spl93_count3.webp,audio_sl9.mp3,1,5,3,4,,🦓,5,,,,,,,
speak_repeat,PP1-ENG-X.93_Safari_Phonics_Letter_Safari_93,Say out loud clearly: SAFARI ANIMAL LETTER SOUND SAFARI!,speak_sl1.webp,audio_sl10.mp3,1,Safari Animal Letter Sound Safari,,,,,,Safari Animal Letter Sound Safari,,,,,,,
speak_repeat,PP1-ENG-X.93_Safari_Phonics_Letter_Safari_93,Say out loud clearly: L IS FOR LION AND M IS FOR MONKEY!,speak_sl2.webp,audio_sl11.mp3,1,L Is For Lion And M Is For Monkey,,,,,,L Is For Lion And M Is For Monkey,,,,,,,
matching,PP1-ENG-X.93_Safari_Phonics_Letter_Safari_93,Match safari animals to letter sounds!,,,1,,,,,,,,Lion 🦁,L,Monkey 🐒,M,Zebra 🦓,Z
matching,PP1-ENG-X.93_Safari_Phonics_Letter_Safari_93,Match more safari phonics animals!,,,1,,,,,,,,Elephant 🐘,E,Giraffe 🦒,G,Goat 🐐,G
multiple_choice,PP1-ENG-X.94_Safari_CVC_Word_Hunt_94,On safari, find the CVC word that rhymes with CAT!,sch94_q1.webp,audio_sc1.mp3,1,HAT,DOG,PIG,,,1,,,,,,,
multiple_choice,PP1-ENG-X.94_Safari_CVC_Word_Hunt_94,On safari, find the CVC word that rhymes with MAN!,sch94_q2.webp,audio_sc2.mp3,1,VAN,CAT,BUG,,,1,,,,,,,
multiple_choice,PP1-ENG-X.94_Safari_CVC_Word_Hunt_94,On safari, find the CVC word that rhymes with PIG!,sch94_q3.webp,audio_sc3.mp3,1,DIG,HAT,HOP,,,1,,,,,,,
multiple_choice,PP1-ENG-X.94_Safari_CVC_Word_Hunt_94,On safari, find the CVC word that rhymes with HOP!,sch94_q4.webp,audio_sc4.mp3,1,POP,MAN,PEN,,,1,,,,,,,
multiple_choice,PP1-ENG-X.94_Safari_CVC_Word_Hunt_94,On safari, find the CVC word that rhymes with BUG!,sch94_q5.webp,audio_sc5.mp3,1,RUG,PIG,CAT,,,1,,,,,,,
multiple_choice,PP1-ENG-X.94_Safari_CVC_Word_Hunt_94,Safari CVC word hunt finds three-letter...?,sch94_q6.webp,audio_sc6.mp3,1,WORDS,NUMBERS,COLORS,,,1,,,,,,,
count_objects,PP1-ENG-X.94_Safari_CVC_Word_Hunt_94,Count 4 safari CVC clue signs!,sch94_count1.webp,audio_sc7.mp3,1,4,2,3,,🪧,4,,,,,,,
count_objects,PP1-ENG-X.94_Safari_CVC_Word_Hunt_94,Count 3 CVC word hunt binoculars!,sch94_count2.webp,audio_sc8.mp3,1,3,1,5,,👓,3,,,,,,,
count_objects,PP1-ENG-X.94_Safari_CVC_Word_Hunt_94,Count 5 CVC safari track marks!,sch94_count3.webp,audio_sc9.mp3,1,5,3,4,,🐾,5,,,,,,,
speak_repeat,PP1-ENG-X.94_Safari_CVC_Word_Hunt_94,Say out loud clearly: SAFARI CVC WORD FAMILY HUNT!,speak_sc1.webp,audio_sc10.mp3,1,Safari CVC Word Family Hunt,,,,,,Safari CVC Word Family Hunt,,,,,,,
speak_repeat,PP1-ENG-X.94_Safari_CVC_Word_Hunt_94,Say out loud clearly: FIND ALL CVC WORD FAMILIES ON SAFARI!,speak_sc2.webp,audio_sc11.mp3,1,Find All CVC Word Families On Safari,,,,,,Find All CVC Word Families On Safari,,,,,,,
matching,PP1-ENG-X.94_Safari_CVC_Word_Hunt_94,Match safari CVC rhyming words!,,,1,,,,,,,,Cat 🐱,HAT,Man 👨,VAN,Pig 🐖,DIG
matching,PP1-ENG-X.94_Safari_CVC_Word_Hunt_94,Match CVC word family clues!,,,1,,,,,,,,Hop 🐸,POP,Bug 🐛,RUG,Hen 🐔,PEN
multiple_choice,PP1-ENG-X.95_Safari_Grammar_Verb_Quest_95,On safari, which action verb describes lions moving fast?,sgv95_q1.webp,audio_sv1.mp3,1,RUN,BOOK,RED,,,1,,,,,,,
multiple_choice,PP1-ENG-X.95_Safari_Grammar_Verb_Quest_95,On safari, which action verb describes kangaroos in air?,sgv95_q2.webp,audio_sv2.mp3,1,JUMP,CAT,BLUE,,,1,,,,,,,
multiple_choice,PP1-ENG-X.95_Safari_Grammar_Verb_Quest_95,On safari, which action verb describes giraffes stepping slowly?,sgv95_q3.webp,audio_sv3.mp3,1,WALK,DOG,YELLOW,,,1,,,,,,,
multiple_choice,PP1-ENG-X.95_Safari_Grammar_Verb_Quest_95,On safari, which action verb describes birds soaring in sky?,sgv95_q4.webp,audio_sv4.mp3,1,FLY,HAT,GREEN,,,1,,,,,,,
multiple_choice,PP1-ENG-X.95_Safari_Grammar_Verb_Quest_95,Which action verb describes frogs hopping on safari?,sgv95_q5.webp,audio_sv5.mp3,1,HOP,PEN,MUG,,,1,,,,,,,
multiple_choice,PP1-ENG-X.95_Safari_Grammar_Verb_Quest_95,Action verbs show movement and tell what animals...?,sgv95_q6.webp,audio_sv6.mp3,1,DO,NAME,COLOR,,,1,,,,,,,
count_objects,PP1-ENG-X.95_Safari_Grammar_Verb_Quest_95,Count 4 safari lions running!,sgv95_count1.webp,audio_sv7.mp3,1,4,2,3,,🏃,4,,,,,,,
count_objects,PP1-ENG-X.95_Safari_Grammar_Verb_Quest_95,Count 2 kangaroos jumping high!,sgv95_count2.webp,audio_sv8.mp3,1,2,1,4,,🦘,2,,,,,,,
count_objects,PP1-ENG-X.95_Safari_Grammar_Verb_Quest_95,Count 3 birds flying in sky!,sgv95_count3.webp,audio_sv9.mp3,1,3,1,5,,🕊️,3,,,,,,,
speak_repeat,PP1-ENG-X.95_Safari_Grammar_Verb_Quest_95,Say out loud clearly: SAFARI GRAMMAR ACTION VERBS RUN JUMP WALK FLY!,speak_sv1.webp,audio_sv10.mp3,1,Safari Grammar Action Verbs Run Jump Walk Fly,,,,,,Safari Grammar Action Verbs Run Jump Walk Fly,,,,,,,
speak_repeat,PP1-ENG-X.95_Safari_Grammar_Verb_Quest_95,Say out loud clearly: ACTION VERBS SHOW ANIMAL MOVEMENTS ON SAFARI!,speak_sv2.webp,audio_sv11.mp3,1,Action Verbs Show Animal Movements On Safari,,,,,,Action Verbs Show Animal Movements On Safari,,,,,,,
matching,PP1-ENG-X.95_Safari_Grammar_Verb_Quest_95,Match safari action verbs!,,,1,,,,,,,,Run 🏃,ACTION,Jump 🦘,ACTION,Fly 🕊️,ACTION
matching,PP1-ENG-X.95_Safari_Grammar_Verb_Quest_95,Match verb words!,,,1,,,,,,,,Run,RUN,Jump,JUMP,Walk,WALK
multiple_choice,PP1-ENG-X.96_Dinosaur_Sight_Word_Safari_96,Find the sight word THE on dinosaur track!,dsw96_q1.webp,audio_ds1.mp3,1,THE,AND,IS,,,1,,,,,,,
multiple_choice,PP1-ENG-X.96_Dinosaur_Sight_Word_Safari_96,Find the sight word AND carried by T-Rex!,dsw96_q2.webp,audio_ds2.mp3,1,AND,THE,IN,,,1,,,,,,,
multiple_choice,PP1-ENG-X.96_Dinosaur_Sight_Word_Safari_96,Find the sight word IS near dino nest!,dsw96_q3.webp,audio_ds3.mp3,1,IS,ON,UNDER,,,1,,,,,,,
multiple_choice,PP1-ENG-X.96_Dinosaur_Sight_Word_Safari_96,Find the sight word IN inside dino cave!,dsw96_q4.webp,audio_ds4.mp3,1,IN,ON,THE,,,1,,,,,,,
multiple_choice,PP1-ENG-X.96_Dinosaur_Sight_Word_Safari_96,Find the sight word ON on top of rock!,dsw96_q5.webp,audio_ds5.mp3,1,ON,IN,IS,,,1,,,,,,,
multiple_choice,PP1-ENG-X.96_Dinosaur_Sight_Word_Safari_96,Which sight word connects Dino ___ Egg on safari?,dsw96_q6.webp,audio_ds6.mp3,1,AND,THE,IS,,,1,,,,,,,
count_objects,PP1-ENG-X.96_Dinosaur_Sight_Word_Safari_96,Count 4 green dinosaurs carrying sight word cards!,dsw96_count1.webp,audio_ds7.mp3,1,4,2,3,,🦕,4,,,,,,,
count_objects,PP1-ENG-X.96_Dinosaur_Sight_Word_Safari_96,Count 3 dino egg sight word tokens!,dsw96_count2.webp,audio_ds8.mp3,1,3,1,5,,🥚,3,,,,,,,
count_objects,PP1-ENG-X.96_Dinosaur_Sight_Word_Safari_96,Count 5 footprint sight word tracks!,dsw96_count3.webp,audio_ds9.mp3,1,5,2,4,,🐾,5,,,,,,,
speak_repeat,PP1-ENG-X.96_Dinosaur_Sight_Word_Safari_96,Say out loud clearly: DINOSAUR SIGHT WORD SAFARI THE AND IS IN ON!,speak_ds1.webp,audio_ds10.mp3,1,Dinosaur Sight Word Safari The And Is In On,,,,,,Dinosaur Sight Word Safari The And Is In On,,,,,,,
speak_repeat,PP1-ENG-X.96_Dinosaur_Sight_Word_Safari_96,Say out loud clearly: READ ALL SIGHT WORDS ON DINOSAUR SAFARI!,speak_ds2.webp,audio_ds11.mp3,1,Read All Sight Words On Dinosaur Safari,,,,,,Read All Sight Words On Dinosaur Safari,,,,,,,
matching,PP1-ENG-X.96_Dinosaur_Sight_Word_Safari_96,Match sight words!,,,1,,,,,,,,T-H-E,THE,A-N-D,AND,I-S,IS
matching,PP1-ENG-X.96_Dinosaur_Sight_Word_Safari_96,Match preposition sight words!,,,1,,,,,,,,I-N,IN,O-N,ON,U-N-D-E-R,UNDER
multiple_choice,PP1-ENG-X.97_Pirate_Pre_Writing_Map_Tracing_97,Which pre-writing stroke curves like sea waves on pirate map?,ppm97_q1.webp,audio_pm1.mp3,1,WAVY,STRAIGHT,CROSS,,,1,,,,,,,
multiple_choice,PP1-ENG-X.97_Pirate_Pre_Writing_Map_Tracing_97,Which stroke loops like pirate rope?,ppm97_q2.webp,audio_pm2.mp3,1,LOOP,LINE,DOT,,,1,,,,,,,
multiple_choice,PP1-ENG-X.97_Pirate_Pre_Writing_Map_Tracing_97,Which stroke goes straight up and down to treasure?,ppm97_q3.webp,audio_pm3.mp3,1,STRAIGHT,CURVE,LOOP,,,1,,,,,,,
multiple_choice,PP1-ENG-X.97_Pirate_Pre_Writing_Map_Tracing_97,Which stroke crosses two lines like X marks the spot?,ppm97_q4.webp,audio_pm4.mp3,1,CROSS,LOOP,WAVE,,,1,,,,,,,
multiple_choice,PP1-ENG-X.97_Pirate_Pre_Writing_Map_Tracing_97,Tracing pirate map lines prepares hands for...?,ppm97_q5.webp,audio_pm5.mp3,1,WRITING,RUNNING,SINGING,,,1,,,,,,,
multiple_choice,PP1-ENG-X.97_Pirate_Pre_Writing_Map_Tracing_97,Proper pencil grip helps trace map lines...?,ppm97_q6.webp,audio_pm6.mp3,1,NEATLY,SLOPPILY,FAST,,,1,,,,,,,
count_objects,PP1-ENG-X.97_Pirate_Pre_Writing_Map_Tracing_97,Count 4 wavy map lines to treasure!,ppm97_count1.webp,audio_pm7.mp3,1,4,2,3,,〰️,4,,,,,,,
count_objects,PP1-ENG-X.97_Pirate_Pre_Writing_Map_Tracing_97,Count 3 loopy rope strokes!,ppm97_count2.webp,audio_pm8.mp3,1,3,1,5,,➰,3,,,,,,,
count_objects,PP1-ENG-X.97_Pirate_Pre_Writing_Map_Tracing_97,Count 5 map tracing pencils!,ppm97_count3.webp,audio_pm9.mp3,1,5,2,4,,✏️,5,,,,,,,
speak_repeat,PP1-ENG-X.97_Pirate_Pre_Writing_Map_Tracing_97,Say out loud clearly: PIRATE PRE WRITING MAP CURVE AND LOOP TRACING!,speak_pm1.webp,audio_pm10.mp3,1,Pirate Pre Writing Map Curve And Loop Tracing,,,,,,Pirate Pre Writing Map Curve And Loop Tracing,,,,,,,
speak_repeat,PP1-ENG-X.97_Pirate_Pre_Writing_Map_Tracing_97,Say out loud clearly: TRACE MAP CURVES AND LOOPS TO FIND TREASURE!,speak_pm2.webp,audio_pm11.mp3,1,Trace Map Curves And Loops To Find Treasure,,,,,,Trace Map Curves And Loops To Find Treasure,,,,,,,
matching,PP1-ENG-X.97_Pirate_Pre_Writing_Map_Tracing_97,Match pirate map strokes!,,,1,,,,,,,,Waves 〰️,WAVY,Loops ➰,LOOP,Cross ➕,CROSS
matching,PP1-ENG-X.97_Pirate_Pre_Writing_Map_Tracing_97,Match stroke terms!,,,1,,,,,,,,Wave,WAVY,Loop,LOOP,Cross,CROSS
multiple_choice,PP1-ENG-X.98_Space_Grammar_Adjective_Galaxy_98,Which size adjective describes giant alien planet in galaxy?,sga98_q1.webp,audio_sa1.mp3,1,BIG,SMALL,RED,,,1,,,,,,,
multiple_choice,PP1-ENG-X.98_Space_Grammar_Adjective_Galaxy_98,Which size adjective describes tiny space star?,sga98_q2.webp,audio_sa2.mp3,1,SMALL,BIG,BLUE,,,1,,,,,,,
multiple_choice,PP1-ENG-X.98_Space_Grammar_Adjective_Galaxy_98,Which color adjective describes Mars planet in galaxy?,sga98_q3.webp,audio_sa3.mp3,1,RED,RUN,BOOK,,,1,,,,,,,
multiple_choice,PP1-ENG-X.98_Space_Grammar_Adjective_Galaxy_98,Which color adjective describes Earth planet from space?,sga98_q4.webp,audio_sa4.mp3,1,BLUE,JUMP,CAT,,,1,,,,,,,
multiple_choice,PP1-ENG-X.98_Space_Grammar_Adjective_Galaxy_98,Big, Small, Red, and Blue are galaxy...?,sga98_q5.webp,audio_sa5.mp3,1,ADJECTIVES,VERBS,NOUNS,,,1,,,,,,,
multiple_choice,PP1-ENG-X.98_Space_Grammar_Adjective_Galaxy_98,Adjectives describe how space objects...?,sga98_q6.webp,audio_sa6.mp3,1,LOOK,FLY,SING,,,1,,,,,,,
count_objects,PP1-ENG-X.98_Space_Grammar_Adjective_Galaxy_98,Count 3 big planets in galaxy!,sga98_count1.webp,audio_sa7.mp3,1,3,1,4,,🪐,3,,,,,,,
count_objects,PP1-ENG-X.98_Space_Grammar_Adjective_Galaxy_98,Count 5 small stars shining bright!,sga98_count2.webp,audio_sa8.mp3,1,5,3,4,,⭐,5,,,,,,,
count_objects,PP1-ENG-X.98_Space_Grammar_Adjective_Galaxy_98,Count 2 red rockets in space!,sga98_count3.webp,audio_sa9.mp3,1,2,1,3,,🚀,2,,,,,,,
speak_repeat,PP1-ENG-X.98_Space_Grammar_Adjective_Galaxy_98,Say out loud clearly: SPACE GRAMMAR ADJECTIVES BIG SMALL RED BLUE!,speak_sa1.webp,audio_sa10.mp3,1,Space Grammar Adjectives Big Small Red Blue,,,,,,Space Grammar Adjectives Big Small Red Blue,,,,,,,
speak_repeat,PP1-ENG-X.98_Space_Grammar_Adjective_Galaxy_98,Say out loud clearly: ADJECTIVES DESCRIBE SIZE AND COLOR IN GALAXY!,speak_sa2.webp,audio_sa11.mp3,1,Adjectives Describe Size And Color In Galaxy,,,,,,Adjectives Describe Size And Color In Galaxy,,,,,,,
matching,PP1-ENG-X.98_Space_Grammar_Adjective_Galaxy_98,Match space adjectives!,,,1,,,,,,,,Planet 🪐,BIG,Star ⭐,SMALL,Mars 🔴,RED
matching,PP1-ENG-X.98_Space_Grammar_Adjective_Galaxy_98,Match adjective terms!,,,1,,,,,,,,Big,BIG,Small,SMALL,Blue,BLUE
multiple_choice,PP1-ENG-X.99_Circus_Storybook_Moral_Fun_99,Which moral lesson teaches us to always tell the truth?,csm99_q1.webp,audio_cs1.mp3,1,HONESTY,LAZINESS,GREED,,,1,,,,,,,
multiple_choice,PP1-ENG-X.99_Circus_Storybook_Moral_Fun_99,Which moral lesson teaches us sharing popcorn with friends?,csm99_q2.webp,audio_cs2.mp3,1,SHARING,ANGRY,PRIDE,,,1,,,,,,,
multiple_choice,PP1-ENG-X.99_Circus_Storybook_Moral_Fun_99,Which moral lesson teaches us helping performers in need?,csm99_q3.webp,audio_cs3.mp3,1,KINDNESS,RUDENESS,HATE,,,1,,,,,,,
multiple_choice,PP1-ENG-X.99_Circus_Storybook_Moral_Fun_99,Circus storybooks teach us good Christian...?,csm99_q4.webp,audio_cs4.mp3,1,VALUES,TOYS,GAMES,,,1,,,,,,,
multiple_choice,PP1-ENG-X.99_Circus_Storybook_Moral_Fun_99,Always being honest builds...?,csm99_q5.webp,audio_cs5.mp3,1,TRUST,FEAR,NOISE,,,1,,,,,,,
multiple_choice,PP1-ENG-X.99_Circus_Storybook_Moral_Fun_99,Helping and sharing at circus brings...?,csm99_q6.webp,audio_cs6.mp3,1,JOY,TEARS,FIGHTS,,,1,,,,,,,
count_objects,PP1-ENG-X.99_Circus_Storybook_Moral_Fun_99,Count 4 circus storybooks!,csm99_count1.webp,audio_cs7.mp3,1,4,2,3,,📖,4,,,,,,,
count_objects,PP1-ENG-X.99_Circus_Storybook_Moral_Fun_99,Count 5 moral star medals!,csm99_count2.webp,audio_cs8.mp3,1,5,3,4,,🥇,5,,,,,,,
count_objects,PP1-ENG-X.99_Circus_Storybook_Moral_Fun_99,Count 3 circus joy trophies!,csm99_count3.webp,audio_cs9.mp3,1,3,1,5,,🏆,3,,,,,,,
speak_repeat,PP1-ENG-X.99_Circus_Storybook_Moral_Fun_99,Say out loud clearly: CIRCUS STORYBOOK MORAL LESSONS HONESTY KINDNESS SHARING!,speak_cs1.webp,audio_cs10.mp3,1,Circus Storybook Moral Lessons Honesty Kindness Sharing,,,,,,Circus Storybook Moral Lessons Honesty Kindness Sharing,,,,,,,
speak_repeat,PP1-ENG-X.99_Circus_Storybook_Moral_Fun_99,Say out loud clearly: CIRCUS STORIES TEACH US TO BE KIND AND HONEST!,speak_cs2.webp,audio_cs11.mp3,1,Circus Stories Teach Us To Be Kind And Honest,,,,,,Circus Stories Teach Us To Be Kind And Honest,,,,,,,
matching,PP1-ENG-X.99_Circus_Storybook_Moral_Fun_99,Match circus moral values!,,,1,,,,,,,,Truth,HONESTY,Help,KINDNESS,Gift 🎁,SHARING
matching,PP1-ENG-X.99_Circus_Storybook_Moral_Fun_99,Match moral symbols!,,,1,,,,,,,,Book 📖,STORY,Star ⭐,MORAL,Trophy 🏆,JOY
multiple_choice,PP1-ENG-X.100_PP1_English_Century_Master_100,Which letter is the first letter of alphabet?,ecm100_q1.webp,audio_ec1.mp3,1,A,B,Z,,,1,,,,,,,
multiple_choice,PP1-ENG-X.100_PP1_English_Century_Master_100,Which CVC word rhymes with CAT?,ecm100_q2.webp,audio_ec2.mp3,1,HAT,DOG,PIG,,,1,,,,,,,
multiple_choice,PP1-ENG-X.100_PP1_English_Century_Master_100,Which sight word completes: The cat ___ on mat?,ecm100_q3.webp,audio_ec3.mp3,1,IS,AND,THE,,,1,,,,,,,
multiple_choice,PP1-ENG-X.100_PP1_English_Century_Master_100,Which noun names a person?,ecm100_q4.webp,audio_ec4.mp3,1,BOY,PARK,BOOK,,,1,,,,,,,
multiple_choice,PP1-ENG-X.100_PP1_English_Century_Master_100,Which action verb means moving feet fast?,ecm100_q5.webp,audio_ec5.mp3,1,RUN,RED,BIG,,,1,,,,,,,
multiple_choice,PP1-ENG-X.100_PP1_English_Century_Master_100,What is the 100 milestone level in PP1 English?,ecm100_q6.webp,audio_ec6.mp3,1,CENTURY MASTER,BEGINNER,STARTER,,,1,,,,,,,
count_objects,PP1-ENG-X.100_PP1_English_Century_Master_100,Count 20 century master star trophies!,ecm100_count1.webp,audio_ec7.mp3,1,20,18,19,,🏆,20,,,,,,,
count_objects,PP1-ENG-X.100_PP1_English_Century_Master_100,Count 15 century master medals!,ecm100_count2.webp,audio_ec8.mp3,1,15,12,18,,🥇,15,,,,,,,
count_objects,PP1-ENG-X.100_PP1_English_Century_Master_100,Count 10 century master crowns!,ecm100_count3.webp,audio_ec9.mp3,1,10,8,12,,👑,10,,,,,,,
speak_repeat,PP1-ENG-X.100_PP1_English_Century_Master_100,Say out loud clearly: I AM A PP1 ENGLISH CENTURY MASTER!,speak_ec1.webp,audio_ec10.mp3,1,I Am A PP1 English Century Master,,,,,,I Am A PP1 English Century Master,,,,,,,
speak_repeat,PP1-ENG-X.100_PP1_English_Century_Master_100,Say out loud clearly: ONE HUNDRED MISSIONS OF PP1 ENGLISH SUCCESS!,speak_ec2.webp,audio_ec11.mp3,1,One Hundred Missions Of PP1 English Success,,,,,,One Hundred Missions Of PP1 English Success,,,,,,,
matching,PP1-ENG-X.100_PP1_English_Century_Master_100,Match century english domains!,,,1,,,,,,,,Phonics,SOUNDS,CVC,RHYME,Grammar,NOUNS
matching,PP1-ENG-X.100_PP1_English_Century_Master_100,Match century master symbols!,,,1,,,,,,,,Trophy 🏆,MASTER,Medal 🥇,WINNER,Crown 👑,CENTURY
multiple_choice,PP1-ENG-X.101_Phonics_Safari_A_to_Z_Grand_Master_101,Which letter sound starts Apple in grand master review?,psg101_q1.webp,audio_ps1.mp3,1,A,B,C,,,1,,,,,,,
multiple_choice,PP1-ENG-X.101_Phonics_Safari_A_to_Z_Grand_Master_101,Which letter sound starts Ball in grand master review?,psg101_q2.webp,audio_ps2.mp3,1,B,A,D,,,1,,,,,,,
multiple_choice,PP1-ENG-X.101_Phonics_Safari_A_to_Z_Grand_Master_101,Which letter sound starts Cat in grand master review?,psg101_q3.webp,audio_ps3.mp3,1,C,B,E,,,1,,,,,,,
multiple_choice,PP1-ENG-X.101_Phonics_Safari_A_to_Z_Grand_Master_101,Which letter sound starts Dog in grand master review?,psg101_q4.webp,audio_ps4.mp3,1,D,C,F,,,1,,,,,,,
multiple_choice,PP1-ENG-X.101_Phonics_Safari_A_to_Z_Grand_Master_101,Which letter sound starts Sun in grand master review?,psg101_q5.webp,audio_ps5.mp3,1,S,T,Z,,,1,,,,,,,
multiple_choice,PP1-ENG-X.101_Phonics_Safari_A_to_Z_Grand_Master_101,Grand master phonics safari covers sounds from A to...?,psg101_q6.webp,audio_ps6.mp3,1,Z,M,O,,,1,,,,,,,
count_objects,PP1-ENG-X.101_Phonics_Safari_A_to_Z_Grand_Master_101,Count 5 grand master phonics stars!,psg101_count1.webp,audio_ps7.mp3,1,5,3,4,,⭐,5,,,,,,,
count_objects,PP1-ENG-X.101_Phonics_Safari_A_to_Z_Grand_Master_101,Count 4 grand master letter cards!,psg101_count2.webp,audio_ps8.mp3,1,4,2,3,,🅰️,4,,,,,,,
count_objects,PP1-ENG-X.101_Phonics_Safari_A_to_Z_Grand_Master_101,Count 3 grand master trophies!,psg101_count3.webp,audio_ps9.mp3,1,3,1,5,,🏆,3,,,,,,,
speak_repeat,PP1-ENG-X.101_Phonics_Safari_A_to_Z_Grand_Master_101,Say out loud clearly: PHONICS SAFARI A TO Z GRAND MASTER!,speak_ps1.webp,audio_ps10.mp3,1,Phonics Safari A To Z Grand Master,,,,,,Phonics Safari A To Z Grand Master,,,,,,,
speak_repeat,PP1-ENG-X.101_Phonics_Safari_A_to_Z_Grand_Master_101,Say out loud clearly: I MASTERED ALL PHONICS SOUNDS FROM A TO Z!,speak_ps2.webp,audio_ps11.mp3,1,I Mastered All Phonics Sounds From A To Z,,,,,,I Mastered All Phonics Sounds From A To Z,,,,,,,
matching,PP1-ENG-X.101_Phonics_Safari_A_to_Z_Grand_Master_101,Match grand master letter sounds!,,,1,,,,,,,,A 🍎,APPLE,B ⚽,BALL,C 🐱,CAT
matching,PP1-ENG-X.101_Phonics_Safari_A_to_Z_Grand_Master_101,Match grand master phonics letters!,,,1,,,,,,,,D 🐶,DOG,S ☀️,SUN,Z 🦓,ZEBRA
multiple_choice,PP1-ENG-X.102_CVC_Word_Family_Mastery_102,Which CVC word belongs to the -at family in master review?,cwm102_q1.webp,audio_cw1.mp3,1,CAT,MAN,PIG,,,1,,,,,,,
multiple_choice,PP1-ENG-X.102_CVC_Word_Family_Mastery_102,Which CVC word belongs to the -an family in master review?,cwm102_q2.webp,audio_cw2.mp3,1,MAN,CAT,HOP,,,1,,,,,,,
multiple_choice,PP1-ENG-X.102_CVC_Word_Family_Mastery_102,Which CVC word belongs to the -ig family in master review?,cwm102_q3.webp,audio_cw3.mp3,1,PIG,BUG,HEN,,,1,,,,,,,
multiple_choice,PP1-ENG-X.102_CVC_Word_Family_Mastery_102,Which CVC word belongs to the -op family in master review?,cwm102_q4.webp,audio_cw4.mp3,1,HOP,CAT,MAN,,,1,,,,,,,
multiple_choice,PP1-ENG-X.102_CVC_Word_Family_Mastery_102,Which CVC word belongs to the -ug family in master review?,cwm102_q5.webp,audio_cw5.mp3,1,BUG,PIG,HEN,,,1,,,,,,,
multiple_choice,PP1-ENG-X.102_CVC_Word_Family_Mastery_102,Which CVC word belongs to the -en family in master review?,cwm102_q6.webp,audio_cw6.mp3,1,HEN,MAP,DOG,,,1,,,,,,,
count_objects,PP1-ENG-X.102_CVC_Word_Family_Mastery_102,Count 5 CVC word family cards!,cwm102_count1.webp,audio_cw7.mp3,1,5,3,4,,🃏,5,,,,,,,
count_objects,PP1-ENG-X.102_CVC_Word_Family_Mastery_102,Count 4 CVC rhyming blocks!,cwm102_count2.webp,audio_cw8.mp3,1,4,2,3,,🧱,4,,,,,,,
count_objects,PP1-ENG-X.102_CVC_Word_Family_Mastery_102,Count 3 CVC master trophies!,cwm102_count3.webp,audio_cw9.mp3,1,3,1,5,,🏆,3,,,,,,,
speak_repeat,PP1-ENG-X.102_CVC_Word_Family_Mastery_102,Say out loud clearly: CVC WORD FAMILY RHYMING MASTER REVIEW!,speak_cw1.webp,audio_cw10.mp3,1,CVC Word Family Rhyming Master Review,,,,,,CVC Word Family Rhyming Master Review,,,,,,,
speak_repeat,PP1-ENG-X.102_CVC_Word_Family_Mastery_102,Say out loud clearly: READ THREE LETTER CVC WORDS WITH EASE!,speak_cw2.webp,audio_cw11.mp3,1,Read Three Letter CVC Words With Ease,,,,,,Read Three Letter CVC Words With Ease,,,,,,,
matching,PP1-ENG-X.102_CVC_Word_Family_Mastery_102,Match CVC master families!,,,1,,,,,,,,Cat 🐱,-AT,Man 👨,-AN,Pig 🐖,-IG
matching,PP1-ENG-X.102_CVC_Word_Family_Mastery_102,Match more CVC master families!,,,1,,,,,,,,Hop 🐸,-OP,Bug 🐛,-UG,Hen 🐔,-EN
multiple_choice,PP1-ENG-X.103_Sight_Word_Sentence_Builder_103,Which sight word starts sentence: ___ cat sat on the mat?,swb103_q1.webp,audio_sb1.mp3,1,THE,AND,IS,,,1,,,,,,,
multiple_choice,PP1-ENG-X.103_Sight_Word_Sentence_Builder_103,Which sight word links noun to verb: The cat ___ on the mat?,swb103_q2.webp,audio_sb2.mp3,1,IS,THE,AND,,,1,,,,,,,
multiple_choice,PP1-ENG-X.103_Sight_Word_Sentence_Builder_103,Which sight word connects two items: Cat ___ Dog?,swb103_q3.webp,audio_sb3.mp3,1,AND,THE,IS,,,1,,,,,,,
multiple_choice,PP1-ENG-X.103_Sight_Word_Sentence_Builder_103,Which preposition sight word shows position: On top of mat = ___ mat?,swb103_q4.webp,audio_sb4.mp3,1,ON,IN,UNDER,,,1,,,,,,,
multiple_choice,PP1-ENG-X.103_Sight_Word_Sentence_Builder_103,Which preposition sight word shows position: Inside box = ___ box?,swb103_q5.webp,audio_sb5.mp3,1,IN,ON,UNDER,,,1,,,,,,,
multiple_choice,PP1-ENG-X.103_Sight_Word_Sentence_Builder_103,Building sentences with sight words makes us confident...?,swb103_q6.webp,audio_sb6.mp3,1,READERS,RUNNERS,SINGERS,,,1,,,,,,,
count_objects,PP1-ENG-X.103_Sight_Word_Sentence_Builder_103,Count 5 sentence building cards!,swb103_count1.webp,audio_sb7.mp3,1,5,3,4,,🃏,5,,,,,,,
count_objects,PP1-ENG-X.103_Sight_Word_Sentence_Builder_103,Count 4 sight word blocks!,swb103_count2.webp,audio_sb8.mp3,1,4,2,3,,🧱,4,,,,,,,
count_objects,PP1-ENG-X.103_Sight_Word_Sentence_Builder_103,Count 3 reader medals!,swb103_count3.webp,audio_sb9.mp3,1,3,1,5,,🥇,3,,,,,,,
speak_repeat,PP1-ENG-X.103_Sight_Word_Sentence_Builder_103,Say out loud clearly: SIGHT WORD SENTENCE BUILDING THE CAT IS ON THE MAT!,speak_sb1.webp,audio_sb10.mp3,1,Sight Word Sentence Building The Cat Is On The Mat,,,,,,Sight Word Sentence Building The Cat Is On The Mat,,,,,,,
speak_repeat,PP1-ENG-X.103_Sight_Word_Sentence_Builder_103,Say out loud clearly: I CAN BUILD AND READ FULL SIGHT WORD SENTENCES!,speak_sb2.webp,audio_sb11.mp3,1,I Can Build And Read Full Sight Word Sentences,,,,,,I Can Build And Read Full Sight Word Sentences,,,,,,,
matching,PP1-ENG-X.103_Sight_Word_Sentence_Builder_103,Match sentence sight words!,,,1,,,,,,,,T-H-E,THE,I-S,IS,O-N,ON
matching,PP1-ENG-X.103_Sight_Word_Sentence_Builder_103,Match sentence building blocks!,,,1,,,,,,,,A-N-D,AND,I-N,IN,U-N-D-E-R,UNDER
multiple_choice,PP1-ENG-X.104_Grammar_Noun_Naming_Mastery_104,Which noun names a PERSON in grammar mastery?,gnm104_q1.webp,audio_gn1.mp3,1,BOY,DOG,PARK,,,1,,,,,,,
multiple_choice,PP1-ENG-X.104_Grammar_Noun_Naming_Mastery_104,Which noun names an ANIMAL in grammar mastery?,gnm104_q2.webp,audio_gn2.mp3,1,DOG,GIRL,SCHOOL,,,1,,,,,,,
multiple_choice,PP1-ENG-X.104_Grammar_Noun_Naming_Mastery_104,Which noun names a PLACE in grammar mastery?,gnm104_q3.webp,audio_gn3.mp3,1,SCHOOL,CAT,PEN,,,1,,,,,,,
multiple_choice,PP1-ENG-X.104_Grammar_Noun_Naming_Mastery_104,Which noun names a THING in grammar mastery?,gnm104_q4.webp,audio_gn4.mp3,1,BOOK,TEACHER,ZOO,,,1,,,,,,,
multiple_choice,PP1-ENG-X.104_Grammar_Noun_Naming_Mastery_104,Nouns are naming words for people, animals, places, and...?,gnm104_q5.webp,audio_gn5.mp3,1,THINGS,RUN,RED,,,1,,,,,,,
multiple_choice,PP1-ENG-X.104_Grammar_Noun_Naming_Mastery_104,Mastering nouns helps us build complete...?,gnm104_q6.webp,audio_gn6.mp3,1,SENTENCES,NUMBERS,COLORS,,,1,,,,,,,
count_objects,PP1-ENG-X.104_Grammar_Noun_Naming_Mastery_104,Count 4 noun master cards!,gnm104_count1.webp,audio_gn7.mp3,1,4,2,3,,🃏,4,,,,,,,
count_objects,PP1-ENG-X.104_Grammar_Noun_Naming_Mastery_104,Count 3 people noun badges!,gnm104_count2.webp,audio_gn8.mp3,1,3,1,5,,👦,3,,,,,,,
count_objects,PP1-ENG-X.104_Grammar_Noun_Naming_Mastery_104,Count 5 animal noun tokens!,gnm104_count3.webp,audio_gn9.mp3,1,5,2,4,,🐶,5,,,,,,,
speak_repeat,PP1-ENG-X.104_Grammar_Noun_Naming_Mastery_104,Say out loud clearly: NOUNS NAMING PEOPLE ANIMALS PLACES THINGS MASTER!,speak_gn1.webp,audio_gn10.mp3,1,Nouns Naming People Animals Places Things Master,,,,,,Nouns Naming People Animals Places Things Master,,,,,,,
speak_repeat,PP1-ENG-X.104_Grammar_Noun_Naming_Mastery_104,Say out loud clearly: NOUNS ARE NAMING WORDS WE USE IN ENGLISH!,speak_gn2.webp,audio_gn11.mp3,1,Nouns Are Naming Words We Use In English,,,,,,Nouns Are Naming Words We Use In English,,,,,,,
matching,PP1-ENG-X.104_Grammar_Noun_Naming_Mastery_104,Match noun categories!,,,1,,,,,,,,Boy 👦,PERSON,Dog 🐶,ANIMAL,School 🏫,PLACE
matching,PP1-ENG-X.104_Grammar_Noun_Naming_Mastery_104,Match thing nouns!,,,1,,,,,,,,Book 📚,THING,Chair 🪑,THING,Pen 🖊️,THING
multiple_choice,PP1-ENG-X.105_Grammar_Verb_Action_Mastery_105,Which action verb means moving feet fast in verb mastery?,gvm105_q1.webp,audio_gv1.mp3,1,RUN,BOOK,RED,,,1,,,,,,,
multiple_choice,PP1-ENG-X.105_Grammar_Verb_Action_Mastery_105,Which action verb means pushing off feet into air?,gvm105_q2.webp,audio_gv2.mp3,1,JUMP,CAT,BLUE,,,1,,,,,,,
multiple_choice,PP1-ENG-X.105_Grammar_Verb_Action_Mastery_105,Which action verb means making music with voice?,gvm105_q3.webp,audio_gv3.mp3,1,SING,CHAIR,YELLOW,,,1,,,,,,,
multiple_choice,PP1-ENG-X.105_Grammar_Verb_Action_Mastery_105,Which action verb means moving body to music?,gvm105_q4.webp,audio_gv4.mp3,1,DANCE,TOY,COLD,,,1,,,,,,,
multiple_choice,PP1-ENG-X.105_Grammar_Verb_Action_Mastery_105,Which action verb means hitting hands together for applause?,gvm105_q5.webp,audio_gv5.mp3,1,CLAP,HAT,GREEN,,,1,,,,,,,
multiple_choice,PP1-ENG-X.105_Grammar_Verb_Action_Mastery_105,Action verbs show movement and tell what we can...?,gvm105_q6.webp,audio_gv6.mp3,1,DO,NAME,COLOR,,,1,,,,,,,
count_objects,PP1-ENG-X.105_Grammar_Verb_Action_Mastery_105,Count 4 runners in verb mastery!,gvm105_count1.webp,audio_gv7.mp3,1,4,2,3,,🏃,4,,,,,,,
count_objects,PP1-ENG-X.105_Grammar_Verb_Action_Mastery_105,Count 3 jumpers leaping high!,gvm105_count2.webp,audio_gv8.mp3,1,3,1,5,,🧗,3,,,,,,,
count_objects,PP1-ENG-X.105_Grammar_Verb_Action_Mastery_105,Count 5 dancers moving to music!,gvm105_count3.webp,audio_gv9.mp3,1,5,2,4,,💃,5,,,,,,,
speak_repeat,PP1-ENG-X.105_Grammar_Verb_Action_Mastery_105,Say out loud clearly: ACTION VERBS MASTER REVIEW RUN JUMP SING DANCE!,speak_gv1.webp,audio_gv10.mp3,1,Action Verbs Master Review Run Jump Sing Dance,,,,,,Action Verbs Master Review Run Jump Sing Dance,,,,,,,
speak_repeat,PP1-ENG-X.105_Grammar_Verb_Action_Mastery_105,Say out loud clearly: I MASTERED ALL ACTION VERBS IN ENGLISH!,speak_gv2.webp,audio_gv11.mp3,1,I Mastered All Action Verbs In English,,,,,,I Mastered All Action Verbs In English,,,,,,,
matching,PP1-ENG-X.105_Grammar_Verb_Action_Mastery_105,Match action verbs in master review!,,,1,,,,,,,,Run 🏃,ACTION,Jump 🧗,ACTION,Sing 🎤,ACTION
matching,PP1-ENG-X.105_Grammar_Verb_Action_Mastery_105,Match verb words!,,,1,,,,,,,,Dance,DANCE,Clap,CLAP,Walk,WALK
multiple_choice,PP1-ENG-X.76_Grammar_Opposite_Pairs_Quest_76,What is the opposite of HOT?,gop76_q1.webp,audio_go1.mp3,1,COLD,BIG,RED,,,1,,,,,,,
multiple_choice,PP1-ENG-X.76_Grammar_Opposite_Pairs_Quest_76,What is the opposite of BIG?,gop76_q2.webp,audio_go2.mp3,1,SMALL,HOT,RUN,,,1,,,,,,,
multiple_choice,PP1-ENG-X.76_Grammar_Opposite_Pairs_Quest_76,What is the opposite of TALL?,gop76_q3.webp,audio_go3.mp3,1,SHORT,COLD,BLUE,,,1,,,,,,,
multiple_choice,PP1-ENG-X.76_Grammar_Opposite_Pairs_Quest_76,What is the opposite of UP?,gop76_q4.webp,audio_go4.mp3,1,DOWN,SMALL,HOT,,,1,,,,,,,
multiple_choice,PP1-ENG-X.76_Grammar_Opposite_Pairs_Quest_76,Opposite pairs mean words that are completely...?,gop76_q5.webp,audio_go5.mp3,1,DIFFERENT,SAME,EQUAL,,,1,,,,,,,
multiple_choice,PP1-ENG-X.76_Grammar_Opposite_Pairs_Quest_76,Hot/Cold and Big/Small are opposite word...?,gop76_q6.webp,audio_go6.mp3,1,PAIRS,NOUNS,VERBS,,,1,,,,,,,
count_objects,PP1-ENG-X.76_Grammar_Opposite_Pairs_Quest_76,Count 2 steaming hot cups!,gop76_count1.webp,audio_go7.mp3,1,2,1,3,,☕,2,,,,,,,
count_objects,PP1-ENG-X.76_Grammar_Opposite_Pairs_Quest_76,Count 3 cold ice cubes!,gop76_count2.webp,audio_go8.mp3,1,3,2,4,,🧊,3,,,,,,,
count_objects,PP1-ENG-X.76_Grammar_Opposite_Pairs_Quest_76,Count 4 up arrows pointing high!,gop76_count3.webp,audio_go9.mp3,1,4,2,5,,⬆️,4,,,,,,,
speak_repeat,PP1-ENG-X.76_Grammar_Opposite_Pairs_Quest_76,Say out loud clearly: GRAMMAR OPPOSITE PAIRS HOT COLD BIG SMALL TALL SHORT UP DOWN!,speak_go1.webp,audio_go10.mp3,1,Grammar Opposite Pairs Hot Cold Big Small Tall Short Up Down,,,,,,Grammar Opposite Pairs Hot Cold Big Small Tall Short Up Down,,,,,,,
speak_repeat,PP1-ENG-X.76_Grammar_Opposite_Pairs_Quest_76,Say out loud clearly: OPPOSITES ARE DIFFERENT IN EVERY WAY!,speak_go2.webp,audio_go11.mp3,1,Opposites Are Different In Every Way,,,,,,Opposites Are Different In Every Way,,,,,,,
matching,PP1-ENG-X.76_Grammar_Opposite_Pairs_Quest_76,Match opposite pairs!,,,1,,,,,,,,Hot ☕,COLD,Big 🐘,SMALL,Tall 🦒,SHORT
matching,PP1-ENG-X.76_Grammar_Opposite_Pairs_Quest_76,Match direction opposites!,,,1,,,,,,,,Up ⬆️,DOWN,Fast 🐇,SLOW,Happy 😊,SAD
multiple_choice,PP1-ENG-X.77_Storybook_Moral_Lesson_Recap_77,Which moral story teaches us to always tell the truth?,smr77_q1.webp,audio_sm1.mp3,1,BOY CRIED WOLF,GINGERBREAD,BREMEN,,,1,,,,,,,
multiple_choice,PP1-ENG-X.77_Storybook_Moral_Lesson_Recap_77,Which story teaches us hard work and helping bake bread?,smr77_q2.webp,audio_sm2.mp3,1,LITTLE RED HEN,BOY WOLF,GINGERBREAD,,,1,,,,,,,
multiple_choice,PP1-ENG-X.77_Storybook_Moral_Lesson_Recap_77,Which story features four animal friends making music?,smr77_q3.webp,audio_sm3.mp3,1,BREMEN MUSICIANS,RED HEN,WOLF,,,1,,,,,,,
multiple_choice,PP1-ENG-X.77_Storybook_Moral_Lesson_Recap_77,Which story features a fast running cookie?,smr77_q4.webp,audio_sm4.mp3,1,GINGERBREAD MAN,RED HEN,BREMEN,,,1,,,,,,,
multiple_choice,PP1-ENG-X.77_Storybook_Moral_Lesson_Recap_77,Moral lessons in storybooks teach us honesty, kindness, and...?,smr77_q5.webp,audio_sm5.mp3,1,SHARING,FEAR,ANGER,,,1,,,,,,,
multiple_choice,PP1-ENG-X.77_Storybook_Moral_Lesson_Recap_77,Reading stories helps us grow with good Christian...?,smr77_q6.webp,audio_sm6.mp3,1,VALUES,TOYS,GAMES,,,1,,,,,,,
count_objects,PP1-ENG-X.77_Storybook_Moral_Lesson_Recap_77,Count 4 open storybooks!,smr77_count1.webp,audio_sm7.mp3,1,4,2,3,,📖,4,,,,,,,
count_objects,PP1-ENG-X.77_Storybook_Moral_Lesson_Recap_77,Count 5 moral star medals!,smr77_count2.webp,audio_sm8.mp3,1,5,3,4,,🥇,5,,,,,,,
count_objects,PP1-ENG-X.77_Storybook_Moral_Lesson_Recap_77,Count 3 story trophies!,smr77_count3.webp,audio_sm9.mp3,1,3,1,5,,🏆,3,,,,,,,
speak_repeat,PP1-ENG-X.77_Storybook_Moral_Lesson_Recap_77,Say out loud clearly: STORYBOOK MORAL LESSONS RECAP HONESTY KINDNESS SHARING!,speak_sm1.webp,audio_sm10.mp3,1,Storybook Moral Lessons Recap Honesty Kindness Sharing,,,,,,Storybook Moral Lessons Recap Honesty Kindness Sharing,,,,,,,
speak_repeat,PP1-ENG-X.77_Storybook_Moral_Lesson_Recap_77,Say out loud clearly: STORIES TEACH US GOOD MORAL VALUES!,speak_sm2.webp,audio_sm11.mp3,1,Stories Teach Us Good Moral Values,,,,,,Stories Teach Us Good Moral Values,,,,,,,
matching,PP1-ENG-X.77_Storybook_Moral_Lesson_Recap_77,Match stories to moral lessons!,,,1,,,,,,,,Boy Wolf,TRUTH,Red Hen,WORK,Bremen,FRIENDS
matching,PP1-ENG-X.77_Storybook_Moral_Lesson_Recap_77,Match storybook symbols!,,,1,,,,,,,,Book 📖,STORY,Star ⭐,MORAL,Trophy 🏆,LESSON
multiple_choice,PP1-ENG-X.78_Pre_Writing_Loop_Tracing_Master_78,Which pre-writing stroke moves in round loopy circles?,plt78_q1.webp,audio_pl1.mp3,1,LOOP,STRAIGHT,CROSS,,,1,,,,,,,
multiple_choice,PP1-ENG-X.78_Pre_Writing_Loop_Tracing_Master_78,Which pre-writing stroke flows like sea waves?,plt78_q2.webp,audio_pl2.mp3,1,WAVY,STRAIGHT,DOT,,,1,,,,,,,
multiple_choice,PP1-ENG-X.78_Pre_Writing_Loop_Tracing_Master_78,Which pre-writing stroke goes straight up and down?,plt78_q3.webp,audio_pl3.mp3,1,STRAIGHT,CURVE,LOOP,,,1,,,,,,,
multiple_choice,PP1-ENG-X.78_Pre_Writing_Loop_Tracing_Master_78,Which stroke crosses two lines like a plus sign?,plt78_q4.webp,audio_pl4.mp3,1,CROSS,LOOP,WAVE,,,1,,,,,,,
multiple_choice,PP1-ENG-X.78_Pre_Writing_Loop_Tracing_Master_78,Pre-writing stroke practice prepares hand muscles for...?,plt78_q5.webp,audio_pl5.mp3,1,WRITING,RUNNING,SINGING,,,1,,,,,,,
multiple_choice,PP1-ENG-X.78_Pre_Writing_Loop_Tracing_Master_78,Holding a pencil correctly builds good writing...?,plt78_q6.webp,audio_pl6.mp3,1,GRIP,NOISE,SPEED,,,1,,,,,,,
count_objects,PP1-ENG-X.78_Pre_Writing_Loop_Tracing_Master_78,Count 5 loopy stroke patterns!,plt78_count1.webp,audio_pl7.mp3,1,5,3,4,,➰,5,,,,,,,
count_objects,PP1-ENG-X.78_Pre_Writing_Loop_Tracing_Master_78,Count 4 wavy line patterns!,plt78_count2.webp,audio_pl8.mp3,1,4,2,3,,〰️,4,,,,,,,
count_objects,PP1-ENG-X.78_Pre_Writing_Loop_Tracing_Master_78,Count 3 tracing pencils!,plt78_count3.webp,audio_pl9.mp3,1,3,1,5,,✏️,3,,,,,,,
speak_repeat,PP1-ENG-X.78_Pre_Writing_Loop_Tracing_Master_78,Say out loud clearly: PRE WRITING LOOP TRACING AND CURVE READINESS!,speak_pl1.webp,audio_pl10.mp3,1,Pre Writing Loop Tracing And Curve Readiness,,,,,,Pre Writing Loop Tracing And Curve Readiness,,,,,,,
speak_repeat,PP1-ENG-X.78_Pre_Writing_Loop_Tracing_Master_78,Say out loud clearly: TRACE LOOPS AND CURVES WITH A STEADY HAND!,speak_pl2.webp,audio_pl11.mp3,1,Trace Loops And Curves With A Steady Hand,,,,,,Trace Loops And Curves With A Steady Hand,,,,,,,
matching,PP1-ENG-X.78_Pre_Writing_Loop_Tracing_Master_78,Match pre-writing stroke types!,,,1,,,,,,,,Loop ➰,LOOP,Wave 〰️,WAVY,Line ➖,STRAIGHT
matching,PP1-ENG-X.78_Pre_Writing_Loop_Tracing_Master_78,Match stroke readiness!,,,1,,,,,,,,Loop,LOOP,Curve,CURVE,Cross,CROSS
multiple_choice,PP1-ENG-X.79_Uppercase_Lowercase_Match_Challenge_79,Match big uppercase A to its small lowercase letter!,ulm79_q1.webp,audio_ul1.mp3,1,a,b,c,,,1,,,,,,,
multiple_choice,PP1-ENG-X.79_Uppercase_Lowercase_Match_Challenge_79,Match big uppercase B to its small lowercase letter!,ulm79_q2.webp,audio_ul2.mp3,1,b,a,d,,,1,,,,,,,
multiple_choice,PP1-ENG-X.79_Uppercase_Lowercase_Match_Challenge_79,Match big uppercase C to its small lowercase letter!,ulm79_q3.webp,audio_ul3.mp3,1,c,b,e,,,1,,,,,,,
multiple_choice,PP1-ENG-X.79_Uppercase_Lowercase_Match_Challenge_79,Match big uppercase D to its small lowercase letter!,ulm79_q4.webp,audio_ul4.mp3,1,d,c,f,,,1,,,,,,,
multiple_choice,PP1-ENG-X.79_Uppercase_Lowercase_Match_Challenge_79,Match big uppercase E to its small lowercase letter!,ulm79_q5.webp,audio_ul5.mp3,1,e,d,g,,,1,,,,,,,
multiple_choice,PP1-ENG-X.79_Uppercase_Lowercase_Match_Challenge_79,Match big uppercase Z to its small lowercase letter!,ulm79_q6.webp,audio_ul6.mp3,1,z,y,x,,,1,,,,,,,
count_objects,PP1-ENG-X.79_Uppercase_Lowercase_Match_Challenge_79,Count 5 uppercase letter cards!,ulm79_count1.webp,audio_ul7.mp3,1,5,3,4,,🅰️,5,,,,,,,
count_objects,PP1-ENG-X.79_Uppercase_Lowercase_Match_Challenge_79,Count 4 lowercase letter cards!,ulm79_count2.webp,audio_ul8.mp3,1,4,2,3,,🃏,4,,,,,,,
count_objects,PP1-ENG-X.79_Uppercase_Lowercase_Match_Challenge_79,Count 3 matching star trophies!,ulm79_count3.webp,audio_ul9.mp3,1,3,1,5,,🏆,3,,,,,,,
speak_repeat,PP1-ENG-X.79_Uppercase_Lowercase_Match_Challenge_79,Say out loud clearly: UPPERCASE AND LOWERCASE MATCH CHALLENGE A TO Z!,speak_ul1.webp,audio_ul10.mp3,1,Uppercase And Lowercase Match Challenge A To Z,,,,,,Uppercase And Lowercase Match Challenge A To Z,,,,,,,
speak_repeat,PP1-ENG-X.79_Uppercase_Lowercase_Match_Challenge_79,Say out loud clearly: EVERY BIG LETTER HAS A MATCHING SMALL LETTER!,speak_ul2.webp,audio_ul11.mp3,1,Every Big Letter Has A Matching Small Letter,,,,,,Every Big Letter Has A Matching Small Letter,,,,,,,
matching,PP1-ENG-X.79_Uppercase_Lowercase_Match_Challenge_79,Match uppercase to lowercase A-C!,,,1,,,,,,,,A,a,B,b,C,c
matching,PP1-ENG-X.79_Uppercase_Lowercase_Match_Challenge_79,Match uppercase to lowercase D-Z!,,,1,,,,,,,,D,d,E,e,Z,z
multiple_choice,PP1-ENG-X.80_Spoken_English_Confidence_Builder_80,Say clearly: Good morning teacher! What do we build when speaking clearly?,seb80_q1.webp,audio_se1.mp3,1,CONFIDENCE,FEAR,NOISE,,,1,,,,,,,
multiple_choice,PP1-ENG-X.80_Spoken_English_Confidence_Builder_80,Say clearly: I am happy today! Spoken English helps us...?,seb80_q2.webp,audio_se2.mp3,1,COMMUNICATE,HIDE,CRY,,,1,,,,,,,
multiple_choice,PP1-ENG-X.80_Spoken_English_Confidence_Builder_80,Say clearly: Thank you very much! Polite words show...?,seb80_q3.webp,audio_se3.mp3,1,RESPECT,ANGER,PRIDE,,,1,,,,,,,
multiple_choice,PP1-ENG-X.80_Spoken_English_Confidence_Builder_80,Say clearly: Jesus loves me! Speaking out loud makes voice...?,seb80_q4.webp,audio_se4.mp3,1,STRONG,WEAK,SHY,,,1,,,,,,,
multiple_choice,PP1-ENG-X.80_Spoken_English_Confidence_Builder_80,Say clearly: Please and thank you! These are polite...?,seb80_q5.webp,audio_se5.mp3,1,WORDS,TOYS,GAMES,,,1,,,,,,,
multiple_choice,PP1-ENG-X.80_Spoken_English_Confidence_Builder_80,Repeating full sentences builds English speech...?,seb80_q6.webp,audio_se6.mp3,1,CONFIDENCE,FEAR,SADNESS,,,1,,,,,,,
count_objects,PP1-ENG-X.80_Spoken_English_Confidence_Builder_80,Count 4 microphones for clear speaking!,seb80_count1.webp,audio_se7.mp3,1,4,2,3,,🎤,4,,,,,,,
count_objects,PP1-ENG-X.80_Spoken_English_Confidence_Builder_80,Count 5 confident smiling kids!,seb80_count2.webp,audio_se8.mp3,1,5,3,4,,😃,5,,,,,,,
count_objects,PP1-ENG-X.80_Spoken_English_Confidence_Builder_80,Count 3 speech badges!,seb80_count3.webp,audio_se9.mp3,1,3,1,5,,🥇,3,,,,,,,
speak_repeat,PP1-ENG-X.80_Spoken_English_Confidence_Builder_80,Say out loud clearly: SPOKEN ENGLISH CONFIDENCE BUILDER!,speak_se1.webp,audio_se10.mp3,1,Spoken English Confidence Builder,,,,,,Spoken English Confidence Builder,,,,,,,
speak_repeat,PP1-ENG-X.80_Spoken_English_Confidence_Builder_80,Say out loud clearly: I SPEAK ENGLISH CLEARLY WITH CONFIDENCE AND JOY!,speak_se2.webp,audio_se11.mp3,1,I Speak English Clearly With Confidence And Joy,,,,,,I Speak English Clearly With Confidence And Joy,,,,,,,
matching,PP1-ENG-X.80_Spoken_English_Confidence_Builder_80,Match polite spoken phrases!,,,1,,,,,,,,Please,POLITE,Thank you,RESPECT,Good morning,GREETING
matching,PP1-ENG-X.80_Spoken_English_Confidence_Builder_80,Match speech confidence symbols!,,,1,,,,,,,,Mic 🎤,SPEAK,Smile 😃,CONFIDENT,Medal 🥇,SUCCESS
multiple_choice,PP1-ENG-X.81_Dinosaur_Phonics_Safari_81,Which dinosaur letter sound starts Apple?,dps81_q1.webp,audio_dp1.mp3,1,A,B,C,,,1,,,,,,,
multiple_choice,PP1-ENG-X.81_Dinosaur_Phonics_Safari_81,Which dinosaur letter sound starts Ball?,dps81_q2.webp,audio_dp2.mp3,1,B,A,D,,,1,,,,,,,
multiple_choice,PP1-ENG-X.81_Dinosaur_Phonics_Safari_81,Which dinosaur letter sound starts Cat?,dps81_q3.webp,audio_dp3.mp3,1,C,B,E,,,1,,,,,,,
multiple_choice,PP1-ENG-X.81_Dinosaur_Phonics_Safari_81,Which dinosaur letter sound starts Dog?,dps81_q4.webp,audio_dp4.mp3,1,D,C,F,,,1,,,,,,,
multiple_choice,PP1-ENG-X.81_Dinosaur_Phonics_Safari_81,Which dinosaur letter sound starts Egg?,dps81_q5.webp,audio_dp5.mp3,1,E,D,G,,,1,,,,,,,
multiple_choice,PP1-ENG-X.81_Dinosaur_Phonics_Safari_81,Dinosaur phonics safari travels from A to...?,dps81_q6.webp,audio_dp6.mp3,1,Z,M,O,,,1,,,,,,,
count_objects,PP1-ENG-X.81_Dinosaur_Phonics_Safari_81,Count 5 green T-Rex phonics dinos!,dps81_count1.webp,audio_dp7.mp3,1,5,3,4,,🦕,5,,,,,,,
count_objects,PP1-ENG-X.81_Dinosaur_Phonics_Safari_81,Count 4 dinosaur egg letter tokens!,dps81_count2.webp,audio_dp8.mp3,1,4,2,3,,🥚,4,,,,,,,
count_objects,PP1-ENG-X.81_Dinosaur_Phonics_Safari_81,Count 3 dinosaur footprint tracks!,dps81_count3.webp,audio_dp9.mp3,1,3,1,5,,🐾,3,,,,,,,
speak_repeat,PP1-ENG-X.81_Dinosaur_Phonics_Safari_81,Say out loud clearly: DINOSAUR PHONICS SAFARI LETTER SOUND HUNT!,speak_dp1.webp,audio_dp10.mp3,1,Dinosaur Phonics Safari Letter Sound Hunt,,,,,,Dinosaur Phonics Safari Letter Sound Hunt,,,,,,,
speak_repeat,PP1-ENG-X.81_Dinosaur_Phonics_Safari_81,Say out loud clearly: HUNT ALL PHONICS SOUNDS FROM A TO Z!,speak_dp2.webp,audio_dp11.mp3,1,Hunt All Phonics Sounds From A To Z,,,,,,Hunt All Phonics Sounds From A To Z,,,,,,,
matching,PP1-ENG-X.81_Dinosaur_Phonics_Safari_81,Match dino letter sounds!,,,1,,,,,,,,A 🍎,APPLE,B ⚽,BALL,C 🐱,CAT
matching,PP1-ENG-X.81_Dinosaur_Phonics_Safari_81,Match more dino sounds!,,,1,,,,,,,,D 🐶,DOG,E 🥚,EGG,F 🐟,FISH
multiple_choice,PP1-ENG-X.82_Dinosaur_CVC_Word_Family_82,Find the dinosaur CVC word rhyming with CAT!,dcw82_q1.webp,audio_dc1.mp3,1,HAT,DOG,PIG,,,1,,,,,,,
multiple_choice,PP1-ENG-X.82_Dinosaur_CVC_Word_Family_82,Find the dinosaur CVC word rhyming with MAN!,dcw82_q2.webp,audio_dc2.mp3,1,VAN,CAT,BUG,,,1,,,,,,,
multiple_choice,PP1-ENG-X.82_Dinosaur_CVC_Word_Family_82,Find the dinosaur CVC word rhyming with PIG!,dcw82_q3.webp,audio_dc3.mp3,1,DIG,HAT,HOP,,,1,,,,,,,
multiple_choice,PP1-ENG-X.82_Dinosaur_CVC_Word_Family_82,Find the dinosaur CVC word rhyming with HOP!,dcw82_q4.webp,audio_dc4.mp3,1,POP,MAN,PEN,,,1,,,,,,,
multiple_choice,PP1-ENG-X.82_Dinosaur_CVC_Word_Family_82,Find the dinosaur CVC word rhyming with BUG!,dcw82_q5.webp,audio_dc5.mp3,1,RUG,PIG,CAT,,,1,,,,,,,
multiple_choice,PP1-ENG-X.82_Dinosaur_CVC_Word_Family_82,Find the dinosaur CVC word rhyming with HEN!,dcw82_q6.webp,audio_dc6.mp3,1,PEN,DOG,RUN,,,1,,,,,,,
count_objects,PP1-ENG-X.82_Dinosaur_CVC_Word_Family_82,Count 5 dinosaur CVC footprint tracks!,dcw82_count1.webp,audio_dc7.mp3,1,5,3,4,,🐾,5,,,,,,,
count_objects,PP1-ENG-X.82_Dinosaur_CVC_Word_Family_82,Count 3 dinosaur CVC egg tokens!,dcw82_count2.webp,audio_dc8.mp3,1,3,1,4,,🥚,3,,,,,,,
count_objects,PP1-ENG-X.82_Dinosaur_CVC_Word_Family_82,Count 4 dinosaur CVC trophies!,dcw82_count3.webp,audio_dc9.mp3,1,4,2,5,,🏆,4,,,,,,,
speak_repeat,PP1-ENG-X.82_Dinosaur_CVC_Word_Family_82,Say out loud clearly: DINOSAUR CVC WORD FAMILY RHYMING!,speak_dc1.webp,audio_dc10.mp3,1,Dinosaur CVC Word Family Rhyming,,,,,,Dinosaur CVC Word Family Rhyming,,,,,,,
speak_repeat,PP1-ENG-X.82_Dinosaur_CVC_Word_Family_82,Say out loud clearly: RHYME THREE LETTER CVC WORDS WITH DINOS!,speak_dc2.webp,audio_dc11.mp3,1,Rhyme Three Letter CVC Words With Dinos,,,,,,Rhyme Three Letter CVC Words With Dinos,,,,,,,
matching,PP1-ENG-X.82_Dinosaur_CVC_Word_Family_82,Match dino CVC rhyming words!,,,1,,,,,,,,Cat 🐱,HAT,Man 👨,VAN,Pig 🐖,DIG
matching,PP1-ENG-X.82_Dinosaur_CVC_Word_Family_82,Match dino footprint CVC words!,,,1,,,,,,,,Hop 🐸,POP,Bug 🐛,RUG,Hen 🐔,PEN
multiple_choice,PP1-ENG-X.83_Pirate_Cove_Alphabet_Treasure_83,Which pirate letter marks Apple treasure?,pct83_q1.webp,audio_p1.mp3,1,A,B,C,,,1,,,,,,,
multiple_choice,PP1-ENG-X.83_Pirate_Cove_Alphabet_Treasure_83,Which pirate letter marks Ball treasure?,pct83_q2.webp,audio_p2.mp3,1,B,A,D,,,1,,,,,,,
multiple_choice,PP1-ENG-X.83_Pirate_Cove_Alphabet_Treasure_83,Which pirate letter marks Cat treasure?,pct83_q3.webp,audio_p3.mp3,1,C,B,E,,,1,,,,,,,
multiple_choice,PP1-ENG-X.83_Pirate_Cove_Alphabet_Treasure_83,Which pirate letter marks Dog treasure?,pct83_q4.webp,audio_p4.mp3,1,D,C,F,,,1,,,,,,,
multiple_choice,PP1-ENG-X.83_Pirate_Cove_Alphabet_Treasure_83,Which letter comes right after D on pirate map?,pct83_q5.webp,audio_p5.mp3,1,E,D,F,,,1,,,,,,,
multiple_choice,PP1-ENG-X.83_Pirate_Cove_Alphabet_Treasure_83,What is the last letter of pirate alphabet?,pct83_q6.webp,audio_p6.mp3,1,Z,Y,X,,,1,,,,,,,
count_objects,PP1-ENG-X.83_Pirate_Cove_Alphabet_Treasure_83,Count 4 golden letter A coins!,pct83_count1.webp,audio_p7.mp3,1,4,2,5,,🪙,4,,,,,,,
count_objects,PP1-ENG-X.83_Pirate_Cove_Alphabet_Treasure_83,Count 3 pirate treasure maps!,pct83_count2.webp,audio_p8.mp3,1,3,1,4,,🗺️,3,,,,,,,
count_objects,PP1-ENG-X.83_Pirate_Cove_Alphabet_Treasure_83,Count 5 letter B gems!,pct83_count3.webp,audio_p9.mp3,1,5,3,4,,💎,5,,,,,,,
speak_repeat,PP1-ENG-X.83_Pirate_Cove_Alphabet_Treasure_83,Say out loud clearly: PIRATE COVE ALPHABET LETTER TREASURE!,speak_p1.webp,audio_p10.mp3,1,Pirate Cove Alphabet Letter Treasure,,,,,,Pirate Cove Alphabet Letter Treasure,,,,,,,
speak_repeat,PP1-ENG-X.83_Pirate_Cove_Alphabet_Treasure_83,Say out loud clearly: FIND THE ALPHABET TREASURE FROM A TO Z!,speak_p2.webp,audio_p11.mp3,1,Find The Alphabet Treasure From A To Z,,,,,,Find The Alphabet Treasure From A To Z,,,,,,,
matching,PP1-ENG-X.83_Pirate_Cove_Alphabet_Treasure_83,Match pirate letters to treasures!,,,1,,,,,,,,A,APPLE,B,BALL,C,CAT
matching,PP1-ENG-X.83_Pirate_Cove_Alphabet_Treasure_83,Match uppercase and lowercase pirate letters!,,,1,,,,,,,,A,a,B,b,C,c
multiple_choice,PP1-ENG-X.84_Pirate_CVC_Word_Map_84,Which pirate map word rhymes with CAT?,pcm84_q1.webp,audio_pm1.mp3,1,HAT,DOG,PIG,,,1,,,,,,,
multiple_choice,PP1-ENG-X.84_Pirate_CVC_Word_Map_84,Which pirate map word rhymes with MAN?,pcm84_q2.webp,audio_pm2.mp3,1,VAN,CAT,BUG,,,1,,,,,,,
multiple_choice,PP1-ENG-X.84_Pirate_CVC_Word_Map_84,Which pirate map word rhymes with PIG?,pcm84_q3.webp,audio_pm3.mp3,1,DIG,HAT,HOP,,,1,,,,,,,
multiple_choice,PP1-ENG-X.84_Pirate_CVC_Word_Map_84,Which pirate map word rhymes with HOP?,pcm84_q4.webp,audio_pm4.mp3,1,POP,MAN,PEN,,,1,,,,,,,
multiple_choice,PP1-ENG-X.84_Pirate_CVC_Word_Map_84,Which pirate map word rhymes with BUG?,pcm84_q5.webp,audio_pm5.mp3,1,RUG,PIG,CAT,,,1,,,,,,,
multiple_choice,PP1-ENG-X.84_Pirate_CVC_Word_Map_84,Which pirate map word rhymes with HEN?,pcm84_q6.webp,audio_pm6.mp3,1,PEN,DOG,RUN,,,1,,,,,,,
count_objects,PP1-ENG-X.84_Pirate_CVC_Word_Map_84,Count 3 pirate map CVC treasure chests!,pcm84_count1.webp,audio_pm7.mp3,1,3,1,4,,🏴‍☠️,3,,,,,,,
count_objects,PP1-ENG-X.84_Pirate_CVC_Word_Map_84,Count 5 CVC rhyming scrolls!,pcm84_count2.webp,audio_pm8.mp3,1,5,3,4,,📜,5,,,,,,,
count_objects,PP1-ENG-X.84_Pirate_CVC_Word_Map_84,Count 2 pirate parrot CVC clues!,pcm84_count3.webp,audio_pm9.mp3,1,2,1,3,,🦜,2,,,,,,,
speak_repeat,PP1-ENG-X.84_Pirate_CVC_Word_Map_84,Say out loud clearly: PIRATE CVC RHYMING WORD MAP!,speak_pm1.webp,audio_pm10.mp3,1,Pirate CVC Rhyming Word Map,,,,,,Pirate CVC Rhyming Word Map,,,,,,,
speak_repeat,PP1-ENG-X.84_Pirate_CVC_Word_Map_84,Say out loud clearly: FOLLOW CVC RHYMES TO FIND THE GOLD!,speak_pm2.webp,audio_pm11.mp3,1,Follow CVC Rhymes To Find The Gold,,,,,,Follow CVC Rhymes To Find The Gold,,,,,,,
matching,PP1-ENG-X.84_Pirate_CVC_Word_Map_84,Match pirate map rhyming words!,,,1,,,,,,,,Cat 🐱,HAT,Man 👨,VAN,Pig 🐖,DIG
matching,PP1-ENG-X.84_Pirate_CVC_Word_Map_84,Match CVC map words!,,,1,,,,,,,,Hop 🐸,POP,Bug 🐛,RUG,Hen 🐔,PEN
multiple_choice,PP1-ENG-X.85_Space_Rocket_Phonics_Launch_85,Which phonics sound launches Apple into space?,srp85_q1.webp,audio_sr1.mp3,1,/A/,/B/,/C/,,,1,,,,,,,
multiple_choice,PP1-ENG-X.85_Space_Rocket_Phonics_Launch_85,Which phonics sound launches Ball into space?,srp85_q2.webp,audio_sr2.mp3,1,/B/,/A/,/D/,,,1,,,,,,,
multiple_choice,PP1-ENG-X.85_Space_Rocket_Phonics_Launch_85,Which phonics sound launches Cat into space?,srp85_q3.webp,audio_sr3.mp3,1,/C/,/B/,/E/,,,1,,,,,,,
multiple_choice,PP1-ENG-X.85_Space_Rocket_Phonics_Launch_85,Which phonics sound launches Dog into space?,srp85_q4.webp,audio_sr4.mp3,1,/D/,/C/,/F/,,,1,,,,,,,
multiple_choice,PP1-ENG-X.85_Space_Rocket_Phonics_Launch_85,Which phonics sound launches Egg into space?,srp85_q5.webp,audio_sr5.mp3,1,/E/,/D/,/G/,,,1,,,,,,,
multiple_choice,PP1-ENG-X.85_Space_Rocket_Phonics_Launch_85,Which phonics sound launches Sun into space?,srp85_q6.webp,audio_sr6.mp3,1,/S/,/T/,/Z/,,,1,,,,,,,
count_objects,PP1-ENG-X.85_Space_Rocket_Phonics_Launch_85,Count 4 phonics launch rockets!,srp85_count1.webp,audio_sr7.mp3,1,4,2,5,,🚀,4,,,,,,,
count_objects,PP1-ENG-X.85_Space_Rocket_Phonics_Launch_85,Count 5 glowing phonics stars!,srp85_count2.webp,audio_sr8.mp3,1,5,3,4,,⭐,5,,,,,,,
count_objects,PP1-ENG-X.85_Space_Rocket_Phonics_Launch_85,Count 2 moon launchpads!,srp85_count3.webp,audio_sr9.mp3,1,2,1,3,,🌙,2,,,,,,,
speak_repeat,PP1-ENG-X.85_Space_Rocket_Phonics_Launch_85,Say out loud clearly: SPACE ROCKET PHONICS SOUND LAUNCH!,speak_sr1.webp,audio_sr10.mp3,1,Space Rocket Phonics Sound Launch,,,,,,Space Rocket Phonics Sound Launch,,,,,,,
speak_repeat,PP1-ENG-X.85_Space_Rocket_Phonics_Launch_85,Say out loud clearly: THREE TWO ONE PHONICS BLASTOFF!,speak_sr2.webp,audio_sr11.mp3,1,Three Two One Phonics Blastoff,,,,,,Three Two One Phonics Blastoff,,,,,,,
matching,PP1-ENG-X.85_Space_Rocket_Phonics_Launch_85,Match phonics sounds to launch words!,,,1,,,,,,,,Apple 🍎,A,Ball ⚽,B,Cat 🐱,C
matching,PP1-ENG-X.85_Space_Rocket_Phonics_Launch_85,Match space phonics letters!,,,1,,,,,,,,Dog 🐶,D,Egg 🥚,E,Sun ☀️,S
multiple_choice,PP1-ENG-X.86_Space_Alien_Sight_Word_Search_86,Find the sight word THE on alien planet!,sas86_q1.webp,audio_sa1.mp3,1,THE,AND,IS,,,1,,,,,,,
multiple_choice,PP1-ENG-X.86_Space_Alien_Sight_Word_Search_86,Find the sight word AND carried by alien!,sas86_q2.webp,audio_sa2.mp3,1,AND,THE,IN,,,1,,,,,,,
multiple_choice,PP1-ENG-X.86_Space_Alien_Sight_Word_Search_86,Find the sight word IS inside alien ship!,sas86_q3.webp,audio_sa3.mp3,1,IS,ON,UNDER,,,1,,,,,,,
multiple_choice,PP1-ENG-X.86_Space_Alien_Sight_Word_Search_86,Find the sight word IN on space radar!,sas86_q4.webp,audio_sa4.mp3,1,IN,ON,THE,,,1,,,,,,,
multiple_choice,PP1-ENG-X.86_Space_Alien_Sight_Word_Search_86,Find the sight word ON on alien moon!,sas86_q5.webp,audio_sa5.mp3,1,ON,IN,IS,,,1,,,,,,,
multiple_choice,PP1-ENG-X.86_Space_Alien_Sight_Word_Search_86,Which sight word connects Cat ___ Dog in space?,sas86_q6.webp,audio_sa6.mp3,1,AND,THE,IS,,,1,,,,,,,
count_objects,PP1-ENG-X.86_Space_Alien_Sight_Word_Search_86,Count 3 aliens carrying sight word cards!,sas86_count1.webp,audio_sa7.mp3,1,3,1,4,,👽,3,,,,,,,
count_objects,PP1-ENG-X.86_Space_Alien_Sight_Word_Search_86,Count 5 sight word stars in galaxy!,sas86_count2.webp,audio_sa8.mp3,1,5,3,4,,⭐,5,,,,,,,
count_objects,PP1-ENG-X.86_Space_Alien_Sight_Word_Search_86,Count 4 alien spaceships searching words!,sas86_count3.webp,audio_sa9.mp3,1,4,2,5,,🛸,4,,,,,,,
speak_repeat,PP1-ENG-X.86_Space_Alien_Sight_Word_Search_86,Say out loud clearly: SPACE ALIEN SIGHT WORD SEARCH!,speak_sa1.webp,audio_sa10.mp3,1,Space Alien Sight Word Search,,,,,,Space Alien Sight Word Search,,,,,,,
speak_repeat,PP1-ENG-X.86_Space_Alien_Sight_Word_Search_86,Say out loud clearly: READ SIGHT WORDS THE AND IS IN ON UNDER!,speak_sa2.webp,audio_sa11.mp3,1,Read Sight Words The And Is In On Under,,,,,,Read Sight Words The And Is In On Under,,,,,,,
matching,PP1-ENG-X.86_Space_Alien_Sight_Word_Search_86,Match sight words!,,,1,,,,,,,,T-H-E,THE,A-N-D,AND,I-S,IS
matching,PP1-ENG-X.86_Space_Alien_Sight_Word_Search_86,Match preposition sight words!,,,1,,,,,,,,I-N,IN,O-N,ON,U-N-D-E-R,UNDER
multiple_choice,PP1-ENG-X.87_Circus_Clown_Alphabet_Juggle_87,Clown juggles big A. What is small matching letter?,ccj87_q1.webp,audio_cj1.mp3,1,a,b,c,,,1,,,,,,,
multiple_choice,PP1-ENG-X.87_Circus_Clown_Alphabet_Juggle_87,Clown juggles big B. What is small matching letter?,ccj87_q2.webp,audio_cj2.mp3,1,b,a,d,,,1,,,,,,,
multiple_choice,PP1-ENG-X.87_Circus_Clown_Alphabet_Juggle_87,Clown juggles big C. What is small matching letter?,ccj87_q3.webp,audio_cj3.mp3,1,c,b,e,,,1,,,,,,,
multiple_choice,PP1-ENG-X.87_Circus_Clown_Alphabet_Juggle_87,Clown juggles big D. What is small matching letter?,ccj87_q4.webp,audio_cj4.mp3,1,d,c,f,,,1,,,,,,,
multiple_choice,PP1-ENG-X.87_Circus_Clown_Alphabet_Juggle_87,Clown juggles big E. What is small matching letter?,ccj87_q5.webp,audio_cj5.mp3,1,e,d,g,,,1,,,,,,,
multiple_choice,PP1-ENG-X.87_Circus_Clown_Alphabet_Juggle_87,Clown juggles big Z. What is small matching letter?,ccj87_q6.webp,audio_cj6.mp3,1,z,y,x,,,1,,,,,,,
count_objects,PP1-ENG-X.87_Circus_Clown_Alphabet_Juggle_87,Count 6 juggling letter balls at circus!,ccj87_count1.webp,audio_cj7.mp3,1,6,3,5,,🤹,6,,,,,,,
count_objects,PP1-ENG-X.87_Circus_Clown_Alphabet_Juggle_87,Count 4 circus clown hats!,ccj87_count2.webp,audio_cj8.mp3,1,4,2,5,,🎪,4,,,,,,,
count_objects,PP1-ENG-X.87_Circus_Clown_Alphabet_Juggle_87,Count 3 red clown noses!,ccj87_count3.webp,audio_cj9.mp3,1,3,1,4,,🔴,3,,,,,,,
speak_repeat,PP1-ENG-X.87_Circus_Clown_Alphabet_Juggle_87,Say out loud clearly: CIRCUS CLOWN ALPHABET LETTER JUGGLING!,speak_cj1.webp,audio_cj10.mp3,1,Circus Clown Alphabet Letter Juggling,,,,,,Circus Clown Alphabet Letter Juggling,,,,,,,
speak_repeat,PP1-ENG-X.87_Circus_Clown_Alphabet_Juggle_87,Say out loud clearly: JUGGLE BIG AND SMALL LETTERS AT THE CIRCUS!,speak_cj2.webp,audio_cj11.mp3,1,Juggle Big And Small Letters At The Circus,,,,,,Juggle Big And Small Letters At The Circus,,,,,,,
matching,PP1-ENG-X.87_Circus_Clown_Alphabet_Juggle_87,Match uppercase and lowercase juggle letters!,,,1,,,,,,,,A,a,B,b,C,c
matching,PP1-ENG-X.87_Circus_Clown_Alphabet_Juggle_87,Match more juggle pairs!,,,1,,,,,,,,D,d,E,e,Z,z
multiple_choice,PP1-ENG-X.88_Circus_Grammar_Verb_Carnival_88,At circus carnival, which action verb means pushing off feet into air?,cgv88_q1.webp,audio_cg1.mp3,1,JUMP,BOOK,RED,,,1,,,,,,,
multiple_choice,PP1-ENG-X.88_Circus_Grammar_Verb_Carnival_88,Which action verb means moving feet very fast?,cgv88_q2.webp,audio_cg2.mp3,1,RUN,CAT,BIG,,,1,,,,,,,
multiple_choice,PP1-ENG-X.88_Circus_Grammar_Verb_Carnival_88,Which action verb means making music with voice?,cgv88_q3.webp,audio_cg3.mp3,1,SING,CHAIR,BLUE,,,1,,,,,,,
multiple_choice,PP1-ENG-X.88_Circus_Grammar_Verb_Carnival_88,Which action verb means moving body to music?,cgv88_q4.webp,audio_cg4.mp3,1,DANCE,TOY,COLD,,,1,,,,,,,
multiple_choice,PP1-ENG-X.88_Circus_Grammar_Verb_Carnival_88,Which action verb means hitting hands together for applause?,cgv88_q5.webp,audio_cg5.mp3,1,CLAP,HAT,GREEN,,,1,,,,,,,
multiple_choice,PP1-ENG-X.88_Circus_Grammar_Verb_Carnival_88,Action verbs tell us what circus performers can...?,cgv88_q6.webp,audio_cg6.mp3,1,DO,NAME,LOOK,,,1,,,,,,,
count_objects,PP1-ENG-X.88_Circus_Grammar_Verb_Carnival_88,Count 4 performers jumping at carnival!,cgv88_count1.webp,audio_cg7.mp3,1,4,2,5,,🧗,4,,,,,,,
count_objects,PP1-ENG-X.88_Circus_Grammar_Verb_Carnival_88,Count 3 dancers moving to music!,cgv88_count2.webp,audio_cg8.mp3,1,3,1,4,,💃,3,,,,,,,
count_objects,PP1-ENG-X.88_Circus_Grammar_Verb_Carnival_88,Count 5 hands clapping in audience!,cgv88_count3.webp,audio_cg9.mp3,1,5,3,4,,👏,5,,,,,,,
speak_repeat,PP1-ENG-X.88_Circus_Grammar_Verb_Carnival_88,Say out loud clearly: CIRCUS CARNIVAL ACTION VERBS!,speak_cg1.webp,audio_cg10.mp3,1,Circus Carnival Action Verbs,,,,,,Circus Carnival Action Verbs,,,,,,,
speak_repeat,PP1-ENG-X.88_Circus_Grammar_Verb_Carnival_88,Say out loud clearly: JUMP RUN SING DANCE CLAP AT CARNIVAL!,speak_cg2.webp,audio_cg11.mp3,1,Jump Run Sing Dance Clap At Carnival,,,,,,Jump Run Sing Dance Clap At Carnival,,,,,,,
matching,PP1-ENG-X.88_Circus_Grammar_Verb_Carnival_88,Match carnival action verbs!,,,1,,,,,,,,Jump 🧗,ACTION,Run 🏃,ACTION,Dance 💃,ACTION
matching,PP1-ENG-X.88_Circus_Grammar_Verb_Carnival_88,Match verb words!,,,1,,,,,,,,Jump,JUMP,Run,RUN,Sing,SING
multiple_choice,PP1-ENG-X.89_Superhero_Phonics_Letter_Shield_89,Which phonics letter shield protects Apple sound /a/?,spl89_q1.webp,audio_sp1.mp3,1,A,B,C,,,1,,,,,,,
multiple_choice,PP1-ENG-X.89_Superhero_Phonics_Letter_Shield_89,Which phonics letter shield protects Ball sound /b/?,spl89_q2.webp,audio_sp2.mp3,1,B,A,D,,,1,,,,,,,
multiple_choice,PP1-ENG-X.89_Superhero_Phonics_Letter_Shield_89,Which phonics letter shield protects Cat sound /c/?,spl89_q3.webp,audio_sp3.mp3,1,C,B,E,,,1,,,,,,,
multiple_choice,PP1-ENG-X.89_Superhero_Phonics_Letter_Shield_89,Which phonics letter shield protects Dog sound /d/?,spl89_q4.webp,audio_sp4.mp3,1,D,C,F,,,1,,,,,,,
multiple_choice,PP1-ENG-X.89_Superhero_Phonics_Letter_Shield_89,Which phonics letter shield protects Sun sound /s/?,spl89_q5.webp,audio_sp5.mp3,1,S,T,Z,,,1,,,,,,,
multiple_choice,PP1-ENG-X.89_Superhero_Phonics_Letter_Shield_89,Which phonics letter shield protects Tree sound /t/?,spl89_q6.webp,audio_sp6.mp3,1,T,S,D,,,1,,,,,,,
count_objects,PP1-ENG-X.89_Superhero_Phonics_Letter_Shield_89,Count 4 superhero letter shields!,spl89_count1.webp,audio_sp7.mp3,1,4,2,5,,🛡️,4,,,,,,,
count_objects,PP1-ENG-X.89_Superhero_Phonics_Letter_Shield_89,Count 5 superhero star badges!,spl89_count2.webp,audio_sp8.mp3,1,5,3,4,,⭐,5,,,,,,,
count_objects,PP1-ENG-X.89_Superhero_Phonics_Letter_Shield_89,Count 3 superhero power capes!,spl89_count3.webp,audio_sp9.mp3,1,3,1,4,,🦸,3,,,,,,,
speak_repeat,PP1-ENG-X.89_Superhero_Phonics_Letter_Shield_89,Say out loud clearly: SUPERHERO LETTER SOUND SHIELD MATCH!,speak_sp1.webp,audio_sp10.mp3,1,Superhero Letter Sound Shield Match,,,,,,Superhero Letter Sound Shield Match,,,,,,,
speak_repeat,PP1-ENG-X.89_Superhero_Phonics_Letter_Shield_89,Say out loud clearly: MATCH LETTER SOUNDS TO SUPERHERO SHIELDS!,speak_sp2.webp,audio_sp11.mp3,1,Match Letter Sounds To Superhero Shields,,,,,,Match Letter Sounds To Superhero Shields,,,,,,,
matching,PP1-ENG-X.89_Superhero_Phonics_Letter_Shield_89,Match phonics letters to power shields!,,,1,,,,,,,,Apple 🍎,A,Ball ⚽,B,Cat 🐱,C
matching,PP1-ENG-X.89_Superhero_Phonics_Letter_Shield_89,Match more superhero phonics shields!,,,1,,,,,,,,Dog 🐶,D,Sun ☀️,S,Tree 🌴,T
multiple_choice,PP1-ENG-X.90_Superhero_Word_Building_Power_90,Combine power letters C-A-T to build what word?,swb90_q1.webp,audio_sb1.mp3,1,CAT,DOG,PIG,,,1,,,,,,,
multiple_choice,PP1-ENG-X.90_Superhero_Word_Building_Power_90,Combine power letters D-O-G to build what word?,swb90_q2.webp,audio_sb2.mp3,1,DOG,CAT,HAT,,,1,,,,,,,
multiple_choice,PP1-ENG-X.90_Superhero_Word_Building_Power_90,Combine power letters P-I-G to build what word?,swb90_q3.webp,audio_sb3.mp3,1,PIG,BUG,HEN,,,1,,,,,,,
multiple_choice,PP1-ENG-X.90_Superhero_Word_Building_Power_90,Combine power letters B-U-G to build what word?,swb90_q4.webp,audio_sb4.mp3,1,BUG,RUG,MUG,,,1,,,,,,,
multiple_choice,PP1-ENG-X.90_Superhero_Word_Building_Power_90,Combine power letters H-E-N to build what word?,swb90_q5.webp,audio_sb5.mp3,1,HEN,PEN,TEN,,,1,,,,,,,
multiple_choice,PP1-ENG-X.90_Superhero_Word_Building_Power_90,Building CVC words gives us reading...?,swb90_q6.webp,audio_sb6.mp3,1,POWER,FEAR,NOISE,,,1,,,,,,,
count_objects,PP1-ENG-X.90_Superhero_Word_Building_Power_90,Count 5 CVC word building blocks!,swb90_count1.webp,audio_sb7.mp3,1,5,3,4,,🧱,5,,,,,,,
count_objects,PP1-ENG-X.90_Superhero_Word_Building_Power_90,Count 3 superhero power trophies!,swb90_count2.webp,audio_sb8.mp3,1,3,1,4,,🏆,3,,,,,,,
count_objects,PP1-ENG-X.90_Superhero_Word_Building_Power_90,Count 4 superhero word shields!,swb90_count3.webp,audio_sb9.mp3,1,4,2,5,,🛡️,4,,,,,,,
speak_repeat,PP1-ENG-X.90_Superhero_Word_Building_Power_90,Say out loud clearly: SUPERHERO CVC WORD BUILDING POWER!,speak_sb1.webp,audio_sb10.mp3,1,Superhero CVC Word Building Power,,,,,,Superhero CVC Word Building Power,,,,,,,
speak_repeat,PP1-ENG-X.90_Superhero_Word_Building_Power_90,Say out loud clearly: BUILD THREE LETTER CVC WORDS WITH SUPERPOWER!,speak_sb2.webp,audio_sb11.mp3,1,Build Three Letter CVC Words With Superpower,,,,,,Build Three Letter CVC Words With Superpower,,,,,,,
matching,PP1-ENG-X.90_Superhero_Word_Building_Power_90,Match CVC word building letters!,,,1,,,,,,,,C-A-T,CAT,D-O-G,DOG,P-I-G,PIG
matching,PP1-ENG-X.90_Superhero_Word_Building_Power_90,Match power building words!,,,1,,,,,,,,B-U-G,BUG,H-E-N,HEN,H-O-P,HOP