question_type,lesson_title,prompt,prompt_image,prompt_audio,correct_answer,option_1,option_2,option_3,option_4,count_emoji_or_image,target_count,target_word,pair_1_left,pair_1_right,pair_2_left,pair_2_right,pair_3_left,pair_3_right
multiple_choice,PP2-MATH-1.1.1_Outer_Space_Rocket_Launch,What number comes after 15 during rocket launch countdown?,sp_q1.webp,audio_sp1.mp3,1,16,14,12,,,1,,,,,,,
multiple_choice,PP2-MATH-1.1.1_Outer_Space_Rocket_Launch,What number comes right before 20 in space?,sp_q2.webp,audio_sp2.mp3,1,19,18,17,,,1,,,,,,,
multiple_choice,PP2-MATH-1.1.1_Outer_Space_Rocket_Launch,Which number is the largest: 12 18 or 15?,sp_q3.webp,audio_sp3.mp3,1,18,12,15,,,1,,,,,,,
multiple_choice,PP2-MATH-1.1.1_Outer_Space_Rocket_Launch,Count the rockets: 11 12 13... what comes next?,sp_q4.webp,audio_sp4.mp3,1,14,10,15,,,1,,,,,,,
multiple_choice,PP2-MATH-1.1.1_Outer_Space_Rocket_Launch,What number is between 8 and 10?,sp_q5.webp,audio_sp5.mp3,1,9,7,11,,,1,,,,,,,
multiple_choice,PP2-MATH-1.1.1_Outer_Space_Rocket_Launch,What number comes right after 0?,sp_q6.webp,audio_sp6.mp3,1,1,2,0,,,1,,,,,,,
count_objects,PP2-MATH-1.1.1_Outer_Space_Rocket_Launch,Count 12 space rockets ready for blastoff!,sp_count1.webp,audio_sp7.mp3,1,12,10,14,,🚀,12,,,,,,,
count_objects,PP2-MATH-1.1.1_Outer_Space_Rocket_Launch,Count 15 glowing stars in space!,sp_count2.webp,audio_sp8.mp3,1,15,12,18,,⭐,15,,,,,,,
count_objects,PP2-MATH-1.1.1_Outer_Space_Rocket_Launch,Count 18 space helmets!,sp_count3.webp,audio_sp9.mp3,1,18,16,20,,🪖,18,,,,,,,
speak_repeat,PP2-MATH-1.1.1_Outer_Space_Rocket_Launch,Say out loud clearly: COUNTING TO TWENTY IN OUTER SPACE!,speak_sp1.webp,audio_sp10.mp3,1,Counting To Twenty In Outer Space,,,,,,Counting To Twenty In Outer Space,,,,,,,
speak_repeat,PP2-MATH-1.1.1_Outer_Space_Rocket_Launch,Say out loud clearly: EIGHTEEN NINETEEN TWENTY BLASTOFF!,speak_sp2.webp,audio_sp11.mp3,1,Eighteen Nineteen Twenty Blastoff,,,,,,Eighteen Nineteen Twenty Blastoff,,,,,,,
matching,PP2-MATH-1.1.1_Outer_Space_Rocket_Launch,Match space numbers!,,,1,,,,,,,,15,15,16,16,20,20
matching,PP2-MATH-1.1.1_Outer_Space_Rocket_Launch,Match rocket track spots!,,,1,,,,,,,,12,12,14,14,18,18
multiple_choice,PP2-MATH-1.1.2_Dinosaur_Egg_Count_21_to_40,What number comes after 25 dino eggs?,de_q1.webp,audio_de1.mp3,1,26,24,30,,,1,,,,,,,
multiple_choice,PP2-MATH-1.1.2_Dinosaur_Egg_Count_21_to_40,What number comes right before 30?,de_q2.webp,audio_de2.mp3,1,29,28,31,,,1,,,,,,,
multiple_choice,PP2-MATH-1.1.2_Dinosaur_Egg_Count_21_to_40,Count dino eggs: 31 32 33... what is next?,de_q3.webp,audio_de3.mp3,1,34,30,35,,,1,,,,,,,
multiple_choice,PP2-MATH-1.1.2_Dinosaur_Egg_Count_21_to_40,What number comes after 39?,de_q4.webp,audio_de4.mp3,1,40,38,30,,,1,,,,,,,
multiple_choice,PP1-MATH-1.1.2_Dinosaur_Egg_Count_21_to_40,Which number is bigger: 22 or 35?,de_q5.webp,audio_de5.mp3,1,35,22,20,,,1,,,,,,,
multiple_choice,PP2-MATH-1.1.2_Dinosaur_Egg_Count_21_to_40,What number comes between 26 and 28?,de_q6.webp,audio_de6.mp3,1,27,25,29,,,1,,,,,,,
count_objects,PP2-MATH-1.1.2_Dinosaur_Egg_Count_21_to_40,Count 22 spotted dinosaur eggs!,de_count1.webp,audio_de7.mp3,1,22,20,25,,🥚,22,,,,,,,
count_objects,PP2-MATH-1.1.2_Dinosaur_Egg_Count_21_to_40,Count 30 green dino footprints!,de_count2.webp,audio_de8.mp3,1,30,28,32,,🐾,30,,,,,,,
count_objects,PP2-MATH-1.1.2_Dinosaur_Egg_Count_21_to_40,Count 25 baby dinosaurs!,de_count3.webp,audio_de9.mp3,1,25,22,30,,🦕,25,,,,,,,
speak_repeat,PP2-MATH-1.1.2_Dinosaur_Egg_Count_21_to_40,Say out loud clearly: COUNTING DINOSAUR EGGS UP TO FORTY!,speak_de1.webp,audio_de10.mp3,1,Counting Dinosaur Eggs Up To Forty,,,,,,Counting Dinosaur Eggs Up To Forty,,,,,,,
speak_repeat,PP2-MATH-1.1.2_Dinosaur_Egg_Count_21_to_40,Say out loud clearly: THIRTYEIGHT THIRTYNINE FORTY EGGS!,speak_de2.webp,audio_de11.mp3,1,Thirtyeight Thirtynine Forty Eggs,,,,,,Thirtyeight Thirtynine Forty Eggs,,,,,,,
matching,PP2-MATH-1.1.2_Dinosaur_Egg_Count_21_to_40,Match dino egg counts!,,,1,,,,,,,,25,25,30,30,40,40
matching,PP2-MATH-1.1.2_Dinosaur_Egg_Count_21_to_40,Match dinosaur numbers!,,,1,,,,,,,,21,21,27,27,35,35
multiple_choice,PP2-MATH-1.1.3_Pirate_Treasure_Coins_41_to_60,What number comes after 45 pirate coins?,pt_q1.webp,audio_pt1.mp3,1,46,44,50,,,1,,,,,,,
multiple_choice,PP2-MATH-1.1.3_Pirate_Treasure_Coins_41_to_60,What number comes right before 50?,pt_q2.webp,audio_pt2.mp3,1,49,48,51,,,1,,,,,,,
multiple_choice,PP2-MATH-1.1.3_Pirate_Treasure_Coins_41_to_60,Count pirate coins: 52 53... what comes next?,pt_q3.webp,audio_pt3.mp3,1,54,50,55,,,1,,,,,,,
multiple_choice,PP2-MATH-1.1.3_Pirate_Treasure_Coins_41_to_60,What number comes right after 59?,pt_q4.webp,audio_pt4.mp3,1,60,58,50,,,1,,,,,,,
multiple_choice,PP2-MATH-1.1.3_Pirate_Treasure_Coins_41_to_60,Which number is smaller: 42 or 58?,pt_q5.webp,audio_pt5.mp3,1,42,58,60,,,1,,,,,,,
multiple_choice,PP2-MATH-1.1.3_Pirate_Treasure_Coins_41_to_60,What number is between 46 and 48?,pt_q6.webp,audio_pt6.mp3,1,47,45,49,,,1,,,,,,,
count_objects,PP2-MATH-1.1.3_Pirate_Treasure_Coins_41_to_60,Count 45 golden pirate coins!,pt_count1.webp,audio_pt7.mp3,1,45,40,50,,🪙,45,,,,,,,
count_objects,PP2-MATH-1.1.3_Pirate_Treasure_Coins_41_to_60,Count 50 treasure chests!,pt_count2.webp,audio_pt8.mp3,1,50,45,55,,🏴‍☠️,50,,,,,,,
count_objects,PP2-MATH-1.1.3_Pirate_Treasure_Coins_41_to_60,Count 42 ruby gems!,pt_count3.webp,audio_pt9.mp3,1,42,40,45,,💎,42,,,,,,,
speak_repeat,PP2-MATH-1.1.3_Pirate_Treasure_Coins_41_to_60,Say out loud clearly: PIRATE COIN COUNTING UP TO SIXTY!,speak_pt1.webp,audio_pt10.mp3,1,Pirate Coin Counting Up To Sixty,,,,,,Pirate Coin Counting Up To Sixty,,,,,,,
speak_repeat,PP2-MATH-1.1.3_Pirate_Treasure_Coins_41_to_60,Say out loud clearly: FIFTYEIGHT FIFTYNINE SIXTY COINS!,speak_pt2.webp,audio_pt11.mp3,1,Fiftyeight Fiftynine Sixty Coins,,,,,,Fiftyeight Fiftynine Sixty Coins,,,,,,,
matching,PP2-MATH-1.1.3_Pirate_Treasure_Coins_41_to_60,Match pirate coin counts!,,,1,,,,,,,,45,45,50,50,60,60
matching,PP2-MATH-1.1.3_Pirate_Treasure_Coins_41_to_60,Match treasure map numbers!,,,1,,,,,,,,41,41,48,48,55,55
multiple_choice,PP2-MATH-1.1.4_Circus_Popcorn_Count_61_to_80,What number comes after 65 popcorn buckets?,cp_q1.webp,audio_cp1.mp3,1,66,64,70,,,1,,,,,,,
multiple_choice,PP2-MATH-1.1.4_Circus_Popcorn_Count_61_to_80,What number comes right before 70?,cp_q2.webp,audio_cp2.mp3,1,69,68,71,,,1,,,,,,,
multiple_choice,PP2-MATH-1.1.4_Circus_Popcorn_Count_61_to_80,Count circus buckets: 71 72 73... what is next?,cp_q3.webp,audio_cp3.mp3,1,74,70,75,,,1,,,,,,,
multiple_choice,PP2-MATH-1.1.4_Circus_Popcorn_Count_61_to_80,What number comes right after 79?,cp_q4.webp,audio_cp4.mp3,1,80,78,70,,,1,,,,,,,
multiple_choice,PP2-MATH-1.1.4_Circus_Popcorn_Count_61_to_80,Which number is bigger: 63 or 77?,cp_q5.webp,audio_cp5.mp3,1,77,63,60,,,1,,,,,,,
multiple_choice,PP2-MATH-1.1.4_Circus_Popcorn_Count_61_to_80,What number is between 66 and 68?,cp_q6.webp,audio_cp6.mp3,1,67,65,69,,,1,,,,,,,
count_objects,PP2-MATH-1.1.4_Circus_Popcorn_Count_61_to_80,Count 65 popcorn buckets at the circus!,cp_count1.webp,audio_cp7.mp3,1,65,60,70,,🍿,65,,,,,,,
count_objects,PP2-MATH-1.1.4_Circus_Popcorn_Count_61_to_80,Count 70 circus balloons!,cp_count2.webp,audio_cp8.mp3,1,70,65,75,,🎈,70,,,,,,,
count_objects,PP2-MATH-1.1.4_Circus_Popcorn_Count_61_to_80,Count 62 circus hats!,cp_count3.webp,audio_cp9.mp3,1,62,60,65,,🎪,62,,,,,,,
speak_repeat,PP2-MATH-1.1.4_Circus_Popcorn_Count_61_to_80,Say out loud clearly: CIRCUS POPCORN COUNTING UP TO EIGHTY!,speak_cp1.webp,audio_cp10.mp3,1,Circus Popcorn Counting Up To Eighty,,,,,,Circus Popcorn Counting Up To Eighty,,,,,,,
speak_repeat,PP2-MATH-1.1.4_Circus_Popcorn_Count_61_to_80,Say out loud clearly: SEVENTYEIGHT SEVENTYNINE EIGHTY BUCKETS!,speak_cp2.webp,audio_cp11.mp3,1,Seventyeight Seventyfive Eighty Buckets,,,,,,Seventyeight Seventyfive Eighty Buckets,,,,,,,
matching,PP2-MATH-1.1.4_Circus_Popcorn_Count_61_to_80,Match circus counts!,,,1,,,,,,,,65,65,70,70,80,80
matching,PP2-MATH-1.1.4_Circus_Popcorn_Count_61_to_80,Match carnival numbers!,,,1,,,,,,,,61,61,68,68,75,75
multiple_choice,PP2-MATH-1.1.5_Superhero_Power_Count_81_to_100,What number comes after 85 superhero shields?,spc_q1.webp,audio_sc1.mp3,1,86,84,90,,,1,,,,,,,
multiple_choice,PP2-MATH-1.1.5_Superhero_Power_Count_81_to_100,What number comes right before 90?,spc_q2.webp,audio_sc2.mp3,1,89,88,91,,,1,,,,,,,
multiple_choice,PP2-MATH-1.1.5_Superhero_Power_Count_81_to_100,Count superhero power stars: 91 92 93... what is next?,spc_q3.webp,audio_sc3.mp3,1,94,90,95,,,1,,,,,,,
multiple_choice,PP2-MATH-1.1.5_Superhero_Power_Count_81_to_100,What is the final maximum power number?,spc_q4.webp,audio_sc4.mp3,1,100,99,90,,,1,,,,,,,
multiple_choice,PP2-MATH-1.1.5_Superhero_Power_Count_81_to_100,Which number is smaller: 82 or 98?,spc_q5.webp,audio_sc5.mp3,1,82,98,100,,,1,,,,,,,
multiple_choice,PP2-MATH-1.1.5_Superhero_Power_Count_81_to_100,What number is between 86 and 88?,spc_q6.webp,audio_sc6.mp3,1,87,85,89,,,1,,,,,,,
count_objects,PP2-MATH-1.1.5_Superhero_Power_Count_81_to_100,Count 85 superhero power shields!,spc_count1.webp,audio_sc7.mp3,1,85,80,90,,🛡️,85,,,,,,,
count_objects,PP2-MATH-1.1.5_Superhero_Power_Count_81_to_100,Count 90 superhero star badges!,spc_count2.webp,audio_sc8.mp3,1,90,85,95,,⭐,90,,,,,,,
count_objects,PP2-MATH-1.1.5_Superhero_Power_Count_81_to_100,Count 100 power tokens!,spc_count3.webp,audio_sc9.mp3,1,100,90,95,,⚡,100,,,,,,,
speak_repeat,PP2-MATH-1.1.5_Superhero_Power_Count_81_to_100,Say out loud clearly: SUPERHERO POWER COUNTING UP TO ONE HUNDRED!,speak_sc1.webp,audio_sc10.mp3,1,Superhero Power Counting Up To One Hundred,,,,,,Superhero Power Counting Up To One Hundred,,,,,,,
speak_repeat,PP2-MATH-1.1.5_Superhero_Power_Count_81_to_100,Say out loud clearly: NINETYEIGHT NINETYNINE ONE HUNDRED!,speak_sc2.webp,audio_sc11.mp3,1,Ninetyeight Ninety-nine One Hundred,,,,,,Ninetyeight Ninety-nine One Hundred,,,,,,,
matching,PP2-MATH-1.1.5_Superhero_Power_Count_81_to_100,Match superhero counts!,,,1,,,,,,,,85,85,90,90,100,100
matching,PP2-MATH-1.1.5_Superhero_Power_Count_81_to_100,Match power numbers!,,,1,,,,,,,,81,81,88,88,95,95
multiple_choice,PP2-MATH-1.1.6_Skip_Counting_by_5s_Safari,Skip count by 5s: 5 10 15... what comes next?,sk5_q1.webp,audio_sk1.mp3,1,20,16,18,,,1,,,,,,,
multiple_choice,PP2-MATH-1.1.6_Skip_Counting_by_5s_Safari,Skip count by 5s: 20 25 30... what comes next?,sk5_q2.webp,audio_sk2.mp3,1,35,31,34,,,1,,,,,,,
multiple_choice,PP2-MATH-1.1.6_Skip_Counting_by_5s_Safari,Skip count by 5s: 35 40 45... what comes next?,sk5_q3.webp,audio_sk3.mp3,1,50,46,48,,,1,,,,,,,
multiple_choice,PP2-MATH-1.1.6_Skip_Counting_by_5s_Safari,What is the first number when skip counting by 5s?,sk5_q4.webp,audio_sk4.mp3,1,5,1,0,,,1,,,,,,,
multiple_choice,PP2-MATH-1.1.6_Skip_Counting_by_5s_Safari,When skip counting by 5s, how many do we add each step?,sk5_q5.webp,audio_sk5.mp3,1,5,1,10,,,1,,,,,,,
multiple_choice,PP2-MATH-1.1.6_Skip_Counting_by_5s_Safari,Which number belongs in 5s count: 5 10 15 20...?,sk5_q6.webp,audio_sk6.mp3,1,25,12,17,,,1,,,,,,,
count_objects,PP2-MATH-1.1.6_Skip_Counting_by_5s_Safari,Count 15 safari lions in groups of 5!,sk5_count1.webp,audio_sk7.mp3,1,15,10,20,,🦁,15,,,,,,,
count_objects,PP2-MATH-1.1.6_Skip_Counting_by_5s_Safari,Count 25 safari zebras in groups of 5!,sk5_count2.webp,audio_sk8.mp3,1,25,20,30,,🦓,25,,,,,,,
count_objects,PP2-MATH-1.1.6_Skip_Counting_by_5s_Safari,Count 50 safari trees in groups of 5!,sk5_count3.webp,audio_sk9.mp3,1,50,40,45,,🌴,50,,,,,,,
speak_repeat,PP2-MATH-1.1.6_Skip_Counting_by_5s_Safari,Say out loud clearly: FIVE TEN FIFTEEN TWENTY TWENTYFIVE THIRTY!,speak_sk1.webp,audio_sk10.mp3,1,Five Ten Fifteen Twenty Twenty-five Thirty,,,,,,Five Ten Fifteen Twenty Twenty-five Thirty,,,,,,,
speak_repeat,PP2-MATH-1.1.6_Skip_Counting_by_5s_Safari,Say out loud clearly: SKIP COUNTING BY FIVES ON SAFARI!,speak_sk2.webp,audio_sk11.mp3,1,Skip Counting By Fives On Safari,,,,,,Skip Counting By Fives On Safari,,,,,,,
matching,PP2-MATH-1.1.6_Skip_Counting_by_5s_Safari,Match 5s skip count steps!,,,1,,,,,,,,5 10,15,15 20,25,25 30,35
matching,PP2-MATH-1.1.6_Skip_Counting_by_5s_Safari,Match 5s sequence targets!,,,1,,,,,,,,35,40,40,45,45,50
multiple_choice,PP2-MATH-1.1.7_Skip_Counting_by_10s_Galaxy,Skip count by 10s: 10 20 30... what comes next?,sk10_q1.webp,audio_sg1.mp3,1,40,31,35,,,1,,,,,,,
multiple_choice,PP2-MATH-1.1.7_Skip_Counting_by_10s_Galaxy,Skip count by 10s: 50 60 70... what comes next?,sk10_q2.webp,audio_sg2.mp3,1,80,71,75,,,1,,,,,,,
multiple_choice,PP2-MATH-1.1.7_Skip_Counting_by_10s_Galaxy,Skip count by 10s: 80 90... what is the final step?,sk10_q3.webp,audio_sg3.mp3,1,100,91,95,,,1,,,,,,,
multiple_choice,PP2-MATH-1.1.7_Skip_Counting_by_10s_Galaxy,What is the first number when skip counting by 10s?,sk10_q4.webp,audio_sg4.mp3,1,10,1,5,,,1,,,,,,,
multiple_choice,PP2-MATH-1.1.7_Skip_Counting_by_10s_Galaxy,When skip counting by 10s, how many do we add each step?,sk10_q5.webp,audio_sg5.mp3,1,10,5,1,,,1,,,,,,,
multiple_choice,PP2-MATH-1.1.7_Skip_Counting_by_10s_Galaxy,Which number belongs in 10s count: 10 20 30...?,sk10_q6.webp,audio_sg6.mp3,1,40,25,35,,,1,,,,,,,
count_objects,PP2-MATH-1.1.7_Skip_Counting_by_10s_Galaxy,Count 30 galaxy stars in groups of 10!,sk10_count1.webp,audio_sg7.mp3,1,30,20,40,,⭐,30,,,,,,,
count_objects,PP2-MATH-1.1.7_Skip_Counting_by_10s_Galaxy,Count 50 space rockets in groups of 10!,sk10_count2.webp,audio_sg8.mp3,1,50,40,60,,🚀,50,,,,,,,
count_objects,PP2-MATH-1.1.7_Skip_Counting_by_10s_Galaxy,Count 100 power tokens in groups of 10!,sk10_count3.webp,audio_sg9.mp3,1,100,90,80,,⚡,100,,,,,,,
speak_repeat,PP2-MATH-1.1.7_Skip_Counting_by_10s_Galaxy,Say out loud clearly: TEN TWENTY THIRTY FORTY FIFTY SIXTY SEVENTY EIGHTY NINETY ONE HUNDRED!,speak_sg1.webp,audio_sg10.mp3,1,Ten Twenty Thirty Forty Fifty Sixty Seventy Eighty Ninety One Hundred,,,,,,Ten Twenty Thirty Forty Fifty Sixty Seventy Eighty Ninety One Hundred,,,,,,,
speak_repeat,PP2-MATH-1.1.7_Skip_Counting_by_10s_Galaxy,Say out loud clearly: SKIP COUNTING BY TENS IN THE GALAXY!,speak_sg2.webp,audio_sg11.mp3,1,Skip Counting By Tens In The Galaxy,,,,,,Skip Counting By Tens In The Galaxy,,,,,,,
matching,PP2-MATH-1.1.7_Skip_Counting_by_10s_Galaxy,Match 10s skip count steps!,,,1,,,,,,,,10 20,30,30 40,50,50 60,70
matching,PP2-MATH-1.1.7_Skip_Counting_by_10s_Galaxy,Match 10s sequence targets!,,,1,,,,,,,,70,80,80,90,90,100
multiple_choice,PP2-MATH-1.1.8_Even_vs_Odd_Number_Showdown,Is the number 2 Even or Odd?,eo_q1.webp,audio_eo1.mp3,1,EVEN,ODD,BEFORE,,,1,,,,,,,
multiple_choice,PP2-MATH-1.1.8_Even_vs_Odd_Number_Showdown,Is the number 3 Even or Odd?,eo_q2.webp,audio_eo2.mp3,1,ODD,EVEN,AFTER,,,1,,,,,,,
multiple_choice,PP2-MATH-1.1.8_Even_vs_Odd_Number_Showdown,Numbers that end in 0 2 4 6 8 are...?,eo_q3.webp,audio_eo3.mp3,1,EVEN,ODD,BEFORE,,,1,,,,,,,
multiple_choice,PP2-MATH-1.1.8_Even_vs_Odd_Number_Showdown,Numbers that end in 1 3 5 7 9 are...?,eo_q4.webp,audio_eo4.mp3,1,ODD,EVEN,AFTER,,,1,,,,,,,
multiple_choice,PP2-MATH-1.1.8_Even_vs_Odd_Number_Showdown,Is 10 an Even or Odd number?,eo_q5.webp,audio_eo5.mp3,1,EVEN,ODD,BEFORE,,,1,,,,,,,
multiple_choice,PP2-MATH-1.1.8_Even_vs_Odd_Number_Showdown,Is 7 an Even or Odd number?,eo_q6.webp,audio_eo6.mp3,1,ODD,EVEN,AFTER,,,1,,,,,,,
count_objects,PP2-MATH-1.1.8_Even_vs_Odd_Number_Showdown,Count 4 EVEN pair items!,eo_count1.webp,audio_eo7.mp3,1,4,3,5,,👟,4,,,,,,,
count_objects,PP2-MATH-1.1.8_Even_vs_Odd_Number_Showdown,Count 5 ODD items with one left over!,eo_count2.webp,audio_eo8.mp3,1,5,4,6,,🍎,5,,,,,,,
count_objects,PP2-MATH-1.1.8_Even_vs_Odd_Number_Showdown,Count 6 EVEN pair blocks!,eo_count3.webp,audio_eo9.mp3,1,6,5,7,,🧱,6,,,,,,,
speak_repeat,PP2-MATH-1.1.8_Even_vs_Odd_Number_Showdown,Say out loud clearly: EVEN NUMBERS PAIR UP EVEN AND NEAT!,speak_eo1.webp,audio_eo10.mp3,1,Even Numbers Pair Up Even And Neat,,,,,,Even Numbers Pair Up Even And Neat,,,,,,,
speak_repeat,PP2-MATH-1.1.8_Even_vs_Odd_Number_Showdown,Say out loud clearly: ODD NUMBERS ALWAYS HAVE ONE LEFT OVER!,speak_eo2.webp,audio_eo11.mp3,1,Odd Numbers Always Have One Left Over,,,,,,Odd Numbers Always Have One Left Over,,,,,,,
matching,PP2-MATH-1.1.8_Even_vs_Odd_Number_Showdown,Match EVEN numbers!,,,1,,,,,,,,2,EVEN,4,EVEN,6,EVEN
matching,PP2-MATH-1.1.8_Even_vs_Odd_Number_Showdown,Match ODD numbers!,,,1,,,,,,,,1,ODD,3,ODD,5,ODD
multiple_choice,PP2-MATH-1.1.9_Before_After_Number_Line_0_to_100,What number comes BEFORE 50 on the number line?,nl100_q1.webp,audio_nl1.mp3,1,49,51,52,,,1,,,,,,,
multiple_choice,PP2-MATH-1.1.9_Before_After_Number_Line_0_to_100,What number comes AFTER 75 on the number line?,nl100_q2.webp,audio_nl2.mp3,1,76,74,70,,,1,,,,,,,
multiple_choice,PP2-MATH-1.1.9_Before_After_Number_Line_0_to_100,What number comes BETWEEN 88 and 90?,nl100_q3.webp,audio_nl3.mp3,1,89,87,91,,,1,,,,,,,
multiple_choice,PP2-MATH-1.1.9_Before_After_Number_Line_0_to_100,What number comes BEFORE 100?,nl100_q4.webp,audio_nl4.mp3,1,99,98,90,,,1,,,,,,,
multiple_choice,PP2-MATH-1.1.9_Before_After_Number_Line_0_to_100,What number comes AFTER 30?,nl100_q5.webp,audio_nl5.mp3,1,31,29,32,,,1,,,,,,,
multiple_choice,PP2-MATH-1.1.9_Before_After_Number_Line_0_to_100,What number comes BETWEEN 14 and 16?,nl100_q6.webp,audio_nl6.mp3,1,15,13,17,,,1,,,,,,,
count_objects,PP2-MATH-1.1.9_Before_After_Number_Line_0_to_100,Count 10 number line markers moving forward!,nl100_count1.webp,audio_nl7.mp3,1,10,8,12,,🚩,10,,,,,,,
count_objects,PP2-MATH-1.1.9_Before_After_Number_Line_0_to_100,Count 20 steps along the hundred line!,nl100_count2.webp,audio_nl8.mp3,1,20,18,22,,🐾,20,,,,,,,
count_objects,PP2-MATH-1.1.9_Before_After_Number_Line_0_to_100,Count 15 track posts!,nl100_count3.webp,audio_nl9.mp3,1,15,12,18,,📍,15,,,,,,,
speak_repeat,PP2-MATH-1.1.9_Before_After_Number_Line_0_to_100,Say out loud clearly: BEFORE AFTER AND BETWEEN ON THE NUMBER LINE!,speak_nl1.webp,audio_nl10.mp3,1,Before After And Between On The Number Line,,,,,,Before After And Between On The Number Line,,,,,,,
speak_repeat,PP2-MATH-1.1.9_Before_After_Number_Line_0_to_100,Say out loud clearly: FORTYNINE COMES BEFORE FIFTY!,speak_nl2.webp,audio_nl11.mp3,1,Fortynine Comes Before Fifty,,,,,,Fortynine Comes Before Fifty,,,,,,,
matching,PP2-MATH-1.1.9_Before_After_Number_Line_0_to_100,Match BEFORE numbers!,,,1,,,,,,,,Before 50,49,Before 80,79,Before 100,99
matching,PP2-MATH-1.1.9_Before_After_Number_Line_0_to_100,Match AFTER numbers!,,,1,,,,,,,,After 20,21,After 60,61,After 90,91
multiple_choice,PP2-MATH-1.1.10_Numbers_0_to_100_Grand_Master,What number comes right after 99?,gm100_q1.webp,audio_gm1.mp3,1,100,98,90,,,1,,,,,,,
multiple_choice,PP2-MATH-1.1.10_Numbers_0_to_100_Grand_Master,Skip count by 10s: 10 20 30 40 50... what is next?,gm100_q2.webp,audio_gm2.mp3,1,60,55,70,,,1,,,,,,,
multiple_choice,PP2-MATH-1.1.10_Numbers_0_to_100_Grand_Master,Skip count by 5s: 5 10 15 20... what is next?,gm100_q3.webp,audio_gm3.mp3,1,25,21,30,,,1,,,,,,,
multiple_choice,PP2-MATH-1.1.10_Numbers_0_to_100_Grand_Master,Is 12 an EVEN or ODD number?,gm100_q4.webp,audio_gm4.mp3,1,EVEN,ODD,BEFORE,,,1,,,,,,,
multiple_choice,PP2-MATH-1.1.10_Numbers_0_to_100_Grand_Master,Is 15 an EVEN or ODD number?,gm100_q5.webp,audio_gm5.mp3,1,ODD,EVEN,AFTER,,,1,,,,,,,
multiple_choice,PP2-MATH-1.1.10_Numbers_0_to_100_Grand_Master,What number is between 49 and 51?,gm100_q6.webp,audio_gm6.mp3,1,50,48,52,,,1,,,,,,,
count_objects,PP2-MATH-1.1.10_Numbers_0_to_100_Grand_Master,Count 100 grand master star tokens!,gm100_count1.webp,audio_gm7.mp3,1,100,90,95,,⭐,100,,,,,,,
count_objects,PP2-MATH-1.1.10_Numbers_0_to_100_Grand_Master,Count 50 golden trophy cups!,gm100_count2.webp,audio_gm8.mp3,1,50,40,45,,🏆,50,,,,,,,
count_objects,PP2-MATH-1.1.10_Numbers_0_to_100_Grand_Master,Count 25 master winner medals!,gm100_count3.webp,audio_gm9.mp3,1,25,20,30,,🥇,25,,,,,,,
speak_repeat,PP2-MATH-1.1.10_Numbers_0_to_100_Grand_Master,Say out loud clearly: I AM A NUMBERS ZERO TO ONE HUNDRED GRAND MASTER!,speak_gm1.webp,audio_gm10.mp3,1,I Am A Numbers Zero To One Hundred Grand Master,,,,,,I Am A Numbers Zero To One Hundred Grand Master,,,,,,,
speak_repeat,PP2-MATH-1.1.10_Numbers_0_to_100_Grand_Master,Say out loud clearly: I CAN COUNT SKIP COUNT AND IDENTIFY EVEN AND ODD!,speak_gm2.webp,audio_gm11.mp3,1,I Can Count Skip Count And Identify Even And Odd,,,,,,I Can Count Skip Count And Identify Even And Odd,,,,,,,
matching,PP2-MATH-1.1.10_Numbers_0_to_100_Grand_Master,Match grand master counts!,,,1,,,,,,,,50,50,75,75,100,100
matching,PP2-MATH-1.1.10_Numbers_0_to_100_Grand_Master,Match grand master concepts!,,,1,,,,,,,,2,EVEN,3,ODD,100,CENTURY
multiple_choice,PP2-MATH-2.1.11_Addition_Sums_up_to_20_Safari,12 safari lions plus 5 safari lions equals how many?,add20_q1.webp,audio_a1.mp3,1,17,15,18,,,1,,,,,,,
multiple_choice,PP2-MATH-2.1.11_Addition_Sums_up_to_20_Safari,14 zebras plus 3 zebras equals...?,add20_q2.webp,audio_a2.mp3,1,17,16,18,,,1,,,,,,,
multiple_choice,PP2-MATH-2.1.11_Addition_Sums_up_to_20_Safari,10 giraffes plus 6 giraffes equals...?,add20_q3.webp,audio_a3.mp3,1,16,14,15,,,1,,,,,,,
multiple_choice,PP2-MATH-2.1.11_Addition_Sums_up_to_20_Safari,11 elephants plus 4 elephants equals...?,add20_q4.webp,audio_a4.mp3,1,15,12,14,,,1,,,,,,,
multiple_choice,PP2-MATH-2.1.11_Addition_Sums_up_to_20_Safari,13 rhinos plus 5 rhinos equals...?,add20_q5.webp,audio_a5.mp3,1,18,17,19,,,1,,,,,,,
multiple_choice,PP2-MATH-2.1.11_Addition_Sums_up_to_20_Safari,15 hippos plus 5 hippos equals...?,add20_q6.webp,audio_a6.mp3,1,20,18,19,,,1,,,,,,,
count_objects,PP2-MATH-2.1.11_Addition_Sums_up_to_20_Safari,Count 17 total safari lions!,add20_count1.webp,audio_a7.mp3,1,17,15,18,,🦁,17,,,,,,,
count_objects,PP2-MATH-2.1.11_Addition_Sums_up_to_20_Safari,Count 16 total giraffes in herd!,add20_count2.webp,audio_a8.mp3,1,16,14,15,,🦒,16,,,,,,,
count_objects,PP2-MATH-2.1.11_Addition_Sums_up_to_20_Safari,Count 20 total zebras on plain!,add20_count3.webp,audio_a9.mp3,1,20,18,19,,🦓,20,,,,,,,
speak_repeat,PP2-MATH-2.1.11_Addition_Sums_up_to_20_Safari,Say out loud clearly: TWELVE PLUS FIVE EQUALS SEVENTEEN!,speak_a1.webp,audio_a10.mp3,1,Twelve Plus Five Equals Seventeen,,,,,,Twelve Plus Five Equals Seventeen,,,,,,,
speak_repeat,PP2-MATH-2.1.11_Addition_Sums_up_to_20_Safari,Say out loud clearly: FIFTEEN PLUS FIVE EQUALS TWENTY SAFARI ANIMALS!,speak_a2.webp,audio_a11.mp3,1,Fifteen Plus Five Equals Twenty Safari Animals,,,,,,Fifteen Plus Five Equals Twenty Safari Animals,,,,,,,
matching,PP2-MATH-2.1.11_Addition_Sums_up_to_20_Safari,Match addition equations up to 20!,,,1,,,,,,,,12+5,17,14+3,17,10+6,16
matching,PP2-MATH-2.1.11_Addition_Sums_up_to_20_Safari,Match safari addition sums!,,,1,,,,,,,,11+4,15,13+5,18,15+5,20
multiple_choice,PP2-MATH-2.1.12_Addition_Vertical_Column_Sums,What is vertical sum: 10 over 4 added together?,vadd_q1.webp,audio_va1.mp3,1,14,12,15,,,1,,,,,,,
multiple_choice,PP2-MATH-2.1.12_Addition_Vertical_Column_Sums,What is vertical sum: 12 over 6 added together?,vadd_q2.webp,audio_va2.mp3,1,18,16,17,,,1,,,,,,,
multiple_choice,PP2-MATH-2.1.12_Addition_Vertical_Column_Sums,What is vertical sum: 11 over 8 added together?,vadd_q3.webp,audio_va3.mp3,1,19,17,20,,,1,,,,,,,
multiple_choice,PP2-MATH-2.1.12_Addition_Vertical_Column_Sums,What is vertical sum: 15 over 3 added together?,vadd_q4.webp,audio_va4.mp3,1,18,15,19,,,1,,,,,,,
multiple_choice,PP2-MATH-2.1.12_Addition_Vertical_Column_Sums,What is vertical sum: 14 over 5 added together?,vadd_q5.webp,audio_va5.mp3,1,19,18,20,,,1,,,,,,,
multiple_choice,PP2-MATH-2.1.12_Addition_Vertical_Column_Sums,What is vertical sum: 10 over 10 added together?,vadd_q6.webp,audio_va6.mp3,1,20,10,15,,,1,,,,,,,
count_objects,PP2-MATH-2.1.12_Addition_Vertical_Column_Sums,Count 14 column addition blocks!,vadd_count1.webp,audio_va7.mp3,1,14,12,15,,🧱,14,,,,,,,
count_objects,PP2-MATH-2.1.12_Addition_Vertical_Column_Sums,Count 18 vertical math cards!,vadd_count2.webp,audio_va8.mp3,1,18,16,19,,🃏,18,,,,,,,
count_objects,PP2-MATH-2.1.12_Addition_Vertical_Column_Sums,Count 19 vertical star tokens!,vadd_count3.webp,audio_va9.mp3,1,19,17,20,,⭐,19,,,,,,,
speak_repeat,PP2-MATH-2.1.12_Addition_Vertical_Column_Sums,Say out loud clearly: VERTICAL COLUMN ADDITION SUMS UP TO TWENTY!,speak_va1.webp,audio_va10.mp3,1,Vertical Column Addition Sums Up To Twenty,,,,,,Vertical Column Addition Sums Up To Twenty,,,,,,,
speak_repeat,PP2-MATH-2.1.12_Addition_Vertical_Column_Sums,Say out loud clearly: ADD ONES THEN TEN IN COLUMN ADDITION!,speak_va2.webp,audio_va11.mp3,1,Add Ones Then Ten In Column Addition,,,,,,Add Ones Then Ten In Column Addition,,,,,,,
matching,PP2-MATH-2.1.12_Addition_Vertical_Column_Sums,Match vertical addition columns!,,,1,,,,,,,,10+4,14,12+6,18,11+8,19
matching,PP2-MATH-2.1.12_Addition_Vertical_Column_Sums,Match column addition sums!,,,1,,,,,,,,15+3,18,14+5,19,10+10,20
multiple_choice,PP2-MATH-2.1.13_Addition_Combining_3_Numbers,Combine 2 plus 3 plus 4. What is the total sum?,add3_q1.webp,audio_a31.mp3,1,9,7,8,,,1,,,,,,,
multiple_choice,PP2-MATH-2.1.13_Addition_Combining_3_Numbers,Combine 5 plus 2 plus 3. What is the total sum?,add3_q2.webp,audio_a32.mp3,1,10,8,9,,,1,,,,,,,
multiple_choice,PP2-MATH-2.1.13_Addition_Combining_3_Numbers,Combine 4 plus 4 plus 4. Total sum?,add3_q3.webp,audio_a33.mp3,1,12,10,14,,,1,,,,,,,
multiple_choice,PP2-MATH-2.1.13_Addition_Combining_3_Numbers,Combine 6 plus 1 plus 5. Total sum?,add3_q4.webp,audio_a34.mp3,1,12,11,13,,,1,,,,,,,
multiple_choice,PP2-MATH-2.1.13_Addition_Combining_3_Numbers,Combine 3 plus 3 plus 3. Total sum?,add3_q5.webp,audio_a35.mp3,1,9,6,10,,,1,,,,,,,
multiple_choice,PP2-MATH-2.1.13_Addition_Combining_3_Numbers,Combine 7 plus 2 plus 1. Total sum?,add3_q6.webp,audio_a36.mp3,1,10,9,11,,,1,,,,,,,
count_objects,PP2-MATH-2.1.13_Addition_Combining_3_Numbers,Count 9 total items combined from 3 sets!,add3_count1.webp,audio_a37.mp3,1,9,7,10,,🍎,9,,,,,,,
count_objects,PP2-MATH-2.1.13_Addition_Combining_3_Numbers,Count 10 total star tokens combined!,add3_count2.webp,audio_a38.mp3,1,10,8,12,,⭐,10,,,,,,,
count_objects,PP2-MATH-2.1.13_Addition_Combining_3_Numbers,Count 12 total blocks combined!,add3_count3.webp,audio_a39.mp3,1,12,10,14,,🧱,12,,,,,,,
speak_repeat,PP2-MATH-2.1.13_Addition_Combining_3_Numbers,Say out loud clearly: TWO PLUS THREE PLUS FOUR EQUALS NINE!,speak_a31.webp,audio_a310.mp3,1,Two Plus Three Plus Four Equals Nine,,,,,,Two Plus Three Plus Four Equals Nine,,,,,,,
speak_repeat,PP2-MATH-2.1.13_Addition_Combining_3_Numbers,Say out loud clearly: COMBINING THREE NUMBERS MAKES A BIG TOTAL!,speak_a32.webp,audio_a311.mp3,1,Combining Three Numbers Makes A Big Total,,,,,,Combining Three Numbers Makes A Big Total,,,,,,,
matching,PP2-MATH-2.1.13_Addition_Combining_3_Numbers,Match 3-number addition sets!,,,1,,,,,,,,2+3+4,9,5+2+3,10,4+4+4,12
matching,PP2-MATH-2.1.13_Addition_Combining_3_Numbers,Match 3-number addition sums!,,,1,,,,,,,,6+1+5,12,3+3+3,9,7+2+1,10
multiple_choice,PP2-MATH-2.1.14_Subtraction_Take_Away_Sums_to_10,You have 8 apples and take away 3. How many left?,sub10_q1.webp,audio_s1.mp3,1,5,3,4,,,1,,,,,,,
multiple_choice,PP2-MATH-2.1.14_Subtraction_Take_Away_Sums_to_10,What is 10 take away 4?,sub10_q2.webp,audio_s2.mp3,1,6,4,5,,,1,,,,,,,
multiple_choice,PP2-MATH-2.1.14_Subtraction_Take_Away_Sums_to_10,You have 7 birds and 2 fly away. How many left?,sub10_q3.webp,audio_s3.mp3,1,5,4,6,,,1,,,,,,,
multiple_choice,PP2-MATH-2.1.14_Subtraction_Take_Away_Sums_to_10,What is 9 take away 5?,sub10_q4.webp,audio_s4.mp3,1,4,5,3,,,1,,,,,,,
multiple_choice,PP2-MATH-2.1.14_Subtraction_Take_Away_Sums_to_10,You have 6 cars and take away 1. How many left?,sub10_q5.webp,audio_s5.mp3,1,5,6,4,,,1,,,,,,,
multiple_choice,PP2-MATH-2.1.14_Subtraction_Take_Away_Sums_to_10,What is 5 take away 5?,sub10_q6.webp,audio_s6.mp3,1,0,5,1,,,1,,,,,,,
count_objects,PP2-MATH-2.1.14_Subtraction_Take_Away_Sums_to_10,Count 5 apples left after taking away 3!,sub10_count1.webp,audio_s7.mp3,1,5,3,4,,🍎,5,,,,,,,
count_objects,PP2-MATH-2.1.14_Subtraction_Take_Away_Sums_to_10,Count 6 birds left on tree!,sub10_count2.webp,audio_s8.mp3,1,6,4,5,,🐦,6,,,,,,,
count_objects,PP2-MATH-2.1.14_Subtraction_Take_Away_Sums_to_10,Count 4 remaining toy cars!,sub10_count3.webp,audio_s9.mp3,1,4,2,5,,🚗,4,,,,,,,
speak_repeat,PP2-MATH-2.1.14_Subtraction_Take_Away_Sums_to_10,Say out loud clearly: EIGHT TAKE AWAY THREE EQUALS FIVE!,speak_s1.webp,audio_s10.mp3,1,Eight Take Away Three Equals Five,,,,,,Eight Take Away Three Equals Five,,,,,,,
speak_repeat,PP2-MATH-2.1.14_Subtraction_Take_Away_Sums_to_10,Say out loud clearly: SUBTRACTION MEANS TAKING AWAY FROM TOTAL!,speak_s2.webp,audio_s11.mp3,1,Subtraction Means Taking Away From Total,,,,,,Subtraction Means Taking Away From Total,,,,,,,
matching,PP2-MATH-2.1.14_Subtraction_Take_Away_Sums_to_10,Match subtraction equations up to 10!,,,1,,,,,,,,8-3,5,10-4,6,7-2,5
matching,PP2-MATH-2.1.14_Subtraction_Take_Away_Sums_to_10,Match subtraction sums!,,,1,,,,,,,,9-5,4,6-1,5,5-5,0
multiple_choice,PP2-MATH-2.1.15_Subtraction_Take_Away_Sums_to_20,15 lion cubs. 5 walk away. How many left?,sub20_q1.webp,audio_s21.mp3,1,10,15,5,,,1,,,,,,,
multiple_choice,PP2-MATH-2.1.15_Subtraction_Take_Away_Sums_to_20,What is 18 take away 6?,sub20_q2.webp,audio_s22.mp3,1,12,10,14,,,1,,,,,,,
multiple_choice,PP2-MATH-2.1.15_Subtraction_Take_Away_Sums_to_20,20 zebras in herd. 8 run over hill. How many left?,sub20_q3.webp,audio_s23.mp3,1,12,10,15,,,1,,,,,,,
multiple_choice,PP2-MATH-2.1.15_Subtraction_Take_Away_Sums_to_20,What is 16 take away 4?,sub20_q4.webp,audio_s24.mp3,1,12,14,10,,,1,,,,,,,
multiple_choice,PP2-MATH-2.1.15_Subtraction_Take_Away_Sums_to_20,19 birds on tree. 9 fly away. How many left?,sub20_q5.webp,audio_s25.mp3,1,10,9,11,,,1,,,,,,,
multiple_choice,PP2-MATH-2.1.15_Subtraction_Take_Away_Sums_to_20,What is 17 take away 7?,sub20_q6.webp,audio_s26.mp3,1,10,7,12,,,1,,,,,,,
count_objects,PP2-MATH-2.1.15_Subtraction_Take_Away_Sums_to_20,Count 10 lions left in the pride!,sub20_count1.webp,audio_s27.mp3,1,10,8,12,,🦁,10,,,,,,,
count_objects,PP2-MATH-2.1.15_Subtraction_Take_Away_Sums_to_20,Count 12 zebras remaining!,sub20_count2.webp,audio_s28.mp3,1,12,10,14,,🦓,12,,,,,,,
count_objects,PP2-MATH-2.1.15_Subtraction_Take_Away_Sums_to_20,Count 10 birds remaining on branch!,sub20_count3.webp,audio_s29.mp3,1,10,9,11,,🐦,10,,,,,,,
speak_repeat,PP2-MATH-2.1.15_Subtraction_Take_Away_Sums_to_20,Say out loud clearly: FIFTEEN TAKE AWAY FIVE EQUALS TEN!,speak_s21.webp,audio_s210.mp3,1,Fifteen Take Away Five Equals Ten,,,,,,Fifteen Take Away Five Equals Ten,,,,,,,
speak_repeat,PP2-MATH-2.1.15_Subtraction_Take_Away_Sums_to_20,Say out loud clearly: EIGHTEEN TAKE AWAY SIX EQUALS TWELVE!,speak_s22.webp,audio_s211.mp3,1,Eighteen Take Away Six Equals Twelve,,,,,,Eighteen Take Away Six Equals Twelve,,,,,,,
matching,PP2-MATH-2.1.15_Subtraction_Take_Away_Sums_to_20,Match subtraction equations up to 20!,,,1,,,,,,,,15-5,10,18-6,12,20-8,12
matching,PP2-MATH-2.1.15_Subtraction_Take_Away_Sums_to_20,Match subtraction 20 sums!,,,1,,,,,,,,16-4,12,19-9,10,17-7,10
multiple_choice,PP2-MATH-2.1.16_Subtraction_Word_Story_Problems,Leo has 12 apples. He gives 4 to Pam. How many left?,ssp_q1.webp,audio_st1.mp3,1,8,12,4,,,1,,,,,,,
multiple_choice,PP2-MATH-2.1.16_Subtraction_Word_Story_Problems,15 birds on a fence. 5 fly away. How many remain?,ssp_q2.webp,audio_st2.mp3,1,10,15,5,,,1,,,,,,,
multiple_choice,PP2-MATH-2.1.16_Subtraction_Word_Story_Problems,Sam has 10 balloons. 3 pop! How many left?,ssp_q3.webp,audio_st3.mp3,1,7,10,3,,,1,,,,,,,
multiple_choice,PP2-MATH-2.1.16_Subtraction_Word_Story_Problems,14 fish in pond. 4 swim into cave. How many left?,ssp_q4.webp,audio_st4.mp3,1,10,14,4,,,1,,,,,,,
multiple_choice,PP2-MATH-2.1.16_Subtraction_Word_Story_Problems,16 toy cars in box. 6 are taken out. How many inside?,ssp_q5.webp,audio_st5.mp3,1,10,16,6,,,1,,,,,,,
multiple_choice,PP2-MATH-2.1.16_Subtraction_Word_Story_Problems,20 cookies on plate. 10 eaten. How many left?,ssp_q6.webp,audio_st6.mp3,1,10,20,5,,,1,,,,,,,
count_objects,PP2-MATH-2.1.16_Subtraction_Word_Story_Problems,Count 8 remaining story apples!,ssp_count1.webp,audio_st7.mp3,1,8,6,10,,🍎,8,,,,,,,
count_objects,PP2-MATH-2.1.16_Subtraction_Word_Story_Problems,Count 10 remaining story birds!,ssp_count2.webp,audio_st8.mp3,1,10,8,12,,🐦,10,,,,,,,
count_objects,PP2-MATH-2.1.16_Subtraction_Word_Story_Problems,Count 7 remaining story balloons!,ssp_count3.webp,audio_st9.mp3,1,7,5,8,,🎈,7,,,,,,,
speak_repeat,PP2-MATH-2.1.16_Subtraction_Word_Story_Problems,Say out loud clearly: TWELVE APPLES TAKE AWAY FOUR LEAVES EIGHT!,speak_st1.webp,audio_st10.mp3,1,Twelve Apples Take Away Four Leaves Eight,,,,,,Twelve Apples Take Away Four Leaves Eight,,,,,,,
speak_repeat,PP2-MATH-2.1.16_Subtraction_Word_Story_Problems,Say out loud clearly: SUBTRACTION STORIES SOLVE HOW MANY REMAIN!,speak_st2.webp,audio_st11.mp3,1,Subtraction Stories Solve How Many Remain,,,,,,Subtraction Stories Solve How Many Remain,,,,,,,
matching,PP2-MATH-2.1.16_Subtraction_Word_Story_Problems,Match story subtraction problems!,,,1,,,,,,,,12-4,8,15-5,10,10-3,7
matching,PP2-MATH-2.1.16_Subtraction_Word_Story_Problems,Match story subtraction results!,,,1,,,,,,,,14-4,10,16-6,10,20-10,10
multiple_choice,PP2-MATH-2.1.17_Addition_and_Subtraction_Mix,What is 6 plus 4?,mix_q1.webp,audio_m1.mp3,1,10,8,2,,,1,,,,,,,
multiple_choice,PP2-MATH-2.1.17_Addition_and_Subtraction_Mix,What is 10 take away 4?,mix_q2.webp,audio_m2.mp3,1,6,10,4,,,1,,,,,,,
multiple_choice,PP2-MATH-2.1.17_Addition_and_Subtraction_Mix,What is 12 plus 3?,mix_q3.webp,audio_m3.mp3,1,15,12,9,,,1,,,,,,,
multiple_choice,PP2-MATH-2.1.17_Addition_and_Subtraction_Mix,What is 15 take away 3?,mix_q4.webp,audio_m4.mp3,1,12,15,18,,,1,,,,,,,
multiple_choice,PP2-MATH-2.1.17_Addition_and_Subtraction_Mix,Addition puts together and subtraction takes...?,mix_q5.webp,audio_m5.mp3,1,AWAY,MORE,SAME,,,1,,,,,,,
multiple_choice,PP2-MATH-2.1.17_Addition_and_Subtraction_Mix,Which sign means addition: plus or minus?,mix_q6.webp,audio_m6.mp3,1,PLUS,MINUS,EQUAL,,,1,,,,,,,
count_objects,PP2-MATH-2.1.17_Addition_and_Subtraction_Mix,Count 10 items in addition sum!,mix_count1.webp,audio_m7.mp3,1,10,8,12,,🍎,10,,,,,,,
count_objects,PP2-MATH-2.1.17_Addition_and_Subtraction_Mix,Count 6 items left in subtraction!,mix_count2.webp,audio_m8.mp3,1,6,4,8,,🍏,6,,,,,,,
count_objects,PP2-MATH-2.1.17_Addition_and_Subtraction_Mix,Count 15 combined math tokens!,mix_count3.webp,audio_m9.mp3,1,15,12,18,,⭐,15,,,,,,,
speak_repeat,PP2-MATH-2.1.17_Addition_and_Subtraction_Mix,Say out loud clearly: PLUS MEANS ADD AND MINUS MEANS TAKE AWAY!,speak_m1.webp,audio_m10.mp3,1,Plus Means Add And Minus Means Take Away,,,,,,Plus Means Add And Minus Means Take Away,,,,,,,
speak_repeat,PP2-MATH-2.1.17_Addition_and_Subtraction_Mix,Say out loud clearly: ADDITION AND SUBTRACTION MATH MIX!,speak_m2.webp,audio_m11.mp3,1,Addition And Subtraction Math Mix,,,,,,Addition And Subtraction Math Mix,,,,,,,
matching,PP2-MATH-2.1.17_Addition_and_Subtraction_Mix,Match math signs and operations!,,,1,,,,,,,,Plus +,ADD,Minus -,SUBTRACT,Equal =,SAME
matching,PP2-MATH-2.1.17_Addition_and_Subtraction_Mix,Match mixed equation results!,,,1,,,,,,,,6+4,10,10-4,6,12+3,15
multiple_choice,PP2-MATH-2.1.18_Number_Bonds_Friends_of_10_and_20,What number pairs with 6 to make Friend of 10?,nb_q1.webp,audio_nb1.mp3,1,4,6,5,,,1,,,,,,,
multiple_choice,PP2-MATH-2.1.18_Number_Bonds_Friends_of_10_and_20,What number pairs with 7 to make Friend of 10?,nb_q2.webp,audio_nb2.mp3,1,3,7,2,,,1,,,,,,,
multiple_choice,PP2-MATH-2.1.18_Number_Bonds_Friends_of_10_and_20,What number pairs with 5 to make Friend of 10?,nb_q3.webp,audio_nb3.mp3,1,5,0,10,,,1,,,,,,,
multiple_choice,PP2-MATH-2.1.18_Number_Bonds_Friends_of_10_and_20,What number pairs with 15 to make Friend of 20?,nb_q4.webp,audio_nb4.mp3,1,5,15,10,,,1,,,,,,,
multiple_choice,PP2-MATH-2.1.18_Number_Bonds_Friends_of_10_and_20,What number pairs with 12 to make Friend of 20?,nb_q5.webp,audio_nb5.mp3,1,8,2,10,,,1,,,,,,,
multiple_choice,PP1-MATH-2.1.18_Number_Bonds_Friends_of_10_and_20,What number pairs with 10 to make Friend of 20?,nb_q6.webp,audio_nb6.mp3,1,10,5,15,,,1,,,,,,,
count_objects,PP2-MATH-2.1.18_Number_Bonds_Friends_of_10_and_20,Count 10 pair tokens making Friend of 10!,nb_count1.webp,audio_nb7.mp3,1,10,8,12,,🟡,10,,,,,,,
count_objects,PP2-MATH-2.1.18_Number_Bonds_Friends_of_10_and_20,Count 20 pair tokens making Friend of 20!,nb_count2.webp,audio_nb8.mp3,1,20,18,22,,🔵,20,,,,,,,
count_objects,PP2-MATH-2.1.18_Number_Bonds_Friends_of_10_and_20,Count 5 missing friend tokens!,nb_count3.webp,audio_nb9.mp3,1,5,3,4,,🔴,5,,,,,,,
speak_repeat,PP2-MATH-2.1.18_Number_Bonds_Friends_of_10_and_20,Say out loud clearly: SIX AND FOUR ARE FRIENDS OF TEN!,speak_nb1.webp,audio_nb10.mp3,1,Six And Four Are Friends Of Ten,,,,,,Six And Four Are Friends Of Ten,,,,,,,
speak_repeat,PP2-MATH-2.1.18_Number_Bonds_Friends_of_10_and_20,Say out loud clearly: FIFTEEN AND FIVE ARE FRIENDS OF TWENTY!,speak_nb2.webp,audio_nb11.mp3,1,Fifteen And Five Are Friends Of Twenty,,,,,,Fifteen And Five Are Friends Of Twenty,,,,,,,
matching,PP2-MATH-2.1.18_Number_Bonds_Friends_of_10_and_20,Match Friends of 10!,,,1,,,,,,,,6+4,10,7+3,10,5+5,10
matching,PP2-MATH-2.1.18_Number_Bonds_Friends_of_10_and_20,Match Friends of 20!,,,1,,,,,,,,15+5,20,12+8,20,10+10,20
multiple_choice,PP2-MATH-2.1.19_Missing_Number_in_Equations,What missing number completes equation: 5 + ? = 12,me_q1.webp,audio_m1.mp3,1,7,5,12,,,1,,,,,,,
multiple_choice,PP2-MATH-2.1.19_Missing_Number_in_Equations,What missing number completes equation: 8 + ? = 15,me_q2.webp,audio_m2.mp3,1,7,8,15,,,1,,,,,,,
multiple_choice,PP2-MATH-2.1.19_Missing_Number_in_Equations,What missing number completes equation: 10 + ? = 18,me_q3.webp,audio_m3.mp3,1,8,10,18,,,1,,,,,,,
multiple_choice,PP2-MATH-2.1.19_Missing_Number_in_Equations,What missing number completes equation: 14 - ? = 10,me_q4.webp,audio_m4.mp3,1,4,14,10,,,1,,,,,,,
multiple_choice,PP2-MATH-2.1.19_Missing_Number_in_Equations,What missing number completes equation: 20 - ? = 15,me_q5.webp,audio_m5.mp3,1,5,10,15,,,1,,,,,,,
multiple_choice,PP2-MATH-2.1.19_Missing_Number_in_Equations,What missing number completes equation: ? + 6 = 10,me_q6.webp,audio_m6.mp3,1,4,6,10,,,1,,,,,,,
count_objects,PP2-MATH-2.1.19_Missing_Number_in_Equations,Count 7 missing puzzle blocks!,me_count1.webp,audio_m7.mp3,1,7,5,8,,🧩,7,,,,,,,
count_objects,PP2-MATH-2.1.19_Missing_Number_in_Equations,Count 8 missing number tokens!,me_count2.webp,audio_m8.mp3,1,8,6,9,,🟡,8,,,,,,,
count_objects,PP2-MATH-2.1.19_Missing_Number_in_Equations,Count 4 target equation keys!,me_count3.webp,audio_m9.mp3,1,4,2,5,,🔑,4,,,,,,,
speak_repeat,PP2-MATH-2.1.19_Missing_Number_in_Equations,Say out loud clearly: FIVE PLUS SEVEN EQUALS TWELVE!,speak_m1.webp,audio_m10.mp3,1,Five Plus Seven Equals Twelve,,,,,,Five Plus Seven Equals Twelve,,,,,,,
speak_repeat,PP2-MATH-2.1.19_Missing_Number_in_Equations,Say out loud clearly: FIND THE MISSING NUMBER TO SOLVE EQUATION!,speak_m2.webp,audio_m11.mp3,1,Find The Missing Number To Solve Equation,,,,,,Find The Missing Number To Solve Equation,,,,,,,
matching,PP2-MATH-2.1.19_Missing_Number_in_Equations,Match missing numbers in addition!,,,1,,,,,,,,5+?=12,7,8+?=15,7,10+?=18,8
matching,PP2-MATH-2.1.19_Missing_Number_in_Equations,Match missing numbers in subtraction!,,,1,,,,,,,,14-?=10,4,20-?=15,5,?+6=10,4
multiple_choice,PP2-MATH-2.1.20_Operations_Grand_Master,What is 12 plus 5?,ogm_q1.webp,audio_og1.mp3,1,17,15,18,,,1,,,,,,,
multiple_choice,PP2-MATH-2.1.20_Operations_Grand_Master,What is 18 take away 6?,ogm_q2.webp,audio_og2.mp3,1,12,10,14,,,1,,,,,,,
multiple_choice,PP2-MATH-2.1.20_Operations_Grand_Master,Combine 4 plus 4 plus 4. Total sum?,ogm_q3.webp,audio_og3.mp3,1,12,10,14,,,1,,,,,,,
multiple_choice,PP2-MATH-2.1.20_Operations_Grand_Master,What number pairs with 15 to make 20?,ogm_q4.webp,audio_og4.mp3,1,5,15,10,,,1,,,,,,,
multiple_choice,PP2-MATH-2.1.20_Operations_Grand_Master,What missing number completes 6 + ? = 10,ogm_q5.webp,audio_og5.mp3,1,4,6,10,,,1,,,,,,,
multiple_choice,PP2-MATH-2.1.20_Operations_Grand_Master,Plus adds together and minus takes...?,ogm_q6.webp,audio_og6.mp3,1,AWAY,MORE,SAME,,,1,,,,,,,
count_objects,PP2-MATH-2.1.20_Operations_Grand_Master,Count 20 master star trophies!,ogm_count1.webp,audio_og7.mp3,1,20,18,19,,🏆,20,,,,,,,
count_objects,PP2-MATH-2.1.20_Operations_Grand_Master,Count 15 winner medals!,ogm_count2.webp,audio_og8.mp3,1,15,12,18,,🥇,15,,,,,,,
count_objects,PP2-MATH-2.1.20_Operations_Grand_Master,Count 10 master crowns!,ogm_count3.webp,audio_og9.mp3,1,10,8,12,,👑,10,,,,,,,
speak_repeat,PP2-MATH-2.1.20_Operations_Grand_Master,Say out loud clearly: I AM AN OPERATIONS GRAND MASTER!,speak_og1.webp,audio_og10.mp3,1,I Am An Operations Grand Master,,,,,,I Am An Operations Grand Master,,,,,,,
speak_repeat,PP2-MATH-2.1.20_Operations_Grand_Master,Say out loud clearly: ADDITION SUBTRACTION NUMBER BONDS AND EQUATIONS!,speak_og2.webp,audio_og11.mp3,1,Addition Subtraction Number Bonds And Equations,,,,,,Addition Subtraction Number Bonds And Equations,,,,,,,
matching,PP2-MATH-2.1.20_Operations_Grand_Master,Match operations domains!,,,1,,,,,,,,Addition,ADD,Subtraction,TAKE AWAY,Bonds,FRIENDS
matching,PP2-MATH-2.1.20_Operations_Grand_Master,Match master symbols!,,,1,,,,,,,,Trophy 🏆,MASTER,Medal 🥇,WINNER,Crown 👑,CHAMPION

question_type,lesson_title,prompt,prompt_image,prompt_audio,correct_answer,option_1,option_2,option_3,option_4,count_emoji_or_image,target_count,target_word,pair_1_left,pair_1_right,pair_2_left,pair_2_right,pair_3_left,pair_3_right
multiple_choice,PP2-MATH-4.1.31_Measurement_Calendar_Months_of_Year,How many months are there in one year?,cal_q1.webp,audio_c1.mp3,1,12,7,10,,,1,,,,,,,
multiple_choice,PP2-MATH-4.1.31_Measurement_Calendar_Months_of_Year,What is the first month of the year?,cal_q2.webp,audio_c2.mp3,1,JANUARY,MAY,DECEMBER,,,1,,,,,,,
multiple_choice,PP2-MATH-4.1.31_Measurement_Calendar_Months_of_Year,What is the last month of the year?,cal_q3.webp,audio_c3.mp3,1,DECEMBER,JANUARY,JULY,,,1,,,,,,,
multiple_choice,PP2-MATH-4.1.31_Measurement_Calendar_Months_of_Year,Which month comes right after January?,cal_q4.webp,audio_c4.mp3,1,FEBRUARY,MARCH,APRIL,,,1,,,,,,,
multiple_choice,PP2-MATH-4.1.31_Measurement_Calendar_Months_of_Year,Which month comes right before December?,cal_q5.webp,audio_c5.mp3,1,NOVEMBER,OCTOBER,AUGUST,,,1,,,,,,,
multiple_choice,PP2-MATH-4.1.31_Measurement_Calendar_Months_of_Year,We track days and months using a...?,cal_q6.webp,audio_c6.mp3,1,CALENDAR,CLOCK,RULER,,,1,,,,,,,
count_objects,PP2-MATH-4.1.31_Measurement_Calendar_Months_of_Year,Count 12 calendar pages for 12 months!,cal_count1.webp,audio_c7.mp3,1,12,10,11,,📅,12,,,,,,,
count_objects,PP2-MATH-4.1.31_Measurement_Calendar_Months_of_Year,Count 6 months in half a year!,cal_count2.webp,audio_c8.mp3,1,6,5,7,,📅,6,,,,,,,
count_objects,PP2-MATH-4.1.31_Measurement_Calendar_Months_of_Year,Count 3 holiday months marked on the calendar!,cal_count3.webp,audio_c9.mp3,1,3,2,4,,🎉,3,,,,,,,
speak_repeat,PP2-MATH-4.1.31_Measurement_Calendar_Months_of_Year,Say out loud clearly: TWELVE MONTHS IN ONE YEAR JANUARY TO DECEMBER!,speak_c1.webp,audio_c10.mp3,1,Twelve Months In One Year January To December,,,,,,Twelve Months In One Year January To December,,,,,,,
speak_repeat,PP2-MATH-4.1.31_Measurement_Calendar_Months_of_Year,Say out loud clearly: JANUARY IS THE FIRST MONTH OF THE YEAR!,speak_c2.webp,audio_c11.mp3,1,January Is The First Month Of The Year,,,,,,January Is The First Month Of The Year,,,,,,,
matching,PP2-MATH-4.1.31_Measurement_Calendar_Months_of_Year,Match calendar order!,,,1,,,,,,,,1st,JANUARY,2nd,FEBRUARY,12th,DECEMBER
matching,PP2-MATH-4.1.31_Measurement_Calendar_Months_of_Year,Match calendar terms!,,,1,,,,,,,,Year,12,Calendar,📅,First,JANUARY
multiple_choice,PP2-MATH-4.1.32_Measurement_Master_Grand_Master,Which unit measures heavy weight on a scale?,mgm_q1.webp,audio_m1.mp3,1,KG,LITERS,HOURS,,,1,,,,,,,
multiple_choice,PP2-MATH-4.1.32_Measurement_Master_Grand_Master,Which unit measures liquids like milk or water?,mgm_q2.webp,audio_m2.mp3,1,LITERS,KG,METERS,,,1,,,,,,,
multiple_choice,PP2-MATH-4.1.32_Measurement_Master_Grand_Master,What instrument tells us the time in hours?,mgm_q3.webp,audio_m3.mp3,1,CLOCK,SCALE,CALENDAR,,,1,,,,,,,
multiple_choice,PP2-MATH-4.1.32_Measurement_Master_Grand_Master,What notes do we use in Kenya to buy big items?,mgm_q4.webp,audio_m4.mp3,1,50 KES,1 KES,5 KES,,,1,,,,,,,
multiple_choice,PP2-MATH-4.1.32_Measurement_Master_Grand_Master,How many months are in one full calendar year?,mgm_q5.webp,audio_m5.mp3,1,12,7,30,,,1,,,,,,,
multiple_choice,PP2-MATH-4.1.32_Measurement_Master_Grand_Master,Measuring tells us weight, capacity, money, and...?,mgm_q6.webp,audio_m6.mp3,1,TIME,COLORS,NAMES,,,1,,,,,,,
count_objects,PP2-MATH-4.1.32_Measurement_Master_Grand_Master,Count 4 measurement master trophies!,mgm_count1.webp,audio_m7.mp3,1,4,2,5,,🏆,4,,,,,,,
count_objects,PP2-MATH-4.1.32_Measurement_Master_Grand_Master,Count 3 scale weights in kilograms!,mgm_count2.webp,audio_m8.mp3,1,3,1,4,,⚖️,3,,,,,,,
count_objects,PP2-MATH-4.1.32_Measurement_Master_Grand_Master,Count 2 milk jugs in liters!,mgm_count3.webp,audio_m9.mp3,1,2,1,3,,🥛,2,,,,,,,
speak_repeat,PP2-MATH-4.1.32_Measurement_Master_Grand_Master,Say out loud clearly: I AM A MEASUREMENT GRAND MASTER!,speak_m1.webp,audio_m10.mp3,1,I Am A Measurement Master,,,,,,I Am A Measurement Master,,,,,,,
speak_repeat,PP2-MATH-4.1.32_Measurement_Master_Grand_Master,Say out loud clearly: WE MEASURE TIME WEIGHT CAPACITY AND MONEY!,speak_m2.webp,audio_m11.mp3,1,We Measure Time Weight Capacity And Money,,,,,,We Measure Time Weight Capacity And Money,,,,,,,
matching,PP2-MATH-4.1.32_Measurement_Master_Grand_Master,Match measurement domains!,,,1,,,,,,,,Weight,KG,Liquid,LITERS,Time,CLOCK
matching,PP2-MATH-4.1.32_Measurement_Master_Grand_Master,Match measurement symbols!,,,1,,,,,,,,Scale ⚖️,KG,Jug 🥛,LITERS,Money 💵,50 KES
multiple_choice,PP2-MATH-5.1.33_Data_Bar_Graph_Comparison,Which bar on the graph shows the largest count?,bg_q1.webp,audio_b1.mp3,1,MOST,LEAST,EQUAL,,,1,,,,,,,
multiple_choice,PP2-MATH-5.1.33_Data_Bar_Graph_Comparison,Which bar on the graph shows the smallest count?,bg_q2.webp,audio_b2.mp3,1,LEAST,MOST,EQUAL,,,1,,,,,,,
multiple_choice,PP2-MATH-5.1.33_Data_Bar_Graph_Comparison,A bar graph uses tall bars to show data and...?,bg_q3.webp,audio_b3.mp3,1,COUNTS,SONGS,ROADS,,,1,,,,,,,
multiple_choice,PP2-MATH-5.1.33_Data_Bar_Graph_Comparison,If red bar has 8 and blue bar has 3, red bar has...?,bg_q4.webp,audio_b4.mp3,1,MOST,LEAST,EQUAL,,,1,,,,,,,
multiple_choice,PP2-MATH-5.1.33_Data_Bar_Graph_Comparison,If red bar has 8 and blue bar has 3, blue bar has...?,bg_q5.webp,audio_b5.mp3,1,LEAST,MOST,EQUAL,,,1,,,,,,,
multiple_choice,PP2-MATH-5.1.33_Data_Bar_Graph_Comparison,When two bars reach the exact same height, they are...?,bg_q6.webp,audio_b6.mp3,1,EQUAL,MOST,LEAST,,,1,,,,,,,
count_objects,PP2-MATH-5.1.33_Data_Bar_Graph_Comparison,Count 4 data bars on the comparison graph!,bg_count1.webp,audio_b7.mp3,1,4,2,3,,📊,4,,,,,,,
count_objects,PP2-MATH-5.1.33_Data_Bar_Graph_Comparison,Count 8 units on the tallest bar!,bg_count2.webp,audio_b8.mp3,1,8,6,10,,🟩,8,,,,,,,
count_objects,PP2-MATH-5.1.33_Data_Bar_Graph_Comparison,Count 3 units on the shortest bar!,bg_count3.webp,audio_b9.mp3,1,3,1,4,,🟥,3,,,,,,,
speak_repeat,PP2-MATH-5.1.33_Data_Bar_Graph_Comparison,Say out loud clearly: READ BAR GRAPHS TO COMPARE MOST AND LEAST!,speak_b1.webp,audio_b10.mp3,1,Read Bar Graphs To Compare Most And Least,,,,,,Read Bar Graphs To Compare Most And Least,,,,,,,
speak_repeat,PP2-MATH-5.1.33_Data_Bar_Graph_Comparison,Say out loud clearly: TALLEST BAR IS MOST SHORTEST BAR IS LEAST!,speak_b2.webp,audio_b11.mp3,1,Tallest Bar Is Most Shortest Bar Is Least,,,,,,Tallest Bar Is Most Shortest Bar Is Least,,,,,,,
matching,PP2-MATH-5.1.33_Data_Bar_Graph_Comparison,Match bar graph terms!,,,1,,,,,,,,Tall bar,MOST,Short bar,LEAST,Same bar,EQUAL
matching,PP2-MATH-5.1.33_Data_Bar_Graph_Comparison,Match graph symbols!,,,1,,,,,,,,Graph,BAR GRAPH,8 items,MOST,3 items,LEAST
multiple_choice,PP2-MATH-5.1.34_Data_Tally_Marks_Counting,How many count marks are in a full tally bundle ||||?,tm_q1.webp,audio_t1.mp3,1,5,4,6,,,1,,,,,,,
multiple_choice,PP2-MATH-5.1.34_Data_Tally_Marks_Counting,How many single lines are drawn before crossing 5 in tally marks?,tm_q2.webp,audio_t2.mp3,1,4,3,5,,,1,,,,,,,
multiple_choice,PP2-MATH-5.1.34_Data_Tally_Marks_Counting,What number does two full bundles |||| |||| make?,tm_q3.webp,audio_t3.mp3,1,10,5,15,,,1,,,,,,,
multiple_choice,PP2-MATH-5.1.34_Data_Tally_Marks_Counting,Tally marks are quick straight lines used to...?,tm_q4.webp,audio_t4.mp3,1,COUNT,DRAW,PAINT,,,1,,,,,,,
multiple_choice,PP2-MATH-5.1.34_Data_Tally_Marks_Counting,What is the value of ||| in tally marks?,tm_q5.webp,audio_t5.mp3,1,3,2,4,,,1,,,,,,,
multiple_choice,PP2-MATH-5.1.34_Data_Tally_Marks_Counting,What is the value of |||| | in tally marks?,tm_q6.webp,audio_t6.mp3,1,6,5,7,,,1,,,,,,,
count_objects,PP2-MATH-5.1.34_Data_Tally_Marks_Counting,Count 5 tally marks in one full bundle!,tm_count1.webp,audio_t7.mp3,1,5,4,6,,🥢,5,,,,,,,
count_objects,PP2-MATH-5.1.34_Data_Tally_Marks_Counting,Count 10 tally marks in two bundles!,tm_count2.webp,audio_t8.mp3,1,10,8,12,,🥢,10,,,,,,,
count_objects,PP2-MATH-5.1.34_Data_Tally_Marks_Counting,Count 3 single tally marks!,tm_count3.webp,audio_t9.mp3,1,3,2,4,,🥢,3,,,,,,,
speak_repeat,PP2-MATH-5.1.34_Data_Tally_Marks_Counting,Say out loud clearly: TALLY MARKS COUNTING FOUR LINES AND A DIAGONAL CROSS IS FIVE!,speak_t1.webp,audio_t10.mp3,1,Tally Marks Counting Four Lines And A Diagonal Cross Is Five,,,,,,Tally Marks Counting Four Lines And A Diagonal Cross Is Five,,,,,,,
speak_repeat,PP2-MATH-5.1.34_Data_Tally_Marks_Counting,Say out loud clearly: COUNTING BY FIVES WITH TALLY BUNDLES!,speak_t2.webp,audio_t11.mp3,1,Counting By Fives With Tally Bundles,,,,,,Counting By Fives With Tally Bundles,,,,,,,
matching,PP2-MATH-5.1.34_Data_Tally_Marks_Counting,Match tally values!,,,1,,,,,,,,|||,3,||||,5,|||| ||||,10
matching,PP2-MATH-5.1.34_Data_Tally_Marks_Counting,Match tally terms!,,,1,,,,,,,,Bundle,5,Tally,TALLY,Lines,COUNT
multiple_choice,PP2-MATH-5.1.35_Data_Handling_Master_Grand_Master,A graph that uses tall bars to compare data is a...?,dhm_q1.webp,audio_dh1.mp3,1,BAR GRAPH,MAP,SONG,,,1,,,,,,,
multiple_choice,PP2-MATH-5.1.35_Data_Handling_Master_Grand_Master,Straight count lines bundled in 5s are called...?,dhm_q2.webp,audio_dh2.mp3,1,TALLY,NUMBERS,SHAPES,,,1,,,,,,,
multiple_choice,PP2-MATH-5.1.35_Data_Handling_Master_Grand_Master,On a graph, the bar with the highest count shows...?,dhm_q3.webp,audio_dh3.mp3,1,MOST,LEAST,EQUAL,,,1,,,,,,,
multiple_choice,PP2-MATH-5.1.35_Data_Handling_Master_Grand_Master,On a graph, the bar with the lowest count shows...?,dhm_q4.webp,audio_dh4.mp3,1,LEAST,MOST,EQUAL,,,1,,,,,,,
multiple_choice,PP2-MATH-5.1.35_Data_Handling_Master_Grand_Master,A picture chart that uses icons to count is a...?,dhm_q5.webp,audio_dh5.mp3,1,PICTOGRAPH,MAP,CALENDAR,,,1,,,,,,,
multiple_choice,PP2-MATH-5.1.35_Data_Handling_Master_Grand_Master,Sorting and displaying information clearly is called...?,dhm_q6.webp,audio_dh6.mp3,1,DATA HANDLING,RACING,SINGING,,,1,,,,,,,
count_objects,PP2-MATH-5.1.35_Data_Handling_Master_Grand_Master,Count 5 data handling master star trophies!,dhm_count1.webp,audio_dh7.mp3,1,5,3,4,,🏆,5,,,,,,,
count_objects,PP2-MATH-5.1.35_Data_Handling_Master_Grand_Master,Count 4 bar graph charts!,dhm_count2.webp,audio_dh8.mp3,1,4,2,5,,📊,4,,,,,,,
count_objects,PP2-MATH-5.1.35_Data_Handling_Master_Grand_Master,Count 3 tally bundles!,dhm_count3.webp,audio_dh9.mp3,1,3,1,4,,🥢,3,,,,,,,
speak_repeat,PP2-MATH-5.1.35_Data_Handling_Master_Grand_Master,Say out loud clearly: I AM A DATA HANDLING GRAND MASTER!,speak_dh1.webp,audio_dh10.mp3,1,I Am A Data Handling Grand Master,,,,,,I Am A Data Handling Grand Master,,,,,,,
speak_repeat,PP2-MATH-5.1.35_Data_Handling_Master_Grand_Master,Say out loud clearly: BAR GRAPHS TALLY MARKS AND PICTOGRAPHS!,speak_dh2.webp,audio_dh11.mp3,1,Bar Graphs Tally Marks And Pictographs,,,,,,Bar Graphs Tally Marks And Pictographs,,,,,,,
matching,PP2-MATH-5.1.35_Data_Handling_Master_Grand_Master,Match data handling terms!,,,1,,,,,,,,Bars,BAR GRAPH,Lines,TALLY,Pictures,PICTOGRAPH
matching,PP2-MATH-5.1.35_Data_Handling_Master_Grand_Master,Match master comparison terms!,,,1,,,,,,,,Highest,MOST,Lowest,LEAST,Same,EQUAL
multiple_choice,PP1-MATH-X.36_Dinosaur_Counting_0_to_100_Challenge,What number comes after 49 dinosaurs?,dc100_q1.webp,audio_dc1.mp3,1,50,48,60,,,1,,,,,,,
multiple_choice,PP1-MATH-X.36_Dinosaur_Counting_0_to_100_Challenge,What number comes right before 100 dinosaurs?,dc100_q2.webp,audio_dc2.mp3,1,99,98,90,,,1,,,,,,,
multiple_choice,PP1-MATH-X.36_Dinosaur_Counting_0_to_100_Challenge,Count dino tracks: 79 80... what comes next?,dc100_q3.webp,audio_dc3.mp3,1,81,82,90,,,1,,,,,,,
multiple_choice,PP1-MATH-X.36_Dinosaur_Counting_0_to_100_Challenge,What number is between 64 and 66 dinos?,dc100_q4.webp,audio_dc4.mp3,1,65,63,67,,,1,,,,,,,
multiple_choice,PP1-MATH-X.36_Dinosaur_Counting_0_to_100_Challenge,Which is the largest count of dinos: 25 75 or 90?,dc100_q5.webp,audio_dc5.mp3,1,90,75,25,,,1,,,,,,,
multiple_choice,PP1-MATH-X.36_Dinosaur_Counting_0_to_100_Challenge,What number means zero dinos in the valley?,dc100_q6.webp,audio_dc6.mp3,1,0,1,10,,,1,,,,,,,
count_objects,PP1-MATH-X.36_Dinosaur_Counting_0_to_100_Challenge,Count 50 green T-Rex dinosaurs!,dc100_count1.webp,audio_dc7.mp3,1,50,40,60,,🦕,50,,,,,,,
count_objects,PP1-MATH-X.36_Dinosaur_Counting_0_to_100_Challenge,Count 75 dino footprints on the challenge trail!,dc100_count2.webp,audio_dc8.mp3,1,75,70,80,,🐾,75,,,,,,,
count_objects,PP1-MATH-X.36_Dinosaur_Counting_0_to_100_Challenge,Count 100 golden dino eggs!,dc100_count3.webp,audio_dc9.mp3,1,100,90,95,,🥚,100,,,,,,,
speak_repeat,PP1-MATH-X.36_Dinosaur_Counting_0_to_100_Challenge,Say out loud clearly: DINOSAUR COUNTING CHALLENGE ZERO TO ONE HUNDRED!,speak_dc1.webp,audio_dc10.mp3,1,Dinosaur Counting Challenge Zero To One Hundred,,,,,,Dinosaur Counting Challenge Zero To One Hundred,,,,,,,
speak_repeat,PP1-MATH-X.36_Dinosaur_Counting_0_to_100_Challenge,Say out loud clearly: I CAN COUNT ALL DINOSAURS UP TO ONE HUNDRED!,speak_dc2.webp,audio_dc11.mp3,1,I Can Count All Dinosaurs Up To One Hundred,,,,,,I Can Count All Dinosaurs Up To One Hundred,,,,,,,
matching,PP1-MATH-X.36_Dinosaur_Counting_0_to_100_Challenge,Match dino challenge counts!,,,1,,,,,,,,50,50,75,75,100,100
matching,PP1-MATH-X.36_Dinosaur_Counting_0_to_100_Challenge,Match challenge numbers!,,,1,,,,,,,,0,0,49,49,99,99
multiple_choice,PP1-MATH-X.37_Dinosaur_Addition_Sums_to_20,12 green dinos plus 5 green dinos equals...?,da20_q1.webp,audio_da1.mp3,1,17,15,18,,,1,,,,,,,
multiple_choice,PP1-MATH-X.37_Dinosaur_Addition_Sums_to_20,14 T-Rex dinos plus 3 T-Rex dinos equals...?,da20_q2.webp,audio_da2.mp3,1,17,16,18,,,1,,,,,,,
multiple_choice,PP1-MATH-X.37_Dinosaur_Addition_Sums_to_20,10 dino eggs plus 8 dino eggs equals...?,da20_q3.webp,audio_da3.mp3,1,18,16,19,,,1,,,,,,,
multiple_choice,PP1-MATH-X.37_Dinosaur_Addition_Sums_to_20,11 flying dinos plus 4 flying dinos equals...?,da20_q4.webp,audio_da4.mp3,1,15,12,14,,,1,,,,,,,
multiple_choice,PP1-MATH-X.37_Dinosaur_Addition_Sums_to_20,15 baby dinos plus 5 baby dinos equals...?,da20_q5.webp,audio_da5.mp3,1,20,18,19,,,1,,,,,,,
multiple_choice,PP1-MATH-X.37_Dinosaur_Addition_Sums_to_20,13 dino tracks plus 6 dino tracks equals...?,da20_q6.webp,audio_da6.mp3,1,19,17,20,,,1,,,,,,,
count_objects,PP1-MATH-X.37_Dinosaur_Addition_Sums_to_20,Count 17 total green dinosaurs after adding!,da20_count1.webp,audio_da7.mp3,1,17,15,18,,🦕,17,,,,,,,
count_objects,PP1-MATH-X.37_Dinosaur_Addition_Sums_to_20,Count 18 total dino eggs in the nest!,da20_count2.webp,audio_da8.mp3,1,18,16,20,,🥚,18,,,,,,,
count_objects,PP1-MATH-X.37_Dinosaur_Addition_Sums_to_20,Count 20 total baby dinosaurs!,da20_count3.webp,audio_da9.mp3,1,20,18,19,,🦖,20,,,,,,,
speak_repeat,PP1-MATH-X.37_Dinosaur_Addition_Sums_to_20,Say out loud clearly: TWELVE DINOS PLUS FIVE EQUALS SEVENTEEN!,speak_da1.webp,audio_da10.mp3,1,Twelve Dinos Plus Five Equals Seventeen,,,,,,Twelve Dinos Plus Five Equals Seventeen,,,,,,,
speak_repeat,PP1-MATH-X.37_Dinosaur_Addition_Sums_to_20,Say out loud clearly: FIFTEEN PLUS FIVE EQUALS TWENTY DINOSAURS!,speak_da2.webp,audio_da11.mp3,1,Fifteen Plus Five Equals Twenty Dinosaurs,,,,,,Fifteen Plus Five Equals Twenty Dinosaurs,,,,,,,
matching,PP1-MATH-X.37_Dinosaur_Addition_Sums_to_20,Match dinosaur additions!,,,1,,,,,,,,12+5,17,14+3,17,10+8,18
matching,PP1-MATH-X.37_Dinosaur_Addition_Sums_to_20,Match dino sum totals!,,,1,,,,,,,,11+4,15,15+5,20,13+6,19
multiple_choice,PP1-MATH-X.38_Pirate_Coins_Subtraction_Quest,15 gold coins in chest. 5 taken away. How many left?,psq_q1.webp,audio_pc1.mp3,1,10,15,5,,,1,,,,,,,
multiple_choice,PP1-MATH-X.38_Pirate_Coins_Subtraction_Quest,18 silver coins. 6 spent at market. How many left?,psq_q2.webp,audio_pc2.mp3,1,12,10,14,,,1,,,,,,,
multiple_choice,PP1-MATH-X.38_Pirate_Coins_Subtraction_Quest,20 ruby gems. 8 lost at sea. How many remaining?,psq_q3.webp,audio_pc3.mp3,1,12,10,15,,,1,,,,,,,
multiple_choice,PP1-MATH-X.38_Pirate_Coins_Subtraction_Quest,16 pirate coins. 4 given to crew. How many left?,psq_q4.webp,audio_pc4.mp3,1,12,14,10,,,1,,,,,,,
multiple_choice,PP1-MATH-X.38_Pirate_Coins_Subtraction_Quest,19 treasure coins. 9 locked in box. How many outside?,psq_q5.webp,audio_pc5.mp3,1,10,9,11,,,1,,,,,,,
multiple_choice,PP1-MATH-X.38_Pirate_Coins_Subtraction_Quest,17 gold coins. 7 spent on ship repairs. Left?,psq_q6.webp,audio_pc6.mp3,1,10,7,12,,,1,,,,,,,
count_objects,PP1-MATH-X.38_Pirate_Coins_Subtraction_Quest,Count 10 gold coins remaining in chest!,psq_count1.webp,audio_pc7.mp3,1,10,8,12,,🪙,10,,,,,,,
count_objects,PP1-MATH-X.38_Pirate_Coins_Subtraction_Quest,Count 12 silver coins remaining!,psq_count2.webp,audio_pc8.mp3,1,12,10,14,,🪙,12,,,,,,,
count_objects,PP1-MATH-X.38_Pirate_Coins_Subtraction_Quest,Count 10 ruby gems remaining!,psq_count3.webp,audio_pc9.mp3,1,10,8,12,,💎,10,,,,,,,
speak_repeat,PP1-MATH-X.38_Pirate_Coins_Subtraction_Quest,Say out loud clearly: FIFTEEN COINS TAKE AWAY FIVE EQUALS TEN!,speak_pc1.webp,audio_pc10.mp3,1,Fifteen Coins Take Away Five Equals Ten,,,,,,Fifteen Coins Take Away Five Equals Ten,,,,,,,
speak_repeat,PP1-MATH-X.38_Pirate_Coins_Subtraction_Quest,Say out loud clearly: SUBTRACTING PIRATE TREASURE COINS!,speak_pc2.webp,audio_pc11.mp3,1,Subtracting Pirate Treasure Coins,,,,,,Subtracting Pirate Treasure Coins,,,,,,,
matching,PP1-MATH-X.38_Pirate_Coins_Subtraction_Quest,Match pirate coin subtractions!,,,1,,,,,,,,15-5,10,18-6,12,20-8,12
matching,PP1-MATH-X.38_Pirate_Coins_Subtraction_Quest,Match coin subtraction sums!,,,1,,,,,,,,16-4,12,19-9,10,17-7,10
multiple_choice,PP1-MATH-X.39_Pirate_Treasure_Number_Line,On the pirate hundred line, what number comes after 49?,pnl100_q1.webp,audio_p1.mp3,1,50,48,51,,,1,,,,,,,
multiple_choice,PP1-MATH-X.39_Pirate_Treasure_Number_Line,What number comes right before 100 at the treasure chest?,pnl100_q2.webp,audio_p2.mp3,1,99,98,90,,,1,,,,,,,
multiple_choice,PP1-MATH-X.39_Pirate_Treasure_Number_Line,Count pirate steps: 79 80... what comes next?,pnl100_q3.webp,audio_p3.mp3,1,81,82,90,,,1,,,,,,,
multiple_choice,PP1-MATH-X.39_Pirate_Treasure_Number_Line,What is the final target number on the pirate map?,pnl100_q4.webp,audio_p4.mp3,1,100,50,90,,,1,,,,,,,
multiple_choice,PP1-MATH-X.39_Pirate_Treasure_Number_Line,What number is between 68 and 70 on the map?,pnl100_q5.webp,audio_p5.mp3,1,69,67,71,,,1,,,,,,,
multiple_choice,PP1-MATH-X.39_Pirate_Treasure_Number_Line,What is the first starting number on the pirate map?,pnl100_q6.webp,audio_p6.mp3,1,0,1,10,,,1,,,,,,,
count_objects,PP1-MATH-X.39_Pirate_Treasure_Number_Line,Count 50 steps along the pirate map!,pnl100_count1.webp,audio_p7.mp3,1,50,40,60,,👣,50,,,,,,,
count_objects,PP1-MATH-X.39_Pirate_Treasure_Number_Line,Count 75 treasure island flags!,pnl100_count2.webp,audio_p8.mp3,1,75,70,80,,🚩,75,,,,,,,
count_objects,PP1-MATH-X.39_Pirate_Treasure_Number_Line,Count 100 golden coins on line!,pnl100_count3.webp,audio_p9.mp3,1,100,90,95,,🪙,100,,,,,,,
speak_repeat,PP1-MATH-X.39_Pirate_Treasure_Number_Line,Say out loud clearly: PIRATE TREASURE NUMBER LINE ZERO TO ONE HUNDRED!,speak_p1.webp,audio_p10.mp3,1,Pirate Treasure Number Line Zero To One Hundred,,,,,,Pirate Treasure Number Line Zero To One Hundred,,,,,,,
speak_repeat,PP1-MATH-X.39_Pirate_Treasure_Number_Line,Say out loud clearly: FOLLOW THE NUMBER LINE TO THE ONE HUNDRED TREASURE!,speak_p2.webp,audio_p11.mp3,1,Follow The Number Line To The One Hundred Treasure,,,,,,Follow The Number Line To The One Hundred Treasure,,,,,,,
matching,PP1-MATH-X.39_Pirate_Treasure_Number_Line,Match pirate map spots!,,,1,,,,,,,,49,50,79,80,99,100
matching,PP1-MATH-X.39_Pirate_Treasure_Number_Line,Match map steps up to 100!,,,1,,,,,,,,0,0,50,50,100,100
multiple_choice,PP1-MATH-X.40_Space_Rocket_Countdown_100_to_0,Countdown by 10s: 100 90 80... what comes next?,src100_q1.webp,audio_sr1.mp3,1,70,60,85,,,1,,,,,,,
multiple_choice,PP1-MATH-X.40_Space_Rocket_Countdown_100_to_0,Countdown by 10s: 50 40 30... what comes next?,src100_q2.webp,audio_sr2.mp3,1,20,10,25,,,1,,,,,,,
multiple_choice,PP1-MATH-X.40_Space_Rocket_Countdown_100_to_0,Counting backward: 20 10... what is the final blastoff number?,src100_q3.webp,audio_sr3.mp3,1,0,5,1,,,1,,,,,,,
multiple_choice,PP1-MATH-X.40_Space_Rocket_Countdown_100_to_0,What number comes right before 60 when counting down by 10s?,src100_q4.webp,audio_sr4.mp3,1,50,70,40,,,1,,,,,,,
multiple_choice,PP1-MATH-X.40_Space_Rocket_Countdown_100_to_0,Space rocket countdown starts at...?,src100_q5.webp,audio_sr5.mp3,1,100,50,10,,,1,,,,,,,
multiple_choice,PP1-MATH-X.40_Space_Rocket_Countdown_100_to_0,Counting down means numbers get...?,src100_q6.webp,audio_sr6.mp3,1,SMALLER,BIGGER,SAME,,,1,,,,,,,
count_objects,PP1-MATH-X.40_Space_Rocket_Countdown_100_to_0,Count 100 star markers in galaxy!,src100_count1.webp,audio_sr7.mp3,1,100,90,95,,⭐,100,,,,,,,
count_objects,PP1-MATH-X.40_Space_Rocket_Countdown_100_to_0,Count 50 rockets preparing for launch!,src100_count2.webp,audio_sr8.mp3,1,50,40,60,,🚀,50,,,,,,,
count_objects,PP1-MATH-X.40_Space_Rocket_Countdown_100_to_0,Count 10 glowing moons in countdown!,src100_count3.webp,audio_sr9.mp3,1,10,8,12,,🌙,10,,,,,,,
speak_repeat,PP1-MATH-X.40_Space_Rocket_Countdown_100_to_0,Say out loud clearly: ONE HUNDRED NINETY EIGHTY SEVENTY SIXTY BLASTOFF!,speak_sr1.webp,audio_sr10.mp3,1,One Hundred Ninety Eighty Seventy Sixty Blastoff,,,,,,One Hundred Ninety Eighty Seventy Sixty Blastoff,,,,,,,
speak_repeat,PP1-MATH-X.40_Space_Rocket_Countdown_100_to_0,Say out loud clearly: THREE TWO ONE ZERO BLASTOFF IN SPACE!,speak_sr2.webp,audio_sr11.mp3,1,Three Two One Zero Blastoff In Space,,,,,,Three Two One Zero Blastoff In Space,,,,,,,
matching,PP1-MATH-X.40_Space_Rocket_Countdown_100_to_0,Match backward 10s countdown!,,,1,,,,,,,,100,90,80,70,50,40
matching,PP1-MATH-X.40_Space_Rocket_Countdown_100_to_0,Match blastoff targets!,,,1,,,,,,,,30,20,10,0,100,100
multiple_choice,PP1-MATH-X.41_Space_Alien_3D_Prism_Pyramid_Search,Alien building with triangular sides meeting at top is a...?,sa3d_q1.webp,audio_sa1.mp3,1,PYRAMID,PRISM,SPHERE,,,1,,,,,,,
multiple_choice,PP1-MATH-X.41_Space_Alien_3D_Prism_Pyramid_Search,Alien box with same shape on two opposite ends is a...?,sa3d_q2.webp,audio_sa2.mp3,1,PRISM,PYRAMID,CONE,,,1,,,,,,,
multiple_choice,PP1-MATH-X.41_Space_Alien_3D_Prism_Pyramid_Search,Alien planet rock round like a ball is a...?,sa3d_q3.webp,audio_sa3.mp3,1,SPHERE,CUBE,PYRAMID,,,1,,,,,,,
multiple_choice,PP1-MATH-X.41_Space_Alien_3D_Prism_Pyramid_Search,Alien supply box shaped like a square block is a...?,sa3d_q4.webp,audio_sa4.mp3,1,CUBE,PRISM,SPHERE,,,1,,,,,,,
multiple_choice,PP1-MATH-X.41_Space_Alien_3D_Prism_Pyramid_Search,Which 3D shape has a pointy top and flat base?,sa3d_q5.webp,audio_sa5.mp3,1,PYRAMID,SPHERE,CUBE,,,1,,,,,,,
multiple_choice,PP1-MATH-X.41_Space_Alien_3D_Prism_Pyramid_Search,Triangular tent in space is shaped like a triangular...?,sa3d_q6.webp,audio_sa6.mp3,1,PRISM,SPHERE,CYLINDER,,,1,,,,,,,
count_objects,PP1-MATH-X.41_Space_Alien_3D_Prism_Pyramid_Search,Count 4 alien pyramids!,sa3d_count1.webp,audio_sa7.mp3,1,4,2,5,,🔺,4,,,,,,,
count_objects,PP1-MATH-X.41_Space_Alien_3D_Prism_Pyramid_Search,Count 3 alien prisms!,sa3d_count2.webp,audio_sa8.mp3,1,3,1,4,,📦,3,,,,,,,
count_objects,PP1-MATH-X.41_Space_Alien_3D_Prism_Pyramid_Search,Count 5 sphere alien planets!,sa3d_count3.webp,audio_sa9.mp3,1,5,3,4,,🪐,5,,,,,,,
speak_repeat,PP1-MATH-X.41_Space_Alien_3D_Prism_Pyramid_Search,Say out loud clearly: ALIEN 3D SHAPES PRISM PYRAMID SPHERE CUBE!,speak_sa1.webp,audio_sa10.mp3,1,Alien 3D Shapes Prism Pyramid Sphere Cube,,,,,,Alien 3D Shapes Prism Pyramid Sphere Cube,,,,,,,
speak_repeat,PP1-MATH-X.41_Space_Alien_3D_Prism_Pyramid_Search,Say out loud clearly: PYRAMIDS HAVE POINTY TOPS AND PRISMS HAVE MATCHING ENDS!,speak_sa2.webp,audio_sa11.mp3,1,Pyramids Have Pointy Tops And Prisms Have Matching Ends,,,,,,Pyramids Have Pointy Tops And Prisms Have Matching Ends,,,,,,,
matching,PP1-MATH-X.41_Space_Alien_3D_Prism_Pyramid_Search,Match alien 3D shapes!,,,1,,,,,,,,Pyramid 🔺,PYRAMID,Prism 📦,PRISM,Sphere 🪐,SPHERE
matching,PP1-MATH-X.41_Space_Alien_3D_Prism_Pyramid_Search,Match 3D shape features!,,,1,,,,,,,,Pointy top,PYRAMID,Equal ends,PRISM,Round ball,SPHERE
multiple_choice,PP2-MATH-X.42_Circus_Clown_Fraction_Half_Quarter,Clown cuts a pizza into 2 equal parts. One part is...?,frac_q1.webp,audio_f1.mp3,1,1/2,1/4,1/3,,,1,,,,,,,
multiple_choice,PP2-MATH-X.42_Circus_Clown_Fraction_Half_Quarter,Clown cuts a pizza into 4 equal parts. One part is...?,frac_q2.webp,audio_f2.mp3,1,1/4,1/2,1/3,,,1,,,,,,,
multiple_choice,PP2-MATH-X.42_Circus_Clown_Fraction_Half_Quarter,Two quarters 1/4 + 1/4 make one...?,frac_q3.webp,audio_f3.mp3,1,1/2,1/4,WHOLE,,,1,,,,,,,
multiple_choice,PP2-MATH-X.42_Circus_Clown_Fraction_Half_Quarter,Two halves 1/2 + 1/2 make one...?,frac_q4.webp,audio_f4.mp3,1,WHOLE,1/4,1/3,,,1,,,,,,,
multiple_choice,PP2-MATH-X.42_Circus_Clown_Fraction_Half_Quarter,Which fraction is smaller: 1/2 or 1/4?,frac_q5.webp,audio_f5.mp3,1,1/4,1/2,WHOLE,,,1,,,,,,,
multiple_choice,PP2-MATH-X.42_Circus_Clown_Fraction_Half_Quarter,Fractions show equal parts of a...?,frac_q6.webp,audio_f6.mp3,1,WHOLE,HALF,LINE,,,1,,,,,,,
count_objects,PP2-MATH-X.42_Circus_Clown_Fraction_Half_Quarter,Count 2 half pizza slices 1/2!,frac_count1.webp,audio_f7.mp3,1,2,1,4,,🍕,2,,,,,,,
count_objects,PP2-MATH-X.42_Circus_Clown_Fraction_Half_Quarter,Count 4 quarter cake slices 1/4!,frac_count2.webp,audio_f8.mp3,1,4,2,3,,🍰,4,,,,,,,
count_objects,PP2-MATH-X.42_Circus_Clown_Fraction_Half_Quarter,Count 3 whole circus pies!,frac_count3.webp,audio_f9.mp3,1,3,1,5,,🥧,3,,,,,,,
speak_repeat,PP2-MATH-X.42_Circus_Clown_Fraction_Half_Quarter,Say out loud clearly: FRACTIONS HALF ONE SECOND AND QUARTER ONE FOURTH!,speak_f1.webp,audio_f10.mp3,1,Fractions Half One Second And Quarter One Fourth,,,,,,Fractions Half One Second And Quarter One Fourth,,,,,,,
speak_repeat,PP2-MATH-X.42_Circus_Clown_Fraction_Half_Quarter,Say out loud clearly: TWO HALVES MAKE A WHOLE AND FOUR QUARTERS MAKE A WHOLE!,speak_f2.webp,audio_f11.mp3,1,Two Halves Make A Whole And Four Quarters Make A Whole,,,,,,Two Halves Make A Whole And Four Quarters Make A Whole,,,,,,,
matching,PP2-MATH-X.42_Circus_Clown_Fraction_Half_Quarter,Match fractions!,,,1,,,,,,,,Half,1/2,Quarter,1/4,Whole,WHOLE
matching,PP2-MATH-X.42_Circus_Clown_Fraction_Half_Quarter,Match fraction parts!,,,1,,,,,,,,2 parts,1/2,4 parts,1/4,1 part,WHOLE
multiple_choice,PP2-MATH-X.43_Circus_Clock_Time_Hours_Show,Where is the short hour hand pointing for 4 o'clock?,clk_q1.webp,audio_c1.mp3,1,4,12,6,,,1,,,,,,,
multiple_choice,PP2-MATH-X.43_Circus_Clock_Time_Hours_Show,Where is the long minute hand pointing for 4 o'clock?,clk_q2.webp,audio_c2.mp3,1,12,4,6,,,1,,,,,,,
multiple_choice,PP2-MATH-X.43_Circus_Clock_Time_Hours_Show,Short hand on 9, long hand on 12. What time is it?,clk_q3.webp,audio_c3.mp3,1,9 O'CLOCK,4 O'CLOCK,12 O'CLOCK,,,1,,,,,,,
multiple_choice,PP2-MATH-X.43_Circus_Clock_Time_Hours_Show,Short hand on 7, long hand on 12. What time is it?,clk_q4.webp,audio_c4.mp3,1,7 O'CLOCK,9 O'CLOCK,1 O'CLOCK,,,1,,,,,,,
multiple_choice,PP2-MATH-X.43_Circus_Clock_Time_Hours_Show,The clock face has numbers from 1 to...?,clk_q5.webp,audio_c5.mp3,1,12,10,20,,,1,,,,,,,
multiple_choice,PP2-MATH-X.43_Circus_Clock_Time_Hours_Show,The short hand on the clock shows the...?,clk_q6.webp,audio_c6.mp3,1,HOUR,MINUTE,SECOND,,,1,,,,,,,
count_objects,PP2-MATH-X.43_Circus_Clock_Time_Hours_Show,Count 4 circus show clocks!,clk_count1.webp,audio_c7.mp3,1,4,2,3,,⏰,4,,,,,,,
count_objects,PP2-MATH-X.43_Circus_Clock_Time_Hours_Show,Count 12 numbers on the clock face!,clk_count2.webp,audio_c8.mp3,1,12,10,15,,🕐,12,,,,,,,
count_objects,PP2-MATH-X.43_Circus_Clock_Time_Hours_Show,Count 2 clock hands: short hour and long minute!,clk_count3.webp,audio_c9.mp3,1,2,1,3,,⏱️,2,,,,,,,
speak_repeat,PP2-MATH-X.43_Circus_Clock_Time_Hours_Show,Say out loud clearly: READING CLOCK TIME SHORT HAND SHOWS HOURS!,speak_c1.webp,audio_c10.mp3,1,Reading Clock Time Short Hand Shows Hours,,,,,,Reading Clock Time Short Hand Shows Hours,,,,,,,
speak_repeat,PP2-MATH-X.43_Circus_Clock_Time_Hours_Show,Say out loud clearly: SHORT HAND ON FOUR LONG HAND ON TWELVE IS FOUR O'CLOCK!,speak_c2.webp,audio_c11.mp3,1,Short Hand On Four Long Hand On Twelve Is Four O'Clock,,,,,,Short Hand On Four Long Hand On Twelve Is Four O'Clock,,,,,,,
matching,PP2-MATH-X.43_Circus_Clock_Time_Hours_Show,Match clock times!,,,1,,,,,,,,Short 4,4 O'CLOCK,Short 9,9 O'CLOCK,Short 7,7 O'CLOCK
matching,PP2-MATH-X.43_Circus_Clock_Time_Hours_Show,Match clock hands!,,,1,,,,,,,,Short hand,HOUR,Long hand,MINUTE,12 top,O'CLOCK
multiple_choice,PP2-MATH-X.44_Superhero_Number_Bonds_20,What number pairs with 12 to make Friend of 20?,snb_q1.webp,audio_sb1.mp3,1,8,12,10,,,1,,,,,,,
multiple_choice,PP2-MATH-X.44_Superhero_Number_Bonds_20,What number pairs with 15 to make Friend of 20?,snb_q2.webp,audio_sb2.mp3,1,5,15,10,,,1,,,,,,,
multiple_choice,PP2-MATH-X.44_Superhero_Number_Bonds_20,What number pairs with 14 to make Friend of 20?,snb_q3.webp,audio_sb3.mp3,1,6,14,4,,,1,,,,,,,
multiple_choice,PP2-MATH-X.44_Superhero_Number_Bonds_20,What number pairs with 10 to make Friend of 20?,snb_q4.webp,audio_sb4.mp3,1,10,5,15,,,1,,,,,,,
multiple_choice,PP2-MATH-X.44_Superhero_Number_Bonds_20,What number pairs with 16 to make Friend of 20?,snb_q5.webp,audio_sb5.mp3,1,4,6,16,,,1,,,,,,,
multiple_choice,PP2-MATH-X.44_Superhero_Number_Bonds_20,Number bonds combine two parts to make a...?,snb_q6.webp,audio_sb6.mp3,1,WHOLE,HALF,LINE,,,1,,,,,,,
count_objects,PP2-MATH-X.44_Superhero_Number_Bonds_20,Count 20 superhero bond tokens!,snb_count1.webp,audio_sb7.mp3,1,20,18,22,,🛡️,20,,,,,,,
count_objects,PP2-MATH-X.44_Superhero_Number_Bonds_20,Count 8 missing bond shields!,snb_count2.webp,audio_sb8.mp3,1,8,6,10,,⭐,8,,,,,,,
count_objects,PP2-MATH-X.44_Superhero_Number_Bonds_20,Count 5 power stars!,snb_count3.webp,audio_sb9.mp3,1,5,3,4,,⚡,5,,,,,,,
speak_repeat,PP2-MATH-X.44_Superhero_Number_Bonds_20,Say out loud clearly: TWELVE PLUS EIGHT EQUALS TWENTY!,speak_sb1.webp,audio_sb10.mp3,1,Twelve Plus Eight Equals Twenty,,,,,,Twelve Plus Eight Equals Twenty,,,,,,,
speak_repeat,PP2-MATH-X.44_Superhero_Number_Bonds_20,Say out loud clearly: FIFTEEN PLUS FIVE EQUALS TWENTY SUPERHERO BONDS!,speak_sb2.webp,audio_sb11.mp3,1,Fifteen Plus Five Equals Twenty Superhero Bonds,,,,,,Fifteen Plus Five Equals Twenty Superhero Bonds,,,,,,,
matching,PP2-MATH-X.44_Superhero_Number_Bonds_20,Match superhero number bonds to 20!,,,1,,,,,,,,12+8,20,15+5,20,14+6,20
matching,PP2-MATH-X.44_Superhero_Number_Bonds_20,Match more bonds to 20!,,,1,,,,,,,,10+10,20,16+4,20,18+2,20
multiple_choice,PP2-MATH-X.45_Superhero_Money_Shopping_Spree,Which banknote is purple and has value 50 in Kenya?,sms_q1.webp,audio_sm1.mp3,1,50 KES,100 KES,20 KES,,,1,,,,,,,
multiple_choice,PP2-MATH-X.45_Superhero_Money_Shopping_Spree,Which banknote is yellow and has value 100 in Kenya?,sms_q2.webp,audio_sm2.mp3,1,100 KES,50 KES,10 KES,,,1,,,,,,,
multiple_choice,PP2-MATH-X.45_Superhero_Money_Shopping_Spree,You buy a superhero toy for 50 KES. Which note pays exact?,sms_q3.webp,audio_sm3.mp3,1,50 KES,100 KES,10 KES,,,1,,,,,,,
multiple_choice,PP2-MATH-X.45_Superhero_Money_Shopping_Spree,Which is larger in value: 50 KES or 100 KES?,sms_q4.webp,audio_sm4.mp3,1,100 KES,50 KES,SAME,,,1,,,,,,,
multiple_choice,PP2-MATH-X.45_Superhero_Money_Shopping_Spree,If you give 100 KES note for 50 KES toy, change is...?,sms_q5.webp,audio_sm5.mp3,1,50 KES,100 KES,0 KES,,,1,,,,,,,
multiple_choice,PP2-MATH-X.45_Superhero_Money_Shopping_Spree,50 KES plus 50 KES banknote equals...?,sms_q6.webp,audio_sm6.mp3,1,100 KES,50 KES,20 KES,,,1,,,,,,,
count_objects,PP2-MATH-X.45_Superhero_Money_Shopping_Spree,Count 2 banknotes of 50 KES!,sms_count1.webp,audio_sm7.mp3,1,2,1,3,,💵,2,,,,,,,
count_objects,PP2-MATH-X.45_Superhero_Money_Shopping_Spree,Count 1 banknote of 100 KES!,sms_count2.webp,audio_sm8.mp3,1,1,2,3,,💵,1,,,,,,,
count_objects,PP2-MATH-X.45_Superhero_Money_Shopping_Spree,Count 4 superhero toys bought!,sms_count3.webp,audio_sm9.mp3,1,4,2,5,,🧸,4,,,,,,,
speak_repeat,PP2-MATH-X.45_Superhero_Money_Shopping_Spree,Say out loud clearly: KENYAN SHILLING BANKNOTES FIFTY AND ONE HUNDRED KES!,speak_sm1.webp,audio_sm10.mp3,1,Kenyan Shilling Banknotes Fifty And One Hundred KES,,,,,,Kenyan Shilling Banknotes Fifty And One Hundred KES,,,,,,,
speak_repeat,PP2-MATH-X.45_Superhero_Money_Shopping_Spree,Say out loud clearly: FIFTY KES PLUS FIFTY KES EQUALS ONE HUNDRED KES!,speak_sm2.webp,audio_sm11.mp3,1,Fifty KES Plus Fifty KES Equals One Hundred KES,,,,,,Fifty KES Plus Fifty KES Equals One Hundred KES,,,,,,,
matching,PP2-MATH-X.45_Superhero_Money_Shopping_Spree,Match KES banknotes!,,,1,,,,,,,,50,50 KES,100,100 KES,50+50,100 KES
matching,PP2-MATH-X.45_Superhero_Money_Shopping_Spree,Match money spree values!,,,1,,,,,,,,Purple note,50 KES,Yellow note,100 KES,Shopping,KES
multiple_choice,PP2-MATH-X.46_Underwater_Fish_Counting_41_to_60,What number comes after 45 ocean fish?,ufc_q1.webp,audio_uf1.mp3,1,46,44,50,,,1,,,,,,,
multiple_choice,PP2-MATH-X.46_Underwater_Fish_Counting_41_to_60,What number comes right before 50 underwater?,ufc_q2.webp,audio_uf2.mp3,1,49,48,51,,,1,,,,,,,
multiple_choice,PP2-MATH-X.46_Underwater_Fish_Counting_41_to_60,Count fish: 52 53... what comes next?,ufc_q3.webp,audio_uf3.mp3,1,54,50,55,,,1,,,,,,,
multiple_choice,PP2-MATH-X.46_Underwater_Fish_Counting_41_to_60,What number comes right after 59?,ufc_q4.webp,audio_uf4.mp3,1,60,58,50,,,1,,,,,,,
multiple_choice,PP2-MATH-X.46_Underwater_Fish_Counting_41_to_60,Which is smaller: 42 fish or 58 fish?,ufc_q5.webp,audio_uf5.mp3,1,42,58,60,,,1,,,,,,,
multiple_choice,PP2-MATH-X.46_Underwater_Fish_Counting_41_to_60,What number is between 46 and 48 fish?,ufc_q6.webp,audio_uf6.mp3,1,47,45,49,,,1,,,,,,,
count_objects,PP2-MATH-X.46_Underwater_Fish_Counting_41_to_60,Count 45 blue ocean fish!,ufc_count1.webp,audio_uf7.mp3,1,45,40,50,,🐟,45,,,,,,,
count_objects,PP2-MATH-X.46_Underwater_Fish_Counting_41_to_60,Count 50 yellow reef fish!,ufc_count2.webp,audio_uf8.mp3,1,50,45,55,,🐠,50,,,,,,,
count_objects,PP2-MATH-X.46_Underwater_Fish_Counting_41_to_60,Count 60 sea bubbles!,ufc_count3.webp,audio_uf9.mp3,1,60,50,55,,🫧,60,,,,,,,
speak_repeat,PP2-MATH-X.46_Underwater_Fish_Counting_41_to_60,Say out loud clearly: UNDERWATER FISH COUNTING FORTYONE TO SIXTY!,speak_uf1.webp,audio_uf10.mp3,1,Underwater Fish Counting Fortyone To Sixty,,,,,,Underwater Fish Counting Fortyone To Sixty,,,,,,,
speak_repeat,PP2-MATH-X.46_Underwater_Fish_Counting_41_to_60,Say out loud clearly: FIFTYEIGHT FIFTYNINE SIXTY SWIMMING FISH!,speak_uf2.webp,audio_uf11.mp3,1,Fiftyeight Fiftynine Sixty Swimming Fish,,,,,,Fiftyeight Fiftynine Sixty Swimming Fish,,,,,,,
matching,PP2-MATH-X.46_Underwater_Fish_Counting_41_to_60,Match ocean fish counts!,,,1,,,,,,,,45,45,50,50,60,60
matching,PP2-MATH-X.46_Underwater_Fish_Counting_41_to_60,Match reef numbers!,,,1,,,,,,,,41,41,48,48,55,55
multiple_choice,PP2-MATH-X.47_Underwater_Pearl_Subtraction_Quest,15 shiny pearls. 5 taken away. How many left?,ups_q1.webp,audio_up1.mp3,1,10,15,5,,,1,,,,,,,
multiple_choice,PP2-MATH-X.47_Underwater_Pearl_Subtraction_Quest,18 ocean pearls. 6 lost in sand. How many left?,ups_q2.webp,audio_up2.mp3,1,12,10,14,,,1,,,,,,,
multiple_choice,PP2-MATH-X.47_Underwater_Pearl_Subtraction_Quest,20 pearls in clam. 8 taken away. How many left?,ups_q3.webp,audio_up3.mp3,1,12,10,15,,,1,,,,,,,
multiple_choice,PP2-MATH-X.47_Underwater_Pearl_Subtraction_Quest,16 glowing pearls. 4 taken away. How many left?,ups_q4.webp,audio_up4.mp3,1,12,14,10,,,1,,,,,,,
multiple_choice,PP2-MATH-X.47_Underwater_Pearl_Subtraction_Quest,19 pink pearls. 9 hidden in reef. How many outside?,ups_q5.webp,audio_up5.mp3,1,10,9,11,,,1,,,,,,,
multiple_choice,PP2-MATH-X.47_Underwater_Pearl_Subtraction_Quest,17 white pearls. 7 taken away. Left?,ups_q6.webp,audio_up6.mp3,1,10,7,12,,,1,,,,,,,
count_objects,PP2-MATH-X.47_Underwater_Pearl_Subtraction_Quest,Count 10 shiny pearls remaining!,ups_count1.webp,audio_up7.mp3,1,10,8,12,,🦪,10,,,,,,,
count_objects,PP2-MATH-X.47_Underwater_Pearl_Subtraction_Quest,Count 12 ocean pearls remaining!,ups_count2.webp,audio_up8.mp3,1,12,10,14,,⚪,12,,,,,,,
count_objects,PP2-MATH-X.47_Underwater_Pearl_Subtraction_Quest,Count 10 clam shell pearls!,ups_count3.webp,audio_up9.mp3,1,10,8,12,,🦪,10,,,,,,,
speak_repeat,PP2-MATH-X.47_Underwater_Pearl_Subtraction_Quest,Say out loud clearly: FIFTEEN PEARLS TAKE AWAY FIVE EQUALS TEN!,speak_up1.webp,audio_up10.mp3,1,Fifteen Pearls Take Away Five Equals Ten,,,,,,Fifteen Pearls Take Away Five Equals Ten,,,,,,,
speak_repeat,PP2-MATH-X.47_Underwater_Pearl_Subtraction_Quest,Say out loud clearly: SUBTRACTING PEARLS ON THE OCEAN REEF!,speak_up2.webp,audio_up11.mp3,1,Subtracting Pearls On The Ocean Reef,,,,,,Subtracting Pearls On The Ocean Reef,,,,,,,
matching,PP2-MATH-X.47_Underwater_Pearl_Subtraction_Quest,Match pearl subtractions!,,,1,,,,,,,,15-5,10,18-6,12,20-8,12
matching,PP2-MATH-X.47_Underwater_Pearl_Subtraction_Quest,Match pearl subtraction sums!,,,1,,,,,,,,16-4,12,19-9,10,17-7,10
multiple_choice,PP2-MATH-X.48_Safari_Animal_Count_Showdown_61_to_80,What number comes after 65 safari zebras?,sac_q1.webp,audio_sa1.mp3,1,66,64,70,,,1,,,,,,,
multiple_choice,PP2-MATH-X.48_Safari_Animal_Count_Showdown_61_to_80,What number comes right before 70 in safari herd?,sac_q2.webp,audio_sa2.mp3,1,69,68,71,,,1,,,,,,,
multiple_choice,PP2-MATH-X.48_Safari_Animal_Count_Showdown_61_to_80,Count safari animals: 71 72 73... what is next?,sac_q3.webp,audio_sa3.mp3,1,74,70,75,,,1,,,,,,,
multiple_choice,PP2-MATH-X.48_Safari_Animal_Count_Showdown_61_to_80,What number comes right after 79?,sac_q4.webp,audio_sa4.mp3,1,80,78,70,,,1,,,,,,,
multiple_choice,PP2-MATH-X.48_Safari_Animal_Count_Showdown_61_to_80,Which is MORE: 63 lions or 77 lions?,sac_q5.webp,audio_sa5.mp3,1,77,63,60,,,1,,,,,,,
multiple_choice,PP2-MATH-X.48_Safari_Animal_Count_Showdown_61_to_80,What number is between 66 and 68 giraffes?,sac_q6.webp,audio_sa6.mp3,1,67,65,69,,,1,,,,,,,
count_objects,PP2-MATH-X.48_Safari_Animal_Count_Showdown_61_to_80,Count 65 safari zebras!,sac_count1.webp,audio_sa7.mp3,1,65,60,70,,🦓,65,,,,,,,
count_objects,PP2-MATH-X.48_Safari_Animal_Count_Showdown_61_to_80,Count 70 safari elephants!,sac_count2.webp,audio_sa8.mp3,1,70,65,75,,🐘,70,,,,,,,
count_objects,PP2-MATH-X.48_Safari_Animal_Count_Showdown_61_to_80,Count 80 safari lions in showdown!,sac_count3.webp,audio_sa9.mp3,1,80,70,75,,🦁,80,,,,,,,
speak_repeat,PP2-MATH-X.48_Safari_Animal_Count_Showdown_61_to_80,Say out loud clearly: SAFARI ANIMAL COUNT SHOWDOWN SIXTYONE TO EIGHTY!,speak_sa1.webp,audio_sa10.mp3,1,Safari Animal Count Showdown Sixtyone To Eighty,,,,,,Safari Animal Count Showdown Sixtyone To Eighty,,,,,,,
speak_repeat,PP2-MATH-X.48_Safari_Animal_Count_Showdown_61_to_80,Say out loud clearly: SEVENTYEIGHT SEVENTYNINE EIGHTY SAFARI ANIMALS!,speak_sa2.webp,audio_sa11.mp3,1,Seventyeight Seventyfive Eighty Safari Animals,,,,,,Seventyeight Seventyfive Eighty Safari Animals,,,,,,,
matching,PP2-MATH-X.48_Safari_Animal_Count_Showdown_61_to_80,Match safari showdown counts!,,,1,,,,,,,,Zebras 🦓,65,Elephants 🐘,70,Lions 🦁,80
matching,PP2-MATH-X.48_Safari_Animal_Count_Showdown_61_to_80,Match showdown numbers!,,,1,,,,,,,,61,61,68,68,75,75
multiple_choice,PP2-MATH-X.49_Safari_Fruit_Market_Money_Math,Which paper note in Kenya has value 50?,sfm_q1.webp,audio_sm1.mp3,1,50 KES,100 KES,20 KES,,,1,,,,,,,
multiple_choice,PP2-MATH-X.49_Safari_Fruit_Market_Money_Math,Which paper note in Kenya has value 100?,sfm_q2.webp,audio_sm2.mp3,1,100 KES,50 KES,10 KES,,,1,,,,,,,
multiple_choice,PP2-MATH-X.49_Safari_Fruit_Market_Money_Math,You buy a basket of fruit for 50 KES. Which note pays exact?,sfm_q3.webp,audio_sm3.mp3,1,50 KES,100 KES,10 KES,,,1,,,,,,,
multiple_choice,PP2-MATH-X.49_Safari_Fruit_Market_Money_Math,If you give 100 KES note for 50 KES fruit, change is...?,sfm_q4.webp,audio_sm4.mp3,1,50 KES,100 KES,0 KES,,,1,,,,,,,
multiple_choice,PP2-MATH-X.49_Safari_Fruit_Market_Money_Math,50 KES plus 50 KES equals how many shillings?,sfm_q5.webp,audio_sm5.mp3,1,100 KES,50 KES,20 KES,,,1,,,,,,,
multiple_choice,PP2-MATH-X.49_Safari_Fruit_Market_Money_Math,What currency symbol is printed on Kenyan banknotes?,sfm_q6.webp,audio_sm6.mp3,1,KES,USD,EUR,,,1,,,,,,,
count_objects,PP2-MATH-X.49_Safari_Fruit_Market_Money_Math,Count 2 banknotes of 50 KES!,sfm_count1.webp,audio_sm7.mp3,1,2,1,3,,💵,2,,,,,,,
count_objects,PP2-MATH-X.49_Safari_Fruit_Market_Money_Math,Count 1 banknote of 100 KES!,sfm_count2.webp,audio_sm8.mp3,1,1,2,3,,💵,1,,,,,,,
count_objects,PP2-MATH-X.49_Safari_Fruit_Market_Money_Math,Count 5 market fruit baskets bought!,sfm_count3.webp,audio_sm9.mp3,1,5,3,4,,🧺,5,,,,,,,
speak_repeat,PP2-MATH-X.49_Safari_Fruit_Market_Money_Math,Say out loud clearly: SAFARI FRUIT MARKET MONEY MATH WITH BANKNOTES!,speak_sm1.webp,audio_sm10.mp3,1,Safari Fruit Market Money Math With Banknotes,,,,,,Safari Fruit Market Money Math With Banknotes,,,,,,,
speak_repeat,PP2-MATH-X.49_Safari_Fruit_Market_Money_Math,Say out loud clearly: FIFTY KES PLUS FIFTY KES EQUALS ONE HUNDRED KES!,speak_sm2.webp,audio_sm11.mp3,1,Fifty KES Plus Fifty KES Equals One Hundred KES,,,,,,Fifty KES Plus Fifty KES Equals One Hundred KES,,,,,,,
matching,PP2-MATH-X.49_Safari_Fruit_Market_Money_Math,Match market fruit prices!,,,1,,,,,,,,Fruit 🍎,50 KES,Basket 🧺,100 KES,Change 🪙,50 KES
matching,PP2-MATH-X.49_Safari_Fruit_Market_Money_Math,Match banknote values!,,,1,,,,,,,,50,50 KES,100,100 KES,50+50,100 KES
multiple_choice,PP2-MATH-X.50_Nursery_Math_Song_Singalong,Singalong: 10 20 30 40 50... what number comes next in 10s song?,nms_q1.webp,audio_ns1.mp3,1,60,55,70,,,1,,,,,,,
multiple_choice,PP2-MATH-X.50_Nursery_Math_Song_Singalong,In the math song, what 3D shape has a pointy top and flat base?,nms_q2.webp,audio_ns2.mp3,1,PYRAMID,PRISM,SPHERE,,,1,,,,,,,
multiple_choice,PP2-MATH-X.50_Nursery_Math_Song_Singalong,In the math song, one part of two equal parts is...?,nms_q3.webp,audio_ns3.mp3,1,1/2,1/4,WHOLE,,,1,,,,,,,
multiple_choice,PP2-MATH-X.50_Nursery_Math_Song_Singalong,In the math song, when short hand is on 4 and long hand on 12 it is...?,nms_q4.webp,audio_ns4.mp3,1,4 O'CLOCK,12 O'CLOCK,9 O'CLOCK,,,1,,,,,,,
multiple_choice,PP2-MATH-X.50_Nursery_Math_Song_Singalong,Singalong: 50 KES plus 50 KES equals...?,nms_q5.webp,audio_ns5.mp3,1,100 KES,50 KES,20 KES,,,1,,,,,,,
multiple_choice,PP2-MATH-X.50_Nursery_Math_Song_Singalong,We sing and learn math every day up to...?,nms_q6.webp,audio_ns6.mp3,1,100,50,20,,,1,,,,,,,
count_objects,PP2-MATH-X.50_Nursery_Math_Song_Singalong,Count 5 musical notes in the math singalong!,nms_count1.webp,audio_ns7.mp3,1,5,3,4,,🎵,5,,,,,,,
count_objects,PP2-MATH-X.50_Nursery_Math_Song_Singalong,Count 4 happy singing kids!,nms_count2.webp,audio_ns8.mp3,1,4,2,5,,😃,4,,,,,,,
count_objects,PP2-MATH-X.50_Nursery_Math_Song_Singalong,Count 3 star trophies for PP2 math masters!,nms_count3.webp,audio_ns9.mp3,1,3,1,4,,🏆,3,,,,,,,
speak_repeat,PP2-MATH-X.50_Nursery_Math_Song_Singalong,Say out loud clearly: PP2 NURSERY MATH SONG SINGALONG REVIEW!,speak_ns1.webp,audio_ns10.mp3,1,PP2 Nursery Math Song Singalong Review,,,,,,PP2 Nursery Math Song Singalong Review,,,,,,,
speak_repeat,PP2-MATH-X.50_Nursery_Math_Song_Singalong,Say out loud clearly: MATH IS FUN FOR EVERYONE UP TO ONE HUNDRED!,speak_ns2.webp,audio_ns11.mp3,1,Math Is Fun For Everyone Up To One Hundred,,,,,,Math Is Fun For Everyone Up To One Hundred,,,,,,,
matching,PP2-MATH-X.50_Nursery_Math_Song_Singalong,Match singalong math review items!,,,1,,,,,,,,Numbers,100,Shape,PYRAMID,Fraction,1/2
matching,PP2-MATH-X.50_Nursery_Math_Song_Singalong,Match math song symbols!,,,1,,,,,,,,Music 🎵,SONG,Clock ⏰,4 O'CLOCK,Money 💵,100 KES
multiple_choice,PP2-MATH-X.51_Number_Line_Mastery_0_to_100,What number comes BEFORE 50 on the number line?,nlm_q1.webp,audio_nl1.mp3,1,49,51,52,,,1,,,,,,,
multiple_choice,PP2-MATH-X.51_Number_Line_Mastery_0_to_100,What number comes AFTER 75 on the number line?,nlm_q2.webp,audio_nl2.mp3,1,76,74,70,,,1,,,,,,,
multiple_choice,PP2-MATH-X.51_Number_Line_Mastery_0_to_100,What number comes BETWEEN 88 and 90?,nlm_q3.webp,audio_nl3.mp3,1,89,87,91,,,1,,,,,,,
multiple_choice,PP2-MATH-X.51_Number_Line_Mastery_0_to_100,What number comes BEFORE 100?,nlm_q4.webp,audio_nl4.mp3,1,99,98,90,,,1,,,,,,,
multiple_choice,PP2-MATH-X.51_Number_Line_Mastery_0_to_100,What number comes AFTER 30?,nlm_q5.webp,audio_nl5.mp3,1,31,29,32,,,1,,,,,,,
multiple_choice,PP2-MATH-X.51_Number_Line_Mastery_0_to_100,What number comes BETWEEN 14 and 16?,nlm_q6.webp,audio_nl6.mp3,1,15,13,17,,,1,,,,,,,
count_objects,PP2-MATH-X.51_Number_Line_Mastery_0_to_100,Count 10 number line markers moving forward!,nlm_count1.webp,audio_nl7.mp3,1,10,8,12,,🚩,10,,,,,,,
count_objects,PP2-MATH-X.51_Number_Line_Mastery_0_to_100,Count 20 steps along the hundred line!,nlm_count2.webp,audio_nl8.mp3,1,20,18,22,,🐾,20,,,,,,,
count_objects,PP2-MATH-X.51_Number_Line_Mastery_0_to_100,Count 15 track posts!,nlm_count3.webp,audio_nl9.mp3,1,15,12,18,,📍,15,,,,,,,
speak_repeat,PP2-MATH-X.51_Number_Line_Mastery_0_to_100,Say out loud clearly: FORTYNINE COMES BEFORE FIFTY!,speak_nl1.webp,audio_nl10.mp3,1,Fortynine Comes Before Fifty,,,,,,Fortynine Comes Before Fifty,,,,,,,
speak_repeat,PP2-MATH-X.51_Number_Line_Mastery_0_to_100,Say out loud clearly: NINETENINE COMES BEFORE ONE HUNDRED!,speak_nl2.webp,audio_nl11.mp3,1,Ninetynine Comes Before One Hundred,,,,,,Ninetynine Comes Before One Hundred,,,,,,,
matching,PP2-MATH-X.51_Number_Line_Mastery_0_to_100,Match BEFORE numbers!,,,1,,,,,,,,Before 50,49,Before 80,79,Before 100,99
matching,PP2-MATH-X.51_Number_Line_Mastery_0_to_100,Match AFTER numbers!,,,1,,,,,,,,After 20,21,After 60,61,After 90,91
multiple_choice,PP2-MATH-X.52_Addition_Vertical_Sums_to_20,What is vertical sum: 10 over 4 added together?,vsa_q1.webp,audio_va1.mp3,1,14,12,15,,,1,,,,,,,
multiple_choice,PP2-MATH-X.52_Addition_Vertical_Sums_to_20,What is vertical sum: 12 over 6 added together?,vsa_q2.webp,audio_va2.mp3,1,18,16,17,,,1,,,,,,,
multiple_choice,PP2-MATH-X.52_Addition_Vertical_Sums_to_20,What is vertical sum: 11 over 8 added together?,vsa_q3.webp,audio_va3.mp3,1,19,17,20,,,1,,,,,,,
multiple_choice,PP2-MATH-X.52_Addition_Vertical_Sums_to_20,What is vertical sum: 15 over 3 added together?,vsa_q4.webp,audio_va4.mp3,1,18,15,19,,,1,,,,,,,
multiple_choice,PP2-MATH-X.52_Addition_Vertical_Sums_to_20,What is vertical sum: 14 over 5 added together?,vsa_q5.webp,audio_va5.mp3,1,19,18,20,,,1,,,,,,,
multiple_choice,PP2-MATH-X.52_Addition_Vertical_Sums_to_20,What is vertical sum: 10 over 10 added together?,vsa_q6.webp,audio_va6.mp3,1,20,10,15,,,1,,,,,,,
count_objects,PP2-MATH-X.52_Addition_Vertical_Sums_to_20,Count 14 column addition blocks!,vsa_count1.webp,audio_va7.mp3,1,14,12,15,,🧱,14,,,,,,,
count_objects,PP2-MATH-X.52_Addition_Vertical_Sums_to_20,Count 18 vertical math cards!,vsa_count2.webp,audio_va8.mp3,1,18,16,19,,🃏,18,,,,,,,
count_objects,PP2-MATH-X.52_Addition_Vertical_Sums_to_20,Count 19 vertical star tokens!,vsa_count3.webp,audio_va9.mp3,1,19,17,20,,⭐,19,,,,,,,
speak_repeat,PP2-MATH-X.52_Addition_Vertical_Sums_to_20,Say out loud clearly: VERTICAL COLUMN ADDITION SUMS UP TO TWENTY!,speak_va1.webp,audio_va10.mp3,1,Vertical Column Addition Sums Up To Twenty,,,,,,Vertical Column Addition Sums Up To Twenty,,,,,,,
speak_repeat,PP2-MATH-X.52_Addition_Vertical_Sums_to_20,Say out loud clearly: TEN PLUS TEN EQUALS TWENTY IN COLUMN ADDITION!,speak_va2.webp,audio_va11.mp3,1,Ten Plus Ten Equals Twenty In Column Addition,,,,,,Ten Plus Ten Equals Twenty In Column Addition,,,,,,,
matching,PP2-MATH-X.52_Addition_Vertical_Sums_to_20,Match vertical addition columns!,,,1,,,,,,,,10+4,14,12+6,18,11+8,19
matching,PP2-MATH-X.52_Addition_Vertical_Sums_to_20,Match column addition sums!,,,1,,,,,,,,15+3,18,14+5,19,10+10,20
multiple_choice,PP2-MATH-X.53_3D_Shape_Prism_Pyramid_Detective,The detective finds a 3D shape with a pointy top and flat base. It is a...?,s3d_q1.webp,audio_sd1.mp3,1,PYRAMID,PRISM,CYLINDER,,,1,,,,,,,
multiple_choice,PP2-MATH-X.53_3D_Shape_Prism_Pyramid_Detective,The detective finds a 3D box with matching end shapes. It is a...?,s3d_q2.webp,audio_sd2.mp3,1,PRISM,PYRAMID,CONE,,,1,,,,,,,
multiple_choice,PP2-MATH-X.53_3D_Shape_Prism_Pyramid_Detective,The detective finds a 3D soup can item. It is a...?,s3d_q3.webp,audio_sd3.mp3,1,CYLINDER,CONE,PRISM,,,1,,,,,,,
multiple_choice,PP2-MATH-X.53_3D_Shape_Prism_Pyramid_Detective,The detective finds a 3D party hat item. It is a...?,s3d_q4.webp,audio_sd4.mp3,1,CONE,CYLINDER,CUBE,,,1,,,,,,,
multiple_choice,PP2-MATH-X.53_3D_Shape_Prism_Pyramid_Detective,Which 3D shape has triangular sides meeting at top?,s3d_q5.webp,audio_sd5.mp3,1,PYRAMID,PRISM,SPHERE,,,1,,,,,,,
multiple_choice,PP2-MATH-X.53_3D_Shape_Prism_Pyramid_Detective,A tissue box or cereal box is a rectangular...?,s3d_q6.webp,audio_sd6.mp3,1,PRISM,PYRAMID,CONE,,,1,,,,,,,
count_objects,PP2-MATH-X.53_3D_Shape_Prism_Pyramid_Detective,Count 4 pyramid evidence models!,s3d_count1.webp,audio_sd7.mp3,1,4,2,5,,🔺,4,,,,,,,
count_objects,PP2-MATH-X.53_3D_Shape_Prism_Pyramid_Detective,Count 3 prism evidence boxes!,s3d_count2.webp,audio_sd8.mp3,1,3,1,4,,📦,3,,,,,,,
count_objects,PP2-MATH-X.53_3D_Shape_Prism_Pyramid_Detective,Count 2 cylinder evidence cans!,s3d_count3.webp,audio_sd9.mp3,1,2,1,3,,🥫,2,,,,,,,
speak_repeat,PP2-MATH-X.53_3D_Shape_Prism_Pyramid_Detective,Say out loud clearly: 3D SHAPE DETECTIVE PRISM PYRAMID CYLINDER CONE!,speak_sd1.webp,audio_sd10.mp3,1,3D Shape Detective Prism Pyramid Cylinder Cone,,,,,,3D Shape Detective Prism Pyramid Cylinder Cone,,,,,,,
speak_repeat,PP2-MATH-X.53_3D_Shape_Prism_Pyramid_Detective,Say out loud clearly: PYRAMIDS HAVE POINTY TOPS AND PRISMS HAVE EQUAL ENDS!,speak_sd2.webp,audio_sd11.mp3,1,Pyramids Have Pointy Tops And Prisms Have Equal Ends,,,,,,Pyramids Have Pointy Tops And Prisms Have Equal Ends,,,,,,,
matching,PP2-MATH-X.53_3D_Shape_Prism_Pyramid_Detective,Match detective 3D shapes!,,,1,,,,,,,,Pyramid 🔺,PYRAMID,Prism 📦,PRISM,Cylinder 🥫,CYLINDER
matching,PP2-MATH-X.53_3D_Shape_Prism_Pyramid_Detective,Match 3D shape features!,,,1,,,,,,,,Pointy top,PYRAMID,Equal ends,PRISM,2 circles,CYLINDER
multiple_choice,PP2-MATH-X.54_Fraction_Half_Quarter_Rule_Breaker,Which fraction represents one of two equal parts: 1/2 or 1/4?,frb_q1.webp,audio_fb1.mp3,1,1/2,1/4,WHOLE,,,1,,,,,,,
multiple_choice,PP2-MATH-X.54_Fraction_Half_Quarter_Rule_Breaker,Which fraction represents one of four equal parts?,frb_q2.webp,audio_fb2.mp3,1,1/4,1/2,WHOLE,,,1,,,,,,,
multiple_choice,PP2-MATH-X.54_Fraction_Half_Quarter_Rule_Breaker,Rule breaker! Are unequal parts true fractions?,frb_q3.webp,audio_fb3.mp3,1,NO,YES,ALWAYS,,,1,,,,,,,
multiple_choice,PP2-MATH-X.54_Fraction_Half_Quarter_Rule_Breaker,Two quarters 1/4 + 1/4 equal one...?,frb_q4.webp,audio_fb4.mp3,1,1/2,1/4,WHOLE,,,1,,,,,,,
multiple_choice,PP2-MATH-X.54_Fraction_Half_Quarter_Rule_Breaker,Four quarters 1/4 + 1/4 + 1/4 + 1/4 make one...?,frb_q5.webp,audio_fb5.mp3,1,WHOLE,1/2,1/4,,,1,,,,,,,
multiple_choice,PP2-MATH-X.54_Fraction_Half_Quarter_Rule_Breaker,Fractions must always be divided into...?,frb_q6.webp,audio_fb6.mp3,1,EQUAL PARTS,UNEQUAL,RANDOM,,,1,,,,,,,
count_objects,PP2-MATH-X.54_Fraction_Half_Quarter_Rule_Breaker,Count 2 equal half pizza slices 1/2!,frb_count1.webp,audio_fb7.mp3,1,2,1,4,,🍕,2,,,,,,,
count_objects,PP2-MATH-X.54_Fraction_Half_Quarter_Rule_Breaker,Count 4 equal quarter pie slices 1/4!,frb_count2.webp,audio_fb8.mp3,1,4,2,3,,🥧,4,,,,,,,
count_objects,PP2-MATH-X.54_Fraction_Half_Quarter_Rule_Breaker,Count 3 whole apples!,frb_count3.webp,audio_fb9.mp3,1,3,1,5,,🍎,3,,,,,,,
speak_repeat,PP2-MATH-X.54_Fraction_Half_Quarter_Rule_Breaker,Say out loud clearly: FRACTIONS MUST ALWAYS BE EQUAL PARTS!,speak_fb1.webp,audio_fb10.mp3,1,Fractions Must Always Be Equal Parts,,,,,,Fractions Must Always Be Equal Parts,,,,,,,
speak_repeat,PP2-MATH-X.54_Fraction_Half_Quarter_Rule_Breaker,Say out loud clearly: ONE HALF IS ONE OF TWO EQUAL PARTS!,speak_fb2.webp,audio_fb11.mp3,1,One Half Is One Of Two Equal Parts,,,,,,One Half Is One Of Two Equal Parts,,,,,,,
matching,PP2-MATH-X.54_Fraction_Half_Quarter_Rule_Breaker,Match fraction rules!,,,1,,,,,,,,1 of 2,1/2,1 of 4,1/4,All parts,WHOLE
matching,PP2-MATH-X.54_Fraction_Half_Quarter_Rule_Breaker,Match fraction values!,,,1,,,,,,,,Half,1/2,Quarter,1/4,Whole,WHOLE
multiple_choice,PP2-MATH-X.55_Measurement_Clock_Time_Hours,Where does the short hour hand point for 2 o'clock?,mct_q1.webp,audio_mc1.mp3,1,2,12,6,,,1,,,,,,,
multiple_choice,PP2-MATH-X.55_Measurement_Clock_Time_Hours,Where does the long minute hand point for 2 o'clock?,mct_q2.webp,audio_mc2.mp3,1,12,2,6,,,1,,,,,,,
multiple_choice,PP2-MATH-X.55_Measurement_Clock_Time_Hours,Short hand on 8, long hand on 12. What time is it?,mct_q3.webp,audio_mc3.mp3,1,8 O'CLOCK,2 O'CLOCK,12 O'CLOCK,,,1,,,,,,,
multiple_choice,PP2-MATH-X.55_Measurement_Clock_Time_Hours,Short hand on 5, long hand on 12. What time is it?,mct_q4.webp,audio_mc4.mp3,1,5 O'CLOCK,8 O'CLOCK,1 O'CLOCK,,,1,,,,,,,
multiple_choice,PP2-MATH-X.55_Measurement_Clock_Time_Hours,The short hand on the clock measures...?,mct_q5.webp,audio_mc5.mp3,1,HOURS,MINUTES,SECONDS,,,1,,,,,,,
multiple_choice,PP2-MATH-X.55_Measurement_Clock_Time_Hours,When the long hand is on 12, the time is exact...?,mct_q6.webp,audio_mc6.mp3,1,O'CLOCK,HALF,QUARTER,,,1,,,,,,,
count_objects,PP2-MATH-X.55_Measurement_Clock_Time_Hours,Count 4 clocks showing exact hour time!,mct_count1.webp,audio_mc7.mp3,1,4,2,3,,⏰,4,,,,,,,
count_objects,PP2-MATH-X.55_Measurement_Clock_Time_Hours,Count 12 numbers around the clock face!,mct_count2.webp,audio_mc8.mp3,1,12,10,15,,🕐,12,,,,,,,
count_objects,PP2-MATH-X.55_Measurement_Clock_Time_Hours,Count 2 clock hands: short and long!,mct_count3.webp,audio_mc9.mp3,1,2,1,3,,⏱️,2,,,,,,,
speak_repeat,PP2-MATH-X.55_Measurement_Clock_Time_Hours,Say out loud clearly: SHORT HAND ON TWO LONG HAND ON TWELVE IS TWO O'CLOCK!,speak_mc1.webp,audio_mc10.mp3,1,Short Hand On Two Long Hand On Twelve Is Two O'Clock,,,,,,Short Hand On Two Long Hand On Twelve Is Two O'Clock,,,,,,,
speak_repeat,PP2-MATH-X.55_Measurement_Clock_Time_Hours,Say out loud clearly: SHORT HAND ON EIGHT LONG HAND ON TWELVE IS EIGHT O'CLOCK!,speak_mc2.webp,audio_mc11.mp3,1,Short Hand On Eight Long Hand On Twelve Is Eight O'Clock,,,,,,Short Hand On Eight Long Hand On Twelve Is Eight O'Clock,,,,,,,
matching,PP2-MATH-X.55_Measurement_Clock_Time_Hours,Match clock hour times!,,,1,,,,,,,,Short 2,2 O'CLOCK,Short 8,8 O'CLOCK,Short 5,5 O'CLOCK
matching,PP2-MATH-X.55_Measurement_Clock_Time_Hours,Match clock hand roles!,,,1,,,,,,,,Short hand,HOURS,Long hand,MINUTES,At 12 top,O'CLOCK
multiple_choice,PP2-MATH-X.56_Spatial_Compass_Direction_Explorer,Which compass direction points straight UP on a map?,cde_q1.webp,audio_cd1.mp3,1,NORTH,SOUTH,EAST,,,1,,,,,,,
multiple_choice,PP2-MATH-X.56_Spatial_Compass_Direction_Explorer,Which compass direction points straight DOWN on a map?,cde_q2.webp,audio_cd2.mp3,1,SOUTH,NORTH,WEST,,,1,,,,,,,
multiple_choice,PP2-MATH-X.56_Spatial_Compass_Direction_Explorer,Which compass direction points to the RIGHT on a map?,cde_q3.webp,audio_cd3.mp3,1,EAST,WEST,NORTH,,,1,,,,,,,
multiple_choice,PP2-MATH-X.56_Spatial_Compass_Direction_Explorer,Which compass direction points to the LEFT on a map?,cde_q4.webp,audio_cd4.mp3,1,WEST,EAST,SOUTH,,,1,,,,,,,
multiple_choice,PP2-MATH-X.56_Spatial_Compass_Direction_Explorer,North, South, East, and West are the four main...?,cde_q5.webp,audio_cd5.mp3,1,DIRECTIONS,COLORS,NUMBERS,,,1,,,,,,,
multiple_choice,PP2-MATH-X.56_Spatial_Compass_Direction_Explorer,A compass needle always points toward...?,cde_q6.webp,audio_cd6.mp3,1,NORTH,SOUTH,EAST,,,1,,,,,,,
count_objects,PP2-MATH-X.56_Spatial_Compass_Direction_Explorer,Count 4 compass direction pointers!,cde_count1.webp,audio_cd7.mp3,1,4,2,3,,🧭,4,,,,,,,
count_objects,PP2-MATH-X.56_Spatial_Compass_Direction_Explorer,Count 2 map exploration routes!,cde_count2.webp,audio_cd8.mp3,1,2,1,3,,🗺️,2,,,,,,,
count_objects,PP2-MATH-X.56_Spatial_Compass_Direction_Explorer,Count 3 direction arrows!,cde_count3.webp,audio_cd9.mp3,1,3,1,4,,🏹,3,,,,,,,
speak_repeat,PP2-MATH-X.56_Spatial_Compass_Direction_Explorer,Say out loud clearly: COMPASS DIRECTIONS NORTH SOUTH EAST WEST!,speak_cd1.webp,audio_cd10.mp3,1,Compass Directions North South East West,,,,,,Compass Directions North South East West,,,,,,,
speak_repeat,PP2-MATH-X.56_Spatial_Compass_Direction_Explorer,Say out loud clearly: NORTH IS UP SOUTH IS DOWN EAST IS RIGHT WEST IS LEFT!,speak_cd2.webp,audio_cd11.mp3,1,North Is Up South Is Down East Is Right West Is Left,,,,,,North Is Up South Is Down East Is Right West Is Left,,,,,,,
matching,PP2-MATH-X.56_Spatial_Compass_Direction_Explorer,Match compass directions!,,,1,,,,,,,,Up,NORTH,Down,SOUTH,Right,EAST
matching,PP2-MATH-X.56_Spatial_Compass_Direction_Explorer,Match direction opposites!,,,1,,,,,,,,North,SOUTH,East,WEST,Left,WEST
multiple_choice,PP2-MATH-X.57_Data_Bar_Graph_Mastery,A graph with tall colored bars to compare data is a...?,bgm_q1.webp,audio_bm1.mp3,1,BAR GRAPH,MAP,CLOCK,,,1,,,,,,,
multiple_choice,PP2-MATH-X.57_Data_Bar_Graph_Mastery,The tallest bar on the graph shows the count of...?,bgm_q2.webp,audio_bm2.mp3,1,MOST,LEAST,EQUAL,,,1,,,,,,,
multiple_choice,PP2-MATH-X.57_Data_Bar_Graph_Mastery,The shortest bar on the graph shows the count of...?,bgm_q3.webp,audio_bm3.mp3,1,LEAST,MOST,EQUAL,,,1,,,,,,,
multiple_choice,PP2-MATH-X.57_Data_Bar_Graph_Mastery,If bar A has 10 and bar B has 4, bar A is...?,bgm_q4.webp,audio_bm4.mp3,1,MOST,LEAST,EQUAL,,,1,,,,,,,
multiple_choice,PP2-MATH-X.57_Data_Bar_Graph_Mastery,If bar A has 10 and bar B has 4, bar B is...?,bgm_q5.webp,audio_bm5.mp3,1,LEAST,MOST,EQUAL,,,1,,,,,,,
multiple_choice,PP2-MATH-X.57_Data_Bar_Graph_Mastery,When two bars reach the same line height, they are...?,bgm_q6.webp,audio_bm6.mp3,1,EQUAL,MOST,LEAST,,,1,,,,,,,
count_objects,PP2-MATH-X.57_Data_Bar_Graph_Mastery,Count 4 data bars on the mastery graph!,bgm_count1.webp,audio_bm7.mp3,1,4,2,5,,📊,4,,,,,,,
count_objects,PP2-MATH-X.57_Data_Bar_Graph_Mastery,Count 10 units on the highest bar!,bgm_count2.webp,audio_bm8.mp3,1,10,8,12,,🟦,10,,,,,,,
count_objects,PP2-MATH-X.57_Data_Bar_Graph_Mastery,Count 4 units on the lowest bar!,bgm_count3.webp,audio_bm9.mp3,1,4,2,5,,🟨,4,,,,,,,
speak_repeat,PP2-MATH-X.57_Data_Bar_Graph_Mastery,Say out loud clearly: DATA BAR GRAPH MASTERY COMPARE MOST AND LEAST!,speak_bm1.webp,audio_bm10.mp3,1,Data Bar Graph Mastery Compare Most And Least,,,,,,Data Bar Graph Mastery Compare Most And Least,,,,,,,
speak_repeat,PP2-MATH-X.57_Data_Bar_Graph_Mastery,Say out loud clearly: BAR GRAPHS MAKE COMPARING DATA EASY!,speak_bm2.webp,audio_bm11.mp3,1,Bar Graphs Make Comparing Data Easy,,,,,,Bar Graphs Make Comparing Data Easy,,,,,,,
matching,PP2-MATH-X.57_Data_Bar_Graph_Mastery,Match bar graph terms!,,,1,,,,,,,,Tallest,MOST,Shortest,LEAST,Same,EQUAL
matching,PP2-MATH-X.57_Data_Bar_Graph_Mastery,Match data terms!,,,1,,,,,,,,Bars,BAR GRAPH,10 units,MOST,4 units,LEAST
multiple_choice,PP2-MATH-X.58_Skip_Counting_by_5s_and_10s_Champion,Skip count by 5s: 5 10 15 20... what comes next?,skc_q1.webp,audio_sc1.mp3,1,25,21,30,,,1,,,,,,,
multiple_choice,PP2-MATH-X.58_Skip_Counting_by_5s_and_10s_Champion,Skip count by 10s: 10 20 30 40... what comes next?,skc_q2.webp,audio_sc2.mp3,1,50,45,60,,,1,,,,,,,
multiple_choice,PP2-MATH-X.58_Skip_Counting_by_5s_and_10s_Champion,Skip count by 5s: 40 45... what comes next?,skc_q3.webp,audio_sc3.mp3,1,50,46,55,,,1,,,,,,,
multiple_choice,PP2-MATH-X.58_Skip_Counting_by_5s_and_10s_Champion,Skip count by 10s: 80 90... what is the final milestone?,skc_q4.webp,audio_sc4.mp3,1,100,95,90,,,1,,,,,,,
multiple_choice,PP2-MATH-X.58_Skip_Counting_by_5s_and_10s_Champion,Which sequence skips by 10s: 10 20 30 or 5 10 15?,skc_q5.webp,audio_sc5.mp3,1,10 20 30,5 10 15,1 2 3,,,1,,,,,,,
multiple_choice,PP2-MATH-X.58_Skip_Counting_by_5s_and_10s_Champion,Skip counting speeds up...?,skc_q6.webp,audio_sc6.mp3,1,COUNTING,WRITING,DRAWING,,,1,,,,,,,
count_objects,PP2-MATH-X.58_Skip_Counting_by_5s_and_10s_Champion,Count 50 star tokens in 10s groups!,skc_count1.webp,audio_sc7.mp3,1,50,40,60,,⭐,50,,,,,,,
count_objects,PP2-MATH-X.58_Skip_Counting_by_5s_and_10s_Champion,Count 100 power tokens in 10s groups!,skc_count2.webp,audio_sc8.mp3,1,100,90,80,,⚡,100,,,,,,,
count_objects,PP2-MATH-X.58_Skip_Counting_by_5s_and_10s_Champion,Count 25 winner medals in 5s groups!,skc_count3.webp,audio_sc9.mp3,1,25,20,30,,🥇,25,,,,,,,
speak_repeat,PP2-MATH-X.58_Skip_Counting_by_5s_and_10s_Champion,Say out loud clearly: SKIP COUNTING CHAMPION BY FIVES AND TENS!,speak_sc1.webp,audio_sc10.mp3,1,Skip Counting Champion By Fives And Tens,,,,,,Skip Counting Champion By Fives And Tens,,,,,,,
speak_repeat,PP2-MATH-X.58_Skip_Counting_by_5s_and_10s_Champion,Say out loud clearly: TEN TWENTY THIRTY FORTY FIFTY SIXTY SEVENTY EIGHTY NINETY ONE HUNDRED!,speak_sc2.webp,audio_sc11.mp3,1,Ten Twenty Thirty Forty Fifty Sixty Seventy Eighty Ninety One Hundred,,,,,,Ten Twenty Thirty Forty Fifty Sixty Seventy Eighty Ninety One Hundred,,,,,,,
matching,PP2-MATH-X.58_Skip_Counting_by_5s_and_10s_Champion,Match 5s skip count sequence!,,,1,,,,,,,,5 10,15,20 25,30,40 45,50
matching,PP2-MATH-X.58_Skip_Counting_by_5s_and_10s_Champion,Match 10s skip count sequence!,,,1,,,,,,,,10 20,30,40 50,60,80 90,100
multiple_choice,PP2-MATH-X.59_Money_Kenyan_Shilling_Notes_Shopper,Which banknote is used to buy an item costing 50 KES?,kn_q1.webp,audio_k1.mp3,1,50 KES,100 KES,1 KES,,,1,,,,,,,
multiple_choice,PP2-MATH-X.59_Money_Kenyan_Shilling_Notes_Shopper,Which banknote is used to buy an item costing 100 KES?,kn_q2.webp,audio_k2.mp3,1,100 KES,50 KES,5 KES,,,1,,,,,,,
multiple_choice,PP2-MATH-X.59_Money_Kenyan_Shilling_Notes_Shopper,Which banknote has higher value: 50 KES or 100 KES?,kn_q3.webp,audio_k3.mp3,1,100 KES,50 KES,SAME,,,1,,,,,,,
multiple_choice,PP2-MATH-X.59_Money_Kenyan_Shilling_Notes_Shopper,You give 100 KES note for 50 KES shoes. Change left?,kn_q4.webp,audio_k4.mp3,1,50 KES,100 KES,0 KES,,,1,,,,,,,
multiple_choice,PP2-MATH-X.59_Money_Kenyan_Shilling_Notes_Shopper,Two 50 KES notes equal how many shillings total?,kn_q5.webp,audio_k5.mp3,1,100 KES,50 KES,20 KES,,,1,,,,,,,
multiple_choice,PP2-MATH-X.59_Money_Kenyan_Shilling_Notes_Shopper,Where do shoppers spend banknotes to buy goods in Kenya?,kn_q6.webp,audio_k6.mp3,1,MARKET,PARK,BED,,,1,,,,,,,
count_objects,PP2-MATH-X.59_Money_Kenyan_Shilling_Notes_Shopper,Count 2 banknotes of 50 KES!,kn_count1.webp,audio_k7.mp3,1,2,1,3,,💵,2,,,,,,,
count_objects,PP2-MATH-X.59_Money_Kenyan_Shilling_Notes_Shopper,Count 1 banknote of 100 KES!,kn_count2.webp,audio_k8.mp3,1,1,2,3,,💵,1,,,,,,,
count_objects,PP2-MATH-X.59_Money_Kenyan_Shilling_Notes_Shopper,Count 3 shopping items bought!,kn_count3.webp,audio_k9.mp3,1,3,2,4,,🛍️,3,,,,,,,
speak_repeat,PP2-MATH-X.59_Money_Kenyan_Shilling_Notes_Shopper,Say out loud clearly: KENYAN SHILLING SHOPPER FIFTY KES AND ONE HUNDRED KES NOTES!,speak_k1.webp,audio_k10.mp3,1,Kenyan Shilling Shopper Fifty KES And One Hundred KES Notes,,,,,,Kenyan Shilling Shopper Fifty KES And One Hundred KES Notes,,,,,,,
speak_repeat,PP2-MATH-X.59_Money_Kenyan_Shilling_Notes_Shopper,Say out loud clearly: TWO FIFTY KES NOTES EQUAL ONE HUNDRED KES!,speak_k2.webp,audio_k11.mp3,1,Two Fifty KES Notes Equal One Hundred KES,,,,,,Two Fifty KES Notes Equal One Hundred KES,,,,,,,
matching,PP2-MATH-X.59_Money_Kenyan_Shilling_Notes_Shopper,Match banknote values!,,,1,,,,,,,,50,50 KES,100,100 KES,50+50,100 KES
matching,PP2-MATH-X.59_Money_Kenyan_Shilling_Notes_Shopper,Match shopper items!,,,1,,,,,,,,Shoes,50 KES,Dress,100 KES,Market,KES
multiple_choice,PP2-MATH-X.60_PP2_Math_Midway_Master_60,What number comes right after 99 at the 60 milestone?,mm6_q1.webp,audio_m61.mp3,1,100,98,90,,,1,,,,,,,
multiple_choice,PP2-MATH-X.60_PP2_Math_Midway_Master_60,What is 10 plus 10?,mm6_q2.webp,audio_m62.mp3,1,20,10,15,,,1,,,,,,,
multiple_choice,PP2-MATH-X.60_PP2_Math_Midway_Master_60,Which 3D shape has a pointy top and flat base?,mm6_q3.webp,audio_m63.mp3,1,PYRAMID,PRISM,SPHERE,,,1,,,,,,,
multiple_choice,PP2-MATH-X.60_PP2_Math_Midway_Master_60,What is one part of two equal parts called?,mm6_q4.webp,audio_m64.mp3,1,1/2,1/4,WHOLE,,,1,,,,,,,
multiple_choice,PP2-MATH-X.60_PP2_Math_Midway_Master_60,Short hand on 8, long hand on 12. What time is it?,mm6_q5.webp,audio_m65.mp3,1,8 O'CLOCK,12 O'CLOCK,2 O'CLOCK,,,1,,,,,,,
multiple_choice,PP2-MATH-X.60_PP2_Math_Midway_Master_60,50 KES plus 50 KES equals how many shillings?,mm6_q6.webp,audio_m66.mp3,1,100 KES,50 KES,20 KES,,,1,,,,,,,
count_objects,PP2-MATH-X.60_PP2_Math_Midway_Master_60,Count 20 midway master star trophies!,mm6_count1.webp,audio_m67.mp3,1,20,18,19,,🏆,20,,,,,,,
count_objects,PP2-MATH-X.60_PP2_Math_Midway_Master_60,Count 15 midway master medals!,mm6_count2.webp,audio_m68.mp3,1,15,12,18,,🥇,15,,,,,,,
count_objects,PP2-MATH-X.60_PP2_Math_Midway_Master_60,Count 10 midway master crowns!,mm6_count3.webp,audio_m69.mp3,1,10,8,12,,👑,10,,,,,,,
speak_repeat,PP2-MATH-X.60_PP2_Math_Midway_Master_60,Say out loud clearly: I AM A PP2 MATH MIDWAY MASTER!,speak_m61.webp,audio_m610.mp3,1,I Am A PP2 Math Midway Master,,,,,,I Am A PP2 Math Midway Master,,,,,,,
speak_repeat,PP2-MATH-X.60_PP2_Math_Midway_Master_60,Say out loud clearly: SIXTY MISSIONS OF PP2 MATH SUCCESS!,speak_m62.webp,audio_m611.mp3,1,Sixty Missions Of PP2 Math Success,,,,,,Sixty Missions Of PP2 Math Success,,,,,,,
matching,PP2-MATH-X.60_PP2_Math_Midway_Master_60,Match midway math domains!,,,1,,,,,,,,Numbers,100,Shapes,PYRAMID,Money,100 KES
matching,PP2-MATH-X.60_PP2_Math_Midway_Master_60,Match midway master symbols!,,,1,,,,,,,,Trophy 🏆,MASTER,Medal 🥇,WINNER,Crown 👑,MIDWAY

question_type,lesson_title,prompt,prompt_image,prompt_audio,correct_answer,option_1,option_2,option_3,option_4,count_emoji_or_image,target_count,target_word,pair_1_left,pair_1_right,pair_2_left,pair_2_right,pair_3_left,pair_3_right
multiple_choice,PP2-MATH-X.61_Dinosaur_Island_Math_Showdown_61,What number comes after 89 on Dinosaur Island?,dms_q1.webp,audio_d1.mp3,1,90,88,91,,,1,,,,,,,
multiple_choice,PP2-MATH-X.61_Dinosaur_Island_Math_Showdown_61,12 T-Rex dinos plus 5 T-Rex dinos equals how many?,dms_q2.webp,audio_d2.mp3,1,17,15,18,,,1,,,,,,,
multiple_choice,PP2-MATH-X.61_Dinosaur_Island_Math_Showdown_61,What number comes right before 100?,dms_q3.webp,audio_d3.mp3,1,99,98,90,,,1,,,,,,,
multiple_choice,PP2-MATH-X.61_Dinosaur_Island_Math_Showdown_61,14 green dinos plus 6 green dinos equals...?,dms_q4.webp,audio_d4.mp3,1,20,18,19,,,1,,,,,,,
multiple_choice,PP2-MATH-X.61_Dinosaur_Island_Math_Showdown_61,Which dino group is bigger: 45 or 82?,dms_q5.webp,audio_d5.mp3,1,82,45,50,,,1,,,,,,,
multiple_choice,PP2-MATH-X.61_Dinosaur_Island_Math_Showdown_61,11 dino eggs plus 8 dino eggs equals...?,dms_q6.webp,audio_d6.mp3,1,19,17,20,,,1,,,,,,,
count_objects,PP2-MATH-X.61_Dinosaur_Island_Math_Showdown_61,Count 17 green T-Rex dinosaurs in the showdown!,dms_count1.webp,audio_d7.mp3,1,17,15,18,,🦕,17,,,,,,,
count_objects,PP2-MATH-X.61_Dinosaur_Island_Math_Showdown_61,Count 20 dino footprints on the island!,dms_count2.webp,audio_d8.mp3,1,20,18,19,,🐾,20,,,,,,,
count_objects,PP2-MATH-X.61_Dinosaur_Island_Math_Showdown_61,Count 19 spotted dino eggs!,dms_count3.webp,audio_d9.mp3,1,19,17,20,,🥚,19,,,,,,,
speak_repeat,PP2-MATH-X.61_Dinosaur_Island_Math_Showdown_61,Say out loud clearly: DINOSAUR ISLAND MATH SHOWDOWN UP TO ONE HUNDRED!,speak_d1.webp,audio_d10.mp3,1,Dinosaur Island Math Showdown Up To One Hundred,,,,,,Dinosaur Island Math Showdown Up To One Hundred,,,,,,,
speak_repeat,PP2-MATH-X.61_Dinosaur_Island_Math_Showdown_61,Say out loud clearly: TWELVE PLUS FIVE EQUALS SEVENTEEN DINOSAURS!,speak_d2.webp,audio_d11.mp3,1,Twelve Plus Five Equals Seventeen Dinosaurs,,,,,,Twelve Plus Five Equals Seventeen Dinosaurs,,,,,,,
matching,PP2-MATH-X.61_Dinosaur_Island_Math_Showdown_61,Match dinosaur showdown sums!,,,1,,,,,,,,12+5,17,14+6,20,11+8,19
matching,PP2-MATH-X.61_Dinosaur_Island_Math_Showdown_61,Match dino island counts!,,,1,,,,,,,,50,50,89,89,99,99
multiple_choice,PP2-MATH-X.62_Dinosaur_Skip_Counting_by_5s_62,Dino footprints skip count by 5s: 5 10 15... what is next?,dsk5_q1.webp,audio_dk1.mp3,1,20,16,18,,,1,,,,,,,
multiple_choice,PP2-MATH-X.62_Dinosaur_Skip_Counting_by_5s_62,Dino footprints skip count by 5s: 25 30 35... what is next?,dsk5_q2.webp,audio_dk2.mp3,1,40,36,38,,,1,,,,,,,
multiple_choice,PP2-MATH-X.62_Dinosaur_Skip_Counting_by_5s_62,Dino footprints skip count by 5s: 40 45... what is the final step?,dsk5_q3.webp,audio_dk3.mp3,1,50,46,48,,,1,,,,,,,
multiple_choice,PP2-MATH-X.62_Dinosaur_Skip_Counting_by_5s_62,What is the first step in dino 5s skip counting?,dsk5_q4.webp,audio_dk4.mp3,1,5,1,0,,,1,,,,,,,
multiple_choice,PP2-MATH-X.62_Dinosaur_Skip_Counting_by_5s_62,When dinos skip count by 5s, how many tracks per hop?,dsk5_q5.webp,audio_dk5.mp3,1,5,1,10,,,1,,,,,,,
multiple_choice,PP2-MATH-X.62_Dinosaur_Skip_Counting_by_5s_62,Which number belongs in dino 5s count: 5 10 15 20...?,dsk5_q6.webp,audio_dk6.mp3,1,25,12,17,,,1,,,,,,,
count_objects,PP2-MATH-X.62_Dinosaur_Skip_Counting_by_5s_62,Count 15 dino footprints in groups of 5!,dsk5_count1.webp,audio_dk7.mp3,1,15,10,20,,🐾,15,,,,,,,
count_objects,PP2-MATH-X.62_Dinosaur_Skip_Counting_by_5s_62,Count 25 dino eggs in groups of 5!,dsk5_count2.webp,audio_dk8.mp3,1,25,20,30,,🥚,25,,,,,,,
count_objects,PP2-MATH-X.62_Dinosaur_Skip_Counting_by_5s_62,Count 50 green dinos in groups of 5!,dsk5_count3.webp,audio_dk9.mp3,1,50,40,45,,🦕,50,,,,,,,
speak_repeat,PP2-MATH-X.62_Dinosaur_Skip_Counting_by_5s_62,Say out loud clearly: DINOSAUR FOOTPRINT SKIP COUNTING BY FIVES!,speak_dk1.webp,audio_dk10.mp3,1,Dinosaur Footprint Skip Counting By Fives,,,,,,Dinosaur Footprint Skip Counting By Fives,,,,,,,
speak_repeat,PP2-MATH-X.62_Dinosaur_Skip_Counting_by_5s_62,Say out loud clearly: FIVE TEN FIFTEEN TWENTY TWENTYFIVE THIRTY!,speak_dk2.webp,audio_dk11.mp3,1,Five Ten Fifteen Twenty Twenty-five Thirty,,,,,,Five Ten Fifteen Twenty Twenty-five Thirty,,,,,,,
matching,PP2-MATH-X.62_Dinosaur_Skip_Counting_by_5s_62,Match 5s dino skip count steps!,,,1,,,,,,,,5 10,15,15 20,25,25 30,35
matching,PP2-MATH-X.62_Dinosaur_Skip_Counting_by_5s_62,Match 5s dino targets!,,,1,,,,,,,,35,40,40,45,45,50
multiple_choice,PP2-MATH-X.63_Pirate_Cove_3D_Pyramid_Hunt_63,Pirate treasure building with pointy top and flat base is a...?,p3d_q1.webp,audio_p1.mp3,1,PYRAMID,PRISM,SPHERE,,,1,,,,,,,
multiple_choice,PP2-MATH-X.63_Pirate_Cove_3D_Pyramid_Hunt_63,Pirate treasure box with matching ends is a...?,p3d_q2.webp,audio_p2.mp3,1,PRISM,PYRAMID,CONE,,,1,,,,,,,
multiple_choice,PP2-MATH-X.63_Pirate_Cove_3D_Pyramid_Hunt_63,Pirate cannonball round like a ball is a...?,p3d_q3.webp,audio_p3.mp3,1,SPHERE,CUBE,PYRAMID,,,1,,,,,,,
multiple_choice,PP2-MATH-X.63_Pirate_Cove_3D_Pyramid_Hunt_63,Pirate chest shaped like a square box is a...?,p3d_q4.webp,audio_p4.mp3,1,CUBE,PRISM,SPHERE,,,1,,,,,,,
multiple_choice,PP2-MATH-X.63_Pirate_Cove_3D_Pyramid_Hunt_63,Which pirate 3D shape has triangular sides meeting at top?,p3d_q5.webp,audio_p5.mp3,1,PYRAMID,SPHERE,CUBE,,,1,,,,,,,
multiple_choice,PP2-MATH-X.63_Pirate_Cove_3D_Pyramid_Hunt_63,Which pirate shape has 2 matching ends and flat rectangular sides?,p3d_q6.webp,audio_p6.mp3,1,PRISM,PYRAMID,CONE,,,1,,,,,,,
count_objects,PP2-MATH-X.63_Pirate_Cove_3D_Pyramid_Hunt_63,Count 4 golden pirate pyramids!,p3d_count1.webp,audio_p7.mp3,1,4,2,5,,🔺,4,,,,,,,
count_objects,PP2-MATH-X.63_Pirate_Cove_3D_Pyramid_Hunt_63,Count 3 pirate treasure prisms!,p3d_count2.webp,audio_p8.mp3,1,3,1,4,,📦,3,,,,,,,
count_objects,PP2-MATH-X.63_Pirate_Cove_3D_Pyramid_Hunt_63,Count 5 sphere cannonballs!,p3d_count3.webp,audio_p9.mp3,1,5,3,4,,💣,5,,,,,,,
speak_repeat,PP2-MATH-X.63_Pirate_Cove_3D_Pyramid_Hunt_63,Say out loud clearly: PIRATE COVE 3D PYRAMID AND PRISM TREASURE!,speak_p1.webp,audio_p10.mp3,1,Pirate Cove 3D Pyramid And Prism Treasure,,,,,,Pirate Cove 3D Pyramid And Prism Treasure,,,,,,,
speak_repeat,PP2-MATH-X.63_Pirate_Cove_3D_Pyramid_Hunt_63,Say out loud clearly: PYRAMIDS HAVE POINTY TOPS AND PRISMS HAVE EQUAL ENDS!,speak_p2.webp,audio_p11.mp3,1,Pyramids Have Pointy Tops And Prisms Have Equal Ends,,,,,,Pyramids Have Pointy Tops And Prisms Have Equal Ends,,,,,,,
matching,PP2-MATH-X.63_Pirate_Cove_3D_Pyramid_Hunt_63,Match pirate 3D shapes!,,,1,,,,,,,,Pyramid 🔺,PYRAMID,Prism 📦,PRISM,Sphere 💣,SPHERE
matching,PP2-MATH-X.63_Pirate_Cove_3D_Pyramid_Hunt_63,Match 3D shape features!,,,1,,,,,,,,Pointy top,PYRAMID,Equal ends,PRISM,Square box,CUBE
multiple_choice,PP2-MATH-X.64_Pirate_Money_Change_Math_64,Pirate buys hat for 50 KES. Gives 100 KES note. What is change?,pmc_q1.webp,audio_pm1.mp3,1,50 KES,100 KES,10 KES,,,1,,,,,,,
multiple_choice,PP2-MATH-X.64_Pirate_Money_Change_Math_64,Pirate spends 20 KES and gives 50 KES note. Change left?,pmc_q2.webp,audio_pm2.mp3,1,30 KES,20 KES,50 KES,,,1,,,,,,,
multiple_choice,PP2-MATH-X.64_Pirate_Money_Change_Math_64,Which banknote has value 100 KES in Kenya?,pmc_q3.webp,audio_pm3.mp3,1,100 KES,50 KES,20 KES,,,1,,,,,,,
multiple_choice,PP2-MATH-X.64_Pirate_Money_Change_Math_64,Which banknote has value 50 KES in Kenya?,pmc_q4.webp,audio_pm4.mp3,1,50 KES,100 KES,10 KES,,,1,,,,,,,
multiple_choice,PP2-MATH-X.64_Pirate_Money_Change_Math_64,50 KES plus 50 KES equals how many shillings?,pmc_q5.webp,audio_pm5.mp3,1,100 KES,50 KES,20 KES,,,1,,,,,,,
multiple_choice,PP2-MATH-X.64_Pirate_Money_Change_Math_64,Change is money returned when you pay...?,pmc_q6.webp,audio_pm6.mp3,1,MORE,LESS,SAME,,,1,,,,,,,
count_objects,PP2-MATH-X.64_Pirate_Money_Change_Math_64,Count 2 banknotes of 50 KES!,pmc_count1.webp,audio_pm7.mp3,1,2,1,3,,💵,2,,,,,,,
count_objects,PP2-MATH-X.64_Pirate_Money_Change_Math_64,Count 1 banknote of 100 KES!,pmc_count2.webp,audio_pm8.mp3,1,1,2,3,,💵,1,,,,,,,
count_objects,PP2-MATH-X.64_Pirate_Money_Change_Math_64,Count 5 pirate change coins!,pmc_count3.webp,audio_pm9.mp3,1,5,3,4,,🪙,5,,,,,,,
speak_repeat,PP2-MATH-X.64_Pirate_Money_Change_Math_64,Say out loud clearly: PIRATE SHOPPING AND GIVING CHANGE MATH!,speak_pm1.webp,audio_pm10.mp3,1,Pirate Shopping And Giving Change Math,,,,,,Pirate Shopping And Giving Change Math,,,,,,,
speak_repeat,PP2-MATH-X.64_Pirate_Money_Change_Math_64,Say out loud clearly: ONE HUNDRED KES MINUS FIFTY KES LEAVES FIFTY KES CHANGE!,speak_pm2.webp,audio_pm11.mp3,1,One Hundred KES Minus Fifty KES Leaves Fifty KES Change,,,,,,One Hundred KES Minus Fifty KES Leaves Fifty KES Change,,,,,,,
matching,PP2-MATH-X.64_Pirate_Money_Change_Math_64,Match pirate shopping change!,,,1,,,,,,,,100-50,50 KES,50-20,30 KES,50+50,100 KES
matching,PP2-MATH-X.64_Pirate_Money_Change_Math_64,Match KES banknotes!,,,1,,,,,,,,Note,50 KES,Big Note,100 KES,Symbol,KES
multiple_choice,PP2-MATH-X.65_Space_Station_Addition_3_Numbers_65,Combine 4 plus 5 plus 3. What is the total space sum?,ssa_q1.webp,audio_s1.mp3,1,12,10,11,,,1,,,,,,,
multiple_choice,PP2-MATH-X.65_Space_Station_Addition_3_Numbers_65,Combine 6 plus 2 plus 4. Total sum?,ssa_q2.webp,audio_s2.mp3,1,12,10,14,,,1,,,,,,,
multiple_choice,PP2-MATH-X.65_Space_Station_Addition_3_Numbers_65,Combine 5 plus 5 plus 5. Total sum?,ssa_q3.webp,audio_s3.mp3,1,15,10,20,,,1,,,,,,,
multiple_choice,PP2-MATH-X.65_Space_Station_Addition_3_Numbers_65,Combine 7 plus 3 plus 2. Total sum?,ssa_q4.webp,audio_s4.mp3,1,12,10,13,,,1,,,,,,,
multiple_choice,PP2-MATH-X.65_Space_Station_Addition_3_Numbers_65,Combine 8 plus 2 plus 4. Total sum?,ssa_q5.webp,audio_s5.mp3,1,14,12,16,,,1,,,,,,,
multiple_choice,PP2-MATH-X.65_Space_Station_Addition_3_Numbers_65,Combine 10 plus 5 plus 5. Total sum?,ssa_q6.webp,audio_s6.mp3,1,20,15,18,,,1,,,,,,,
count_objects,PP2-MATH-X.65_Space_Station_Addition_3_Numbers_65,Count 12 space rockets combined from 3 groups!,ssa_count1.webp,audio_s7.mp3,1,12,10,14,,🚀,12,,,,,,,
count_objects,PP2-MATH-X.65_Space_Station_Addition_3_Numbers_65,Count 15 space stars combined!,ssa_count2.webp,audio_s8.mp3,1,15,12,18,,⭐,15,,,,,,,
count_objects,PP2-MATH-X.65_Space_Station_Addition_3_Numbers_65,Count 20 space tokens combined!,ssa_count3.webp,audio_s9.mp3,1,20,15,18,,⚡,20,,,,,,,
speak_repeat,PP2-MATH-X.65_Space_Station_Addition_3_Numbers_65,Say out loud clearly: FOUR PLUS FIVE PLUS THREE EQUALS TWELVE!,speak_s1.webp,audio_s10.mp3,1,Four Plus Five Plus Three Equals Twelve,,,,,,Four Plus Five Plus Three Equals Twelve,,,,,,,
speak_repeat,PP2-MATH-X.65_Space_Station_Addition_3_Numbers_65,Say out loud clearly: ADDING THREE NUMBERS IN SPACE!,speak_s2.webp,audio_s11.mp3,1,Adding Three Numbers In Space,,,,,,Adding Three Numbers In Space,,,,,,,
matching,PP2-MATH-X.65_Space_Station_Addition_3_Numbers_65,Match 3-number space additions!,,,1,,,,,,,,4+5+3,12,6+2+4,12,5+5+5,15
matching,PP2-MATH-X.65_Space_Station_Addition_3_Numbers_65,Match 3-number sums!,,,1,,,,,,,,7+3+2,12,8+2+4,14,10+5+5,20
multiple_choice,PP2-MATH-X.66_Space_Fraction_Galaxy_66,Alien splits space pie into 2 equal parts. One part is...?,sfg_q1.webp,audio_sf1.mp3,1,1/2,1/4,WHOLE,,,1,,,,,,,
multiple_choice,PP2-MATH-X.66_Space_Fraction_Galaxy_66,Alien splits space pie into 4 equal parts. One part is...?,sfg_q2.webp,audio_sf2.mp3,1,1/4,1/2,WHOLE,,,1,,,,,,,
multiple_choice,PP2-MATH-X.66_Space_Fraction_Galaxy_66,Two quarters 1/4 + 1/4 equal one...?,sfg_q3.webp,audio_sf3.mp3,1,1/2,1/4,WHOLE,,,1,,,,,,,
multiple_choice,PP2-MATH-X.66_Space_Fraction_Galaxy_66,Four quarters 1/4 + 1/4 + 1/4 + 1/4 make one...?,sfg_q4.webp,audio_sf4.mp3,1,WHOLE,1/2,1/4,,,1,,,,,,,
multiple_choice,PP2-MATH-X.66_Space_Fraction_Galaxy_66,Which fraction is smaller in galaxy: 1/2 or 1/4?,sfg_q5.webp,audio_sf5.mp3,1,1/4,1/2,WHOLE,,,1,,,,,,,
multiple_choice,PP2-MATH-X.66_Space_Fraction_Galaxy_66,Fractions are equal parts of a whole...?,sfg_q6.webp,audio_sf6.mp3,1,GALAXY,LINE,NUMBER,,,1,,,,,,,
count_objects,PP2-MATH-X.66_Space_Fraction_Galaxy_66,Count 2 half galaxy pies 1/2!,sfg_count1.webp,audio_sf7.mp3,1,2,1,4,,🥧,2,,,,,,,
count_objects,PP2-MATH-X.66_Space_Fraction_Galaxy_66,Count 4 quarter galaxy cakes 1/4!,sfg_count2.webp,audio_sf8.mp3,1,4,2,3,,🍰,4,,,,,,,
count_objects,PP2-MATH-X.66_Space_Fraction_Galaxy_66,Count 3 whole galaxy planet pies!,sfg_count3.webp,audio_sf9.mp3,1,3,1,5,,🪐,3,,,,,,,
speak_repeat,PP2-MATH-X.66_Space_Fraction_Galaxy_66,Say out loud clearly: SPACE GALAXY FRACTIONS ONE HALF AND ONE QUARTER!,speak_sf1.webp,audio_sf10.mp3,1,Space Galaxy Fractions One Half And One Quarter,,,,,,Space Galaxy Fractions One Half And One Quarter,,,,,,,
speak_repeat,PP2-MATH-X.66_Space_Fraction_Galaxy_66,Say out loud clearly: TWO HALVES MAKE ONE WHOLE IN THE GALAXY!,speak_sf2.webp,audio_sf11.mp3,1,Two Halves Make One Whole In The Galaxy,,,,,,Two Halves Make One Whole In The Galaxy,,,,,,,
matching,PP2-MATH-X.66_Space_Fraction_Galaxy_66,Match galaxy fractions!,,,1,,,,,,,,Half,1/2,Quarter,1/4,Whole,WHOLE
matching,PP2-MATH-X.66_Space_Fraction_Galaxy_66,Match fraction parts!,,,1,,,,,,,,2 parts,1/2,4 parts,1/4,1 part,WHOLE
multiple_choice,PP2-MATH-X.67_Circus_Carnival_Measurement_Kg_67,Which unit measures heavy circus elephant weight?,cmk_q1.webp,audio_cm1.mp3,1,KG,LITERS,HOURS,,,1,,,,,,,
multiple_choice,PP2-MATH-X.67_Circus_Carnival_Measurement_Kg_67,What tool do circus performers use to measure weight in Kg?,cmk_q2.webp,audio_cm2.mp3,1,SCALE,CLOCK,RULER,,,1,,,,,,,
multiple_choice,PP2-MATH-X.67_Circus_Carnival_Measurement_Kg_67,A heavy cannon prop is measured in...?,cmk_q3.webp,audio_cm3.mp3,1,KG,LITERS,METERS,,,1,,,,,,,
multiple_choice,PP2-MATH-X.67_Circus_Carnival_Measurement_Kg_67,Which is heavier: 50 Kg cannon or 5 Kg hat?,cmk_q4.webp,audio_cm4.mp3,1,50 KG,5 KG,SAME,,,1,,,,,,,
multiple_choice,PP2-MATH-X.67_Circus_Carnival_Measurement_Kg_67,Kg stands for...?,cmk_q5.webp,audio_cm5.mp3,1,KILOGRAMS,KILOMETERS,KILOWATTS,,,1,,,,,,,
multiple_choice,PP2-MATH-X.67_Circus_Carnival_Measurement_Kg_67,We measure mass and weight using...?,cmk_q6.webp,audio_cm6.mp3,1,KG,LITERS,HOURS,,,1,,,,,,,
count_objects,PP2-MATH-X.67_Circus_Carnival_Measurement_Kg_67,Count 3 scale weights marked Kg!,cmk_count1.webp,audio_cm7.mp3,1,3,1,4,,⚖️,3,,,,,,,
count_objects,PP2-MATH-X.67_Circus_Carnival_Measurement_Kg_67,Count 2 heavy circus cannons!,cmk_count2.webp,audio_cm8.mp3,1,2,1,3,,🎪,2,,,,,,,
count_objects,PP2-MATH-X.67_Circus_Carnival_Measurement_Kg_67,Count 4 circus weight props!,cmk_count3.webp,audio_cm9.mp3,1,4,2,5,,🏋️,4,,,,,,,
speak_repeat,PP2-MATH-X.67_Circus_Carnival_Measurement_Kg_67,Say out loud clearly: CIRCUS CARNIVAL MEASUREMENT IN KILOGRAMS KG!,speak_cm1.webp,audio_cm10.mp3,1,Circus Carnival Measurement In Kilograms Kg,,,,,,Circus Carnival Measurement In Kilograms Kg,,,,,,,
speak_repeat,PP2-MATH-X.67_Circus_Carnival_Measurement_Kg_67,Say out loud clearly: HEAVY WEIGHT IS MEASURED IN KILOGRAMS!,speak_cm2.webp,audio_cm11.mp3,1,Heavy Weight Is Measured In Kilograms,,,,,,Heavy Weight Is Measured In Kilograms,,,,,,,
matching,PP2-MATH-X.67_Circus_Carnival_Measurement_Kg_67,Match circus weight measurement!,,,1,,,,,,,,Weight,KG,Tool,SCALE,Elephant,HEAVY
matching,PP2-MATH-X.67_Circus_Carnival_Measurement_Kg_67,Match Kg units!,,,1,,,,,,,,Kg,KILOGRAMS,Scale,⚖️,Heavy,50 KG
multiple_choice,PP2-MATH-X.68_Circus_Bar_Graph_Challenge_68,Which bar on circus carnival graph shows MOST popcorn sold?,cbg_q1.webp,audio_cb1.mp3,1,MOST,LEAST,EQUAL,,,1,,,,,,,
multiple_choice,PP2-MATH-X.68_Circus_Bar_Graph_Challenge_68,Which bar on circus graph shows LEAST balloons sold?,cbg_q2.webp,audio_cb2.mp3,1,LEAST,MOST,EQUAL,,,1,,,,,,,
multiple_choice,PP2-MATH-X.68_Circus_Bar_Graph_Challenge_68,If popcorn bar has 10 and hat bar has 4, popcorn bar has...?,cbg_q3.webp,audio_cb3.mp3,1,MOST,LEAST,EQUAL,,,1,,,,,,,
multiple_choice,PP2-MATH-X.68_Circus_Bar_Graph_Challenge_68,If popcorn bar has 10 and hat bar has 4, hat bar has...?,cbg_q4.webp,audio_cb4.mp3,1,LEAST,MOST,EQUAL,,,1,,,,,,,
multiple_choice,PP2-MATH-X.68_Circus_Bar_Graph_Challenge_68,When two circus bars reach exact same height, counts are...?,cbg_q5.webp,audio_cb5.mp3,1,EQUAL,MOST,LEAST,,,1,,,,,,,
multiple_choice,PP2-MATH-X.68_Circus_Bar_Graph_Challenge_68,A bar graph displays circus carnival...?,cbg_q6.webp,audio_cb6.mp3,1,DATA,MUSIC,MAGIC,,,1,,,,,,,
count_objects,PP2-MATH-X.68_Circus_Bar_Graph_Challenge_68,Count 4 circus bars on the graph!,cbg_count1.webp,audio_cb7.mp3,1,4,2,5,,📊,4,,,,,,,
count_objects,PP2-MATH-X.68_Circus_Bar_Graph_Challenge_68,Count 10 popcorn units on highest bar!,cbg_count2.webp,audio_cb8.mp3,1,10,8,12,,🍿,10,,,,,,,
count_objects,PP2-MATH-X.68_Circus_Bar_Graph_Challenge_68,Count 4 balloon units on lowest bar!,cbg_count3.webp,audio_cb9.mp3,1,4,2,5,,🎈,4,,,,,,,
speak_repeat,PP2-MATH-X.68_Circus_Bar_Graph_Challenge_68,Say out loud clearly: CIRCUS CARNIVAL BAR GRAPH COMPARISON!,speak_cb1.webp,audio_cb10.mp3,1,Circus Carnival Bar Graph Comparison,,,,,,Circus Carnival Bar Graph Comparison,,,,,,,
speak_repeat,PP2-MATH-X.68_Circus_Bar_Graph_Challenge_68,Say out loud clearly: TALLEST BAR IS MOST AND SHORTEST BAR IS LEAST!,speak_cb2.webp,audio_cb11.mp3,1,Tallest Bar Is Most And Shortest Bar Is Least,,,,,,Tallest Bar Is Most And Shortest Bar Is Least,,,,,,,
matching,PP2-MATH-X.68_Circus_Bar_Graph_Challenge_68,Match circus graph terms!,,,1,,,,,,,,Tallest bar,MOST,Shortest bar,LEAST,Same height,EQUAL
matching,PP2-MATH-X.68_Circus_Bar_Graph_Challenge_68,Match carnival graph data!,,,1,,,,,,,,10 items,MOST,4 items,LEAST,Chart,BAR GRAPH
multiple_choice,PP2-MATH-X.69_Superhero_Even_Odd_Power_69,Is superhero power number 12 EVEN or ODD?,seo_q1.webp,audio_se1.mp3,1,EVEN,ODD,BEFORE,,,1,,,,,,,
multiple_choice,PP2-MATH-X.69_Superhero_Even_Odd_Power_69,Is superhero power number 15 EVEN or ODD?,seo_q2.webp,audio_se2.mp3,1,ODD,EVEN,AFTER,,,1,,,,,,,
multiple_choice,PP2-MATH-X.69_Superhero_Even_Odd_Power_69,Superhero numbers ending in 0 2 4 6 8 have...?,seo_q3.webp,audio_se3.mp3,1,EVEN POWER,ODD POWER,NO POWER,,,1,,,,,,,
multiple_choice,PP2-MATH-X.69_Superhero_Even_Odd_Power_69,Superhero numbers ending in 1 3 5 7 9 have...?,seo_q4.webp,audio_se4.mp3,1,ODD POWER,EVEN POWER,NO POWER,,,1,,,,,,,
multiple_choice,PP2-MATH-X.69_Superhero_Even_Odd_Power_69,Is power number 20 EVEN or ODD?,seo_q5.webp,audio_se5.mp3,1,EVEN,ODD,BEFORE,,,1,,,,,,,
multiple_choice,PP2-MATH-X.69_Superhero_Even_Odd_Power_69,Is power number 17 EVEN or ODD?,seo_q6.webp,audio_se6.mp3,1,ODD,EVEN,AFTER,,,1,,,,,,,
count_objects,PP2-MATH-X.69_Superhero_Even_Odd_Power_69,Count 4 EVEN power shields!,seo_count1.webp,audio_se7.mp3,1,4,3,5,,🛡️,4,,,,,,,
count_objects,PP2-MATH-X.69_Superhero_Even_Odd_Power_69,Count 5 ODD power stars!,seo_count2.webp,audio_se8.mp3,1,5,4,6,,⭐,5,,,,,,,
count_objects,PP2-MATH-X.69_Superhero_Even_Odd_Power_69,Count 6 EVEN power badges!,seo_count3.webp,audio_se9.mp3,1,6,5,7,,🥇,6,,,,,,,
speak_repeat,PP2-MATH-X.69_Superhero_Even_Odd_Power_69,Say out loud clearly: SUPERHERO EVEN AND ODD NUMBER POWER!,speak_se1.webp,audio_se10.mp3,1,Superhero Even And Odd Number Power,,,,,,Superhero Even And Odd Number Power,,,,,,,
speak_repeat,PP2-MATH-X.69_Superhero_Even_Odd_Power_69,Say out loud clearly: EVEN NUMBERS PAIR UP EVENLY WITH SUPERPOWER!,speak_se2.webp,audio_se11.mp3,1,Even Numbers Pair Up Evenly With Superpower,,,,,,Even Numbers Pair Up Evenly With Superpower,,,,,,,
matching,PP2-MATH-X.69_Superhero_Even_Odd_Power_69,Match superhero EVEN numbers!,,,1,,,,,,,,12,EVEN,14,EVEN,20,EVEN
matching,PP2-MATH-X.69_Superhero_Even_Odd_Power_69,Match superhero ODD numbers!,,,1,,,,,,,,11,ODD,15,ODD,17,ODD
multiple_choice,PP2-MATH-X.70_Superhero_Skip_Counting_10s_Power_70,Superhero 10s power count: 10 20 30 40... what comes next?,ssc10_q1.webp,audio_sk1.mp3,1,50,45,60,,,1,,,,,,,
multiple_choice,PP2-MATH-X.70_Superhero_Skip_Counting_10s_Power_70,Superhero 10s power count: 60 70 80... what comes next?,ssc10_q2.webp,audio_sk2.mp3,1,90,85,100,,,1,,,,,,,
multiple_choice,PP2-MATH-X.70_Superhero_Skip_Counting_10s_Power_70,Superhero 10s power count: 80 90... what is final max power?,ssc10_q3.webp,audio_sk3.mp3,1,100,95,90,,,1,,,,,,,
multiple_choice,PP2-MATH-X.70_Superhero_Skip_Counting_10s_Power_70,What is the first power step in 10s skip counting?,ssc10_q4.webp,audio_sk4.mp3,1,10,1,5,,,1,,,,,,,
multiple_choice,PP2-MATH-X.70_Superhero_Skip_Counting_10s_Power_70,When superheroes skip count by 10s, how many added per hop?,ssc10_q5.webp,audio_sk5.mp3,1,10,5,1,,,1,,,,,,,
multiple_choice,PP2-MATH-X.70_Superhero_Skip_Counting_10s_Power_70,Which number belongs in 10s power count: 10 20 30...?,ssc10_q6.webp,audio_sk6.mp3,1,40,25,35,,,1,,,,,,,
count_objects,PP2-MATH-X.70_Superhero_Skip_Counting_10s_Power_70,Count 50 superhero power tokens in 10s groups!,ssc10_count1.webp,audio_sk7.mp3,1,50,40,60,,⚡,50,,,,,,,
count_objects,PP2-MATH-X.70_Superhero_Skip_Counting_10s_Power_70,Count 100 power stars in 10s groups!,ssc10_count2.webp,audio_sk8.mp3,1,100,90,80,,⭐,100,,,,,,,
count_objects,PP2-MATH-X.70_Superhero_Skip_Counting_10s_Power_70,Count 30 power shields in 10s groups!,ssc10_count3.webp,audio_sk9.mp3,1,30,20,40,,🛡️,30,,,,,,,
speak_repeat,PP2-MATH-X.70_Superhero_Skip_Counting_10s_Power_70,Say out loud clearly: SUPERHERO SKIP COUNTING BY TENS UP TO ONE HUNDRED!,speak_sk1.webp,audio_sk10.mp3,1,Superhero Skip Counting By Tens Up To One Hundred,,,,,,Superhero Skip Counting By Tens Up To One Hundred,,,,,,,
speak_repeat,PP2-MATH-X.70_Superhero_Skip_Counting_10s_Power_70,Say out loud clearly: TEN TWENTY THIRTY FORTY FIFTY SIXTY SEVENTY EIGHTY NINETY ONE HUNDRED!,speak_sk2.webp,audio_sk11.mp3,1,Ten Twenty Thirty Forty Fifty Sixty Seventy Eighty Ninety One Hundred,,,,,,Ten Twenty Thirty Forty Fifty Sixty Seventy Eighty Ninety One Hundred,,,,,,,
matching,PP2-MATH-X.70_Superhero_Skip_Counting_10s_Power_70,Match superhero 10s power steps!,,,1,,,,,,,,10 20,30,40 50,60,70 80,90
matching,PP2-MATH-X.70_Superhero_Skip_Counting_10s_Power_70,Match 10s max targets!,,,1,,,,,,,,80,90,90,100,100,MAX
multiple_choice,PP2-MATH-X.71_Underwater_Counting_81_to_100_71,What number comes after 85 ocean fish?,u100_q1.webp,audio_uw1.mp3,1,86,84,90,,,1,,,,,,,
multiple_choice,PP2-MATH-X.71_Underwater_Counting_81_to_100_71,What number comes right before 90 underwater?,u100_q2.webp,audio_uw2.mp3,1,89,88,91,,,1,,,,,,,
multiple_choice,PP2-MATH-X.71_Underwater_Counting_81_to_100_71,Count ocean fish: 91 92 93... what is next?,u100_q3.webp,audio_uw3.mp3,1,94,90,95,,,1,,,,,,,
multiple_choice,PP2-MATH-X.71_Underwater_Counting_81_to_100_71,What is the maximum sea fish count on the reef?,u100_q4.webp,audio_uw4.mp3,1,100,90,95,,,1,,,,,,,
multiple_choice,PP2-MATH-X.71_Underwater_Counting_81_to_100_71,Which is smaller: 82 fish or 98 fish?,u100_q5.webp,audio_uw5.mp3,1,82,98,100,,,1,,,,,,,
multiple_choice,PP2-MATH-X.71_Underwater_Counting_81_to_100_71,What number is between 86 and 88?,u100_q6.webp,audio_uw6.mp3,1,87,85,89,,,1,,,,,,,
count_objects,PP2-MATH-X.71_Underwater_Counting_81_to_100_71,Count 85 blue ocean fish!,u100_count1.webp,audio_uw7.mp3,1,85,80,90,,🐟,85,,,,,,,
count_objects,PP2-MATH-X.71_Underwater_Counting_81_to_100_71,Count 90 yellow reef fish!,u100_count2.webp,audio_uw8.mp3,1,90,85,95,,🐠,90,,,,,,,
count_objects,PP2-MATH-X.71_Underwater_Counting_81_to_100_71,Count 100 sea bubbles!,u100_count3.webp,audio_uw9.mp3,1,100,90,95,,🫧,100,,,,,,,
speak_repeat,PP2-MATH-X.71_Underwater_Counting_81_to_100_71,Say out loud clearly: UNDERWATER FISH COUNTING EIGHTYONE TO ONE HUNDRED!,speak_uw1.webp,audio_uw10.mp3,1,Underwater Fish Counting Eightyone To One Hundred,,,,,,Underwater Fish Counting Eightyone To One Hundred,,,,,,,
speak_repeat,PP2-MATH-X.71_Underwater_Counting_81_to_100_71,Say out loud clearly: NINETYEIGHT NINETYNINE ONE HUNDRED SWIMMING FISH!,speak_uw2.webp,audio_uw11.mp3,1,Ninetyeight Ninetynine One Hundred Swimming Fish,,,,,,Ninetyeight Ninetynine One Hundred Swimming Fish,,,,,,,
matching,PP2-MATH-X.71_Underwater_Counting_81_to_100_71,Match ocean fish counts!,,,1,,,,,,,,85,85,90,90,100,100
matching,PP2-MATH-X.71_Underwater_Counting_81_to_100_71,Match reef numbers up to 100!,,,1,,,,,,,,81,81,88,88,99,99
multiple_choice,PP2-MATH-X.72_Underwater_Subtraction_Sums_to_20_72,15 ocean fish. 5 swim into cave. How many left?,us20_q1.webp,audio_us1.mp3,1,10,15,5,,,1,,,,,,,
multiple_choice,PP2-MATH-X.72_Underwater_Subtraction_Sums_to_20_72,What is 18 take away 6 underwater?,us20_q2.webp,audio_us2.mp3,1,12,10,14,,,1,,,,,,,
multiple_choice,PP2-MATH-X.72_Underwater_Subtraction_Sums_to_20_72,20 sea turtles. 8 swim away. How many left?,us20_q3.webp,audio_us3.mp3,1,12,10,15,,,1,,,,,,,
multiple_choice,PP2-MATH-X.72_Underwater_Subtraction_Sums_to_20_72,What is 16 take away 4?,us20_q4.webp,audio_us4.mp3,1,12,14,10,,,1,,,,,,,
multiple_choice,PP2-MATH-X.72_Underwater_Subtraction_Sums_to_20_72,19 octopuses. 9 hide under rocks. How many left?,us20_q5.webp,audio_us5.mp3,1,10,9,11,,,1,,,,,,,
multiple_choice,PP2-MATH-X.72_Underwater_Subtraction_Sums_to_20_72,What is 17 take away 7?,us20_q6.webp,audio_us6.mp3,1,10,7,12,,,1,,,,,,,
count_objects,PP2-MATH-X.72_Underwater_Subtraction_Sums_to_20_72,Count 10 fish remaining!,us20_count1.webp,audio_us7.mp3,1,10,8,12,,🐟,10,,,,,,,
count_objects,PP2-MATH-X.72_Underwater_Subtraction_Sums_to_20_72,Count 12 sea turtles remaining!,us20_count2.webp,audio_us8.mp3,1,12,10,14,,🐢,12,,,,,,,
count_objects,PP2-MATH-X.72_Underwater_Subtraction_Sums_to_20_72,Count 10 octopuses remaining!,us20_count3.webp,audio_us9.mp3,1,10,9,11,,🐙,10,,,,,,,
speak_repeat,PP2-MATH-X.72_Underwater_Subtraction_Sums_to_20_72,Say out loud clearly: FIFTEEN TAKE AWAY FIVE EQUALS TEN!,speak_us1.webp,audio_us10.mp3,1,Fifteen Take Away Five Equals Ten,,,,,,Fifteen Take Away Five Equals Ten,,,,,,,
speak_repeat,PP2-MATH-X.72_Underwater_Subtraction_Sums_to_20_72,Say out loud clearly: UNDERWATER SUBTRACTION SUMS UP TO TWENTY!,speak_us2.webp,audio_us11.mp3,1,Underwater Subtraction Sums Up To Twenty,,,,,,Underwater Subtraction Sums Up To Twenty,,,,,,,
matching,PP2-MATH-X.72_Underwater_Subtraction_Sums_to_20_72,Match underwater subtractions!,,,1,,,,,,,,15-5,10,18-6,12,20-8,12
matching,PP2-MATH-X.72_Underwater_Subtraction_Sums_to_20_72,Match subtraction 20 sums!,,,1,,,,,,,,16-4,12,19-9,10,17-7,10
multiple_choice,PP2-MATH-X.73_Safari_Pictograph_Showdown_73,Safari pictograph shows 8 lions and 4 zebras. How many lions?,sps73_q1.webp,audio_sp1.mp3,1,8,4,12,,,1,,,,,,,
multiple_choice,PP2-MATH-X.73_Safari_Pictograph_Showdown_73,Safari pictograph shows 8 lions and 4 zebras. How many zebras?,sps73_q2.webp,audio_sp2.mp3,1,4,8,12,,,1,,,,,,,
multiple_choice,PP2-MATH-X.73_Safari_Pictograph_Showdown_73,Chart shows 8 lions and 4 zebras. Which animal has MORE?,sps73_q3.webp,audio_sp3.mp3,1,LIONS,ZEBRAS,EQUAL,,,1,,,,,,,
multiple_choice,PP2-MATH-X.73_Safari_Pictograph_Showdown_73,Chart shows 8 lions and 4 zebras. Which animal has FEWER?,sps73_q4.webp,audio_sp4.mp3,1,ZEBRAS,LIONS,EQUAL,,,1,,,,,,,
multiple_choice,PP2-MATH-X.73_Safari_Pictograph_Showdown_73,Chart shows 5 giraffes and 5 giraffes. The counts are...?,sps73_q5.webp,audio_sp5.mp3,1,EQUAL,MORE,FEWER,,,1,,,,,,,
multiple_choice,PP2-MATH-X.73_Safari_Pictograph_Showdown_73,In a pictograph chart, animal pictures stand for real...?,sps73_q6.webp,audio_sp6.mp3,1,ANIMALS,TREES,ROADS,,,1,,,,,,,
count_objects,PP2-MATH-X.73_Safari_Pictograph_Showdown_73,Count 8 lion icons on the chart!,sps73_count1.webp,audio_sp7.mp3,1,8,6,10,,🦁,8,,,,,,,
count_objects,PP2-MATH-X.73_Safari_Pictograph_Showdown_73,Count 4 zebra icons on the chart!,sps73_count2.webp,audio_sp8.mp3,1,4,2,5,,🦓,4,,,,,,,
count_objects,PP2-MATH-X.73_Safari_Pictograph_Showdown_73,Count 5 giraffe icons on board!,sps73_count3.webp,audio_sp9.mp3,1,5,3,6,,🦒,5,,,,,,,
speak_repeat,PP2-MATH-X.73_Safari_Pictograph_Showdown_73,Say out loud clearly: SAFARI ANIMAL PICTOGRAPH COUNT AND COMPARE!,speak_sp1.webp,audio_sp10.mp3,1,Safari Animal Pictograph Count And Compare,,,,,,Safari Animal Pictograph Count And Compare,,,,,,,
speak_repeat,PP2-MATH-X.73_Safari_Pictograph_Showdown_73,Say out loud clearly: EIGHT LIONS IS MORE THAN FOUR ZEBRAS!,speak_sp2.webp,audio_sp11.mp3,1,Eight Lions Is More Than Four Zebras,,,,,,Eight Lions Is More Than Four Zebras,,,,,,,
matching,PP2-MATH-X.73_Safari_Pictograph_Showdown_73,Match safari chart counts!,,,1,,,,,,,,Lions 🦁,8,Zebras 🦓,4,Giraffes 🦒,5
matching,PP2-MATH-X.73_Safari_Pictograph_Showdown_73,Match showdown comparison words!,,,1,,,,,,,,8 lions,MORE,4 zebras,FEWER,5 vs 5,EQUAL
multiple_choice,PP2-MATH-X.74_Kenyan_Shilling_Notes_Shopping_74,Which paper note in Kenya has value 50 KES?,kns_q1.webp,audio_ks1.mp3,1,50 KES,100 KES,20 KES,,,1,,,,,,,
multiple_choice,PP2-MATH-X.74_Kenyan_Shilling_Notes_Shopping_74,Which paper note in Kenya has value 100 KES?,kns_q2.webp,audio_ks2.mp3,1,100 KES,50 KES,10 KES,,,1,,,,,,,
multiple_choice,PP2-MATH-X.74_Kenyan_Shilling_Notes_Shopping_74,You buy shoes for 50 KES. Which note pays exact?,kns_q3.webp,audio_ks3.mp3,1,50 KES,100 KES,10 KES,,,1,,,,,,,
multiple_choice,PP2-MATH-X.74_Kenyan_Shilling_Notes_Shopping_74,Which note has higher value: 50 KES or 100 KES?,kns_q4.webp,audio_ks4.mp3,1,100 KES,50 KES,SAME,,,1,,,,,,,
multiple_choice,PP2-MATH-X.74_Kenyan_Shilling_Notes_Shopping_74,If you give 100 KES note for 50 KES item, change is...?,kns_q5.webp,audio_ks5.mp3,1,50 KES,100 KES,0 KES,,,1,,,,,,,
multiple_choice,PP2-MATH-X.74_Kenyan_Shilling_Notes_Shopping_74,Two 50 KES notes equal how many shillings?,kns_q6.webp,audio_ks6.mp3,1,100 KES,50 KES,20 KES,,,1,,,,,,,
count_objects,PP2-MATH-X.74_Kenyan_Shilling_Notes_Shopping_74,Count 2 banknotes of 50 KES!,kns_count1.webp,audio_ks7.mp3,1,2,1,3,,💵,2,,,,,,,
count_objects,PP2-MATH-X.74_Kenyan_Shilling_Notes_Shopping_74,Count 1 banknote of 100 KES!,kns_count2.webp,audio_ks8.mp3,1,1,2,3,,💵,1,,,,,,,
count_objects,PP2-MATH-X.74_Kenyan_Shilling_Notes_Shopping_74,Count 3 shopping items bought!,kns_count3.webp,audio_ks9.mp3,1,3,2,4,,🛍️,3,,,,,,,
speak_repeat,PP2-MATH-X.74_Kenyan_Shilling_Notes_Shopping_74,Say out loud clearly: SHOPPING WITH FIFTY KES AND ONE HUNDRED KES BANKNOTES!,speak_ks1.webp,audio_ks10.mp3,1,Shopping With Fifty KES And One Hundred KES Banknotes,,,,,,Shopping With Fifty KES And One Hundred KES Banknotes,,,,,,,
speak_repeat,PP2-MATH-X.74_Kenyan_Shilling_Notes_Shopping_74,Say out loud clearly: FIFTY KES PLUS FIFTY KES EQUALS ONE HUNDRED KES!,speak_ks2.webp,audio_ks11.mp3,1,Fifty KES Plus Fifty KES Equals One Hundred KES,,,,,,Fifty KES Plus Fifty KES Equals One Hundred KES,,,,,,,
matching,PP2-MATH-X.74_Kenyan_Shilling_Notes_Shopping_74,Match KES banknotes!,,,1,,,,,,,,50,50 KES,100,100 KES,50+50,100 KES
matching,PP2-MATH-X.74_Kenyan_Shilling_Notes_Shopping_74,Match shopping values!,,,1,,,,,,,,Purple note,50 KES,Yellow note,100 KES,Currency,KES
multiple_choice,PP2-MATH-X.75_Skip_Counting_by_5s_Challenge_75,Skip count by 5s: 5 10 15 20... what comes next?,sk5c_q1.webp,audio_sk1.mp3,1,25,21,30,,,1,,,,,,,
multiple_choice,PP2-MATH-X.75_Skip_Counting_by_5s_Challenge_75,Skip count by 5s: 25 30 35... what comes next?,sk5c_q2.webp,audio_sk2.mp3,1,40,36,38,,,1,,,,,,,
multiple_choice,PP2-MATH-X.75_Skip_Counting_by_5s_Challenge_75,Skip count by 5s: 40 45... what comes next up to 50?,sk5c_q3.webp,audio_sk3.mp3,1,50,46,48,,,1,,,,,,,
multiple_choice,PP2-MATH-X.75_Skip_Counting_by_5s_Challenge_75,What is the first number in 5s skip counting?,sk5c_q4.webp,audio_sk4.mp3,1,5,1,0,,,1,,,,,,,
multiple_choice,PP2-MATH-X.75_Skip_Counting_by_5s_Challenge_75,When skip counting by 5s, how many step forward each time?,sk5c_q5.webp,audio_sk5.mp3,1,5,1,10,,,1,,,,,,,
multiple_choice,PP2-MATH-X.75_Skip_Counting_by_5s_Challenge_75,Which number belongs in 5s count: 5 10 15 20...?,sk5c_q6.webp,audio_sk6.mp3,1,25,12,17,,,1,,,,,,,
count_objects,PP2-MATH-X.75_Skip_Counting_by_5s_Challenge_75,Count 15 star tokens in 5s groups!,sk5c_count1.webp,audio_sk7.mp3,1,15,10,20,,⭐,15,,,,,,,
count_objects,PP2-MATH-X.75_Skip_Counting_by_5s_Challenge_75,Count 25 zebra tokens in 5s groups!,sk5c_count2.webp,audio_sk8.mp3,1,25,20,30,,🦓,25,,,,,,,
count_objects,PP2-MATH-X.75_Skip_Counting_by_5s_Challenge_75,Count 50 trophy badges in 5s groups!,sk5c_count3.webp,audio_sk9.mp3,1,50,40,45,,🏆,50,,,,,,,
speak_repeat,PP2-MATH-X.75_Skip_Counting_by_5s_Challenge_75,Say out loud clearly: SKIP COUNTING BY FIVES CHALLENGE!,speak_sk1.webp,audio_sk10.mp3,1,Skip Counting By Fives Challenge,,,,,,Skip Counting By Fives Challenge,,,,,,,
speak_repeat,PP2-MATH-X.75_Skip_Counting_by_5s_Challenge_75,Say out loud clearly: FIVE TEN FIFTEEN TWENTY TWENTYFIVE THIRTY!,speak_sk2.webp,audio_sk11.mp3,1,Five Ten Fifteen Twenty Twenty-five Thirty,,,,,,Five Ten Fifteen Twenty Twenty-five Thirty,,,,,,,
matching,PP2-MATH-X.75_Skip_Counting_by_5s_Challenge_75,Match 5s skip count steps!,,,1,,,,,,,,5 10,15,15 20,25,25 30,35
matching,PP2-MATH-X.75_Skip_Counting_by_5s_Challenge_75,Match 5s targets!,,,1,,,,,,,,35,40,40,45,45,50
multiple_choice,PP2-MATH-X.76_3D_Shapes_Prism_and_Pyramid_76,Which 3D shape has a pointy top and flat base?,s3dp_q1.webp,audio_sp1.mp3,1,PYRAMID,PRISM,SPHERE,,,1,,,,,,,
multiple_choice,PP2-MATH-X.76_3D_Shapes_Prism_and_Pyramid_76,Which 3D shape has matching shapes on two opposite ends?,s3dp_q2.webp,audio_sp2.mp3,1,PRISM,PYRAMID,CONE,,,1,,,,,,,
multiple_choice,PP2-MATH-X.76_3D_Shapes_Prism_and_Pyramid_76,A Egyptian monument shape is a...?,s3dp_q3.webp,audio_sp3.mp3,1,PYRAMID,SPHERE,CUBE,,,1,,,,,,,
multiple_choice,PP2-MATH-X.76_3D_Shapes_Prism_and_Pyramid_76,A tissue box or cereal box is a rectangular...?,s3dp_q4.webp,audio_sp4.mp3,1,PRISM,PYRAMID,CYLINDER,,,1,,,,,,,
multiple_choice,PP2-MATH-X.76_3D_Shapes_Prism_and_Pyramid_76,Triangular sides meeting at top point make a...?,s3dp_q5.webp,audio_sp5.mp3,1,PYRAMID,PRISM,CUBE,,,1,,,,,,,
multiple_choice,PP2-MATH-X.76_3D_Shapes_Prism_and_Pyramid_76,Equal end faces connected by rectangular sides make a...?,s3dp_q6.webp,audio_sp6.mp3,1,PRISM,PYRAMID,SPHERE,,,1,,,,,,,
count_objects,PP2-MATH-X.76_3D_Shapes_Prism_and_Pyramid_76,Count 4 pyramid models!,s3dp_count1.webp,audio_sp7.mp3,1,4,2,5,,🔺,4,,,,,,,
count_objects,PP2-MATH-X.76_3D_Shapes_Prism_and_Pyramid_76,Count 3 prism boxes!,s3dp_count2.webp,audio_sp8.mp3,1,3,1,4,,📦,3,,,,,,,
count_objects,PP2-MATH-X.76_3D_Shapes_Prism_and_Pyramid_76,Count 2 tent prisms!,s3dp_count3.webp,audio_sp9.mp3,1,2,1,3,,🎪,2,,,,,,,
speak_repeat,PP2-MATH-X.76_3D_Shapes_Prism_and_Pyramid_76,Say out loud clearly: 3D SHAPES PRISM AND PYRAMID IDENTIFICATION!,speak_sp1.webp,audio_sp10.mp3,1,3D Shapes Prism And Pyramid Identification,,,,,,3D Shapes Prism And Pyramid Identification,,,,,,,
speak_repeat,PP2-MATH-X.76_3D_Shapes_Prism_and_Pyramid_76,Say out loud clearly: PYRAMIDS HAVE POINTY TOPS AND PRISMS HAVE MATCHING ENDS!,speak_sp2.webp,audio_sp11.mp3,1,Pyramids Have Pointy Tops And Prisms Have Matching Ends,,,,,,Pyramids Have Pointy Tops And Prisms Have Matching Ends,,,,,,,
matching,PP2-MATH-X.76_3D_Shapes_Prism_and_Pyramid_76,Match 3D shapes!,,,1,,,,,,,,Pyramid 🔺,PYRAMID,Prism 📦,PRISM,Tent 🎪,PRISM
matching,PP2-MATH-X.76_3D_Shapes_Prism_and_Pyramid_76,Match 3D shape features!,,,1,,,,,,,,Pointy top,PYRAMID,Equal ends,PRISM,Flat base,PYRAMID
multiple_choice,PP2-MATH-X.77_Patterns_Growing_Sequence_77,Pattern growing: 2 4 6 8... what comes next?,pgs_q1.webp,audio_pg1.mp3,1,10,9,12,,,1,,,,,,,
multiple_choice,PP2-MATH-X.77_Patterns_Growing_Sequence_77,Pattern growing: 5 10 15 20... what comes next?,pgs_q2.webp,audio_pg2.mp3,1,25,21,30,,,1,,,,,,,
multiple_choice,PP2-MATH-X.77_Patterns_Growing_Sequence_77,Pattern growing: 10 20 30 40... what comes next?,pgs_q3.webp,audio_pg3.mp3,1,50,45,60,,,1,,,,,,,
multiple_choice,PP2-MATH-X.77_Patterns_Growing_Sequence_77,Growing patterns get...?,pgs_q4.webp,audio_pg4.mp3,1,BIGGER,SMALLER,SAME,,,1,,,,,,,
multiple_choice,PP2-MATH-X.77_Patterns_Growing_Sequence_77,1 star... 3 stars... 5 stars... What comes next adding 2 each step?,pgs_q5.webp,audio_pg5.mp3,1,7,6,8,,,1,,,,,,,
multiple_choice,PP2-MATH-X.77_Patterns_Growing_Sequence_77,In a growing sequence, each step adds a fixed...?,pgs_q6.webp,audio_pg6.mp3,1,COUNT,SHAPE,COLOR,,,1,,,,,,,
count_objects,PP2-MATH-X.77_Patterns_Growing_Sequence_77,Count 2 stars in step one!,pgs_count1.webp,audio_pg7.mp3,1,2,1,3,,⭐,2,,,,,,,
count_objects,PP2-MATH-X.77_Patterns_Growing_Sequence_77,Count 4 stars in step two!,pgs_count2.webp,audio_pg8.mp3,1,4,2,5,,⭐,4,,,,,,,
count_objects,PP2-MATH-X.77_Patterns_Growing_Sequence_77,Count 6 stars in step three!,pgs_count3.webp,audio_pg9.mp3,1,6,4,8,,⭐,6,,,,,,,
speak_repeat,PP2-MATH-X.77_Patterns_Growing_Sequence_77,Say out loud clearly: GROWING PATTERN SEQUENCES GET LARGER EACH STEP!,speak_pg1.webp,audio_pg10.mp3,1,Growing Pattern Sequences Get Larger Each Step,,,,,,Growing Pattern Sequences Get Larger Each Step,,,,,,,
speak_repeat,PP2-MATH-X.77_Patterns_Growing_Sequence_77,Say out loud clearly: TWO FOUR SIX EIGHT TEN GROWING PATTERN!,speak_pg2.webp,audio_pg11.mp3,1,Two Four Six Eight Ten Growing Pattern,,,,,,Two Four Six Eight Ten Growing Pattern,,,,,,,
matching,PP2-MATH-X.77_Patterns_Growing_Sequence_77,Match growing sequences!,,,1,,,,,,,,2 4 6,8,5 10 15,20,10 20 30,40
matching,PP2-MATH-X.77_Patterns_Growing_Sequence_77,Match growing steps!,,,1,,,,,,,,Step 1,2,Step 2,4,Step 3,6
multiple_choice,PP2-MATH-X.78_Measurement_Capacity_Liters_78,Which unit measures liquids like water or juice in large buckets?,mcl_q1.webp,audio_mc1.mp3,1,LITERS,KG,HOURS,,,1,,,,,,,
multiple_choice,PP2-MATH-X.78_Measurement_Capacity_Liters_78,A large water jug holds 5...?,mcl_q2.webp,audio_mc2.mp3,1,LITERS,KG,METERS,,,1,,,,,,,
multiple_choice,PP2-MATH-X.78_Measurement_Capacity_Liters_78,Which holds MORE liquid: 10 Liters bucket or 2 Liters bottle?,mcl_q3.webp,audio_mc3.mp3,1,10 LITERS,2 LITERS,SAME,,,1,,,,,,,
multiple_choice,PP2-MATH-X.78_Measurement_Capacity_Liters_78,Capacity tells us how much liquid a container can...?,mcl_q4.webp,audio_mc4.mp3,1,HOLD,WEIGH,RUN,,,1,,,,,,,
multiple_choice,PP2-MATH-X.78_Measurement_Capacity_Liters_78,Liters is the standard unit for measuring...?,mcl_q5.webp,audio_mc5.mp3,1,LIQUIDS,WEIGHT,TIME,,,1,,,,,,,
multiple_choice,PP2-MATH-X.78_Measurement_Capacity_Liters_78,5 Liters + 5 Liters equals how many Liters total?,mcl_q6.webp,audio_mc6.mp3,1,10 LITERS,5 LITERS,2 LITERS,,,1,,,,,,,
count_objects,PP2-MATH-X.78_Measurement_Capacity_Liters_78,Count 3 water jugs marked Liters!,mcl_count1.webp,audio_mc7.mp3,1,3,1,4,,🫙,3,,,,,,,
count_objects,PP2-MATH-X.78_Measurement_Capacity_Liters_78,Count 5 buckets of water!,mcl_count2.webp,audio_mc8.mp3,1,5,3,4,,🪣,5,,,,,,,
count_objects,PP2-MATH-X.78_Measurement_Capacity_Liters_78,Count 2 milk bottles!,mcl_count3.webp,audio_mc9.mp3,1,2,1,3,,🥛,2,,,,,,,
speak_repeat,PP2-MATH-X.78_Measurement_Capacity_Liters_78,Say out loud clearly: CAPACITY MEASUREMENT IN LITERS!,speak_mc1.webp,audio_mc10.mp3,1,Capacity Measurement In Liters,,,,,,Capacity Measurement In Liters,,,,,,,
speak_repeat,PP2-MATH-X.78_Measurement_Capacity_Liters_78,Say out loud clearly: WE MEASURE LIQUIDS LIKE WATER AND MILK IN LITERS!,speak_mc2.webp,audio_mc11.mp3,1,We Measure Liquids Like Water And Milk In Liters,,,,,,We Measure Liquids Like Water And Milk In Liters,,,,,,,
matching,PP2-MATH-X.78_Measurement_Capacity_Liters_78,Match capacity units!,,,1,,,,,,,,Liquid,LITERS,Container,JUG,Unit,LITERS
matching,PP2-MATH-X.78_Measurement_Capacity_Liters_78,Match Liters values!,,,1,,,,,,,,5 + 5,10 LITERS,10 Liters,MORE,2 Liters,LESS
multiple_choice,PP2-MATH-X.79_Spatial_East_vs_West_79,Which compass direction points to the RIGHT on a map?,sew_q1.webp,audio_se1.mp3,1,EAST,WEST,NORTH,,,1,,,,,,,
multiple_choice,PP2-MATH-X.79_Spatial_East_vs_West_79,Which compass direction points to the LEFT on a map?,sew_q2.webp,audio_se2.mp3,1,WEST,EAST,SOUTH,,,1,,,,,,,
multiple_choice,PP2-MATH-X.79_Spatial_East_vs_West_79,The sun rises in the...?,sew_q3.webp,audio_se3.mp3,1,EAST,WEST,NORTH,,,1,,,,,,,
multiple_choice,PP2-MATH-X.79_Spatial_East_vs_West_79,The sun sets in the...?,sew_q4.webp,audio_se4.mp3,1,WEST,EAST,SOUTH,,,1,,,,,,,
multiple_choice,PP2-MATH-X.79_Spatial_East_vs_West_79,EAST and WEST are opposite compass...?,sew_q5.webp,audio_se5.mp3,1,DIRECTIONS,COLORS,NUMBERS,,,1,,,,,,,
multiple_choice,PP2-MATH-X.79_Spatial_East_vs_West_79,If you face North, East is on your...?,sew_q6.webp,audio_se6.mp3,1,RIGHT,LEFT,BACK,,,1,,,,,,,
count_objects,PP2-MATH-X.79_Spatial_East_vs_West_79,Count 4 compass pointers!,sew_count1.webp,audio_se7.mp3,1,4,2,3,,🧭,4,,,,,,,
count_objects,PP2-MATH-X.79_Spatial_East_vs_West_79,Count 2 rising suns in the East!,sew_count2.webp,audio_se8.mp3,1,2,1,3,,🌅,2,,,,,,,
count_objects,PP2-MATH-X.79_Spatial_East_vs_West_79,Count 3 direction arrows!,sew_count3.webp,audio_se9.mp3,1,3,1,4,,🏹,3,,,,,,,
speak_repeat,PP2-MATH-X.79_Spatial_East_vs_West_79,Say out loud clearly: SPATIAL COMPASS DIRECTION EAST AND WEST!,speak_se1.webp,audio_se10.mp3,1,Spatial Compass Direction East And West,,,,,,Spatial Compass Direction East And West,,,,,,,
speak_repeat,PP2-MATH-X.79_Spatial_East_vs_West_79,Say out loud clearly: EAST IS TO THE RIGHT AND WEST IS TO THE LEFT!,speak_se2.webp,audio_se11.mp3,1,East Is To The Right And West Is To The Left,,,,,,East Is To The Right And West Is To The Left,,,,,,,
matching,PP2-MATH-X.79_Spatial_East_vs_West_79,Match compass directions!,,,1,,,,,,,,Right,EAST,Left,WEST,Rise,EAST
matching,PP2-MATH-X.79_Spatial_East_vs_West_79,Match direction opposites!,,,1,,,,,,,,East,WEST,West,EAST,Set,WEST
multiple_choice,PP2-MATH-X.80_Data_Tally_Marks_Mastery_80,What number value does one full tally bundle |||| make?,dtm_q1.webp,audio_dt1.mp3,1,5,4,6,,,1,,,,,,,
multiple_choice,PP2-MATH-X.80_Data_Tally_Marks_Mastery_80,What number value do two full tally bundles |||| |||| make?,dtm_q2.webp,audio_dt2.mp3,1,10,5,15,,,1,,,,,,,
multiple_choice,PP2-MATH-X.80_Data_Tally_Marks_Mastery_80,How many single lines are drawn before the 5th diagonal line?,dtm_q3.webp,audio_dt3.mp3,1,4,3,5,,,1,,,,,,,
multiple_choice,PP2-MATH-X.80_Data_Tally_Marks_Mastery_80,What is the value of |||| |||| |||| in tally marks?,dtm_q4.webp,audio_dt4.mp3,1,15,10,20,,,1,,,,,,,
multiple_choice,PP2-MATH-X.80_Data_Tally_Marks_Mastery_80,Tally marks group counts into easy bundles of...?,dtm_q5.webp,audio_dt5.mp3,1,5,10,2,,,1,,,,,,,
multiple_choice,PP2-MATH-X.80_Data_Tally_Marks_Mastery_80,What is the value of |||| || in tally marks?,dtm_q6.webp,audio_dt6.mp3,1,7,6,8,,,1,,,,,,,
count_objects,PP2-MATH-X.80_Data_Tally_Marks_Mastery_80,Count 5 tally lines in one bundle!,dtm_count1.webp,audio_dt7.mp3,1,5,4,6,,🥢,5,,,,,,,
count_objects,PP2-MATH-X.80_Data_Tally_Marks_Mastery_80,Count 10 tally lines in two bundles!,dtm_count2.webp,audio_dt8.mp3,1,10,8,12,,🥢,10,,,,,,,
count_objects,PP2-MATH-X.80_Data_Tally_Marks_Mastery_80,Count 15 tally lines in three bundles!,dtm_count3.webp,audio_dt9.mp3,1,15,10,20,,🥢,15,,,,,,,
speak_repeat,PP2-MATH-X.80_Data_Tally_Marks_Mastery_80,Say out loud clearly: DATA TALLY MARKS COUNTING MASTERY!,speak_dt1.webp,audio_dt10.mp3,1,Data Tally Marks Counting Mastery,,,,,,Data Tally Marks Counting Mastery,,,,,,,
speak_repeat,PP2-MATH-X.80_Data_Tally_Marks_Mastery_80,Say out loud clearly: FOUR STRAIGHT LINES AND A CROSSING LINE IS FIVE!,speak_dt2.webp,audio_dt11.mp3,1,Four Straight Lines And A Crossing Line Is Five,,,,,,Four Straight Lines And A Crossing Line Is Five,,,,,,,
matching,PP2-MATH-X.80_Data_Tally_Marks_Mastery_80,Match tally mark values!,,,1,,,,,,,,||||,5,|||| ||||,10,|||| |||| ||||,15
matching,PP2-MATH-X.80_Data_Tally_Marks_Mastery_80,Match tally terms!,,,1,,,,,,,,Bundle,5,Two bundles,10,Tally,COUNT
multiple_choice,PP2-MATH-X.81_Word_Story_Subtraction_Sums_20_81,Sam has 18 apples. He gives 6 to Pam. How many left?,wss_q1.webp,audio_ws1.mp3,1,12,10,14,,,1,,,,,,,
multiple_choice,PP2-MATH-X.81_Word_Story_Subtraction_Sums_20_81,15 birds on fence. 5 fly away. How many remain?,wss_q2.webp,audio_ws2.mp3,1,10,15,5,,,1,,,,,,,
multiple_choice,PP2-MATH-X.81_Word_Story_Subtraction_Sums_20_81,20 toy cars in box. 8 taken out. How many inside?,wss_q3.webp,audio_ws3.mp3,1,12,10,15,,,1,,,,,,,
multiple_choice,PP2-MATH-X.81_Word_Story_Subtraction_Sums_20_81,16 balloons at party. 4 pop! How many left?,wss_q4.webp,audio_ws4.mp3,1,12,14,10,,,1,,,,,,,
multiple_choice,PP2-MATH-X.81_Word_Story_Subtraction_Sums_20_81,19 cookies on plate. 9 eaten. How many left?,wss_q5.webp,audio_ws5.mp3,1,10,9,11,,,1,,,,,,,
multiple_choice,PP2-MATH-X.81_Word_Story_Subtraction_Sums_20_81,17 fish in pond. 7 swim away. How many left?,wss_q6.webp,audio_ws6.mp3,1,10,7,12,,,1,,,,,,,
count_objects,PP2-MATH-X.81_Word_Story_Subtraction_Sums_20_81,Count 12 remaining story apples!,wss_count1.webp,audio_ws7.mp3,1,12,10,14,,🍎,12,,,,,,,
count_objects,PP2-MATH-X.81_Word_Story_Subtraction_Sums_20_81,Count 10 remaining story birds!,wss_count2.webp,audio_ws8.mp3,1,10,8,12,,🐦,10,,,,,,,
count_objects,PP2-MATH-X.81_Word_Story_Subtraction_Sums_20_81,Count 12 remaining toy cars!,wss_count3.webp,audio_ws9.mp3,1,12,10,15,,🚗,12,,,,,,,
speak_repeat,PP2-MATH-X.81_Word_Story_Subtraction_Sums_20_81,Say out loud clearly: EIGHTEEN APPLES TAKE AWAY SIX LEAVES TWELVE!,speak_ws1.webp,audio_ws10.mp3,1,Eighteen Apples Take Away Six Leaves Twelve,,,,,,Eighteen Apples Take Away Six Leaves Twelve,,,,,,,
speak_repeat,PP2-MATH-X.81_Word_Story_Subtraction_Sums_20_81,Say out loud clearly: SUBTRACTION WORD STORIES SOLVE WHAT REMAINS!,speak_ws2.webp,audio_ws11.mp3,1,Subtraction Word Stories Solve What Remains,,,,,,Subtraction Word Stories Solve What Remains,,,,,,,
matching,PP2-MATH-X.81_Word_Story_Subtraction_Sums_20_81,Match story subtraction equations!,,,1,,,,,,,,18-6,12,15-5,10,20-8,12
matching,PP2-MATH-X.81_Word_Story_Subtraction_Sums_20_81,Match story subtraction sums!,,,1,,,,,,,,16-4,12,19-9,10,17-7,10
multiple_choice,PP2-MATH-X.82_Dinosaur_Number_Bonds_20_82,What number pairs with 14 to make Friend of 20 for dinos?,dnb_q1.webp,audio_db1.mp3,1,6,14,4,,,1,,,,,,,
multiple_choice,PP2-MATH-X.82_Dinosaur_Number_Bonds_20_82,What number pairs with 12 to make Friend of 20?,dnb_q2.webp,audio_db2.mp3,1,8,12,10,,,1,,,,,,,
multiple_choice,PP2-MATH-X.82_Dinosaur_Number_Bonds_20_82,What number pairs with 15 to make Friend of 20?,dnb_q3.webp,audio_db3.mp3,1,5,15,10,,,1,,,,,,,
multiple_choice,PP2-MATH-X.82_Dinosaur_Number_Bonds_20_82,What number pairs with 10 to make Friend of 20?,dnb_q4.webp,audio_db4.mp3,1,10,5,15,,,1,,,,,,,
multiple_choice,PP2-MATH-X.82_Dinosaur_Number_Bonds_20_82,What number pairs with 16 to make Friend of 20?,dnb_q5.webp,audio_db5.mp3,1,4,6,16,,,1,,,,,,,
multiple_choice,PP2-MATH-X.82_Dinosaur_Number_Bonds_20_82,Dinosaur number bonds combine two parts to make 20...?,dnb_q6.webp,audio_db6.mp3,1,WHOLE,HALF,LINE,,,1,,,,,,,
count_objects,PP2-MATH-X.82_Dinosaur_Number_Bonds_20_82,Count 20 dino bond tokens!,dnb_count1.webp,audio_db7.mp3,1,20,18,22,,🥚,20,,,,,,,
count_objects,PP2-MATH-X.82_Dinosaur_Number_Bonds_20_82,Count 6 missing bond footprint marks!,dnb_count2.webp,audio_db8.mp3,1,6,4,8,,🐾,6,,,,,,,
count_objects,PP2-MATH-X.82_Dinosaur_Number_Bonds_20_82,Count 8 missing bond eggs!,dnb_count3.webp,audio_db9.mp3,1,8,6,10,,🥚,8,,,,,,,
speak_repeat,PP2-MATH-X.82_Dinosaur_Number_Bonds_20_82,Say out loud clearly: FOURTEEN AND SIX ARE FRIENDS OF TWENTY!,speak_db1.webp,audio_db10.mp3,1,Fourteen And Six Are Friends Of Twenty,,,,,,Fourteen And Six Are Friends Of Twenty,,,,,,,
speak_repeat,PP2-MATH-X.82_Dinosaur_Number_Bonds_20_82,Say out loud clearly: TWELVE AND EIGHT MAKE TWENTY DINOSAUR BONDS!,speak_db2.webp,audio_db11.mp3,1,Twelve And Eight Make Twenty Dinosaur Bonds,,,,,,Twelve And Eight Make Twenty Dinosaur Bonds,,,,,,,
matching,PP2-MATH-X.82_Dinosaur_Number_Bonds_20_82,Match dino bonds to 20!,,,1,,,,,,,,14+6,20,12+8,20,15+5,20
matching,PP2-MATH-X.82_Dinosaur_Number_Bonds_20_82,Match more dino bonds!,,,1,,,,,,,,10+10,20,16+4,20,18+2,20
multiple_choice,PP2-MATH-X.83_Pirate_Treasure_Fraction_Map_83,Pirate cuts treasure map into 2 equal parts. One part is...?,ptf_q1.webp,audio_pf1.mp3,1,1/2,1/4,WHOLE,,,1,,,,,,,
multiple_choice,PP2-MATH-X.83_Pirate_Treasure_Fraction_Map_83,Pirate cuts treasure cake into 4 equal parts. One part is...?,ptf_q2.webp,audio_pf2.mp3,1,1/4,1/2,WHOLE,,,1,,,,,,,
multiple_choice,PP2-MATH-X.83_Pirate_Treasure_Fraction_Map_83,Two quarters 1/4 + 1/4 equal one...?,ptf_q3.webp,audio_pf3.mp3,1,1/2,1/4,WHOLE,,,1,,,,,,,
multiple_choice,PP2-MATH-X.83_Pirate_Treasure_Fraction_Map_83,Four quarters 1/4 + 1/4 + 1/4 + 1/4 make one...?,ptf_q4.webp,audio_pf4.mp3,1,WHOLE,1/2,1/4,,,1,,,,,,,
multiple_choice,PP2-MATH-X.83_Pirate_Treasure_Fraction_Map_83,Which fraction is smaller on the map: 1/2 or 1/4?,ptf_q5.webp,audio_pf5.mp3,1,1/4,1/2,WHOLE,,,1,,,,,,,
multiple_choice,PP2-MATH-X.83_Pirate_Treasure_Fraction_Map_83,Fraction parts must always be...?,ptf_q6.webp,audio_pf6.mp3,1,EQUAL,UNEQUAL,RANDOM,,,1,,,,,,,
count_objects,PP2-MATH-X.83_Pirate_Treasure_Fraction_Map_83,Count 2 half treasure maps 1/2!,ptf_count1.webp,audio_pf7.mp3,1,2,1,4,,🗺️,2,,,,,,,
count_objects,PP2-MATH-X.83_Pirate_Treasure_Fraction_Map_83,Count 4 quarter treasure coins 1/4!,ptf_count2.webp,audio_pf8.mp3,1,4,2,3,,🪙,4,,,,,,,
count_objects,PP2-MATH-X.83_Pirate_Treasure_Fraction_Map_83,Count 3 whole treasure chests!,ptf_count3.webp,audio_pf9.mp3,1,3,1,5,,🏴‍☠️,3,,,,,,,
speak_repeat,PP2-MATH-X.83_Pirate_Treasure_Fraction_Map_83,Say out loud clearly: PIRATE TREASURE FRACTION MAP ONE HALF AND ONE QUARTER!,speak_pf1.webp,audio_pf10.mp3,1,Pirate Treasure Fraction Map One Half And One Quarter,,,,,,Pirate Treasure Fraction Map One Half And One Quarter,,,,,,,
speak_repeat,PP2-MATH-X.83_Pirate_Treasure_Fraction_Map_83,Say out loud clearly: TWO HALVES MAKE A WHOLE TREASURE MAP!,speak_pf2.webp,audio_pf11.mp3,1,Two Halves Make A Whole Treasure Map,,,,,,Two Halves Make A Whole Treasure Map,,,,,,,
matching,PP2-MATH-X.83_Pirate_Treasure_Fraction_Map_83,Match pirate map fractions!,,,1,,,,,,,,Half,1/2,Quarter,1/4,Whole,WHOLE
matching,PP2-MATH-X.83_Pirate_Treasure_Fraction_Map_83,Match fraction map parts!,,,1,,,,,,,,2 parts,1/2,4 parts,1/4,1 part,WHOLE
multiple_choice,PP2-MATH-X.84_Space_Alien_Clock_Time_84,Alien short hour hand points to 4, long hand to 12. What time is it?,sac_q1.webp,audio_sa1.mp3,1,4 O'CLOCK,12 O'CLOCK,9 O'CLOCK,,,1,,,,,,,
multiple_choice,PP2-MATH-X.84_Space_Alien_Clock_Time_84,Alien short hour hand points to 9, long hand to 12. What time is it?,sac_q2.webp,audio_sa2.mp3,1,9 O'CLOCK,4 O'CLOCK,12 O'CLOCK,,,1,,,,,,,
multiple_choice,PP2-MATH-X.84_Space_Alien_Clock_Time_84,The short hand on space clock shows the...?,sac_q3.webp,audio_sa3.mp3,1,HOUR,MINUTE,SECOND,,,1,,,,,,,
multiple_choice,PP2-MATH-X.84_Space_Alien_Clock_Time_84,The long hand on space clock shows the...?,sac_q4.webp,audio_sa4.mp3,1,MINUTE,HOUR,SECOND,,,1,,,,,,,
multiple_choice,PP2-MATH-X.84_Space_Alien_Clock_Time_84,When long hand points straight to 12, time is exact...?,sac_q5.webp,audio_sa5.mp3,1,O'CLOCK,HALF,QUARTER,,,1,,,,,,,
multiple_choice,PP2-MATH-X.84_Space_Alien_Clock_Time_84,Short hand on 7, long hand on 12. Time is...?,sac_q6.webp,audio_sa6.mp3,1,7 O'CLOCK,12 O'CLOCK,5 O'CLOCK,,,1,,,,,,,
count_objects,PP2-MATH-X.84_Space_Alien_Clock_Time_84,Count 4 space clocks!,sac_count1.webp,audio_sa7.mp3,1,4,2,3,,⏰,4,,,,,,,
count_objects,PP2-MATH-X.84_Space_Alien_Clock_Time_84,Count 12 numbers on space clock face!,sac_count2.webp,audio_sa8.mp3,1,12,10,15,,🕐,12,,,,,,,
count_objects,PP2-MATH-X.84_Space_Alien_Clock_Time_84,Count 2 alien clock hands!,sac_count3.webp,audio_sa9.mp3,1,2,1,3,,⏱️,2,,,,,,,
speak_repeat,PP2-MATH-X.84_Space_Alien_Clock_Time_84,Say out loud clearly: SPACE ALIEN READING CLOCK TIME IN HOURS!,speak_sa1.webp,audio_sa10.mp3,1,Space Alien Reading Clock Time In Hours,,,,,,Space Alien Reading Clock Time In Hours,,,,,,,
speak_repeat,PP2-MATH-X.84_Space_Alien_Clock_Time_84,Say out loud clearly: SHORT HAND SHOWS HOUR AND LONG HAND ON TWELVE IS O'CLOCK!,speak_sa2.webp,audio_sa11.mp3,1,Short Hand Shows Hour And Long Hand On Twelve Is O'Clock,,,,,,Short Hand Shows Hour And Long Hand On Twelve Is O'Clock,,,,,,,
matching,PP2-MATH-X.84_Space_Alien_Clock_Time_84,Match space clock times!,,,1,,,,,,,,Short 4,4 O'CLOCK,Short 9,9 O'CLOCK,Short 7,7 O'CLOCK
matching,PP2-MATH-X.84_Space_Alien_Clock_Time_84,Match clock hand roles!,,,1,,,,,,,,Short,HOUR,Long,MINUTE,At 12,O'CLOCK
multiple_choice,PP2-MATH-X.85_Circus_Clown_Even_Odd_Juggle_85,Clown juggles number 12. Is 12 EVEN or ODD?,cjo_q1.webp,audio_cj1.mp3,1,EVEN,ODD,BEFORE,,,1,,,,,,,
multiple_choice,PP2-MATH-X.85_Circus_Clown_Even_Odd_Juggle_85,Clown juggles number 15. Is 15 EVEN or ODD?,cjo_q2.webp,audio_cj2.mp3,1,ODD,EVEN,AFTER,,,1,,,,,,,
multiple_choice,PP2-MATH-X.85_Circus_Clown_Even_Odd_Juggle_85,Numbers ending in 0 2 4 6 8 are...?,cjo_q3.webp,audio_cj3.mp3,1,EVEN,ODD,BEFORE,,,1,,,,,,,
multiple_choice,PP2-MATH-X.85_Circus_Clown_Even_Odd_Juggle_85,Numbers ending in 1 3 5 7 9 are...?,cjo_q4.webp,audio_cj4.mp3,1,ODD,EVEN,AFTER,,,1,,,,,,,
multiple_choice,PP2-MATH-X.85_Circus_Clown_Even_Odd_Juggle_85,Is juggling number 20 EVEN or ODD?,cjo_q5.webp,audio_cj5.mp3,1,EVEN,ODD,BEFORE,,,1,,,,,,,
multiple_choice,PP2-MATH-X.85_Circus_Clown_Even_Odd_Juggle_85,Is juggling number 7 EVEN or ODD?,cjo_q6.webp,audio_cj6.mp3,1,ODD,EVEN,AFTER,,,1,,,,,,,
count_objects,PP2-MATH-X.85_Circus_Clown_Even_Odd_Juggle_85,Count 4 EVEN juggling balls!,cjo_count1.webp,audio_cj7.mp3,1,4,3,5,,🤹,4,,,,,,,
count_objects,PP2-MATH-X.85_Circus_Clown_Even_Odd_Juggle_85,Count 5 ODD juggling pins!,cjo_count2.webp,audio_cj8.mp3,1,5,4,6,,🎳,5,,,,,,,
count_objects,PP2-MATH-X.85_Circus_Clown_Even_Odd_Juggle_85,Count 6 EVEN clown hats!,cjo_count3.webp,audio_cj9.mp3,1,6,5,7,,🎪,6,,,,,,,
speak_repeat,PP2-MATH-X.85_Circus_Clown_Even_Odd_Juggle_85,Say out loud clearly: CIRCUS CLOWN EVEN AND ODD NUMBER JUGGLING!,speak_cj1.webp,audio_cj10.mp3,1,Circus Clown Even And Odd Number Juggling,,,,,,Circus Clown Even And Odd Number Juggling,,,,,,,
speak_repeat,PP2-MATH-X.85_Circus_Clown_Even_Odd_Juggle_85,Say out loud clearly: EVEN NUMBERS PAIR UP EVENLY IN THE JUGGLE!,speak_cj2.webp,audio_cj11.mp3,1,Even Numbers Pair Up Evenly In The Juggle,,,,,,Even Numbers Pair Up Evenly In The Juggle,,,,,,,
matching,PP2-MATH-X.85_Circus_Clown_Even_Odd_Juggle_85,Match EVEN numbers!,,,1,,,,,,,,12,EVEN,14,EVEN,20,EVEN
matching,PP2-MATH-X.85_Circus_Clown_Even_Odd_Juggle_85,Match ODD numbers!,,,1,,,,,,,,11,ODD,15,ODD,17,ODD
multiple_choice,PP2-MATH-X.86_Superhero_3_Number_Addition_86,Combine 4 plus 3 plus 5. Total superhero power?,sha_q1.webp,audio_sa1.mp3,1,12,10,11,,,1,,,,,,,
multiple_choice,PP2-MATH-X.86_Superhero_3_Number_Addition_86,Combine 6 plus 2 plus 4. Total power?,sha_q2.webp,audio_sa2.mp3,1,12,10,14,,,1,,,,,,,
multiple_choice,PP2-MATH-X.86_Superhero_3_Number_Addition_86,Combine 5 plus 5 plus 5. Total power?,sha_q3.webp,audio_sa3.mp3,1,15,10,20,,,1,,,,,,,
multiple_choice,PP2-MATH-X.86_Superhero_3_Number_Addition_86,Combine 7 plus 3 plus 2. Total power?,sha_q4.webp,audio_sa4.mp3,1,12,10,13,,,1,,,,,,,
multiple_choice,PP2-MATH-X.86_Superhero_3_Number_Addition_86,Combine 8 plus 2 plus 4. Total power?,sha_q5.webp,audio_sa5.mp3,1,14,12,16,,,1,,,,,,,
multiple_choice,PP2-MATH-X.86_Superhero_3_Number_Addition_86,Combine 10 plus 5 plus 5. Total power?,sha_q6.webp,audio_sa6.mp3,1,20,15,18,,,1,,,,,,,
count_objects,PP2-MATH-X.86_Superhero_3_Number_Addition_86,Count 12 superhero shields combined!,sha_count1.webp,audio_sa7.mp3,1,12,10,14,,🛡️,12,,,,,,,
count_objects,PP2-MATH-X.86_Superhero_3_Number_Addition_86,Count 15 superhero stars combined!,sha_count2.webp,audio_sa8.mp3,1,15,12,18,,⭐,15,,,,,,,
count_objects,PP2-MATH-X.86_Superhero_3_Number_Addition_86,Count 20 power tokens combined!,sha_count3.webp,audio_sa9.mp3,1,20,15,18,,⚡,20,,,,,,,
speak_repeat,PP2-MATH-X.86_Superhero_3_Number_Addition_86,Say out loud clearly: FOUR PLUS THREE PLUS FIVE EQUALS TWELVE!,speak_sa1.webp,audio_sa10.mp3,1,Four Plus Three Plus Five Equals Twelve,,,,,,Four Plus Three Plus Five Equals Twelve,,,,,,,
speak_repeat,PP2-MATH-X.86_Superhero_3_Number_Addition_86,Say out loud clearly: SUPERHERO THREE NUMBER ADDITION POWER!,speak_sa2.webp,audio_sa11.mp3,1,Superhero Three Number Addition Power,,,,,,Superhero Three Number Addition Power,,,,,,,
matching,PP2-MATH-X.86_Superhero_3_Number_Addition_86,Match 3-number superhero additions!,,,1,,,,,,,,4+3+5,12,6+2+4,12,5+5+5,15
matching,PP2-MATH-X.86_Superhero_3_Number_Addition_86,Match 3-number power sums!,,,1,,,,,,,,7+3+2,12,8+2+4,14,10+5+5,20
multiple_choice,PP2-MATH-X.87_Underwater_Sub_Liters_Reef_87,Which unit measures sea water capacity on reef?,usl_q1.webp,audio_ul1.mp3,1,LITERS,KG,HOURS,,,1,,,,,,,
multiple_choice,PP2-MATH-X.87_Underwater_Sub_Liters_Reef_87,A large submarine water tank holds 50...?,usl_q2.webp,audio_ul2.mp3,1,LITERS,KG,METERS,,,1,,,,,,,
multiple_choice,PP2-MATH-X.87_Underwater_Sub_Liters_Reef_87,Which holds MORE water: 20 Liters jug or 5 Liters bottle?,usl_q3.webp,audio_ul3.mp3,1,20 LITERS,5 LITERS,SAME,,,1,,,,,,,
multiple_choice,PP2-MATH-X.87_Underwater_Sub_Liters_Reef_87,Capacity on the reef tells how much liquid a tank can...?,usl_q4.webp,audio_ul4.mp3,1,HOLD,WEIGH,RUN,,,1,,,,,,,
multiple_choice,PP2-MATH-X.87_Underwater_Sub_Liters_Reef_87,10 Liters + 10 Liters equals how many Liters?,usl_q5.webp,audio_ul5.mp3,1,20 LITERS,10 LITERS,5 LITERS,,,1,,,,,,,
multiple_choice,PP2-MATH-X.87_Underwater_Sub_Liters_Reef_87,Standard liquid capacity unit in math is...?,usl_q6.webp,audio_ul6.mp3,1,LITERS,KG,HOURS,,,1,,,,,,,
count_objects,PP2-MATH-X.87_Underwater_Sub_Liters_Reef_87,Count 3 water tanks marked Liters!,usl_count1.webp,audio_ul7.mp3,1,3,1,4,,🫙,3,,,,,,,
count_objects,PP2-MATH-X.87_Underwater_Sub_Liters_Reef_87,Count 5 sea water buckets!,usl_count2.webp,audio_ul8.mp3,1,5,3,4,,🪣,5,,,,,,,
count_objects,PP2-MATH-X.87_Underwater_Sub_Liters_Reef_87,Count 2 submarine water jugs!,usl_count3.webp,audio_ul9.mp3,1,2,1,3,,🫗,2,,,,,,,
speak_repeat,PP2-MATH-X.87_Underwater_Sub_Liters_Reef_87,Say out loud clearly: UNDERWATER REEF CAPACITY IN LITERS!,speak_ul1.webp,audio_ul10.mp3,1,Underwater Reef Capacity In Liters,,,,,,Underwater Reef Capacity In Liters,,,,,,,
speak_repeat,PP2-MATH-X.87_Underwater_Sub_Liters_Reef_87,Say out loud clearly: TEN LITERS PLUS TEN LITERS EQUALS TWENTY LITERS!,speak_ul2.webp,audio_ul11.mp3,1,Ten Liters Plus Ten Liters Equals Twenty Liters,,,,,,Ten Liters Plus Ten Liters Equals Twenty Liters,,,,,,,
matching,PP2-MATH-X.87_Underwater_Sub_Liters_Reef_87,Match reef Liters units!,,,1,,,,,,,,Liquid,LITERS,Tank,50 LITERS,10+10,20 LITERS
matching,PP2-MATH-X.87_Underwater_Sub_Liters_Reef_87,Match capacity values!,,,1,,,,,,,,20 Liters,MORE,5 Liters,LESS,Unit,LITERS
multiple_choice,PP2-MATH-X.88_Safari_Animal_Bar_Graph_88,Tallest bar on safari graph shows 10 lions. Which has MOST?,sab_q1.webp,audio_sb1.mp3,1,LIONS,ZEBRAS,EQUAL,,,1,,,,,,,
multiple_choice,PP2-MATH-X.88_Safari_Animal_Bar_Graph_88,Shortest bar on safari graph shows 3 giraffes. Which has LEAST?,sab_q2.webp,audio_sb2.mp3,1,GIRAFFES,LIONS,EQUAL,,,1,,,,,,,
multiple_choice,PP2-MATH-X.88_Safari_Animal_Bar_Graph_88,A graph with tall bars comparing safari animal counts is a...?,sab_q3.webp,audio_sb3.mp3,1,BAR GRAPH,MAP,CLOCK,,,1,,,,,,,
multiple_choice,PP2-MATH-X.88_Safari_Animal_Bar_Graph_88,If zebra bar has 8 and lion bar has 10, lion bar is...?,sab_q4.webp,audio_sb4.mp3,1,MOST,LEAST,EQUAL,,,1,,,,,,,
multiple_choice,PP2-MATH-X.88_Safari_Animal_Bar_Graph_88,If zebra bar has 8 and lion bar has 10, zebra bar is...?,sab_q5.webp,audio_sb5.mp3,1,LEAST,MOST,EQUAL,,,1,,,,,,,
multiple_choice,PP2-MATH-X.88_Safari_Animal_Bar_Graph_88,When two animal bars reach same height line, they are...?,sab_q6.webp,audio_sb6.mp3,1,EQUAL,MOST,LEAST,,,1,,,,,,,
count_objects,PP2-MATH-X.88_Safari_Animal_Bar_Graph_88,Count 4 safari animal bars on graph!,sab_count1.webp,audio_sb7.mp3,1,4,2,5,,📊,4,,,,,,,
count_objects,PP2-MATH-X.88_Safari_Animal_Bar_Graph_88,Count 10 lion units on highest bar!,sab_count2.webp,audio_sb8.mp3,1,10,8,12,,🦁,10,,,,,,,
count_objects,PP2-MATH-X.88_Safari_Animal_Bar_Graph_88,Count 3 giraffe units on lowest bar!,sab_count3.webp,audio_sb9.mp3,1,3,1,5,,🦒,3,,,,,,,
speak_repeat,PP2-MATH-X.88_Safari_Animal_Bar_Graph_88,Say out loud clearly: SAFARI ANIMAL BAR GRAPH READING AND COMPARISON!,speak_sb1.webp,audio_sb10.mp3,1,Safari Animal Bar Graph Reading And Comparison,,,,,,Safari Animal Bar Graph Reading And Comparison,,,,,,,
speak_repeat,PP2-MATH-X.88_Safari_Animal_Bar_Graph_88,Say out loud clearly: TALLEST BAR IS MOST AND SHORTEST BAR IS LEAST!,speak_sb2.webp,audio_sb11.mp3,1,Tallest Bar Is Most And Shortest Bar Is Least,,,,,,Tallest Bar Is Most And Shortest Bar Is Least,,,,,,,
matching,PP2-MATH-X.88_Safari_Animal_Bar_Graph_88,Match safari bar graph terms!,,,1,,,,,,,,Tallest bar,MOST,Shortest bar,LEAST,Same height,EQUAL
matching,PP2-MATH-X.88_Safari_Animal_Bar_Graph_88,Match safari graph data!,,,1,,,,,,,,10 lions,MOST,3 giraffes,LEAST,Chart,BAR GRAPH
multiple_choice,PP2-MATH-X.89_Kenyan_Shilling_Change_Math_89,Shopper buys fruit for 50 KES. Gives 100 KES note. Change?,kcm_q1.webp,audio_kc1.mp3,1,50 KES,100 KES,10 KES,,,1,,,,,,,
multiple_choice,PP2-MATH-X.89_Kenyan_Shilling_Change_Math_89,Shopper spends 20 KES and gives 50 KES note. Change?,kcm_q2.webp,audio_kc2.mp3,1,30 KES,20 KES,50 KES,,,1,,,,,,,
multiple_choice,PP2-MATH-X.89_Kenyan_Shilling_Change_Math_89,Which note has value 100 KES in Kenya?,kcm_q3.webp,audio_kc3.mp3,1,100 KES,50 KES,20 KES,,,1,,,,,,,
multiple_choice,PP2-MATH-X.89_Kenyan_Shilling_Change_Math_89,Which note has value 50 KES in Kenya?,kcm_q4.webp,audio_kc4.mp3,1,50 KES,100 KES,10 KES,,,1,,,,,,,
multiple_choice,PP2-MATH-X.89_Kenyan_Shilling_Change_Math_89,50 KES plus 50 KES equals how many shillings?,kcm_q5.webp,audio_kc5.mp3,1,100 KES,50 KES,20 KES,,,1,,,,,,,
multiple_choice,PP2-MATH-X.89_Kenyan_Shilling_Change_Math_89,Change is money returned when you pay...?,kcm_q6.webp,audio_kc6.mp3,1,MORE,LESS,SAME,,,1,,,,,,,
count_objects,PP2-MATH-X.89_Kenyan_Shilling_Change_Math_89,Count 2 banknotes of 50 KES!,kcm_count1.webp,audio_kc7.mp3,1,2,1,3,,💵,2,,,,,,,
count_objects,PP2-MATH-X.89_Kenyan_Shilling_Change_Math_89,Count 1 banknote of 100 KES!,kcm_count2.webp,audio_kc8.mp3,1,1,2,3,,💵,1,,,,,,,
count_objects,PP2-MATH-X.89_Kenyan_Shilling_Change_Math_89,Count 5 shilling change coins!,kcm_count3.webp,audio_kc9.mp3,1,5,3,4,,🪙,5,,,,,,,
speak_repeat,PP2-MATH-X.89_Kenyan_Shilling_Change_Math_89,Say out loud clearly: KENYAN SHILLING SHOPPING AND GIVING CHANGE!,speak_kc1.webp,audio_kc10.mp3,1,Kenyan Shilling Shopping And Giving Change,,,,,,Kenyan Shilling Shopping And Giving Change,,,,,,,
speak_repeat,PP2-MATH-X.89_Kenyan_Shilling_Change_Math_89,Say out loud clearly: ONE HUNDRED KES MINUS FIFTY KES LEAVES FIFTY KES CHANGE!,speak_kc2.webp,audio_kc11.mp3,1,One Hundred KES Minus Fifty KES Leaves Fifty KES Change,,,,,,One Hundred KES Minus Fifty KES Leaves Fifty KES Change,,,,,,,
matching,PP2-MATH-X.89_Kenyan_Shilling_Change_Math_89,Match shopping change math!,,,1,,,,,,,,100-50,50 KES,50-20,30 KES,50+50,100 KES
matching,PP2-MATH-X.89_Kenyan_Shilling_Change_Math_89,Match banknote values!,,,1,,,,,,,,Note,50 KES,Big Note,100 KES,Symbol,KES
multiple_choice,PP2-MATH-X.90_PP2_Math_Century_Master_90,What number comes right after 99 at Century 90?,cm90_q1.webp,audio_c1.mp3,1,100,98,90,,,1,,,,,,,
multiple_choice,PP2-MATH-X.90_PP2_Math_Century_Master_90,What is 10 plus 10?,cm90_q2.webp,audio_c2.mp3,1,20,10,15,,,1,,,,,,,
multiple_choice,PP2-MATH-X.90_PP2_Math_Century_Master_90,Which 3D shape has a pointy top and flat base?,cm90_q3.webp,audio_c3.mp3,1,PYRAMID,PRISM,SPHERE,,,1,,,,,,,
multiple_choice,PP2-MATH-X.90_PP2_Math_Century_Master_90,What is one part of two equal parts called?,cm90_q4.webp,audio_c4.mp3,1,1/2,1/4,WHOLE,,,1,,,,,,,
multiple_choice,PP2-MATH-X.90_PP2_Math_Century_Master_90,Short hand on 8, long hand on 12. What time is it?,cm90_q5.webp,audio_c5.mp3,1,8 O'CLOCK,12 O'CLOCK,2 O'CLOCK,,,1,,,,,,,
multiple_choice,PP2-MATH-X.90_PP2_Math_Century_Master_90,50 KES plus 50 KES equals how many shillings?,cm90_q6.webp,audio_c6.mp3,1,100 KES,50 KES,20 KES,,,1,,,,,,,
count_objects,PP2-MATH-X.90_PP2_Math_Century_Master_90,Count 20 century master star trophies!,cm90_count1.webp,audio_c7.mp3,1,20,18,19,,🏆,20,,,,,,,
count_objects,PP2-MATH-X.90_PP2_Math_Century_Master_90,Count 15 century master medals!,cm90_count2.webp,audio_c8.mp3,1,15,12,18,,🥇,15,,,,,,,
count_objects,PP2-MATH-X.90_PP2_Math_Century_Master_90,Count 10 century master crowns!,cm90_count3.webp,audio_c9.mp3,1,10,8,12,,👑,10,,,,,,,
speak_repeat,PP2-MATH-X.90_PP2_Math_Century_Master_90,Say out loud clearly: I AM A PP2 MATH CENTURY MASTER NINETY!,speak_c1.webp,audio_c10.mp3,1,I Am A PP2 Math Century Master Ninety,,,,,,I Am A PP2 Math Century Master Ninety,,,,,,,
speak_repeat,PP2-MATH-X.90_PP2_Math_Century_Master_90,Say out loud clearly: NINETY MISSIONS OF PP2 MATH SUCCESS!,speak_c2.webp,audio_c11.mp3,1,Ninety Missions Of PP2 Math Success,,,,,,Ninety Missions Of PP2 Math Success,,,,,,,
matching,PP2-MATH-X.90_PP2_Math_Century_Master_90,Match century math domains!,,,1,,,,,,,,Numbers,100,Shapes,PYRAMID,Money,100 KES
matching,PP2-MATH-X.90_PP2_Math_Century_Master_90,Match century master symbols!,,,1,,,,,,,,Trophy 🏆,MASTER,Medal 🥇,WINNER,Crown 👑,CENTURY
multiple_choice,PP2-MATH-X.91_Superhero_Addition_Power_91,12 power shields plus 8 power shields equals...?,shp91_q1.webp,audio_sp1.mp3,1,20,18,19,,,1,,,,,,,
multiple_choice,PP2-MATH-X.91_Superhero_Addition_Power_91,15 power stars plus 5 power stars equals...?,shp91_q2.webp,audio_sp2.mp3,1,20,15,18,,,1,,,,,,,
multiple_choice,PP2-MATH-X.91_Superhero_Addition_Power_91,14 flying heroes plus 6 flying heroes equals...?,shp91_q3.webp,audio_sp3.mp3,1,20,18,19,,,1,,,,,,,
multiple_choice,PP2-MATH-X.91_Superhero_Addition_Power_91,11 power capes plus 7 power capes equals...?,shp91_q4.webp,audio_sp4.mp3,1,18,16,19,,,1,,,,,,,
multiple_choice,PP2-MATH-X.91_Superhero_Addition_Power_91,13 power badges plus 5 power badges equals...?,shp91_q5.webp,audio_sp5.mp3,1,18,17,19,,,1,,,,,,,
multiple_choice,PP2-MATH-X.91_Superhero_Addition_Power_91,10 superheroes plus 10 superheroes equals...?,shp91_q6.webp,audio_sp6.mp3,1,20,10,15,,,1,,,,,,,
count_objects,PP2-MATH-X.91_Superhero_Addition_Power_91,Count 20 total superhero power shields!,shp91_count1.webp,audio_sp7.mp3,1,20,18,22,,🛡️,20,,,,,,,
count_objects,PP2-MATH-X.91_Superhero_Addition_Power_91,Count 18 total superhero power stars!,shp91_count2.webp,audio_sp8.mp3,1,18,16,20,,⭐,18,,,,,,,
count_objects,PP2-MATH-X.91_Superhero_Addition_Power_91,Count 15 total superhero capes!,shp91_count3.webp,audio_sp9.mp3,1,15,12,18,,🦸,15,,,,,,,
speak_repeat,PP2-MATH-X.91_Superhero_Addition_Power_91,Say out loud clearly: TWELVE PLUS EIGHT EQUALS TWENTY POWER SHIELDS!,speak_sp1.webp,audio_sp10.mp3,1,Twelve Plus Eight Equals Twenty Power Shields,,,,,,Twelve Plus Eight Equals Twenty Power Shields,,,,,,,
speak_repeat,PP2-MATH-X.91_Superhero_Addition_Power_91,Say out loud clearly: FIFTEEN PLUS FIVE EQUALS TWENTY SUPERHERO POWER!,speak_sp2.webp,audio_sp11.mp3,1,Fifteen Plus Five Equals Twenty Superhero Power,,,,,,Fifteen Plus Five Equals Twenty Superhero Power,,,,,,,
matching,PP2-MATH-X.91_Superhero_Addition_Power_91,Match superhero power additions!,,,1,,,,,,,,12+8,20,15+5,20,14+6,20
matching,PP2-MATH-X.91_Superhero_Addition_Power_91,Match superhero power sums!,,,1,,,,,,,,11+7,18,13+5,18,10+10,20
multiple_choice,PP2-MATH-X.92_Underwater_Counting_61_to_80_92,What number comes after 65 ocean fish?,u80_q1.webp,audio_uw1.mp3,1,66,64,70,,,1,,,,,,,
multiple_choice,PP2-MATH-X.92_Underwater_Counting_61_to_80_92,What number comes right before 70 underwater?,u80_q2.webp,audio_uw2.mp3,1,69,68,71,,,1,,,,,,,
multiple_choice,PP2-MATH-X.92_Underwater_Counting_61_to_80_92,Count ocean fish: 71 72 73... what is next?,u80_q3.webp,audio_uw3.mp3,1,74,70,75,,,1,,,,,,,
multiple_choice,PP2-MATH-X.92_Underwater_Counting_61_to_80_92,What number comes right after 79?,u80_q4.webp,audio_uw4.mp3,1,80,78,70,,,1,,,,,,,
multiple_choice,PP2-MATH-X.92_Underwater_Counting_61_to_80_92,Which is smaller: 62 fish or 78 fish?,u80_q5.webp,audio_uw5.mp3,1,62,78,80,,,1,,,,,,,
multiple_choice,PP2-MATH-X.92_Underwater_Counting_61_to_80_92,What number is between 66 and 68 fish?,u80_q6.webp,audio_uw6.mp3,1,67,65,69,,,1,,,,,,,
count_objects,PP2-MATH-X.92_Underwater_Counting_61_to_80_92,Count 65 blue ocean fish!,u80_count1.webp,audio_uw7.mp3,1,65,60,70,,🐟,65,,,,,,,
count_objects,PP2-MATH-X.92_Underwater_Counting_61_to_80_92,Count 70 yellow reef fish!,u80_count2.webp,audio_uw8.mp3,1,70,65,75,,🐠,70,,,,,,,
count_objects,PP2-MATH-X.92_Underwater_Counting_61_to_80_92,Count 80 sea bubbles!,u80_count3.webp,audio_uw9.mp3,1,80,70,75,,🫧,80,,,,,,,
speak_repeat,PP2-MATH-X.92_Underwater_Counting_61_to_80_92,Say out loud clearly: UNDERWATER FISH COUNTING SIXTYONE TO EIGHTY!,speak_uw1.webp,audio_uw10.mp3,1,Underwater Fish Counting Sixtyone To Eighty,,,,,,Underwater Fish Counting Sixtyone To Eighty,,,,,,,
speak_repeat,PP2-MATH-X.92_Underwater_Counting_61_to_80_92,Say out loud clearly: SEVENTYEIGHT SEVENTYNINE EIGHTY SWIMMING FISH!,speak_uw2.webp,audio_uw11.mp3,1,Seventyeight Seventyfive Eighty Swimming Fish,,,,,,Seventyeight Seventyfive Eighty Swimming Fish,,,,,,,
matching,PP2-MATH-X.92_Underwater_Counting_61_to_80_92,Match ocean fish counts!,,,1,,,,,,,,65,65,70,70,80,80
matching,PP2-MATH-X.92_Underwater_Counting_61_to_80_92,Match reef numbers!,,,1,,,,,,,,61,61,68,68,75,75
multiple_choice,PP2-MATH-X.93_Safari_Pictograph_Showdown_93,Chart shows 10 lions and 5 zebras. How many lions?,sps93_q1.webp,audio_sp1.mp3,1,10,5,15,,,1,,,,,,,
multiple_choice,PP2-MATH-X.93_Safari_Pictograph_Showdown_93,Chart shows 10 lions and 5 zebras. How many zebras?,sps93_q2.webp,audio_sp2.mp3,1,5,10,15,,,1,,,,,,,
multiple_choice,PP2-MATH-X.93_Safari_Pictograph_Showdown_93,Chart shows 10 lions and 5 zebras. Which animal has MORE?,sps93_q3.webp,audio_sp3.mp3,1,LIONS,ZEBRAS,EQUAL,,,1,,,,,,,
multiple_choice,PP2-MATH-X.93_Safari_Pictograph_Showdown_93,Chart shows 10 lions and 5 zebras. Which animal has FEWER?,sps93_q4.webp,audio_sp4.mp3,1,ZEBRAS,LIONS,EQUAL,,,1,,,,,,,
multiple_choice,PP2-MATH-X.93_Safari_Pictograph_Showdown_93,Chart shows 6 giraffes and 6 giraffes. The counts are...?,sps93_q5.webp,audio_sp5.mp3,1,EQUAL,MORE,FEWER,,,1,,,,,,,
multiple_choice,PP2-MATH-X.93_Safari_Pictograph_Showdown_93,In a pictograph chart, animal pictures stand for real...?,sps93_q6.webp,audio_sp6.mp3,1,ANIMALS,TREES,ROADS,,,1,,,,,,,
count_objects,PP2-MATH-X.93_Safari_Pictograph_Showdown_93,Count 10 lion icons on the graph!,sps93_count1.webp,audio_sp7.mp3,1,10,8,12,,🦁,10,,,,,,,
count_objects,PP2-MATH-X.93_Safari_Pictograph_Showdown_93,Count 5 zebra icons on the chart!,sps93_count2.webp,audio_sp8.mp3,1,5,3,6,,🦓,5,,,,,,,
count_objects,PP2-MATH-X.93_Safari_Pictograph_Showdown_93,Count 6 giraffe icons on board!,sps93_count3.webp,audio_sp9.mp3,1,6,4,8,,🦒,6,,,,,,,
speak_repeat,PP2-MATH-X.93_Safari_Pictograph_Showdown_93,Say out loud clearly: SAFARI ANIMAL PICTOGRAPH COUNT AND COMPARE!,speak_sp1.webp,audio_sp10.mp3,1,Safari Animal Pictograph Count And Compare,,,,,,Safari Animal Pictograph Count And Compare,,,,,,,
speak_repeat,PP2-MATH-X.93_Safari_Pictograph_Showdown_93,Say out loud clearly: TEN LIONS IS MORE THAN FIVE ZEBRAS!,speak_sp2.webp,audio_sp11.mp3,1,Ten Lions Is More Than Five Zebras,,,,,,Ten Lions Is More Than Five Zebras,,,,,,,
matching,PP2-MATH-X.93_Safari_Pictograph_Showdown_93,Match safari chart counts!,,,1,,,,,,,,Lions 🦁,10,Zebras 🦓,5,Giraffes 🦒,6
matching,PP2-MATH-X.93_Safari_Pictograph_Showdown_93,Match showdown comparison words!,,,1,,,,,,,,10 lions,MORE,5 zebras,FEWER,6 vs 6,EQUAL
multiple_choice,PP2-MATH-X.94_Kenyan_Shilling_Coins_Shopping_94,An apple costs 5 KES. Which coin pays for it?,kcs_q1.webp,audio_kc1.mp3,1,5 KES,1 KES,20 KES,,,1,,,,,,,
multiple_choice,PP2-MATH-X.94_Kenyan_Shilling_Coins_Shopping_94,A banana costs 10 KES. Which coin pays for it?,kcs_q2.webp,audio_kc2.mp3,1,10 KES,1 KES,5 KES,,,1,,,,,,,
multiple_choice,PP2-MATH-X.94_Kenyan_Shilling_Coins_Shopping_94,What is highest value coin in Kenya up to 20?,kcs_q3.webp,audio_kc3.mp3,1,20 KES,10 KES,5 KES,,,1,,,,,,,
multiple_choice,PP2-MATH-X.94_Kenyan_Shilling_Coins_Shopping_94,Buy 1 orange for 5 KES and 1 mango for 5 KES. Total cost?,kcs_q4.webp,audio_kc4.mp3,1,10 KES,5 KES,20 KES,,,1,,,,,,,
multiple_choice,PP2-MATH-X.94_Kenyan_Shilling_Coins_Shopping_94,Where do shoppers use coins to buy fruit in Kenya?,kcs_q5.webp,audio_kc5.mp3,1,MARKET,PARK,BED,,,1,,,,,,,
multiple_choice,PP2-MATH-X.94_Kenyan_Shilling_Coins_Shopping_94,What is currency symbol for Kenyan Shilling?,kcs_q6.webp,audio_kc6.mp3,1,KES,USD,EUR,,,1,,,,,,,
count_objects,PP2-MATH-X.94_Kenyan_Shilling_Coins_Shopping_94,Count 5 shiny shilling coins in purse!,kcs_count1.webp,audio_kc7.mp3,1,5,3,4,,🪙,5,,,,,,,
count_objects,PP2-MATH-X.94_Kenyan_Shilling_Coins_Shopping_94,Count 4 red market apples to buy!,kcs_count2.webp,audio_kc8.mp3,1,4,2,5,,🍎,4,,,,,,,
count_objects,PP2-MATH-X.94_Kenyan_Shilling_Coins_Shopping_94,Count 3 yellow market bananas!,kcs_count3.webp,audio_kc9.mp3,1,3,1,4,,🍌,3,,,,,,,
speak_repeat,PP2-MATH-X.94_Kenyan_Shilling_Coins_Shopping_94,Say out loud clearly: MARKET SHOPPING WITH KENYAN SHILLING COINS!,speak_kc1.webp,audio_kc10.mp3,1,Market Shopping With Kenyan Shilling Coins,,,,,,Market Shopping With Kenyan Shilling Coins,,,,,,,
speak_repeat,PP2-MATH-X.94_Kenyan_Shilling_Coins_Shopping_94,Say out loud clearly: FIVE KES PLUS FIVE KES EQUALS TEN KES!,speak_kc2.webp,audio_kc11.mp3,1,Five KES Plus Five KES Equals Ten KES,,,,,,Five KES Plus Five KES Equals Ten KES,,,,,,,
matching,PP2-MATH-X.94_Kenyan_Shilling_Coins_Shopping_94,Match market fruit prices!,,,1,,,,,,,,Apple 🍎,5 KES,Banana 🍌,10 KES,Pineapple 🍍,20 KES
matching,PP2-MATH-X.94_Kenyan_Shilling_Coins_Shopping_94,Match shilling coin values!,,,1,,,,,,,,1,1 KES,5,5 KES,10,10 KES
multiple_choice,PP2-MATH-X.95_Skip_Counting_by_10s_Challenge_95,Skip count by 10s: 10 20 30 40... what comes next?,sk10c_q1.webp,audio_sk1.mp3,1,50,45,60,,,1,,,,,,,
multiple_choice,PP2-MATH-X.95_Skip_Counting_by_10s_Challenge_95,Skip count by 10s: 60 70 80... what comes next?,sk10c_q2.webp,audio_sk2.mp3,1,90,85,100,,,1,,,,,,,
multiple_choice,PP2-MATH-X.95_Skip_Counting_by_10s_Challenge_95,Skip count by 10s: 80 90... what is final milestone?,sk10c_q3.webp,audio_sk3.mp3,1,100,95,90,,,1,,,,,,,
multiple_choice,PP2-MATH-X.95_Skip_Counting_by_10s_Challenge_95,What is first number when skip counting by 10s?,sk10c_q4.webp,audio_sk4.mp3,1,10,1,5,,,1,,,,,,,
multiple_choice,PP2-MATH-X.95_Skip_Counting_by_10s_Challenge_95,When skip counting by 10s, how many added per hop?,sk10c_q5.webp,audio_sk5.mp3,1,10,5,1,,,1,,,,,,,
multiple_choice,PP2-MATH-X.95_Skip_Counting_by_10s_Challenge_95,Which number belongs in 10s count: 10 20 30...?,sk10c_q6.webp,audio_sk6.mp3,1,40,25,35,,,1,,,,,,,
count_objects,PP2-MATH-X.95_Skip_Counting_by_10s_Challenge_95,Count 50 star tokens in 10s groups!,sk10c_count1.webp,audio_sk7.mp3,1,50,40,60,,⭐,50,,,,,,,
count_objects,PP2-MATH-X.95_Skip_Counting_by_10s_Challenge_95,Count 100 power tokens in 10s groups!,sk10c_count2.webp,audio_sk8.mp3,1,100,90,80,,⚡,100,,,,,,,
count_objects,PP2-MATH-X.95_Skip_Counting_by_10s_Challenge_95,Count 30 trophy medals in 10s groups!,sk10c_count3.webp,audio_sk9.mp3,1,30,20,40,,🏆,30,,,,,,,
speak_repeat,PP2-MATH-X.95_Skip_Counting_by_10s_Challenge_95,Say out loud clearly: SKIP COUNTING BY TENS CHALLENGE UP TO ONE HUNDRED!,speak_sk1.webp,audio_sk10.mp3,1,Skip Counting By Tens Challenge Up To One Hundred,,,,,,Skip Counting By Tens Challenge Up To One Hundred,,,,,,,
speak_repeat,PP2-MATH-X.95_Skip_Counting_by_10s_Challenge_95,Say out loud clearly: TEN TWENTY THIRTY FORTY FIFTY SIXTY SEVENTY EIGHTY NINETY ONE HUNDRED!,speak_sk2.webp,audio_sk11.mp3,1,Ten Twenty Thirty Forty Fifty Sixty Seventy Eighty Ninety One Hundred,,,,,,Ten Twenty Thirty Forty Fifty Sixty Seventy Eighty Ninety One Hundred,,,,,,,
matching,PP2-MATH-X.95_Skip_Counting_by_10s_Challenge_95,Match 10s skip count steps!,,,1,,,,,,,,10 20,30,40 50,60,70 80,90
matching,PP2-MATH-X.95_Skip_Counting_by_10s_Challenge_95,Match 10s max targets!,,,1,,,,,,,,80,90,90,100,100,MAX
multiple_choice,PP2-MATH-X.96_3D_Shapes_Cylinder_and_Cone_96,Which 3D shape looks like a soup can?,s3dc_q1.webp,audio_sc1.mp3,1,CYLINDER,CONE,SPHERE,,,1,,,,,,,
multiple_choice,PP2-MATH-X.96_3D_Shapes_Cylinder_and_Cone_96,Which 3D shape looks like a pointy party hat?,s3dc_q2.webp,audio_sc2.mp3,1,CONE,CYLINDER,CUBE,,,1,,,,,,,
multiple_choice,PP2-MATH-X.96_3D_Shapes_Cylinder_and_Cone_96,An ice cream cone is shaped like a...?,s3dc_q3.webp,audio_sc3.mp3,1,CONE,CYLINDER,SPHERE,,,1,,,,,,,
multiple_choice,PP2-MATH-X.96_3D_Shapes_Cylinder_and_Cone_96,A wooden log or tin can is shaped like a...?,s3dc_q4.webp,audio_sc4.mp3,1,CYLINDER,CONE,CUBE,,,1,,,,,,,
multiple_choice,PP2-MATH-X.96_3D_Shapes_Cylinder_and_Cone_96,Does a cylinder have 2 flat circle ends?,s3dc_q5.webp,audio_sc5.mp3,1,YES,NO,NEVER,,,1,,,,,,,
multiple_choice,PP2-MATH-X.96_3D_Shapes_Cylinder_and_Cone_96,Does a cone have a pointy top?,s3dc_q6.webp,audio_sc6.mp3,1,YES,NO,NEVER,,,1,,,,,,,
count_objects,PP2-MATH-X.96_3D_Shapes_Cylinder_and_Cone_96,Count 4 festive party hat cones!,s3dc_count1.webp,audio_sc7.mp3,1,4,2,5,,🎉,4,,,,,,,
count_objects,PP2-MATH-X.96_3D_Shapes_Cylinder_and_Cone_96,Count 3 soup can cylinders!,s3dc_count2.webp,audio_sc8.mp3,1,3,1,4,,🥫,3,,,,,,,
count_objects,PP2-MATH-X.96_3D_Shapes_Cylinder_and_Cone_96,Count 2 traffic safety cones!,s3dc_count3.webp,audio_sc9.mp3,1,2,1,3,,⚠️,2,,,,,,,
speak_repeat,PP2-MATH-X.96_3D_Shapes_Cylinder_and_Cone_96,Say out loud clearly: 3D SHAPES CYLINDER AND CONE IDENTIFICATION!,speak_sc1.webp,audio_sc10.mp3,1,3D Shapes Cylinder And Cone Identification,,,,,,3D Shapes Cylinder And Cone Identification,,,,,,,
speak_repeat,PP2-MATH-X.96_3D_Shapes_Cylinder_and_Cone_96,Say out loud clearly: CYLINDERS LOOK LIKE CANS AND CONES HAVE POINTY TOPS!,speak_sc2.webp,audio_sc11.mp3,1,Cylinders Look Like Cans And Cones Have Pointy Tops,,,,,,Cylinders Look Like Cans And Cones Have Pointy Tops,,,,,,,
matching,PP2-MATH-X.96_3D_Shapes_Cylinder_and_Cone_96,Match items to 3D shape!,,,1,,,,,,,,Can 🥫,CYLINDER,Party Hat 🎉,CONE,Log 🪵,CYLINDER
matching,PP2-MATH-X.96_3D_Shapes_Cylinder_and_Cone_96,Match shape features!,,,1,,,,,,,,Pointy top,CONE,2 circle ends,CYLINDER,Ice cream,CONE
multiple_choice,PP2-MATH-X.97_Patterns_Growing_Sequence_97,Pattern growing: 2 4 6 8... what comes next?,pgs97_q1.webp,audio_pg1.mp3,1,10,9,12,,,1,,,,,,,
multiple_choice,PP2-MATH-X.97_Patterns_Growing_Sequence_97,Pattern growing: 5 10 15 20... what comes next?,pgs97_q2.webp,audio_pg2.mp3,1,25,21,30,,,1,,,,,,,
multiple_choice,PP2-MATH-X.97_Patterns_Growing_Sequence_97,Pattern growing: 10 20 30 40... what comes next?,pgs97_q3.webp,audio_pg3.mp3,1,50,45,60,,,1,,,,,,,
multiple_choice,PP2-MATH-X.97_Patterns_Growing_Sequence_97,Growing patterns get...?,pgs97_q4.webp,audio_pg4.mp3,1,BIGGER,SMALLER,SAME,,,1,,,,,,,
multiple_choice,PP2-MATH-X.97_Patterns_Growing_Sequence_97,1 star... 3 stars... 5 stars... What comes next adding 2 each step?,pgs97_q5.webp,audio_pg5.mp3,1,7,6,8,,,1,,,,,,,
multiple_choice,PP2-MATH-X.97_Patterns_Growing_Sequence_97,In a growing sequence, each step adds a fixed...?,pgs97_q6.webp,audio_pg6.mp3,1,COUNT,SHAPE,COLOR,,,1,,,,,,,
count_objects,PP2-MATH-X.97_Patterns_Growing_Sequence_97,Count 2 stars in step one!,pgs97_count1.webp,audio_pg7.mp3,1,2,1,3,,⭐,2,,,,,,,
count_objects,PP2-MATH-X.97_Patterns_Growing_Sequence_97,Count 4 stars in step two!,pgs97_count2.webp,audio_pg8.mp3,1,4,2,5,,⭐,4,,,,,,,
count_objects,PP2-MATH-X.97_Patterns_Growing_Sequence_97,Count 6 stars in step three!,pgs97_count3.webp,audio_pg9.mp3,1,6,4,8,,⭐,6,,,,,,,
speak_repeat,PP2-MATH-X.97_Patterns_Growing_Sequence_97,Say out loud clearly: GROWING PATTERN SEQUENCES GET LARGER EACH STEP!,speak_pg1.webp,audio_pg10.mp3,1,Growing Pattern Sequences Get Larger Each Step,,,,,,Growing Pattern Sequences Get Larger Each Step,,,,,,,
speak_repeat,PP2-MATH-X.97_Patterns_Growing_Sequence_97,Say out loud clearly: TWO FOUR SIX EIGHT TEN GROWING PATTERN!,speak_pg2.webp,audio_pg11.mp3,1,Two Four Six Eight Ten Growing Pattern,,,,,,Two Four Six Eight Ten Growing Pattern,,,,,,,
matching,PP2-MATH-X.97_Patterns_Growing_Sequence_97,Match growing sequences!,,,1,,,,,,,,2 4 6,8,5 10 15,20,10 20 30,40
matching,PP2-MATH-X.97_Patterns_Growing_Sequence_97,Match growing steps!,,,1,,,,,,,,Step 1,2,Step 2,4,Step 3,6
multiple_choice,PP2-MATH-X.98_Measurement_Heavy_vs_Light_Kg_98,Which unit measures heavy weight on scale in Kilograms?,mhk_q1.webp,audio_mk1.mp3,1,KG,LITERS,HOURS,,,1,,,,,,,
multiple_choice,PP2-MATH-X.98_Measurement_Heavy_vs_Light_Kg_98,An elephant weighs 500...?,mhk_q2.webp,audio_mk2.mp3,1,KG,LITERS,METERS,,,1,,,,,,,
multiple_choice,PP2-MATH-X.98_Measurement_Heavy_vs_Light_Kg_98,A feather weighs very light in...?,mhk_q3.webp,audio_mk3.mp3,1,KG,LITERS,HOURS,,,1,,,,,,,
multiple_choice,PP2-MATH-X.98_Measurement_Heavy_vs_Light_Kg_98,Which is heavier: 50 Kg rock or 5 Kg bag?,mhk_q4.webp,audio_mk4.mp3,1,50 KG,5 KG,SAME,,,1,,,,,,,
multiple_choice,PP2-MATH-X.98_Measurement_Heavy_vs_Light_Kg_98,Kg is short symbol for...?,mhk_q5.webp,audio_mk5.mp3,1,KILOGRAMS,KILOMETERS,KILOWATTS,,,1,,,,,,,
multiple_choice,PP2-MATH-X.98_Measurement_Heavy_vs_Light_Kg_98,A balance scale compares heavy and light in...?,mhk_q6.webp,audio_mk6.mp3,1,KG,LITERS,HOURS,,,1,,,,,,,
count_objects,PP2-MATH-X.98_Measurement_Heavy_vs_Light_Kg_98,Count 3 scale weights marked Kg!,mhk_count1.webp,audio_mk7.mp3,1,3,1,4,,⚖️,3,,,,,,,
count_objects,PP2-MATH-X.98_Measurement_Heavy_vs_Light_Kg_98,Count 2 heavy boulders!,mhk_count2.webp,audio_mk8.mp3,1,2,1,3,,🪨,2,,,,,,,
count_objects,PP2-MATH-X.98_Measurement_Heavy_vs_Light_Kg_98,Count 5 light feathers!,mhk_count3.webp,audio_mk9.mp3,1,5,3,4,,🪶,5,,,,,,,
speak_repeat,PP2-MATH-X.98_Measurement_Heavy_vs_Light_Kg_98,Say out loud clearly: MEASUREMENT HEAVY VS LIGHT IN KILOGRAMS KG!,speak_mk1.webp,audio_mk10.mp3,1,Measurement Heavy Vs Light In Kilograms Kg,,,,,,Measurement Heavy Vs Light In Kilograms Kg,,,,,,,
speak_repeat,PP2-MATH-X.98_Measurement_Heavy_vs_Light_Kg_98,Say out loud clearly: WE MEASURE MASS AND HEAVY WEIGHT IN KILOGRAMS!,speak_mk2.webp,audio_mk11.mp3,1,We Measure Mass And Heavy Weight In Kilograms,,,,,,We Measure Mass And Heavy Weight In Kilograms,,,,,,,
matching,PP2-MATH-X.98_Measurement_Heavy_vs_Light_Kg_98,Match weight units!,,,1,,,,,,,,Weight,KG,Scale,⚖️,Heavy,50 KG
matching,PP2-MATH-X.98_Measurement_Heavy_vs_Light_Kg_98,Match Kg concepts!,,,1,,,,,,,,Kg,KILOGRAMS,Heavy,KG,Light,FEATHER
multiple_choice,PP2-MATH-X.99_Spatial_East_vs_West_99,Which compass direction points to RIGHT on map?,sew99_q1.webp,audio_se1.mp3,1,EAST,WEST,NORTH,,,1,,,,,,,
multiple_choice,PP2-MATH-X.99_Spatial_East_vs_West_99,Which compass direction points to LEFT on map?,sew99_q2.webp,audio_se2.mp3,1,WEST,EAST,SOUTH,,,1,,,,,,,
multiple_choice,PP2-MATH-X.99_Spatial_East_vs_West_99,The sun rises in the...?,sew99_q3.webp,audio_se3.mp3,1,EAST,WEST,NORTH,,,1,,,,,,,
multiple_choice,PP2-MATH-X.99_Spatial_East_vs_West_99,The sun sets in the...?,sew99_q4.webp,audio_se4.mp3,1,WEST,EAST,SOUTH,,,1,,,,,,,
multiple_choice,PP2-MATH-X.99_Spatial_East_vs_West_99,EAST and WEST are opposite compass...?,sew99_q5.webp,audio_se5.mp3,1,DIRECTIONS,COLORS,NUMBERS,,,1,,,,,,,
multiple_choice,PP2-MATH-X.99_Spatial_East_vs_West_99,If you face North, East is on your...?,sew99_q6.webp,audio_se6.mp3,1,RIGHT,LEFT,BACK,,,1,,,,,,,
count_objects,PP2-MATH-X.99_Spatial_East_vs_West_99,Count 4 compass pointers!,sew99_count1.webp,audio_se7.mp3,1,4,2,3,,🧭,4,,,,,,,
count_objects,PP2-MATH-X.99_Spatial_East_vs_West_99,Count 2 rising suns in the East!,sew99_count2.webp,audio_se8.mp3,1,2,1,3,,🌅,2,,,,,,,
count_objects,PP2-MATH-X.99_Spatial_East_vs_West_99,Count 3 direction arrows!,sew99_count3.webp,audio_se9.mp3,1,3,1,4,,🏹,3,,,,,,,
speak_repeat,PP2-MATH-X.99_Spatial_East_vs_West_99,Say out loud clearly: SPATIAL COMPASS DIRECTION EAST VS WEST!,speak_se1.webp,audio_se10.mp3,1,Spatial Compass Direction East Vs West,,,,,,Spatial Compass Direction East Vs West,,,,,,,
speak_repeat,PP2-MATH-X.99_Spatial_East_vs_West_99,Say out loud clearly: EAST IS TO THE RIGHT AND WEST IS TO THE LEFT!,speak_se2.webp,audio_se11.mp3,1,East Is To The Right And West Is To The Left,,,,,,East Is To The Right And West Is To The Left,,,,,,,
matching,PP2-MATH-X.99_Spatial_East_vs_West_99,Match compass directions!,,,1,,,,,,,,Right,EAST,Left,WEST,Rise,EAST
matching,PP2-MATH-X.99_Spatial_East_vs_West_99,Match direction opposites!,,,1,,,,,,,,East,WEST,West,EAST,Set,WEST
multiple_choice,PP2-MATH-X.100_Data_Sort_Shapes_by_Size_100,Sorting giant elephant block vs tiny mouse block is sorting by...?,dss100_q1.webp,audio_ds1.mp3,1,SIZE,COLOR,WEIGHT,,,1,,,,,,,
multiple_choice,PP2-MATH-X.100_Data_Sort_Shapes_by_Size_100,A huge star block belongs in the ___ group.,dss100_q2.webp,audio_ds2.mp3,1,BIG,SMALL,FEWER,,,1,,,,,,,
multiple_choice,PP2-MATH-X.100_Data_Sort_Shapes_by_Size_100,A tiny circle block belongs in the ___ group.,dss100_q3.webp,audio_ds3.mp3,1,SMALL,BIG,MORE,,,1,,,,,,,
multiple_choice,PP2-MATH-X.100_Data_Sort_Shapes_by_Size_100,Sorting shapes by size puts big with big and small with...?,dss100_q4.webp,audio_ds4.mp3,1,SMALL,BIG,RED,,,1,,,,,,,
multiple_choice,PP2-MATH-X.100_Data_Sort_Shapes_by_Size_100,Which shape is BIG: mountain block or tiny marble?,dss100_q5.webp,audio_ds5.mp3,1,MOUNTAIN,MARBLE,SAME,,,1,,,,,,,
multiple_choice,PP2-MATH-X.100_Data_Sort_Shapes_by_Size_100,Congratulations! Milestone 100 makes you a Data Sorting...?,dss100_q6.webp,audio_ds6.mp3,1,CENTURY MASTER,BEGINNER,STARTER,,,1,,,,,,,
count_objects,PP2-MATH-X.100_Data_Sort_Shapes_by_Size_100,Count 20 century master star trophies!,dss100_count1.webp,audio_ds7.mp3,1,20,18,19,,🏆,20,,,,,,,
count_objects,PP2-MATH-X.100_Data_Sort_Shapes_by_Size_100,Count 15 century master medals!,dss100_count2.webp,audio_ds8.mp3,1,15,12,18,,🥇,15,,,,,,,
count_objects,PP2-MATH-X.100_Data_Sort_Shapes_by_Size_100,Count 10 century master crowns!,dss100_count3.webp,audio_ds9.mp3,1,10,8,12,,👑,10,,,,,,,
speak_repeat,PP2-MATH-X.100_Data_Sort_Shapes_by_Size_100,Say out loud clearly: I AM A PP2 MATH CENTURY MASTER ONE HUNDRED!,speak_ds1.webp,audio_ds10.mp3,1,I Am A PP2 Math Century Master One Hundred,,,,,,I Am A PP2 Math Century Master One Hundred,,,,,,,
speak_repeat,PP2-MATH-X.100_Data_Sort_Shapes_by_Size_100,Say out loud clearly: ONE HUNDRED MISSIONS OF PP2 MATH SUCCESS!,speak_ds2.webp,audio_ds11.mp3,1,One Hundred Missions Of PP2 Math Success,,,,,,One Hundred Missions Of PP2 Math Success,,,,,,,
matching,PP2-MATH-X.100_Data_Sort_Shapes_by_Size_100,Match century master size domains!,,,1,,,,,,,,Big 🟥,BIG,Small 🔹,SMALL,Huge ⭐,BIG
matching,PP2-MATH-X.100_Data_Sort_Shapes_by_Size_100,Match century master symbols!,,,1,,,,,,,,Trophy 🏆,MASTER,Medal 🥇,WINNER,Crown 👑,CENTURY

question_type,lesson_title,prompt,prompt_image,prompt_audio,correct_answer,option_1,option_2,option_3,option_4,count_emoji_or_image,target_count,target_word,pair_1_left,pair_1_right,pair_2_left,pair_2_right,pair_3_left,pair_3_right
multiple_choice,PP2-MATH-X.101_Word_Story_Addition_Sums_20_101,Sam has 12 apples. Pam gives him 5 more. How many total?,wsa101_q1.webp,audio_wa1.mp3,1,17,15,18,,,1,,,,,,,
multiple_choice,PP2-MATH-X.101_Word_Story_Addition_Sums_20_101,14 birds on a tree. 3 more fly in. How many total?,wsa101_q2.webp,audio_wa2.mp3,1,17,16,18,,,1,,,,,,,
multiple_choice,PP2-MATH-X.101_Word_Story_Addition_Sums_20_101,10 lions resting. 8 more join them. How many total?,wsa101_q3.webp,audio_wa3.mp3,1,18,16,19,,,1,,,,,,,
multiple_choice,PP2-MATH-X.101_Word_Story_Addition_Sums_20_101,11 toy cars in box. Leo gets 4 more. Total?,wsa101_q4.webp,audio_wa4.mp3,1,15,12,14,,,1,,,,,,,
multiple_choice,PP2-MATH-X.101_Word_Story_Addition_Sums_20_101,15 fish in pond. 5 more swim over. Total?,wsa101_q5.webp,audio_wa5.mp3,1,20,18,19,,,1,,,,,,,
multiple_choice,PP2-MATH-X.101_Word_Story_Addition_Sums_20_101,13 stars shine. 6 more appear. How many total?,wsa101_q6.webp,audio_wa6.mp3,1,19,17,20,,,1,,,,,,,
count_objects,PP2-MATH-X.101_Word_Story_Addition_Sums_20_101,Count 17 total story apples!,wsa101_count1.webp,audio_wa7.mp3,1,17,15,18,,🍎,17,,,,,,,
count_objects,PP2-MATH-X.101_Word_Story_Addition_Sums_20_101,Count 18 total story lions!,wsa101_count2.webp,audio_wa8.mp3,1,18,16,20,,🦁,18,,,,,,,
count_objects,PP2-MATH-X.101_Word_Story_Addition_Sums_20_101,Count 20 total story stars!,wsa101_count3.webp,audio_wa9.mp3,1,20,18,19,,⭐,20,,,,,,,
speak_repeat,PP2-MATH-X.101_Word_Story_Addition_Sums_20_101,Say out loud clearly: TWELVE PLUS FIVE EQUALS SEVENTEEN APPLES!,speak_wa1.webp,audio_wa10.mp3,1,Twelve Plus Five Equals Seventeen Apples,,,,,,Twelve Plus Five Equals Seventeen Apples,,,,,,,
speak_repeat,PP2-MATH-X.101_Word_Story_Addition_Sums_20_101,Say out loud clearly: FIFTEEN PLUS FIVE EQUALS TWENTY FISH!,speak_wa2.webp,audio_wa11.mp3,1,Fifteen Plus Five Equals Twenty Fish,,,,,,Fifteen Plus Five Equals Twenty Fish,,,,,,,
matching,PP2-MATH-X.101_Word_Story_Addition_Sums_20_101,Match addition story problems!,,,1,,,,,,,,12+5,17,14+3,17,10+8,18
matching,PP2-MATH-X.101_Word_Story_Addition_Sums_20_101,Match addition story sums!,,,1,,,,,,,,11+4,15,15+5,20,13+6,19
multiple_choice,PP2-MATH-X.102_Dinosaur_Skip_Counting_Tracks_102,Dino tracks skip count by 5s: 5 10 15... what is next?,dst102_q1.webp,audio_dk1.mp3,1,20,16,18,,,1,,,,,,,
multiple_choice,PP2-MATH-X.102_Dinosaur_Skip_Counting_Tracks_102,Dino tracks skip count by 10s: 10 20 30... what is next?,dst102_q2.webp,audio_dk2.mp3,1,40,35,50,,,1,,,,,,,
multiple_choice,PP2-MATH-X.102_Dinosaur_Skip_Counting_Tracks_102,Dino tracks skip count by 5s: 25 30 35... what is next?,dst102_q3.webp,audio_dk3.mp3,1,40,36,38,,,1,,,,,,,
multiple_choice,PP2-MATH-X.102_Dinosaur_Skip_Counting_Tracks_102,Dino tracks skip count by 10s: 50 60 70... what is next?,dst102_q4.webp,audio_dk4.mp3,1,80,75,90,,,1,,,,,,,
multiple_choice,PP2-MATH-X.102_Dinosaur_Skip_Counting_Tracks_102,Dino tracks skip count by 10s: 80 90... what is the final step?,dst102_q5.webp,audio_dk5.mp3,1,100,95,90,,,1,,,,,,,
multiple_choice,PP2-MATH-X.102_Dinosaur_Skip_Counting_Tracks_102,When dinos skip count by 10s, how many tracks per hop?,dst102_q6.webp,audio_dk6.mp3,1,10,5,1,,,1,,,,,,,
count_objects,PP2-MATH-X.102_Dinosaur_Skip_Counting_Tracks_102,Count 20 dino footprints in 5s groups!,dst102_count1.webp,audio_dk7.mp3,1,20,15,25,,🐾,20,,,,,,,
count_objects,PP2-MATH-X.102_Dinosaur_Skip_Counting_Tracks_102,Count 50 dino eggs in 10s groups!,dst102_count2.webp,audio_dk8.mp3,1,50,40,60,,🥚,50,,,,,,,
count_objects,PP2-MATH-X.102_Dinosaur_Skip_Counting_Tracks_102,Count 100 green dinos in 10s groups!,dst102_count3.webp,audio_dk9.mp3,1,100,90,95,,🦕,100,,,,,,,
speak_repeat,PP2-MATH-X.102_Dinosaur_Skip_Counting_Tracks_102,Say out loud clearly: DINOSAUR FOOTPRINT SKIP COUNTING BY FIVES AND TENS!,speak_dk1.webp,audio_dk10.mp3,1,Dinosaur Footprint Skip Counting By Fives And Tens,,,,,,Dinosaur Footprint Skip Counting By Fives And Tens,,,,,,,
speak_repeat,PP2-MATH-X.102_Dinosaur_Skip_Counting_Tracks_102,Say out loud clearly: TEN TWENTY THIRTY FORTY FIFTY SIXTY SEVENTY EIGHTY NINETY ONE HUNDRED!,speak_dk2.webp,audio_dk11.mp3,1,Ten Twenty Thirty Forty Fifty Sixty Seventy Eighty Ninety One Hundred,,,,,,Ten Twenty Thirty Forty Fifty Sixty Seventy Eighty Ninety One Hundred,,,,,,,
matching,PP2-MATH-X.102_Dinosaur_Skip_Counting_Tracks_102,Match 5s dino skip count steps!,,,1,,,,,,,,5 10,15,15 20,25,25 30,35
matching,PP2-MATH-X.102_Dinosaur_Skip_Counting_Tracks_102,Match 10s dino skip count steps!,,,1,,,,,,,,10 20,30,40 50,60,80 90,100
multiple_choice,PP2-MATH-X.103_Pirate_Treasure_Number_Line_103,On the pirate hundred line, what number comes after 49?,ptn103_q1.webp,audio_p1.mp3,1,50,48,51,,,1,,,,,,,
multiple_choice,PP2-MATH-X.103_Pirate_Treasure_Number_Line_103,What number comes right before 100 at the treasure chest?,ptn103_q2.webp,audio_p2.mp3,1,99,98,90,,,1,,,,,,,
multiple_choice,PP2-MATH-X.103_Pirate_Treasure_Number_Line_103,Count pirate steps: 79 80... what comes next?,ptn103_q3.webp,audio_p3.mp3,1,81,82,90,,,1,,,,,,,
multiple_choice,PP2-MATH-X.103_Pirate_Treasure_Number_Line_103,What is the final target number on the pirate map?,ptn103_q4.webp,audio_p4.mp3,1,100,50,90,,,1,,,,,,,
multiple_choice,PP2-MATH-X.103_Pirate_Treasure_Number_Line_103,What number is between 68 and 70 on the map?,ptn103_q5.webp,audio_p5.mp3,1,69,67,71,,,1,,,,,,,
multiple_choice,PP2-MATH-X.103_Pirate_Treasure_Number_Line_103,What is the first starting number on the pirate map?,ptn103_q6.webp,audio_p6.mp3,1,0,1,10,,,1,,,,,,,
count_objects,PP2-MATH-X.103_Pirate_Treasure_Number_Line_103,Count 50 steps along the pirate map!,ptn103_count1.webp,audio_p7.mp3,1,50,40,60,,👣,50,,,,,,,
count_objects,PP2-MATH-X.103_Pirate_Treasure_Number_Line_103,Count 75 treasure island flags!,ptn103_count2.webp,audio_p8.mp3,1,75,70,80,,🚩,75,,,,,,,
count_objects,PP2-MATH-X.103_Pirate_Treasure_Number_Line_103,Count 100 golden coins on line!,ptn103_count3.webp,audio_p9.mp3,1,100,90,95,,🪙,100,,,,,,,
speak_repeat,PP2-MATH-X.103_Pirate_Treasure_Number_Line_103,Say out loud clearly: PIRATE TREASURE MAP NUMBER LINE ZERO TO ONE HUNDRED!,speak_p1.webp,audio_p10.mp3,1,Pirate Treasure Map Number Line Zero To One Hundred,,,,,,Pirate Treasure Map Number Line Zero To One Hundred,,,,,,,
speak_repeat,PP2-MATH-X.103_Pirate_Treasure_Number_Line_103,Say out loud clearly: FOLLOW THE NUMBER LINE TO THE ONE HUNDRED TREASURE!,speak_p2.webp,audio_p11.mp3,1,Follow The Number Line To The One Hundred Treasure,,,,,,Follow The Number Line To The One Hundred Treasure,,,,,,,
matching,PP2-MATH-X.103_Pirate_Treasure_Number_Line_103,Match pirate map spots!,,,1,,,,,,,,49,50,79,80,99,100
matching,PP2-MATH-X.103_Pirate_Treasure_Number_Line_103,Match map steps up to 100!,,,1,,,,,,,,0,0,50,50,100,100
multiple_choice,PP2-MATH-X.104_Space_Alien_3D_Shape_Search_104,Alien building with triangular sides meeting at top is a...?,sa104_q1.webp,audio_sa1.mp3,1,PYRAMID,PRISM,SPHERE,,,1,,,,,,,
multiple_choice,PP2-MATH-X.104_Space_Alien_3D_Shape_Search_104,Alien box with same shape on two opposite ends is a...?,sa104_q2.webp,audio_sa2.mp3,1,PRISM,PYRAMID,CONE,,,1,,,,,,,
multiple_choice,PP2-MATH-X.104_Space_Alien_3D_Shape_Search_104,Alien planet rock round like a ball is a...?,sa104_q3.webp,audio_sa3.mp3,1,SPHERE,CUBE,PYRAMID,,,1,,,,,,,
multiple_choice,PP2-MATH-X.104_Space_Alien_3D_Shape_Search_104,Alien supply box shaped like a square block is a...?,sa104_q4.webp,audio_sa4.mp3,1,CUBE,PRISM,SPHERE,,,1,,,,,,,
multiple_choice,PP2-MATH-X.104_Space_Alien_3D_Shape_Search_104,Which 3D shape has a pointy top and flat base?,sa104_q5.webp,audio_sa5.mp3,1,PYRAMID,SPHERE,CUBE,,,1,,,,,,,
multiple_choice,PP2-MATH-X.104_Space_Alien_3D_Shape_Search_104,Triangular tent in space is shaped like a triangular...?,sa104_q6.webp,audio_sa6.mp3,1,PRISM,SPHERE,CYLINDER,,,1,,,,,,,
count_objects,PP2-MATH-X.104_Space_Alien_3D_Shape_Search_104,Count 4 alien pyramids!,sa104_count1.webp,audio_sa7.mp3,1,4,2,5,,🔺,4,,,,,,,
count_objects,PP2-MATH-X.104_Space_Alien_3D_Shape_Search_104,Count 3 alien prisms!,sa104_count2.webp,audio_sa8.mp3,1,3,1,4,,📦,3,,,,,,,
count_objects,PP2-MATH-X.104_Space_Alien_3D_Shape_Search_104,Count 5 sphere alien planets!,sa104_count3.webp,audio_sa9.mp3,1,5,3,4,,🪐,5,,,,,,,
speak_repeat,PP2-MATH-X.104_Space_Alien_3D_Shape_Search_104,Say out loud clearly: ALIEN 3D SHAPES PRISM PYRAMID SPHERE CUBE!,speak_sa1.webp,audio_sa10.mp3,1,Alien 3D Shapes Prism Pyramid Sphere Cube,,,,,,Alien 3D Shapes Prism Pyramid Sphere Cube,,,,,,,
speak_repeat,PP2-MATH-X.104_Space_Alien_3D_Shape_Search_104,Say out loud clearly: PYRAMIDS HAVE POINTY TOPS AND PRISMS HAVE MATCHING ENDS!,speak_sa2.webp,audio_sa11.mp3,1,Pyramids Have Pointy Tops And Prisms Have Matching Ends,,,,,,Pyramids Have Pointy Tops And Prisms Have Matching Ends,,,,,,,
matching,PP2-MATH-X.104_Space_Alien_3D_Shape_Search_104,Match alien 3D shapes!,,,1,,,,,,,,Pyramid 🔺,PYRAMID,Prism 📦,PRISM,Sphere 🪐,SPHERE
matching,PP2-MATH-X.104_Space_Alien_3D_Shape_Search_104,Match 3D shape features!,,,1,,,,,,,,Pointy top,PYRAMID,Equal ends,PRISM,Round ball,SPHERE
multiple_choice,PP2-MATH-X.105_Circus_Clown_Pattern_Juggle_105,Clown juggles: 2 4 6 8... what comes next in growing pattern?,ccp105_q1.webp,audio_cj1.mp3,1,10,9,12,,,1,,,,,,,
multiple_choice,PP2-MATH-X.105_Circus_Clown_Pattern_Juggle_105,Clown juggles: 5 10 15 20... what comes next?,ccp105_q2.webp,audio_cj2.mp3,1,25,21,30,,,1,,,,,,,
multiple_choice,PP2-MATH-X.105_Circus_Clown_Pattern_Juggle_105,Clown juggles: 10 20 30 40... what comes next?,ccp105_q3.webp,audio_cj3.mp3,1,50,45,60,,,1,,,,,,,
multiple_choice,PP2-MATH-X.105_Circus_Clown_Pattern_Juggle_105,Clown juggles: Red Blue Green... Red Blue Green... What is next?,ccp105_q4.webp,audio_cj4.mp3,1,RED,BLUE,GREEN,,,1,,,,,,,
multiple_choice,PP2-MATH-X.105_Circus_Clown_Pattern_Juggle_105,Clown juggles: Ball Ball Hat Hat... Ball Ball... What is next?,ccp105_q5.webp,audio_cj5.mp3,1,HAT,BALL,CLOWN,,,1,,,,,,,
multiple_choice,PP2-MATH-X.105_Circus_Clown_Pattern_Juggle_105,Growing pattern sequences get...?,ccp105_q6.webp,audio_cj6.mp3,1,BIGGER,SMALLER,SAME,,,1,,,,,,,
count_objects,PP2-MATH-X.105_Circus_Clown_Pattern_Juggle_105,Count 6 juggling balls in ABC pattern!,ccp105_count1.webp,audio_cj7.mp3,1,6,3,5,,🤹,6,,,,,,,
count_objects,PP2-MATH-X.105_Circus_Clown_Pattern_Juggle_105,Count 4 circus hats in AABB pattern!,ccp105_count2.webp,audio_cj8.mp3,1,4,2,5,,🎪,4,,,,,,,
count_objects,PP2-MATH-X.105_Circus_Clown_Pattern_Juggle_105,Count 5 clown props in growing pattern!,ccp105_count3.webp,audio_cj9.mp3,1,5,3,4,,🔴,5,,,,,,,
speak_repeat,PP2-MATH-X.105_Circus_Clown_Pattern_Juggle_105,Say out loud clearly: CIRCUS CLOWN PATTERN SEQUENCE JUGGLING!,speak_cj1.webp,audio_cj10.mp3,1,Circus Clown Pattern Sequence Juggling,,,,,,Circus Clown Pattern Sequence Juggling,,,,,,,
speak_repeat,PP2-MATH-X.105_Circus_Clown_Pattern_Juggle_105,Say out loud clearly: GROWING PATTERNS AND REPEATING PATTERNS ARE FUN!,speak_cj2.webp,audio_cj11.mp3,1,Growing Patterns And Repeating Patterns Are Fun,,,,,,Growing Patterns And Repeating Patterns Are Fun,,,,,,,
matching,PP2-MATH-X.105_Circus_Clown_Pattern_Juggle_105,Match clown pattern sequences!,,,1,,,,,,,,2 4 6,10,5 10 15,25,Red Blue,AB
matching,PP2-MATH-X.105_Circus_Clown_Pattern_Juggle_105,Match juggling pattern rules!,,,1,,,,,,,,Ball Ball,AABB,Red Blue Green,ABC,10 20 30,10S
multiple_choice,PP2-MATH-X.106_Superhero_Shield_Number_Match_106,Which superhero shield has power number 50 on it?,snm106_q1.webp,audio_sm1.mp3,1,50,45,60,,,1,,,,,,,
multiple_choice,PP2-MATH-X.106_Superhero_Shield_Number_Match_106,Which shield number comes after 89?,snm106_q2.webp,audio_sm2.mp3,1,90,88,91,,,1,,,,,,,
multiple_choice,PP2-MATH-X.106_Superhero_Shield_Number_Match_106,Which shield number comes right before 100?,snm106_q3.webp,audio_sm3.mp3,1,99,98,90,,,1,,,,,,,
multiple_choice,PP2-MATH-X.106_Superhero_Shield_Number_Match_106,Find the superhero shield with max number 100!,snm106_q4.webp,audio_sm4.mp3,1,100,90,95,,,1,,,,,,,
multiple_choice,PP2-MATH-X.106_Superhero_Shield_Number_Match_106,What shield number comes between 74 and 76?,snm106_q5.webp,audio_sm5.mp3,1,75,73,77,,,1,,,,,,,
multiple_choice,PP2-MATH-X.106_Superhero_Shield_Number_Match_106,What is the starting shield power number?,snm106_q6.webp,audio_sm6.mp3,1,0,1,10,,,1,,,,,,,
count_objects,PP2-MATH-X.106_Superhero_Shield_Number_Match_106,Count 50 superhero power shields!,snm106_count1.webp,audio_sm7.mp3,1,50,40,60,,🛡️,50,,,,,,,
count_objects,PP2-MATH-X.106_Superhero_Shield_Number_Match_106,Count 75 superhero star badges!,snm106_count2.webp,audio_sm8.mp3,1,75,70,80,,⭐,75,,,,,,,
count_objects,PP2-MATH-X.106_Superhero_Shield_Number_Match_106,Count 100 superhero power tokens!,snm106_count3.webp,audio_sm9.mp3,1,100,90,95,,⚡,100,,,,,,,
speak_repeat,PP2-MATH-X.106_Superhero_Shield_Number_Match_106,Say out loud clearly: SUPERHERO SHIELD NUMBER MATCH ZERO TO ONE HUNDRED!,speak_sm1.webp,audio_sm10.mp3,1,Superhero Shield Number Match Zero To One Hundred,,,,,,Superhero Shield Number Match Zero To One Hundred,,,,,,,
speak_repeat,PP2-MATH-X.106_Superhero_Shield_Number_Match_106,Say out loud clearly: NINETYNINE AND ONE HUNDRED SUPERHERO POWER!,speak_sm2.webp,audio_sm11.mp3,1,Ninetynine And One Hundred Superhero Power,,,,,,Ninetynine And One Hundred Superhero Power,,,,,,,
matching,PP2-MATH-X.106_Superhero_Shield_Number_Match_106,Match superhero shield numbers!,,,1,,,,,,,,50,50,75,75,100,100
matching,PP2-MATH-X.106_Superhero_Shield_Number_Match_106,Match shield power numbers!,,,1,,,,,,,,49,49,89,89,99,99
multiple_choice,PP2-MATH-X.107_Underwater_Pearl_Addition_107,12 ocean pearls plus 5 ocean pearls equals...?,upa107_q1.webp,audio_up1.mp3,1,17,15,18,,,1,,,,,,,
multiple_choice,PP2-MATH-X.107_Underwater_Pearl_Addition_107,14 shiny pearls plus 3 shiny pearls equals...?,upa107_q2.webp,audio_up2.mp3,1,17,16,18,,,1,,,,,,,
multiple_choice,PP2-MATH-X.107_Underwater_Pearl_Addition_107,10 ocean pearls plus 8 pearls equals...?,upa107_q3.webp,audio_up3.mp3,1,18,16,19,,,1,,,,,,,
multiple_choice,PP2-MATH-X.107_Underwater_Pearl_Addition_107,11 pearls in shell plus 4 pearls in shell equals...?,upa107_q4.webp,audio_up4.mp3,1,15,12,14,,,1,,,,,,,
multiple_choice,PP2-MATH-X.107_Underwater_Pearl_Addition_107,15 pearls plus 5 pearls equals...?,upa107_q5.webp,audio_up5.mp3,1,20,18,19,,,1,,,,,,,
multiple_choice,PP2-MATH-X.107_Underwater_Pearl_Addition_107,13 pearls plus 6 pearls equals...?,upa107_q6.webp,audio_up6.mp3,1,19,17,20,,,1,,,,,,,
count_objects,PP2-MATH-X.107_Underwater_Pearl_Addition_107,Count 17 total shiny ocean pearls!,upa107_count1.webp,audio_up7.mp3,1,17,15,18,,🦪,17,,,,,,,
count_objects,PP2-MATH-X.107_Underwater_Pearl_Addition_107,Count 18 total ocean pearls in clam shells!,upa107_count2.webp,audio_up8.mp3,1,18,16,20,,🦪,18,,,,,,,
count_objects,PP2-MATH-X.107_Underwater_Pearl_Addition_107,Count 20 total glowing underwater pearls!,upa107_count3.webp,audio_up9.mp3,1,20,18,19,,⚪,20,,,,,,,
speak_repeat,PP2-MATH-X.107_Underwater_Pearl_Addition_107,Say out loud clearly: TWELVE PEARLS PLUS FIVE PEARLS EQUALS SEVENTEEN PEARLS!,speak_up1.webp,audio_up10.mp3,1,Twelve Pearls Plus Five Pearls Equals Seventeen Pearls,,,,,,Twelve Pearls Plus Five Pearls Equals Seventeen Pearls,,,,,,,
speak_repeat,PP2-MATH-X.107_Underwater_Pearl_Addition_107,Say out loud clearly: FIFTEEN PLUS FIVE EQUALS TWENTY SHINY PEARLS!,speak_up2.webp,audio_up11.mp3,1,Fifteen Plus Five Equals Twenty Shiny Pearls,,,,,,Fifteen Plus Five Equals Twenty Shiny Pearls,,,,,,,
matching,PP2-MATH-X.107_Underwater_Pearl_Addition_107,Match pearl additions!,,,1,,,,,,,,12+5,17,14+3,17,10+8,18
matching,PP2-MATH-X.107_Underwater_Pearl_Addition_107,Match pearl sums!,,,1,,,,,,,,11+4,15,15+5,20,13+6,19
multiple_choice,PP2-MATH-X.108_Safari_Animal_Count_Showdown_108,How many total safari animals in big herd count up to 100?,sac108_q1.webp,audio_sa1.mp3,1,50,40,30,,,1,,,,,,,
multiple_choice,PP2-MATH-X.108_Safari_Animal_Count_Showdown_108,Count safari animals: 88 89... what number comes next?,sac108_q2.webp,audio_sa2.mp3,1,90,87,86,,,1,,,,,,,
multiple_choice,PP2-MATH-X.108_Safari_Animal_Count_Showdown_108,What number comes right before 100 safari zebras?,sac108_q3.webp,audio_sa3.mp3,1,99,98,90,,,1,,,,,,,
multiple_choice,PP2-MATH-X.108_Safari_Animal_Count_Showdown_108,Which is MORE: 45 safari lions or 85 safari lions?,sac108_q4.webp,audio_sa4.mp3,1,85,45,SAME,,,1,,,,,,,
multiple_choice,PP2-MATH-X.108_Safari_Animal_Count_Showdown_108,Which is FEWER: 20 elephants or 70 elephants?,sac108_q5.webp,audio_sa5.mp3,1,20,70,SAME,,,1,,,,,,,
multiple_choice,PP2-MATH-X.108_Safari_Animal_Count_Showdown_108,What number comes between 63 and 65 giraffes?,sac108_q6.webp,audio_sa6.mp3,1,64,62,66,,,1,,,,,,,
count_objects,PP2-MATH-X.108_Safari_Animal_Count_Showdown_108,Count 50 safari zebras on the plain!,sac108_count1.webp,audio_sa7.mp3,1,50,40,60,,🦓,50,,,,,,,
count_objects,PP2-MATH-X.108_Safari_Animal_Count_Showdown_108,Count 75 safari elephants walking together!,sac108_count2.webp,audio_sa8.mp3,1,75,70,80,,🐘,75,,,,,,,
count_objects,PP2-MATH-X.108_Safari_Animal_Count_Showdown_108,Count 100 safari lions in the showdown!,sac108_count3.webp,audio_sa9.mp3,1,100,90,95,,🦁,100,,,,,,,
speak_repeat,PP2-MATH-X.108_Safari_Animal_Count_Showdown_108,Say out loud clearly: SAFARI ANIMAL COUNT SHOWDOWN UP TO ONE HUNDRED!,speak_sa1.webp,audio_sa10.mp3,1,Safari Animal Count Showdown Up To One Hundred,,,,,,Safari Animal Count Showdown Up To One Hundred,,,,,,,
speak_repeat,PP2-MATH-X.108_Safari_Animal_Count_Showdown_108,Say out loud clearly: SEVENTYFIVE ELEPHANTS AND ONE HUNDRED LIONS!,speak_sa2.webp,audio_sa11.mp3,1,Seventyfive Elephants And One Hundred Lions,,,,,,Seventyfive Elephants And One Hundred Lions,,,,,,,
matching,PP2-MATH-X.108_Safari_Animal_Count_Showdown_108,Match safari animal counts!,,,1,,,,,,,,Zebras 🦓,50,Elephants 🐘,75,Lions 🦁,100
matching,PP2-MATH-X.108_Safari_Animal_Count_Showdown_108,Match showdown numbers!,,,1,,,,,,,,49,49,89,89,99,99
multiple_choice,PP2-MATH-X.109_Kenyan_Shilling_Market_Math_109,Which paper banknote in Kenya pays for 50 KES basket?,ksm109_q1.webp,audio_sm1.mp3,1,50 KES,100 KES,20 KES,,,1,,,,,,,
multiple_choice,PP2-MATH-X.109_Kenyan_Shilling_Market_Math_109,Which paper banknote in Kenya pays for 100 KES box?,ksm109_q2.webp,audio_sm2.mp3,1,100 KES,50 KES,10 KES,,,1,,,,,,,
multiple_choice,PP2-MATH-X.109_Kenyan_Shilling_Market_Math_109,You buy fruit for 50 KES and give 100 KES note. Change?,ksm109_q3.webp,audio_sm3.mp3,1,50 KES,100 KES,0 KES,,,1,,,,,,,
multiple_choice,PP2-MATH-X.109_Kenyan_Shilling_Market_Math_109,50 KES plus 50 KES note equals...?,ksm109_q4.webp,audio_sm4.mp3,1,100 KES,50 KES,20 KES,,,1,,,,,,,
multiple_choice,PP2-MATH-X.109_Kenyan_Shilling_Market_Math_109,Which coin has highest value up to 20 in Kenya?,ksm109_q5.webp,audio_sm5.mp3,1,20 KES,10 KES,5 KES,,,1,,,,,,,
multiple_choice,PP2-MATH-X.109_Kenyan_Shilling_Market_Math_109,What currency symbol is used in Kenya markets?,ksm109_q6.webp,audio_sm6.mp3,1,KES,USD,EUR,,,1,,,,,,,
count_objects,PP2-MATH-X.109_Kenyan_Shilling_Market_Math_109,Count 2 banknotes of 50 KES!,ksm109_count1.webp,audio_sm7.mp3,1,2,1,3,,💵,2,,,,,,,
count_objects,PP2-MATH-X.109_Kenyan_Shilling_Market_Math_109,Count 1 banknote of 100 KES!,ksm109_count2.webp,audio_sm8.mp3,1,1,2,3,,💵,1,,,,,,,
count_objects,PP2-MATH-X.109_Kenyan_Shilling_Market_Math_109,Count 5 market fruit baskets!,ksm109_count3.webp,audio_sm9.mp3,1,5,3,4,,🧺,5,,,,,,,
speak_repeat,PP2-MATH-X.109_Kenyan_Shilling_Market_Math_109,Say out loud clearly: MARKET MATH WITH KENYAN SHILLING COINS AND BANKNOTES!,speak_sm1.webp,audio_sm10.mp3,1,Market Math With Kenyan Shilling Coins And Banknotes,,,,,,Market Math With Kenyan Shilling Coins And Banknotes,,,,,,,
speak_repeat,PP2-MATH-X.109_Kenyan_Shilling_Market_Math_109,Say out loud clearly: FIFTY KES PLUS FIFTY KES EQUALS ONE HUNDRED KES!,speak_sm2.webp,audio_sm11.mp3,1,Fifty KES Plus Fifty KES Equals One Hundred KES,,,,,,Fifty KES Plus Fifty KES Equals One Hundred KES,,,,,,,
matching,PP2-MATH-X.109_Kenyan_Shilling_Market_Math_109,Match market fruit prices!,,,1,,,,,,,,Apple 🍎,5 KES,Fruit 🧺,50 KES,Box 🎁,100 KES
matching,PP2-MATH-X.109_Kenyan_Shilling_Market_Math_109,Match shilling values!,,,1,,,,,,,,50,50 KES,100,100 KES,50+50,100 KES
multiple_choice,PP2-MATH-X.110_Number_Line_Mastery_0_to_100_110,What number comes BEFORE 50 on the number line?,nlm110_q1.webp,audio_nl1.mp3,1,49,51,52,,,1,,,,,,,
multiple_choice,PP2-MATH-X.110_Number_Line_Mastery_0_to_100_110,What number comes AFTER 75 on the number line?,nlm110_q2.webp,audio_nl2.mp3,1,76,74,70,,,1,,,,,,,
multiple_choice,PP2-MATH-X.110_Number_Line_Mastery_0_to_100_110,What number comes BETWEEN 88 and 90?,nlm110_q3.webp,audio_nl3.mp3,1,89,87,91,,,1,,,,,,,
multiple_choice,PP2-MATH-X.110_Number_Line_Mastery_0_to_100_110,What number comes BEFORE 100?,nlm110_q4.webp,audio_nl4.mp3,1,99,98,90,,,1,,,,,,,
multiple_choice,PP2-MATH-X.110_Number_Line_Mastery_0_to_100_110,What number comes AFTER 30?,nlm110_q5.webp,audio_nl5.mp3,1,31,29,32,,,1,,,,,,,
multiple_choice,PP2-MATH-X.110_Number_Line_Mastery_0_to_100_110,What number comes BETWEEN 14 and 16?,nlm110_q6.webp,audio_nl6.mp3,1,15,13,17,,,1,,,,,,,
count_objects,PP2-MATH-X.110_Number_Line_Mastery_0_to_100_110,Count 10 number line markers moving forward!,nlm110_count1.webp,audio_nl7.mp3,1,10,8,12,,🚩,10,,,,,,,
count_objects,PP2-MATH-X.110_Number_Line_Mastery_0_to_100_110,Count 20 steps along the hundred line!,nlm110_count2.webp,audio_nl8.mp3,1,20,18,22,,🐾,20,,,,,,,
count_objects,PP2-MATH-X.110_Number_Line_Mastery_0_to_100_110,Count 15 track posts!,nlm110_count3.webp,audio_nl9.mp3,1,15,12,18,,📍,15,,,,,,,
speak_repeat,PP2-MATH-X.110_Number_Line_Mastery_0_to_100_110,Say out loud clearly: FORTYNINE COMES BEFORE FIFTY!,speak_nl1.webp,audio_nl10.mp3,1,Fortynine Comes Before Fifty,,,,,,Fortynine Comes Before Fifty,,,,,,,
speak_repeat,PP2-MATH-X.110_Number_Line_Mastery_0_to_100_110,Say out loud clearly: NINETENINE COMES BEFORE ONE HUNDRED!,speak_nl2.webp,audio_nl11.mp3,1,Ninetynine Comes Before One Hundred,,,,,,Ninetynine Comes Before One Hundred,,,,,,,
matching,PP2-MATH-X.110_Number_Line_Mastery_0_to_100_110,Match BEFORE numbers!,,,1,,,,,,,,Before 50,49,Before 80,79,Before 100,99
matching,PP2-MATH-X.110_Number_Line_Mastery_0_to_100_110,Match AFTER numbers!,,,1,,,,,,,,After 20,21,After 60,61,After 90,91
multiple_choice,PP2-MATH-X.111_Addition_Safari_Sums_to_20_111,12 safari lions plus 5 safari lions equals how many?,as111_q1.webp,audio_as1.mp3,1,17,15,18,,,1,,,,,,,
multiple_choice,PP2-MATH-X.111_Addition_Safari_Sums_to_20_111,14 zebras plus 3 zebras equals...?,as111_q2.webp,audio_as2.mp3,1,17,16,18,,,1,,,,,,,
multiple_choice,PP2-MATH-X.111_Addition_Safari_Sums_to_20_111,10 giraffes plus 8 giraffes equals...?,as111_q3.webp,audio_as3.mp3,1,18,16,19,,,1,,,,,,,
multiple_choice,PP2-MATH-X.111_Addition_Safari_Sums_to_20_111,11 elephants plus 4 elephants equals...?,as111_q4.webp,audio_as4.mp3,1,15,12,14,,,1,,,,,,,
multiple_choice,PP2-MATH-X.111_Addition_Safari_Sums_to_20_111,15 hippos plus 5 hippos equals...?,as111_q5.webp,audio_as5.mp3,1,20,18,19,,,1,,,,,,,
multiple_choice,PP2-MATH-X.111_Addition_Safari_Sums_to_20_111,13 rhinos plus 6 rhinos equals...?,as111_q6.webp,audio_as6.mp3,1,19,17,20,,,1,,,,,,,
count_objects,PP2-MATH-X.111_Addition_Safari_Sums_to_20_111,Count 17 total safari lions!,as111_count1.webp,audio_as7.mp3,1,17,15,18,,🦁,17,,,,,,,
count_objects,PP2-MATH-X.111_Addition_Safari_Sums_to_20_111,Count 18 total giraffes in herd!,as111_count2.webp,audio_as8.mp3,1,18,16,20,,🦒,18,,,,,,,
count_objects,PP2-MATH-X.111_Addition_Safari_Sums_to_20_111,Count 20 total zebras on plain!,as111_count3.webp,audio_as9.mp3,1,20,18,19,,🦓,20,,,,,,,
speak_repeat,PP2-MATH-X.111_Addition_Safari_Sums_to_20_111,Say out loud clearly: TWELVE LIONS PLUS FIVE LIONS EQUALS SEVENTEEN!,speak_as1.webp,audio_as10.mp3,1,Twelve Lions Plus Five Lions Equals Seventeen,,,,,,Twelve Lions Plus Five Lions Equals Seventeen,,,,,,,
speak_repeat,PP2-MATH-X.111_Addition_Safari_Sums_to_20_111,Say out loud clearly: FIFTEEN PLUS FIVE EQUALS TWENTY SAFARI ANIMALS!,speak_as2.webp,audio_as11.mp3,1,Fifteen Plus Five Equals Twenty Safari Animals,,,,,,Fifteen Plus Five Equals Twenty Safari Animals,,,,,,,
matching,PP2-MATH-X.111_Addition_Safari_Sums_to_20_111,Match safari animal additions!,,,1,,,,,,,,12+5,17,14+3,17,10+8,18
matching,PP2-MATH-X.111_Addition_Safari_Sums_to_20_111,Match animal sums!,,,1,,,,,,,,11+4,15,15+5,20,13+6,19
multiple_choice,PP2-MATH-X.112_3D_Shape_Detective_Challenge_112,Detective finds 3D shape with pointy top and flat base. It is a...?,sd112_q1.webp,audio_sd1.mp3,1,PYRAMID,PRISM,CYLINDER,,,1,,,,,,,
multiple_choice,PP2-MATH-X.112_3D_Shape_Detective_Challenge_112,Detective finds 3D box with matching end shapes. It is a...?,sd112_q2.webp,audio_sd2.mp3,1,PRISM,PYRAMID,CONE,,,1,,,,,,,
multiple_choice,PP2-MATH-X.112_3D_Shape_Detective_Challenge_112,Detective finds 3D soup can item. It is a...?,sd112_q3.webp,audio_sd3.mp3,1,CYLINDER,CONE,PRISM,,,1,,,,,,,
multiple_choice,PP2-MATH-X.112_3D_Shape_Detective_Challenge_112,Detective finds 3D party hat item. It is a...?,sd112_q4.webp,audio_sd4.mp3,1,CONE,CYLINDER,CUBE,,,1,,,,,,,
multiple_choice,PP2-MATH-X.112_3D_Shape_Detective_Challenge_112,Which 3D shape has triangular sides meeting at top?,sd112_q5.webp,audio_sd5.mp3,1,PYRAMID,PRISM,SPHERE,,,1,,,,,,,
multiple_choice,PP2-MATH-X.112_3D_Shape_Detective_Challenge_112,Tissue box or cereal box is a rectangular...?,sd112_q6.webp,audio_sd6.mp3,1,PRISM,PYRAMID,CONE,,,1,,,,,,,
count_objects,PP2-MATH-X.112_3D_Shape_Detective_Challenge_112,Count 4 pyramid evidence models!,sd112_count1.webp,audio_sd7.mp3,1,4,2,5,,🔺,4,,,,,,,
count_objects,PP2-MATH-X.112_3D_Shape_Detective_Challenge_112,Count 3 prism evidence boxes!,sd112_count2.webp,audio_sd8.mp3,1,3,1,4,,📦,3,,,,,,,
count_objects,PP2-MATH-X.112_3D_Shape_Detective_Challenge_112,Count 2 cylinder evidence cans!,sd112_count3.webp,audio_sd9.mp3,1,2,1,3,,🥫,2,,,,,,,
speak_repeat,PP2-MATH-X.112_3D_Shape_Detective_Challenge_112,Say out loud clearly: 3D SHAPE DETECTIVE PRISM PYRAMID CYLINDER CONE!,speak_sd1.webp,audio_sd10.mp3,1,3D Shape Detective Prism Pyramid Cylinder Cone,,,,,,3D Shape Detective Prism Pyramid Cylinder Cone,,,,,,,
speak_repeat,PP2-MATH-X.112_3D_Shape_Detective_Challenge_112,Say out loud clearly: PYRAMIDS HAVE POINTY TOPS AND PRISMS HAVE EQUAL ENDS!,speak_sd2.webp,audio_sd11.mp3,1,Pyramids Have Pointy Tops And Prisms Have Equal Ends,,,,,,Pyramids Have Pointy Tops And Prisms Have Equal Ends,,,,,,,
matching,PP2-MATH-X.112_3D_Shape_Detective_Challenge_112,Match detective 3D shapes!,,,1,,,,,,,,Pyramid 🔺,PYRAMID,Prism 📦,PRISM,Cylinder 🥫,CYLINDER
matching,PP2-MATH-X.112_3D_Shape_Detective_Challenge_112,Match 3D shape features!,,,1,,,,,,,,Pointy top,PYRAMID,Equal ends,PRISM,2 circles,CYLINDER
multiple_choice,PP2-MATH-X.113_Pattern_Master_Rule_Breaker_113,Pattern: 2 4 6 8... What number breaks rule if 9 is placed?,pmr113_q1.webp,audio_pr1.mp3,1,9,10,8,,,1,,,,,,,
multiple_choice,PP2-MATH-X.113_Pattern_Master_Rule_Breaker_113,Pattern: 5 10 15 20... What comes next in true sequence?,pmr113_q2.webp,audio_pr2.mp3,1,25,21,30,,,1,,,,,,,
multiple_choice,PP2-MATH-X.113_Pattern_Master_Rule_Breaker_113,Pattern: 10 20 30 40... What comes next in true sequence?,pmr113_q3.webp,audio_pr3.mp3,1,50,45,60,,,1,,,,,,,
multiple_choice,PP2-MATH-X.113_Pattern_Master_Rule_Breaker_113,Which sequence breaks rule: 2 4 6 8 or 2 4 5 8?,pmr113_q4.webp,audio_pr4.mp3,1,2 4 5 8,2 4 6 8,NONE,,,1,,,,,,,
multiple_choice,PP2-MATH-X.113_Pattern_Master_Rule_Breaker_113,In a growing sequence, each step must add same...?,pmr113_q5.webp,audio_pr5.mp3,1,COUNT,COLOR,SHAPE,,,1,,,,,,,
multiple_choice,PP2-MATH-X.113_Pattern_Master_Rule_Breaker_113,Pattern master fixes the rule breaker to keep sequence...?,pmr113_q6.webp,audio_pr6.mp3,1,TRUE,FALSE,WRONG,,,1,,,,,,,
count_objects,PP2-MATH-X.113_Pattern_Master_Rule_Breaker_113,Count 5 true sequence blocks!,pmr113_count1.webp,audio_pr7.mp3,1,5,3,4,,🧱,5,,,,,,,
count_objects,PP2-MATH-X.113_Pattern_Master_Rule_Breaker_113,Count 4 correct pattern stars!,pmr113_count2.webp,audio_pr8.mp3,1,4,2,3,,⭐,4,,,,,,,
count_objects,PP2-MATH-X.113_Pattern_Master_Rule_Breaker_113,Count 3 master trophies!,pmr113_count3.webp,audio_pr9.mp3,1,3,1,5,,🏆,3,,,,,,,
speak_repeat,PP2-MATH-X.113_Pattern_Master_Rule_Breaker_113,Say out loud clearly: PATTERN MASTER FIXES THE RULE BREAKERS!,speak_pr1.webp,audio_pr10.mp3,1,Pattern Master Fixes The Rule Breakers,,,,,,Pattern Master Fixes The Rule Breakers,,,,,,,
speak_repeat,PP2-MATH-X.113_Pattern_Master_Rule_Breaker_113,Say out loud clearly: GROWING PATTERNS FOLLOW A FIXED RULE!,speak_pr2.webp,audio_pr11.mp3,1,Growing Patterns Follow A Fixed Rule,,,,,,Growing Patterns Follow A Fixed Rule,,,,,,,
matching,PP2-MATH-X.113_Pattern_Master_Rule_Breaker_113,Match true sequences!,,,1,,,,,,,,2 4 6,8,5 10 15,20,10 20 30,40
matching,PP2-MATH-X.113_Pattern_Master_Rule_Breaker_113,Match pattern rules!,,,1,,,,,,,,Add 2,2S,Add 5,5S,Add 10,10S
multiple_choice,PP2-MATH-X.114_Measurement_Balance_Scale_Kg_114,Which unit measures heavy weight on balance scale in Kilograms?,mbk114_q1.webp,audio_bs1.mp3,1,KG,LITERS,HOURS,,,1,,,,,,,
multiple_choice,PP2-MATH-X.114_Measurement_Balance_Scale_Kg_114,Elephant on one side and feather on other. Elephant is...?,mbk114_q2.webp,audio_bs2.mp3,1,HEAVY,LIGHT,SHORT,,,1,,,,,,,
multiple_choice,PP2-MATH-X.114_Measurement_Balance_Scale_Kg_114,When two blocks balance straight and level, weight is...?,mbk114_q3.webp,audio_bs3.mp3,1,SAME,DIFFERENT,EMPTY,,,1,,,,,,,
multiple_choice,PP2-MATH-X.114_Measurement_Balance_Scale_Kg_114,Which is heavier: 50 Kg boulder or 5 Kg bag?,mbk114_q4.webp,audio_bs4.mp3,1,50 KG,5 KG,SAME,,,1,,,,,,,
multiple_choice,PP2-MATH-X.114_Measurement_Balance_Scale_Kg_114,Kg is short symbol for...?,mbk114_q5.webp,audio_bs5.mp3,1,KILOGRAMS,KILOMETERS,KILOWATTS,,,1,,,,,,,
multiple_choice,PP2-MATH-X.114_Measurement_Balance_Scale_Kg_114,Balance scale compares mass in...?,mbk114_q6.webp,audio_bs6.mp3,1,KG,LITERS,HOURS,,,1,,,,,,,
count_objects,PP2-MATH-X.114_Measurement_Balance_Scale_Kg_114,Count 3 balance scales testing weight!,mbk114_count1.webp,audio_bs7.mp3,1,3,1,4,,⚖️,3,,,,,,,
count_objects,PP2-MATH-X.114_Measurement_Balance_Scale_Kg_114,Count 2 heavy boulders marked Kg!,mbk114_count2.webp,audio_bs8.mp3,1,2,1,5,,🪨,2,,,,,,,
count_objects,PP2-MATH-X.114_Measurement_Balance_Scale_Kg_114,Count 5 light floating feathers!,mbk114_count3.webp,audio_bs9.mp3,1,5,3,4,,🪶,5,,,,,,,
speak_repeat,PP2-MATH-X.114_Measurement_Balance_Scale_Kg_114,Say out loud clearly: BALANCE SCALE MEASUREMENT IN KILOGRAMS KG!,speak_bs1.webp,audio_bs10.mp3,1,Balance Scale Measurement In Kilograms Kg,,,,,,Balance Scale Measurement In Kilograms Kg,,,,,,,
speak_repeat,PP2-MATH-X.114_Measurement_Balance_Scale_Kg_114,Say out loud clearly: EQUAL WEIGHTS BALANCE EVEN AND STRAIGHT!,speak_bs2.webp,audio_bs11.mp3,1,Equal Weights Balance Even And Straight,,,,,,Equal Weights Balance Even And Straight,,,,,,,
matching,PP2-MATH-X.114_Measurement_Balance_Scale_Kg_114,Match items to weight!,,,1,,,,,,,,Boulder 🪨,HEAVY,Feather 🪶,LIGHT,Elephant 🐘,HEAVY
matching,PP2-MATH-X.114_Measurement_Balance_Scale_Kg_114,Match Kg units!,,,1,,,,,,,,Kg,KILOGRAMS,Scale,⚖️,Heavy,50 KG
multiple_choice,PP2-MATH-X.115_Spatial_Compass_Directions_115,Which compass direction points straight UP on map?,scd115_q1.webp,audio_cd1.mp3,1,NORTH,SOUTH,EAST,,,1,,,,,,,
multiple_choice,PP2-MATH-X.115_Spatial_Compass_Directions_115,Which compass direction points straight DOWN on map?,scd115_q2.webp,audio_cd2.mp3,1,SOUTH,NORTH,WEST,,,1,,,,,,,
multiple_choice,PP2-MATH-X.115_Spatial_Compass_Directions_115,Which compass direction points RIGHT on map?,scd115_q3.webp,audio_cd3.mp3,1,EAST,WEST,NORTH,,,1,,,,,,,
multiple_choice,PP2-MATH-X.115_Spatial_Compass_Directions_115,Which compass direction points LEFT on map?,scd115_q4.webp,audio_cd4.mp3,1,WEST,EAST,SOUTH,,,1,,,,,,,
multiple_choice,PP2-MATH-X.115_Spatial_Compass_Directions_115,North, South, East, and West are main compass...?,scd115_q5.webp,audio_cd5.mp3,1,DIRECTIONS,WEIGHTS,COLORS,,,1,,,,,,,
multiple_choice,PP2-MATH-X.115_Spatial_Compass_Directions_115,The opposite direction of NORTH is...?,scd115_q6.webp,audio_cd6.mp3,1,SOUTH,EAST,WEST,,,1,,,,,,,
count_objects,PP2-MATH-X.115_Spatial_Compass_Directions_115,Count 4 compass direction pointers!,scd115_count1.webp,audio_cd7.mp3,1,4,2,3,,🧭,4,,,,,,,
count_objects,PP2-MATH-X.115_Spatial_Compass_Directions_115,Count 2 exploration maps!,scd115_count2.webp,audio_cd8.mp3,1,2,1,3,,🗺️,2,,,,,,,
count_objects,PP2-MATH-X.115_Spatial_Compass_Directions_115,Count 3 direction arrows!,scd115_count3.webp,audio_cd9.mp3,1,3,1,4,,🏹,3,,,,,,,
speak_repeat,PP2-MATH-X.115_Spatial_Compass_Directions_115,Say out loud clearly: SPATIAL COMPASS DIRECTIONS NORTH SOUTH EAST WEST!,speak_cd1.webp,audio_cd10.mp3,1,Spatial Compass Directions North South East West,,,,,,Spatial Compass Directions North South East West,,,,,,,
speak_repeat,PP2-MATH-X.115_Spatial_Compass_Directions_115,Say out loud clearly: NORTH IS UP SOUTH IS DOWN EAST IS RIGHT WEST IS LEFT!,speak_cd2.webp,audio_cd11.mp3,1,North Is Up South Is Down East Is Right West Is Left,,,,,,North Is Up South Is Down East Is Right West Is Left,,,,,,,
matching,PP2-MATH-X.115_Spatial_Compass_Directions_115,Match compass directions!,,,1,,,,,,,,Up,NORTH,Down,SOUTH,Right,EAST
matching,PP2-MATH-X.115_Spatial_Compass_Directions_115,Match direction opposites!,,,1,,,,,,,,North,SOUTH,East,WEST,Left,WEST
multiple_choice,PP2-MATH-X.116_Data_Tally_Marks_Challenge_116,What number value does one full tally bundle |||| make?,dtc116_q1.webp,audio_dt1.mp3,1,5,4,6,,,1,,,,,,,
multiple_choice,PP2-MATH-X.116_Data_Tally_Marks_Challenge_116,What number value do two full tally bundles |||| |||| make?,dtc116_q2.webp,audio_dt2.mp3,1,10,5,15,,,1,,,,,,,
multiple_choice,PP2-MATH-X.116_Data_Tally_Marks_Challenge_116,What number value do three full tally bundles make?,dtc116_q3.webp,audio_dt3.mp3,1,15,10,20,,,1,,,,,,,
multiple_choice,PP2-MATH-X.116_Data_Tally_Marks_Challenge_116,How many straight lines before crossing 5th diagonal line?,dtc116_q4.webp,audio_dt4.mp3,1,4,3,5,,,1,,,,,,,
multiple_choice,PP2-MATH-X.116_Data_Tally_Marks_Challenge_116,Tally marks count data in easy bundles of...?,dtc116_q5.webp,audio_dt5.mp3,1,5,10,2,,,1,,,,,,,
multiple_choice,PP2-MATH-X.116_Data_Tally_Marks_Challenge_116,What is value of |||| || in tally challenge?,dtc116_q6.webp,audio_dt6.mp3,1,7,6,8,,,1,,,,,,,
count_objects,PP2-MATH-X.116_Data_Tally_Marks_Challenge_116,Count 5 tally lines in one bundle!,dtc116_count1.webp,audio_dt7.mp3,1,5,4,6,,🥢,5,,,,,,,
count_objects,PP2-MATH-X.116_Data_Tally_Marks_Challenge_116,Count 10 tally lines in two bundles!,dtc116_count2.webp,audio_dt8.mp3,1,10,8,12,,🥢,10,,,,,,,
count_objects,PP2-MATH-X.116_Data_Tally_Marks_Challenge_116,Count 15 tally lines in three bundles!,dtc116_count3.webp,audio_dt9.mp3,1,15,10,20,,🥢,15,,,,,,,
speak_repeat,PP2-MATH-X.116_Data_Tally_Marks_Challenge_116,Say out loud clearly: DATA TALLY MARKS COUNTING CHALLENGE!,speak_dt1.webp,audio_dt10.mp3,1,Data Tally Marks Counting Challenge,,,,,,Data Tally Marks Counting Challenge,,,,,,,
speak_repeat,PP2-MATH-X.116_Data_Tally_Marks_Challenge_116,Say out loud clearly: FOUR LINES AND A CROSSING LINE IS FIVE!,speak_dt2.webp,audio_dt11.mp3,1,Four Lines And A Crossing Line Is Five,,,,,,Four Lines And A Crossing Line Is Five,,,,,,,
matching,PP2-MATH-X.116_Data_Tally_Marks_Challenge_116,Match tally mark values!,,,1,,,,,,,,||||,5,|||| ||||,10,|||| |||| ||||,15
matching,PP2-MATH-X.116_Data_Tally_Marks_Challenge_116,Match tally terms!,,,1,,,,,,,,Bundle,5,Two bundles,10,Tally,COUNT
multiple_choice,PP2-MATH-X.117_Word_Story_Subtraction_Sums_20_117,Sam has 18 apples. Gives 6 to Pam. How many left?,wss117_q1.webp,audio_ws1.mp3,1,12,10,14,,,1,,,,,,,
multiple_choice,PP2-MATH-X.117_Word_Story_Subtraction_Sums_20_117,15 birds on fence. 5 fly away. How many remain?,wss117_q2.webp,audio_ws2.mp3,1,10,15,5,,,1,,,,,,,
multiple_choice,PP2-MATH-X.117_Word_Story_Subtraction_Sums_20_117,20 toy cars in box. 8 taken out. How many inside?,wss117_q3.webp,audio_ws3.mp3,1,12,10,15,,,1,,,,,,,
multiple_choice,PP2-MATH-X.117_Word_Story_Subtraction_Sums_20_117,16 balloons at party. 4 pop! How many left?,wss117_q4.webp,audio_ws4.mp3,1,12,14,10,,,1,,,,,,,
multiple_choice,PP2-MATH-X.117_Word_Story_Subtraction_Sums_20_117,19 cookies on plate. 9 eaten. How many left?,wss117_q5.webp,audio_ws5.mp3,1,10,9,11,,,1,,,,,,,
multiple_choice,PP2-MATH-X.117_Word_Story_Subtraction_Sums_20_117,17 fish in pond. 7 swim away. Left?,wss117_q6.webp,audio_ws6.mp3,1,10,7,12,,,1,,,,,,,
count_objects,PP2-MATH-X.117_Word_Story_Subtraction_Sums_20_117,Count 12 remaining story apples!,wss117_count1.webp,audio_ws7.mp3,1,12,10,14,,🍎,12,,,,,,,
count_objects,PP2-MATH-X.117_Word_Story_Subtraction_Sums_20_117,Count 10 remaining story birds!,wss117_count2.webp,audio_ws8.mp3,1,10,8,12,,🐦,10,,,,,,,
count_objects,PP2-MATH-X.117_Word_Story_Subtraction_Sums_20_117,Count 12 remaining toy cars!,wss117_count3.webp,audio_ws9.mp3,1,12,10,15,,🚗,12,,,,,,,
speak_repeat,PP2-MATH-X.117_Word_Story_Subtraction_Sums_20_117,Say out loud clearly: EIGHTEEN APPLES TAKE AWAY SIX LEAVES TWELVE!,speak_ws1.webp,audio_ws10.mp3,1,Eighteen Apples Take Away Six Leaves Twelve,,,,,,Eighteen Apples Take Away Six Leaves Twelve,,,,,,,
speak_repeat,PP2-MATH-X.117_Word_Story_Subtraction_Sums_20_117,Say out loud clearly: SUBTRACTION WORD STORIES SOLVE WHAT REMAINS!,speak_ws2.webp,audio_ws11.mp3,1,Subtraction Word Stories Solve What Remains,,,,,,Subtraction Word Stories Solve What Remains,,,,,,,
matching,PP2-MATH-X.117_Word_Story_Subtraction_Sums_20_117,Match story subtraction equations!,,,1,,,,,,,,18-6,12,15-5,10,20-8,12
matching,PP2-MATH-X.117_Word_Story_Subtraction_Sums_20_117,Match story subtraction sums!,,,1,,,,,,,,16-4,12,19-9,10,17-7,10
multiple_choice,PP2-MATH-X.118_Dinosaur_Skip_Counting_5s_118,Dino footprints skip count by 5s: 5 10 15... what is next?,dsk118_q1.webp,audio_dk1.mp3,1,20,16,18,,,1,,,,,,,
multiple_choice,PP2-MATH-X.118_Dinosaur_Skip_Counting_5s_118,Dino footprints skip count by 5s: 25 30 35... what is next?,dsk118_q2.webp,audio_dk2.mp3,1,40,36,38,,,1,,,,,,,
multiple_choice,PP2-MATH-X.118_Dinosaur_Skip_Counting_5s_118,Dino footprints skip count by 5s: 40 45... what is final step up to 50?,dsk118_q3.webp,audio_dk3.mp3,1,50,46,48,,,1,,,,,,,
multiple_choice,PP2-MATH-X.118_Dinosaur_Skip_Counting_5s_118,What is first step in dino 5s skip counting?,dsk118_q4.webp,audio_dk4.mp3,1,5,1,0,,,1,,,,,,,
multiple_choice,PP2-MATH-X.118_Dinosaur_Skip_Counting_5s_118,When dinos skip count by 5s, how many tracks per hop?,dsk118_q5.webp,audio_dk5.mp3,1,5,1,10,,,1,,,,,,,
multiple_choice,PP2-MATH-X.118_Dinosaur_Skip_Counting_5s_118,Which number belongs in dino 5s count: 5 10 15 20...?,dsk118_q6.webp,audio_dk6.mp3,1,25,12,17,,,1,,,,,,,
count_objects,PP2-MATH-X.118_Dinosaur_Skip_Counting_5s_118,Count 15 dino footprints in groups of 5!,dsk118_count1.webp,audio_dk7.mp3,1,15,10,20,,🐾,15,,,,,,,
count_objects,PP2-MATH-X.118_Dinosaur_Skip_Counting_5s_118,Count 25 dino eggs in groups of 5!,dsk118_count2.webp,audio_dk8.mp3,1,25,20,30,,🥚,25,,,,,,,
count_objects,PP2-MATH-X.118_Dinosaur_Skip_Counting_5s_118,Count 50 green dinos in groups of 5!,dsk118_count3.webp,audio_dk9.mp3,1,50,40,45,,🦕,50,,,,,,,
speak_repeat,PP2-MATH-X.118_Dinosaur_Skip_Counting_5s_118,Say out loud clearly: DINOSAUR TRACK SKIP COUNTING BY FIVES!,speak_dk1.webp,audio_dk10.mp3,1,Dinosaur Track Skip Counting By Fives,,,,,,Dinosaur Track Skip Counting By Fives,,,,,,,
speak_repeat,PP2-MATH-X.118_Dinosaur_Skip_Counting_5s_118,Say out loud clearly: FIVE TEN FIFTEEN TWENTY TWENTYFIVE THIRTY!,speak_dk2.webp,audio_dk11.mp3,1,Five Ten Fifteen Twenty Twenty-five Thirty,,,,,,Five Ten Fifteen Twenty Twenty-five Thirty,,,,,,,
matching,PP2-MATH-X.118_Dinosaur_Skip_Counting_5s_118,Match 5s dino skip count steps!,,,1,,,,,,,,5 10,15,15 20,25,25 30,35
matching,PP2-MATH-X.118_Dinosaur_Skip_Counting_5s_118,Match 5s dino targets!,,,1,,,,,,,,35,40,40,45,45,50
multiple_choice,PP2-MATH-X.119_Pirate_Coins_Change_Math_119,Pirate buys item for 50 KES. Gives 100 KES note. What is change?,pcm119_q1.webp,audio_pm1.mp3,1,50 KES,100 KES,10 KES,,,1,,,,,,,
multiple_choice,PP2-MATH-X.119_Pirate_Coins_Change_Math_119,Pirate spends 20 KES and gives 50 KES note. Change left?,pcm119_q2.webp,audio_pm2.mp3,1,30 KES,20 KES,50 KES,,,1,,,,,,,
multiple_choice,PP2-MATH-X.119_Pirate_Coins_Change_Math_119,Which banknote has value 100 KES in Kenya?,pcm119_q3.webp,audio_pm3.mp3,1,100 KES,50 KES,20 KES,,,1,,,,,,,
multiple_choice,PP2-MATH-X.119_Pirate_Coins_Change_Math_119,Which banknote has value 50 KES in Kenya?,pcm119_q4.webp,audio_pm4.mp3,1,50 KES,100 KES,10 KES,,,1,,,,,,,
multiple_choice,PP2-MATH-X.119_Pirate_Coins_Change_Math_119,50 KES plus 50 KES equals how many shillings?,pcm119_q5.webp,audio_pm5.mp3,1,100 KES,50 KES,20 KES,,,1,,,,,,,
multiple_choice,PP2-MATH-X.119_Pirate_Coins_Change_Math_119,Change is money returned when you pay...?,pcm119_q6.webp,audio_pm6.mp3,1,MORE,LESS,SAME,,,1,,,,,,,
count_objects,PP2-MATH-X.119_Pirate_Coins_Change_Math_119,Count 2 banknotes of 50 KES!,pcm119_count1.webp,audio_pm7.mp3,1,2,1,3,,💵,2,,,,,,,
count_objects,PP2-MATH-X.119_Pirate_Coins_Change_Math_119,Count 1 banknote of 100 KES!,pcm119_count2.webp,audio_pm8.mp3,1,1,2,3,,💵,1,,,,,,,
count_objects,PP2-MATH-X.119_Pirate_Coins_Change_Math_119,Count 5 pirate change coins!,pcm119_count3.webp,audio_pm9.mp3,1,5,3,4,,🪙,5,,,,,,,
speak_repeat,PP2-MATH-X.119_Pirate_Coins_Change_Math_119,Say out loud clearly: PIRATE COIN SHOPPING AND GIVING CHANGE!,speak_pm1.webp,audio_pm10.mp3,1,Pirate Coin Shopping And Giving Change,,,,,,Pirate Coin Shopping And Giving Change,,,,,,,
speak_repeat,PP2-MATH-X.119_Pirate_Coins_Change_Math_119,Say out loud clearly: ONE HUNDRED KES MINUS FIFTY KES LEAVES FIFTY KES CHANGE!,speak_pm2.webp,audio_pm11.mp3,1,One Hundred KES Minus Fifty KES Leaves Fifty KES Change,,,,,,One Hundred KES Minus Fifty KES Leaves Fifty KES Change,,,,,,,
matching,PP2-MATH-X.119_Pirate_Coins_Change_Math_119,Match pirate coin shopping change!,,,1,,,,,,,,100-50,50 KES,50-20,30 KES,50+50,100 KES
matching,PP2-MATH-X.119_Pirate_Coins_Change_Math_119,Match banknote values!,,,1,,,,,,,,Note,50 KES,Big Note,100 KES,Symbol,KES
multiple_choice,PP2-MATH-X.120_PP2_Math_Super_Master_120,What number comes right after 99 at milestone 120?,smm120_q1.webp,audio_sm1.mp3,1,100,98,90,,,1,,,,,,,
multiple_choice,PP2-MATH-X.120_PP2_Math_Super_Master_120,What is 10 plus 10?,smm120_q2.webp,audio_sm2.mp3,1,20,10,15,,,1,,,,,,,
multiple_choice,PP2-MATH-X.120_PP2_Math_Super_Master_120,Which 3D shape has a pointy top and flat base?,smm120_q3.webp,audio_sm3.mp3,1,PYRAMID,PRISM,SPHERE,,,1,,,,,,,
multiple_choice,PP2-MATH-X.120_PP2_Math_Super_Master_120,What is one part of two equal parts called?,smm120_q4.webp,audio_sm4.mp3,1,1/2,1/4,WHOLE,,,1,,,,,,,
multiple_choice,PP2-MATH-X.120_PP2_Math_Super_Master_120,Short hand on 8, long hand on 12. What time is it?,smm120_q5.webp,audio_sm5.mp3,1,8 O'CLOCK,12 O'CLOCK,2 O'CLOCK,,,1,,,,,,,
multiple_choice,PP2-MATH-X.120_PP2_Math_Super_Master_120,50 KES plus 50 KES equals how many shillings?,smm120_q6.webp,audio_sm6.mp3,1,100 KES,50 KES,20 KES,,,1,,,,,,,
count_objects,PP2-MATH-X.120_PP2_Math_Super_Master_120,Count 20 super master star trophies!,smm120_count1.webp,audio_sm7.mp3,1,20,18,19,,🏆,20,,,,,,,
count_objects,PP2-MATH-X.120_PP2_Math_Super_Master_120,Count 15 super master medals!,smm120_count2.webp,audio_sm8.mp3,1,15,12,18,,🥇,15,,,,,,,
count_objects,PP2-MATH-X.120_PP2_Math_Super_Master_120,Count 10 super master crowns!,smm120_count3.webp,audio_sm9.mp3,1,10,8,12,,👑,10,,,,,,,
speak_repeat,PP2-MATH-X.120_PP2_Math_Super_Master_120,Say out loud clearly: I AM A PP2 MATH SUPER MASTER!,speak_sm1.webp,audio_sm10.mp3,1,I Am A PP2 Math Super Master,,,,,,I Am A PP2 Math Super Master,,,,,,,
speak_repeat,PP2-MATH-X.120_PP2_Math_Super_Master_120,Say out loud clearly: ONE HUNDRED TWENTY MISSIONS OF PP2 MATH SUCCESS!,speak_sm2.webp,audio_sm11.mp3,1,One Hundred Twenty Missions Of PP2 Math Success,,,,,,One Hundred Twenty Missions Of PP2 Math Success,,,,,,,
matching,PP2-MATH-X.120_PP2_Math_Super_Master_120,Match super master math domains!,,,1,,,,,,,,Numbers,100,Shapes,PYRAMID,Money,100 KES
matching,PP2-MATH-X.120_PP2_Math_Super_Master_120,Match super master symbols!,,,1,,,,,,,,Trophy 🏆,MASTER,Medal 🥇,WINNER,Crown 👑,SUPER MASTER
multiple_choice,PP2-MATH-X.121_Dinosaur_Subtraction_Sums_to_20_121,15 green dinos. 5 walk into cave. How many left?,ds20_q1.webp,audio_ds1.mp3,1,10,15,5,,,1,,,,,,,
multiple_choice,PP2-MATH-X.121_Dinosaur_Subtraction_Sums_to_20_121,18 dino eggs. 6 hatch into baby dinos. How many eggs left?,ds20_q2.webp,audio_ds2.mp3,1,12,10,14,,,1,,,,,,,
multiple_choice,PP2-MATH-X.121_Dinosaur_Subtraction_Sums_to_20_121,20 T-Rex dinos. 8 run away. How many left?,ds20_q3.webp,audio_ds3.mp3,1,12,10,15,,,1,,,,,,,
multiple_choice,PP2-MATH-X.121_Dinosaur_Subtraction_Sums_to_20_121,16 flying dinos. 4 land on trees. How many in sky?,ds20_q4.webp,audio_ds4.mp3,1,12,14,10,,,1,,,,,,,
multiple_choice,PP2-MATH-X.121_Dinosaur_Subtraction_Sums_to_20_121,19 dino tracks. 9 washed by rain. How many left?,ds20_q5.webp,audio_ds5.mp3,1,10,9,11,,,1,,,,,,,
multiple_choice,PP2-MATH-X.121_Dinosaur_Subtraction_Sums_to_20_121,17 baby dinos. 7 go to sleep. How many awake?,ds20_q6.webp,audio_ds6.mp3,1,10,7,12,,,1,,,,,,,
count_objects,PP2-MATH-X.121_Dinosaur_Subtraction_Sums_to_20_121,Count 10 green dinos remaining!,ds20_count1.webp,audio_ds7.mp3,1,10,8,12,,🦕,10,,,,,,,
count_objects,PP2-MATH-X.121_Dinosaur_Subtraction_Sums_to_20_121,Count 12 dino eggs remaining in nest!,ds20_count2.webp,audio_ds8.mp3,1,12,10,14,,🥚,12,,,,,,,
count_objects,PP2-MATH-X.121_Dinosaur_Subtraction_Sums_to_20_121,Count 10 T-Rex dinos remaining!,ds20_count3.webp,audio_ds9.mp3,1,10,9,11,,🦖,10,,,,,,,
speak_repeat,PP2-MATH-X.121_Dinosaur_Subtraction_Sums_to_20_121,Say out loud clearly: FIFTEEN DINOS TAKE AWAY FIVE EQUALS TEN!,speak_ds1.webp,audio_ds10.mp3,1,Fifteen Dinos Take Away Five Equals Ten,,,,,,Fifteen Dinos Take Away Five Equals Ten,,,,,,,
speak_repeat,PP2-MATH-X.121_Dinosaur_Subtraction_Sums_to_20_121,Say out loud clearly: EIGHTEEN TAKE AWAY SIX EQUALS TWELVE DINO EGGS!,speak_ds2.webp,audio_ds11.mp3,1,Eighteen Take Away Six Equals Twelve Dino Eggs,,,,,,Eighteen Take Away Six Equals Twelve Dino Eggs,,,,,,,
matching,PP2-MATH-X.121_Dinosaur_Subtraction_Sums_to_20_121,Match dino subtractions!,,,1,,,,,,,,15-5,10,18-6,12,20-8,12
matching,PP2-MATH-X.121_Dinosaur_Subtraction_Sums_to_20_121,Match dino subtraction sums!,,,1,,,,,,,,16-4,12,19-9,10,17-7,10
multiple_choice,PP2-MATH-X.122_Pirate_3D_Pyramid_Challenge_122,Pirate structure with pointy top and flat base is a...?,p3c_q1.webp,audio_p1.mp3,1,PYRAMID,PRISM,SPHERE,,,1,,,,,,,
multiple_choice,PP2-MATH-X.122_Pirate_3D_Pyramid_Challenge_122,Pirate treasure chest with matching end shapes is a...?,p3c_q2.webp,audio_p2.mp3,1,PRISM,PYRAMID,CONE,,,1,,,,,,,
multiple_choice,PP2-MATH-X.122_Pirate_3D_Pyramid_Challenge_122,Pirate cannonball round like a ball is a...?,p3c_q3.webp,audio_p3.mp3,1,SPHERE,CUBE,PYRAMID,,,1,,,,,,,
multiple_choice,PP2-MATH-X.122_Pirate_3D_Pyramid_Challenge_122,Pirate crate shaped like a square box is a...?,p3c_q4.webp,audio_p4.mp3,1,CUBE,PRISM,SPHERE,,,1,,,,,,,
multiple_choice,PP2-MATH-X.122_Pirate_3D_Pyramid_Challenge_122,Which pirate shape has triangular sides meeting at top?,p3c_q5.webp,audio_p5.mp3,1,PYRAMID,SPHERE,CUBE,,,1,,,,,,,
multiple_choice,PP2-MATH-X.122_Pirate_3D_Pyramid_Challenge_122,Which pirate shape has 2 matching ends and rectangular sides?,p3c_q6.webp,audio_p6.mp3,1,PRISM,PYRAMID,CONE,,,1,,,,,,,
count_objects,PP2-MATH-X.122_Pirate_3D_Pyramid_Challenge_122,Count 4 golden pirate pyramids!,p3c_count1.webp,audio_p7.mp3,1,4,2,5,,🔺,4,,,,,,,
count_objects,PP2-MATH-X.122_Pirate_3D_Pyramid_Challenge_122,Count 3 pirate treasure prisms!,p3c_count2.webp,audio_p8.mp3,1,3,1,4,,📦,3,,,,,,,
count_objects,PP2-MATH-X.122_Pirate_3D_Pyramid_Challenge_122,Count 5 sphere cannonballs!,p3c_count3.webp,audio_p9.mp3,1,5,3,4,,💣,5,,,,,,,
speak_repeat,PP2-MATH-X.122_Pirate_3D_Pyramid_Challenge_122,Say out loud clearly: PIRATE 3D PYRAMID AND PRISM SHAPE CHALLENGE!,speak_p1.webp,audio_p10.mp3,1,Pirate 3D Pyramid And Prism Shape Challenge,,,,,,Pirate 3D Pyramid And Prism Shape Challenge,,,,,,,
speak_repeat,PP2-MATH-X.122_Pirate_3D_Pyramid_Challenge_122,Say out loud clearly: PYRAMIDS HAVE POINTY TOPS AND PRISMS HAVE MATCHING ENDS!,speak_p2.webp,audio_p11.mp3,1,Pyramids Have Pointy Tops And Prisms Have Matching Ends,,,,,,Pyramids Have Pointy Tops And Prisms Have Matching Ends,,,,,,,
matching,PP2-MATH-X.122_Pirate_3D_Pyramid_Challenge_122,Match pirate 3D shapes!,,,1,,,,,,,,Pyramid 🔺,PYRAMID,Prism 📦,PRISM,Sphere 💣,SPHERE
matching,PP2-MATH-X.122_Pirate_3D_Pyramid_Challenge_122,Match 3D shape features!,,,1,,,,,,,,Pointy top,PYRAMID,Equal ends,PRISM,Square box,CUBE
multiple_choice,PP2-MATH-X.123_Space_Addition_3_Numbers_123,Combine 5 plus 4 plus 3. What is total space sum?,sa3_q1.webp,audio_s1.mp3,1,12,10,11,,,1,,,,,,,
multiple_choice,PP2-MATH-X.123_Space_Addition_3_Numbers_123,Combine 6 plus 2 plus 4. Total sum?,sa3_q2.webp,audio_s2.mp3,1,12,10,14,,,1,,,,,,,
multiple_choice,PP2-MATH-X.123_Space_Addition_3_Numbers_123,Combine 5 plus 5 plus 5. Total sum?,sa3_q3.webp,audio_s3.mp3,1,15,10,20,,,1,,,,,,,
multiple_choice,PP2-MATH-X.123_Space_Addition_3_Numbers_123,Combine 7 plus 3 plus 2. Total sum?,sa3_q4.webp,audio_s4.mp3,1,12,10,13,,,1,,,,,,,
multiple_choice,PP2-MATH-X.123_Space_Addition_3_Numbers_123,Combine 8 plus 2 plus 4. Total sum?,sa3_q5.webp,audio_s5.mp3,1,14,12,16,,,1,,,,,,,
multiple_choice,PP2-MATH-X.123_Space_Addition_3_Numbers_123,Combine 10 plus 5 plus 5. Total sum?,sa3_q6.webp,audio_s6.mp3,1,20,15,18,,,1,,,,,,,
count_objects,PP2-MATH-X.123_Space_Addition_3_Numbers_123,Count 12 space rockets combined from 3 groups!,sa3_count1.webp,audio_s7.mp3,1,12,10,14,,🚀,12,,,,,,,
count_objects,PP2-MATH-X.123_Space_Addition_3_Numbers_123,Count 15 space stars combined!,sa3_count2.webp,audio_s8.mp3,1,15,12,18,,⭐,15,,,,,,,
count_objects,PP2-MATH-X.123_Space_Addition_3_Numbers_123,Count 20 space tokens combined!,sa3_count3.webp,audio_s9.mp3,1,20,15,18,,⚡,20,,,,,,,
speak_repeat,PP2-MATH-X.123_Space_Addition_3_Numbers_123,Say out loud clearly: FIVE PLUS FOUR PLUS THREE EQUALS TWELVE!,speak_s1.webp,audio_s10.mp3,1,Five Plus Four Plus Three Equals Twelve,,,,,,Five Plus Four Plus Three Equals Twelve,,,,,,,
speak_repeat,PP2-MATH-X.123_Space_Addition_3_Numbers_123,Say out loud clearly: ADDING THREE NUMBERS IN SPACE!,speak_s2.webp,audio_s11.mp3,1,Adding Three Numbers In Space,,,,,,Adding Three Numbers In Space,,,,,,,
matching,PP2-MATH-X.123_Space_Addition_3_Numbers_123,Match 3-number space additions!,,,1,,,,,,,,5+4+3,12,6+2+4,12,5+5+5,15
matching,PP2-MATH-X.123_Space_Addition_3_Numbers_123,Match 3-number sums!,,,1,,,,,,,,7+3+2,12,8+2+4,14,10+5+5,20
multiple_choice,PP2-MATH-X.124_Circus_Clock_Hours_Show_124,Where is short hour hand pointing for 5 o'clock?,cch_q1.webp,audio_c1.mp3,1,5,12,6,,,1,,,,,,,
multiple_choice,PP2-MATH-X.124_Circus_Clock_Hours_Show_124,Where is short hour hand pointing for 10 o'clock?,cch_q2.webp,audio_c2.mp3,1,10,12,6,,,1,,,,,,,
multiple_choice,PP2-MATH-X.124_Circus_Clock_Hours_Show_124,Short hand on 5, long hand on 12. What time is it?,cch_q3.webp,audio_c3.mp3,1,5 O'CLOCK,10 O'CLOCK,12 O'CLOCK,,,1,,,,,,,
multiple_choice,PP2-MATH-X.124_Circus_Clock_Hours_Show_124,Short hand on 10, long hand on 12. What time is it?,cch_q4.webp,audio_c4.mp3,1,10 O'CLOCK,5 O'CLOCK,1 O'CLOCK,,,1,,,,,,,
multiple_choice,PP2-MATH-X.124_Circus_Clock_Hours_Show_124,The short hand on circus clock measures...?,cch_q5.webp,audio_c5.mp3,1,HOURS,MINUTES,SECONDS,,,1,,,,,,,
multiple_choice,PP2-MATH-X.124_Circus_Clock_Hours_Show_124,When long hand points to 12, time is exact...?,cch_q6.webp,audio_c6.mp3,1,O'CLOCK,HALF,QUARTER,,,1,,,,,,,
count_objects,PP2-MATH-X.124_Circus_Clock_Hours_Show_124,Count 4 circus show clocks!,cch_count1.webp,audio_c7.mp3,1,4,2,3,,⏰,4,,,,,,,
count_objects,PP2-MATH-X.124_Circus_Clock_Hours_Show_124,Count 12 numbers on clock face!,cch_count2.webp,audio_c8.mp3,1,12,10,15,,🕐,12,,,,,,,
count_objects,PP2-MATH-X.124_Circus_Clock_Hours_Show_124,Count 2 clock hands!,cch_count3.webp,audio_c9.mp3,1,2,1,3,,⏱️,2,,,,,,,
speak_repeat,PP2-MATH-X.124_Circus_Clock_Hours_Show_124,Say out loud clearly: READING CLOCK TIME IN HOURS FIVE O'CLOCK AND TEN O'CLOCK!,speak_c1.webp,audio_c10.mp3,1,Reading Clock Time In Hours Five O'Clock And Ten O'Clock,,,,,,Reading Clock Time In Hours Five O'Clock And Ten O'Clock,,,,,,,
speak_repeat,PP2-MATH-X.124_Circus_Clock_Hours_Show_124,Say out loud clearly: SHORT HAND ON FIVE LONG HAND ON TWELVE IS FIVE O'CLOCK!,speak_c2.webp,audio_c11.mp3,1,Short Hand On Five Long Hand On Twelve Is Five O'Clock,,,,,,Short Hand On Five Long Hand On Twelve Is Five O'Clock,,,,,,,
matching,PP2-MATH-X.124_Circus_Clock_Hours_Show_124,Match circus clock times!,,,1,,,,,,,,Short 5,5 O'CLOCK,Short 10,10 O'CLOCK,Short 4,4 O'CLOCK
matching,PP2-MATH-X.124_Circus_Clock_Hours_Show_124,Match clock hands!,,,1,,,,,,,,Short,HOUR,Long,MINUTE,At 12,O'CLOCK
multiple_choice,PP2-MATH-X.125_Superhero_Even_Odd_Power_125,Is superhero power number 12 EVEN or ODD?,seo125_q1.webp,audio_se1.mp3,1,EVEN,ODD,BEFORE,,,1,,,,,,,
multiple_choice,PP2-MATH-X.125_Superhero_Even_Odd_Power_125,Is superhero power number 15 EVEN or ODD?,seo125_q2.webp,audio_se2.mp3,1,ODD,EVEN,AFTER,,,1,,,,,,,
multiple_choice,PP2-MATH-X.125_Superhero_Even_Odd_Power_125,Numbers ending in 0 2 4 6 8 are...?,seo125_q3.webp,audio_se3.mp3,1,EVEN POWER,ODD POWER,NO POWER,,,1,,,,,,,
multiple_choice,PP2-MATH-X.125_Superhero_Even_Odd_Power_125,Numbers ending in 1 3 5 7 9 are...?,seo125_q4.webp,audio_se4.mp3,1,ODD POWER,EVEN POWER,NO POWER,,,1,,,,,,,
multiple_choice,PP2-MATH-X.125_Superhero_Even_Odd_Power_125,Is power number 20 EVEN or ODD?,seo125_q5.webp,audio_se5.mp3,1,EVEN,ODD,BEFORE,,,1,,,,,,,
multiple_choice,PP2-MATH-X.125_Superhero_Even_Odd_Power_125,Is power number 17 EVEN or ODD?,seo125_q6.webp,audio_se6.mp3,1,ODD,EVEN,AFTER,,,1,,,,,,,
count_objects,PP2-MATH-X.125_Superhero_Even_Odd_Power_125,Count 4 EVEN power shields!,seo125_count1.webp,audio_se7.mp3,1,4,3,5,,🛡️,4,,,,,,,
count_objects,PP2-MATH-X.125_Superhero_Even_Odd_Power_125,Count 5 ODD power stars!,seo125_count2.webp,audio_se8.mp3,1,5,4,6,,⭐,5,,,,,,,
count_objects,PP2-MATH-X.125_Superhero_Even_Odd_Power_125,Count 6 EVEN power badges!,seo125_count3.webp,audio_se9.mp3,1,6,5,7,,🥇,6,,,,,,,
speak_repeat,PP2-MATH-X.125_Superhero_Even_Odd_Power_125,Say out loud clearly: SUPERHERO EVEN AND ODD NUMBER POWER!,speak_se1.webp,audio_se10.mp3,1,Superhero Even And Odd Number Power,,,,,,Superhero Even And Odd Number Power,,,,,,,
speak_repeat,PP2-MATH-X.125_Superhero_Even_Odd_Power_125,Say out loud clearly: EVEN NUMBERS PAIR UP EVENLY WITH SUPERPOWER!,speak_se2.webp,audio_se11.mp3,1,Even Numbers Pair Up Evenly With Superpower,,,,,,Even Numbers Pair Up Evenly With Superpower,,,,,,,
matching,PP2-MATH-X.125_Superhero_Even_Odd_Power_125,Match superhero EVEN numbers!,,,1,,,,,,,,12,EVEN,14,EVEN,20,EVEN
matching,PP2-MATH-X.125_Superhero_Even_Odd_Power_125,Match superhero ODD numbers!,,,1,,,,,,,,11,ODD,15,ODD,17,ODD
multiple_choice,PP2-MATH-X.126_Underwater_Capacity_Liters_Reef_126,Which unit measures sea water capacity on reef?,ucl126_q1.webp,audio_ul1.mp3,1,LITERS,KG,HOURS,,,1,,,,,,,
multiple_choice,PP2-MATH-X.126_Underwater_Capacity_Liters_Reef_126,A large submarine water tank holds 50...?,ucl126_q2.webp,audio_ul2.mp3,1,LITERS,KG,METERS,,,1,,,,,,,
multiple_choice,PP2-MATH-X.126_Underwater_Capacity_Liters_Reef_126,Which holds MORE water: 20 Liters jug or 5 Liters bottle?,ucl126_q3.webp,audio_ul3.mp3,1,20 LITERS,5 LITERS,SAME,,,1,,,,,,,
multiple_choice,PP2-MATH-X.126_Underwater_Capacity_Liters_Reef_126,Capacity on reef tells how much liquid a tank can...?,ucl126_q4.webp,audio_ul4.mp3,1,HOLD,WEIGH,RUN,,,1,,,,,,,
multiple_choice,PP2-MATH-X.126_Underwater_Capacity_Liters_Reef_126,10 Liters + 10 Liters equals how many Liters?,ucl126_q5.webp,audio_ul5.mp3,1,20 LITERS,10 LITERS,5 LITERS,,,1,,,,,,,
multiple_choice,PP2-MATH-X.126_Underwater_Capacity_Liters_Reef_126,Standard liquid capacity unit in math is...?,ucl126_q6.webp,audio_ul6.mp3,1,LITERS,KG,HOURS,,,1,,,,,,,
count_objects,PP2-MATH-X.126_Underwater_Capacity_Liters_Reef_126,Count 3 water tanks marked Liters!,ucl126_count1.webp,audio_ul7.mp3,1,3,1,4,,🫙,3,,,,,,,
count_objects,PP2-MATH-X.126_Underwater_Capacity_Liters_Reef_126,Count 5 sea water buckets!,ucl126_count2.webp,audio_ul8.mp3,1,5,3,4,,🪣,5,,,,,,,
count_objects,PP2-MATH-X.126_Underwater_Capacity_Liters_Reef_126,Count 2 submarine water jugs!,ucl126_count3.webp,audio_ul9.mp3,1,2,1,3,,🫗,2,,,,,,,
speak_repeat,PP2-MATH-X.126_Underwater_Capacity_Liters_Reef_126,Say out loud clearly: UNDERWATER CAPACITY MEASUREMENT IN LITERS!,speak_ul1.webp,audio_ul10.mp3,1,Underwater Capacity Measurement In Liters,,,,,,Underwater Capacity Measurement In Liters,,,,,,,
speak_repeat,PP2-MATH-X.126_Underwater_Capacity_Liters_Reef_126,Say out loud clearly: TEN LITERS PLUS TEN LITERS EQUALS TWENTY LITERS!,speak_ul2.webp,audio_ul11.mp3,1,Ten Liters Plus Ten Liters Equals Twenty Liters,,,,,,Ten Liters Plus Ten Liters Equals Twenty Liters,,,,,,,
matching,PP2-MATH-X.126_Underwater_Capacity_Liters_Reef_126,Match reef Liters units!,,,1,,,,,,,,Liquid,LITERS,Tank,50 LITERS,10+10,20 LITERS
matching,PP2-MATH-X.126_Underwater_Capacity_Liters_Reef_126,Match capacity values!,,,1,,,,,,,,20 Liters,MORE,5 Liters,LESS,Unit,LITERS
multiple_choice,PP2-MATH-X.127_Safari_Animal_Bar_Graph_127,Tallest bar on safari graph shows 10 lions. Which has MOST?,sab127_q1.webp,audio_sb1.mp3,1,LIONS,ZEBRAS,EQUAL,,,1,,,,,,,
multiple_choice,PP2-MATH-X.127_Safari_Animal_Bar_Graph_127,Shortest bar on safari graph shows 3 giraffes. Which has LEAST?,sab127_q2.webp,audio_sb2.mp3,1,GIRAFFES,LIONS,EQUAL,,,1,,,,,,,
multiple_choice,PP2-MATH-X.127_Safari_Animal_Bar_Graph_127,A graph with tall bars comparing safari animal counts is a...?,sab127_q3.webp,audio_sb3.mp3,1,BAR GRAPH,MAP,CLOCK,,,1,,,,,,,
multiple_choice,PP2-MATH-X.127_Safari_Animal_Bar_Graph_127,If zebra bar has 8 and lion bar has 10, lion bar is...?,sab127_q4.webp,audio_sb4.mp3,1,MOST,LEAST,EQUAL,,,1,,,,,,,
multiple_choice,PP2-MATH-X.127_Safari_Animal_Bar_Graph_127,If zebra bar has 8 and lion bar has 10, zebra bar is...?,sab127_q5.webp,audio_sb5.mp3,1,LEAST,MOST,EQUAL,,,1,,,,,,,
multiple_choice,PP2-MATH-X.127_Safari_Animal_Bar_Graph_127,When two animal bars reach same height line, they are...?,sab127_q6.webp,audio_sb6.mp3,1,EQUAL,MOST,LEAST,,,1,,,,,,,
count_objects,PP2-MATH-X.127_Safari_Animal_Bar_Graph_127,Count 4 safari animal bars on graph!,sab127_count1.webp,audio_sb7.mp3,1,4,2,5,,📊,4,,,,,,,
count_objects,PP2-MATH-X.127_Safari_Animal_Bar_Graph_127,Count 10 lion units on highest bar!,sab127_count2.webp,audio_sb8.mp3,1,10,8,12,,🦁,10,,,,,,,
count_objects,PP2-MATH-X.127_Safari_Animal_Bar_Graph_127,Count 3 giraffe units on lowest bar!,sab127_count3.webp,audio_sb9.mp3,1,3,1,5,,🦒,3,,,,,,,
speak_repeat,PP2-MATH-X.127_Safari_Animal_Bar_Graph_127,Say out loud clearly: SAFARI ANIMAL BAR GRAPH READING AND COMPARISON!,speak_sb1.webp,audio_sb10.mp3,1,Safari Animal Bar Graph Reading And Comparison,,,,,,Safari Animal Bar Graph Reading And Comparison,,,,,,,
speak_repeat,PP2-MATH-X.127_Safari_Animal_Bar_Graph_127,Say out loud clearly: TALLEST BAR IS MOST AND SHORTEST BAR IS LEAST!,speak_sb2.webp,audio_sb11.mp3,1,Tallest Bar Is Most And Shortest Bar Is Least,,,,,,Tallest Bar Is Most And Shortest Bar Is Least,,,,,,,
matching,PP2-MATH-X.127_Safari_Animal_Bar_Graph_127,Match safari bar graph terms!,,,1,,,,,,,,Tallest bar,MOST,Shortest bar,LEAST,Same height,EQUAL
matching,PP2-MATH-X.127_Safari_Animal_Bar_Graph_127,Match safari graph data!,,,1,,,,,,,,10 lions,MOST,3 giraffes,LEAST,Chart,BAR GRAPH
multiple_choice,PP2-MATH-X.128_Kenyan_Shilling_Change_Math_128,Shopper buys fruit for 50 KES. Gives 100 KES note. Change?,kcm128_q1.webp,audio_kc1.mp3,1,50 KES,100 KES,10 KES,,,1,,,,,,,
multiple_choice,PP2-MATH-X.128_Kenyan_Shilling_Change_Math_128,Shopper spends 20 KES and gives 50 KES note. Change?,kcm128_q2.webp,audio_kc2.mp3,1,30 KES,20 KES,50 KES,,,1,,,,,,,
multiple_choice,PP2-MATH-X.128_Kenyan_Shilling_Change_Math_128,Which note has value 100 KES in Kenya?,kcm128_q3.webp,audio_kc3.mp3,1,100 KES,50 KES,20 KES,,,1,,,,,,,
multiple_choice,PP2-MATH-X.128_Kenyan_Shilling_Change_Math_128,Which note has value 50 KES in Kenya?,kcm128_q4.webp,audio_kc4.mp3,1,50 KES,100 KES,10 KES,,,1,,,,,,,
multiple_choice,PP2-MATH-X.128_Kenyan_Shilling_Change_Math_128,50 KES plus 50 KES equals how many shillings?,kcm128_q5.webp,audio_kc5.mp3,1,100 KES,50 KES,20 KES,,,1,,,,,,,
multiple_choice,PP2-MATH-X.128_Kenyan_Shilling_Change_Math_128,Change is money returned when you pay...?,kcm128_q6.webp,audio_kc6.mp3,1,MORE,LESS,SAME,,,1,,,,,,,
count_objects,PP2-MATH-X.128_Kenyan_Shilling_Change_Math_128,Count 2 banknotes of 50 KES!,kcm128_count1.webp,audio_kc7.mp3,1,2,1,3,,💵,2,,,,,,,
count_objects,PP2-MATH-X.128_Kenyan_Shilling_Change_Math_128,Count 1 banknote of 100 KES!,kcm128_count2.webp,audio_kc8.mp3,1,1,2,3,,💵,1,,,,,,,
count_objects,PP2-MATH-X.128_Kenyan_Shilling_Change_Math_128,Count 5 shilling change coins!,kcm128_count3.webp,audio_kc9.mp3,1,5,3,4,,🪙,5,,,,,,,
speak_repeat,PP2-MATH-X.128_Kenyan_Shilling_Change_Math_128,Say out loud clearly: BUYING MARKET FRUITS AND GIVING KES CHANGE!,speak_kc1.webp,audio_kc10.mp3,1,Buying Market Fruits And Giving KES Change,,,,,,Buying Market Fruits And Giving KES Change,,,,,,,
speak_repeat,PP2-MATH-X.128_Kenyan_Shilling_Change_Math_128,Say out loud clearly: ONE HUNDRED KES MINUS FIFTY KES LEAVES FIFTY KES CHANGE!,speak_kc2.webp,audio_kc11.mp3,1,One Hundred KES Minus Fifty KES Leaves Fifty KES Change,,,,,,One Hundred KES Minus Fifty KES Leaves Fifty KES Change,,,,,,,
matching,PP2-MATH-X.128_Kenyan_Shilling_Change_Math_128,Match shopping change math!,,,1,,,,,,,,100-50,50 KES,50-20,30 KES,50+50,100 KES
matching,PP2-MATH-X.128_Kenyan_Shilling_Change_Math_128,Match banknote values!,,,1,,,,,,,,Note,50 KES,Big Note,100 KES,Symbol,KES
multiple_choice,PP2-MATH-X.129_Number_Line_Mastery_0_to_100_129,What number comes BEFORE 50 on the number line?,nlm129_q1.webp,audio_nl1.mp3,1,49,51,52,,,1,,,,,,,
multiple_choice,PP2-MATH-X.129_Number_Line_Mastery_0_to_100_129,What number comes AFTER 75 on the number line?,nlm129_q2.webp,audio_nl2.mp3,1,76,74,70,,,1,,,,,,,
multiple_choice,PP2-MATH-X.129_Number_Line_Mastery_0_to_100_129,What number comes BETWEEN 88 and 90?,nlm129_q3.webp,audio_nl3.mp3,1,89,87,91,,,1,,,,,,,
multiple_choice,PP2-MATH-X.129_Number_Line_Mastery_0_to_100_129,What number comes BEFORE 100?,nlm129_q4.webp,audio_nl4.mp3,1,99,98,90,,,1,,,,,,,
multiple_choice,PP2-MATH-X.129_Number_Line_Mastery_0_to_100_129,What number comes AFTER 30?,nlm129_q5.webp,audio_nl5.mp3,1,31,29,32,,,1,,,,,,,
multiple_choice,PP2-MATH-X.129_Number_Line_Mastery_0_to_100_129,What number comes BETWEEN 14 and 16?,nlm129_q6.webp,audio_nl6.mp3,1,15,13,17,,,1,,,,,,,
count_objects,PP2-MATH-X.129_Number_Line_Mastery_0_to_100_129,Count 10 number line markers moving forward!,nlm129_count1.webp,audio_nl7.mp3,1,10,8,12,,🚩,10,,,,,,,
count_objects,PP2-MATH-X.129_Number_Line_Mastery_0_to_100_129,Count 20 steps along the hundred line!,nlm129_count2.webp,audio_nl8.mp3,1,20,18,22,,🐾,20,,,,,,,
count_objects,PP2-MATH-X.129_Number_Line_Mastery_0_to_100_129,Count 15 track posts!,nlm129_count3.webp,audio_nl9.mp3,1,15,12,18,,📍,15,,,,,,,
speak_repeat,PP2-MATH-X.129_Number_Line_Mastery_0_to_100_129,Say out loud clearly: FORTYNINE COMES BEFORE FIFTY!,speak_nl1.webp,audio_nl10.mp3,1,Fortynine Comes Before Fifty,,,,,,Fortynine Comes Before Fifty,,,,,,,
speak_repeat,PP2-MATH-X.129_Number_Line_Mastery_0_to_100_129,Say out loud clearly: NINETENINE COMES BEFORE ONE HUNDRED!,speak_nl2.webp,audio_nl11.mp3,1,Ninetynine Comes Before One Hundred,,,,,,Ninetynine Comes Before One Hundred,,,,,,,
matching,PP2-MATH-X.129_Number_Line_Mastery_0_to_100_129,Match BEFORE numbers!,,,1,,,,,,,,Before 50,49,Before 80,79,Before 100,99
matching,PP2-MATH-X.129_Number_Line_Mastery_0_to_100_129,Match AFTER numbers!,,,1,,,,,,,,After 20,21,After 60,61,After 90,91
multiple_choice,PP2-MATH-X.130_Addition_Sums_to_20_Challenge_130,What is 12 plus 5?,asc130_q1.webp,audio_a1.mp3,1,17,15,18,,,1,,,,,,,
multiple_choice,PP2-MATH-X.130_Addition_Sums_to_20_Challenge_130,What is 14 plus 3?,asc130_q2.webp,audio_a2.mp3,1,17,16,18,,,1,,,,,,,
multiple_choice,PP2-MATH-X.130_Addition_Sums_to_20_Challenge_130,What is 10 plus 8?,asc130_q3.webp,audio_a3.mp3,1,18,16,19,,,1,,,,,,,
multiple_choice,PP2-MATH-X.130_Addition_Sums_to_20_Challenge_130,What is 11 plus 4?,asc130_q4.webp,audio_a4.mp3,1,15,12,14,,,1,,,,,,,
multiple_choice,PP2-MATH-X.130_Addition_Sums_to_20_Challenge_130,What is 15 plus 5?,asc130_q5.webp,audio_a5.mp3,1,20,18,19,,,1,,,,,,,
multiple_choice,PP2-MATH-X.130_Addition_Sums_to_20_Challenge_130,What is 13 plus 6?,asc130_q6.webp,audio_a6.mp3,1,19,17,20,,,1,,,,,,,
count_objects,PP2-MATH-X.130_Addition_Sums_to_20_Challenge_130,Count 17 total sum items!,asc130_count1.webp,audio_a7.mp3,1,17,15,18,,🍎,17,,,,,,,
count_objects,PP2-MATH-X.130_Addition_Sums_to_20_Challenge_130,Count 18 total sum blocks!,asc130_count2.webp,audio_a8.mp3,1,18,16,20,,🧱,18,,,,,,,
count_objects,PP2-MATH-X.130_Addition_Sums_to_20_Challenge_130,Count 20 total star tokens!,asc130_count3.webp,audio_a9.mp3,1,20,18,19,,⭐,20,,,,,,,
speak_repeat,PP2-MATH-X.130_Addition_Sums_to_20_Challenge_130,Say out loud clearly: ADDITION SUMS UP TO TWENTY CHALLENGE!,speak_a1.webp,audio_a10.mp3,1,Addition Sums Up To Twenty Challenge,,,,,,Addition Sums Up To Twenty Challenge,,,,,,,
speak_repeat,PP2-MATH-X.130_Addition_Sums_to_20_Challenge_130,Say out loud clearly: FIFTEEN PLUS FIVE EQUALS TWENTY!,speak_a2.webp,audio_a11.mp3,1,Fifteen Plus Five Equals Twenty,,,,,,Fifteen Plus Five Equals Twenty,,,,,,,
matching,PP2-MATH-X.130_Addition_Sums_to_20_Challenge_130,Match addition equations!,,,1,,,,,,,,12+5,17,14+3,17,10+8,18
matching,PP2-MATH-X.130_Addition_Sums_to_20_Challenge_130,Match addition sums!,,,1,,,,,,,,11+4,15,15+5,20,13+6,19
multiple_choice,PP2-MATH-X.131_3D_Shape_Prism_Pyramid_131,Which 3D shape has a pointy top and flat base?,spp131_q1.webp,audio_sp1.mp3,1,PYRAMID,PRISM,SPHERE,,,1,,,,,,,
multiple_choice,PP2-MATH-X.131_3D_Shape_Prism_Pyramid_131,Which 3D shape has matching shapes on two opposite ends?,spp131_q2.webp,audio_sp2.mp3,1,PRISM,PYRAMID,CONE,,,1,,,,,,,
multiple_choice,PP2-MATH-X.131_3D_Shape_Prism_Pyramid_131,An Egyptian monument is a...?,spp131_q3.webp,audio_sp3.mp3,1,PYRAMID,SPHERE,CUBE,,,1,,,,,,,
multiple_choice,PP2-MATH-X.131_3D_Shape_Prism_Pyramid_131,A cereal box or tissue box is a rectangular...?,spp131_q4.webp,audio_sp4.mp3,1,PRISM,PYRAMID,CYLINDER,,,1,,,,,,,
multiple_choice,PP2-MATH-X.131_3D_Shape_Prism_Pyramid_131,Which 3D shape has triangular sides meeting at top?,spp131_q5.webp,audio_sp5.mp3,1,PYRAMID,PRISM,CUBE,,,1,,,,,,,
multiple_choice,PP2-MATH-X.131_3D_Shape_Prism_Pyramid_131,A tent shape is a triangular...?,spp131_q6.webp,audio_sp6.mp3,1,PRISM,PYRAMID,SPHERE,,,1,,,,,,,
count_objects,PP2-MATH-X.131_3D_Shape_Prism_Pyramid_131,Count 4 pyramid models!,spp131_count1.webp,audio_sp7.mp3,1,4,2,5,,🔺,4,,,,,,,
count_objects,PP2-MATH-X.131_3D_Shape_Prism_Pyramid_131,Count 3 prism boxes!,spp131_count2.webp,audio_sp8.mp3,1,3,1,4,,📦,3,,,,,,,
count_objects,PP2-MATH-X.131_3D_Shape_Prism_Pyramid_131,Count 2 tent prisms!,spp131_count3.webp,audio_sp9.mp3,1,2,1,3,,🎪,2,,,,,,,
speak_repeat,PP2-MATH-X.131_3D_Shape_Prism_Pyramid_131,Say out loud clearly: 3D SHAPES PRISM AND PYRAMID IDENTIFICATION!,speak_sp1.webp,audio_sp10.mp3,1,3D Shapes Prism And Pyramid Identification,,,,,,3D Shapes Prism And Pyramid Identification,,,,,,,
speak_repeat,PP2-MATH-X.131_3D_Shape_Prism_Pyramid_131,Say out loud clearly: PYRAMIDS HAVE POINTY TOPS AND PRISMS HAVE MATCHING ENDS!,speak_sp2.webp,audio_sp11.mp3,1,Pyramids Have Pointy Tops And Prisms Have Matching Ends,,,,,,Pyramids Have Pointy Tops And Prisms Have Matching Ends,,,,,,,
matching,PP2-MATH-X.131_3D_Shape_Prism_Pyramid_131,Match 3D shapes!,,,1,,,,,,,,Pyramid 🔺,PYRAMID,Prism 📦,PRISM,Tent 🎪,PRISM
matching,PP2-MATH-X.131_3D_Shape_Prism_Pyramid_131,Match 3D shape features!,,,1,,,,,,,,Pointy top,PYRAMID,Equal ends,PRISM,Flat base,PYRAMID
multiple_choice,PP2-MATH-X.132_Fraction_Half_and_Quarter_132,Which fraction is one part of two equal parts?,fhq132_q1.webp,audio_f1.mp3,1,1/2,1/4,WHOLE,,,1,,,,,,,
multiple_choice,PP2-MATH-X.132_Fraction_Half_and_Quarter_132,Which fraction is one part of four equal parts?,fhq132_q2.webp,audio_f2.mp3,1,1/4,1/2,WHOLE,,,1,,,,,,,
multiple_choice,PP2-MATH-X.132_Fraction_Half_and_Quarter_132,Two quarters 1/4 + 1/4 make one...?,fhq132_q3.webp,audio_f3.mp3,1,1/2,1/4,WHOLE,,,1,,,,,,,
multiple_choice,PP2-MATH-X.132_Fraction_Half_and_Quarter_132,Two halves 1/2 + 1/2 make one...?,fhq132_q4.webp,audio_f4.mp3,1,WHOLE,1/4,1/3,,,1,,,,,,,
multiple_choice,PP2-MATH-X.132_Fraction_Half_and_Quarter_132,Which fraction is smaller: 1/2 or 1/4?,fhq132_q5.webp,audio_f5.mp3,1,1/4,1/2,WHOLE,,,1,,,,,,,
multiple_choice,PP2-MATH-X.132_Fraction_Half_and_Quarter_132,Fractions are equal parts of a whole...?,fhq132_q6.webp,audio_f6.mp3,1,ITEM,LINE,NUMBER,,,1,,,,,,,
count_objects,PP2-MATH-X.132_Fraction_Half_and_Quarter_132,Count 2 half pizza slices 1/2!,fhq132_count1.webp,audio_f7.mp3,1,2,1,4,,🍕,2,,,,,,,
count_objects,PP2-MATH-X.132_Fraction_Half_and_Quarter_132,Count 4 quarter pie slices 1/4!,fhq132_count2.webp,audio_f8.mp3,1,4,2,3,,🥧,4,,,,,,,
count_objects,PP2-MATH-X.132_Fraction_Half_and_Quarter_132,Count 3 whole apples!,fhq132_count3.webp,audio_f9.mp3,1,3,1,5,,🍎,3,,,,,,,
speak_repeat,PP2-MATH-X.132_Fraction_Half_and_Quarter_132,Say out loud clearly: FRACTIONS HALF ONE SECOND AND QUARTER ONE FOURTH!,speak_f1.webp,audio_f10.mp3,1,Fractions Half One Second And Quarter One Fourth,,,,,,Fractions Half One Second And Quarter One Fourth,,,,,,,
speak_repeat,PP2-MATH-X.132_Fraction_Half_and_Quarter_132,Say out loud clearly: TWO HALVES MAKE A WHOLE AND FOUR QUARTERS MAKE A WHOLE!,speak_f2.webp,audio_f11.mp3,1,Two Halves Make A Whole And Four Quarters Make A Whole,,,,,,Two Halves Make A Whole And Four Quarters Make A Whole,,,,,,,
matching,PP2-MATH-X.132_Fraction_Half_and_Quarter_132,Match fractions!,,,1,,,,,,,,Half,1/2,Quarter,1/4,Whole,WHOLE
matching,PP2-MATH-X.132_Fraction_Half_and_Quarter_132,Match fraction parts!,,,1,,,,,,,,2 parts,1/2,4 parts,1/4,1 part,WHOLE
multiple_choice,PP2-MATH-X.133_Measurement_Clock_Hours_133,Where is short hour hand pointing for 4 o'clock?,mch133_q1.webp,audio_mc1.mp3,1,4,12,6,,,1,,,,,,,
multiple_choice,PP2-MATH-X.133_Measurement_Clock_Hours_133,Where is long minute hand pointing for 4 o'clock?,mch133_q2.webp,audio_mc2.mp3,1,12,4,6,,,1,,,,,,,
multiple_choice,PP2-MATH-X.133_Measurement_Clock_Hours_133,Short hand on 9, long hand on 12. What time is it?,mch133_q3.webp,audio_mc3.mp3,1,9 O'CLOCK,4 O'CLOCK,12 O'CLOCK,,,1,,,,,,,
multiple_choice,PP2-MATH-X.133_Measurement_Clock_Hours_133,Short hand on 7, long hand on 12. What time is it?,mch133_q4.webp,audio_mc4.mp3,1,7 O'CLOCK,9 O'CLOCK,1 O'CLOCK,,,1,,,,,,,
multiple_choice,PP2-MATH-X.133_Measurement_Clock_Hours_133,Short hand on clock measures the...?,mch133_q5.webp,audio_mc5.mp3,1,HOUR,MINUTE,SECOND,,,1,,,,,,,
multiple_choice,PP2-MATH-X.133_Measurement_Clock_Hours_133,When long hand is on 12, time is exact...?,mch133_q6.webp,audio_mc6.mp3,1,O'CLOCK,HALF,QUARTER,,,1,,,,,,,
count_objects,PP2-MATH-X.133_Measurement_Clock_Hours_133,Count 4 clocks showing exact hour time!,mch133_count1.webp,audio_mc7.mp3,1,4,2,3,,⏰,4,,,,,,,
count_objects,PP2-MATH-X.133_Measurement_Clock_Hours_133,Count 12 numbers on clock face!,mch133_count2.webp,audio_mc8.mp3,1,12,10,15,,🕐,12,,,,,,,
count_objects,PP2-MATH-X.133_Measurement_Clock_Hours_133,Count 2 clock hands: short and long!,mch133_count3.webp,audio_mc9.mp3,1,2,1,3,,⏱️,2,,,,,,,
speak_repeat,PP2-MATH-X.133_Measurement_Clock_Hours_133,Say out loud clearly: READING CLOCK TIME IN HOURS SHORT HAND SHOWS HOURS!,speak_mc1.webp,audio_mc10.mp3,1,Reading Clock Time In Hours Short Hand Shows Hours,,,,,,Reading Clock Time In Hours Short Hand Shows Hours,,,,,,,
speak_repeat,PP2-MATH-X.133_Measurement_Clock_Hours_133,Say out loud clearly: SHORT HAND ON FOUR LONG HAND ON TWELVE IS FOUR O'CLOCK!,speak_mc2.webp,audio_mc11.mp3,1,Short Hand On Four Long Hand On Twelve Is Four O'Clock,,,,,,Short Hand On Four Long Hand On Twelve Is Four O'Clock,,,,,,,
matching,PP2-MATH-X.133_Measurement_Clock_Hours_133,Match clock hour times!,,,1,,,,,,,,Short 4,4 O'CLOCK,Short 9,9 O'CLOCK,Short 7,7 O'CLOCK
matching,PP2-MATH-X.133_Measurement_Clock_Hours_133,Match clock hand roles!,,,1,,,,,,,,Short,HOUR,Long,MINUTE,At 12,O'CLOCK
multiple_choice,PP2-MATH-X.134_Spatial_Compass_Directions_134,Which compass direction points straight UP on map?,scd134_q1.webp,audio_cd1.mp3,1,NORTH,SOUTH,EAST,,,1,,,,,,,
multiple_choice,PP2-MATH-X.134_Spatial_Compass_Directions_134,Which compass direction points straight DOWN on map?,scd134_q2.webp,audio_cd2.mp3,1,SOUTH,NORTH,WEST,,,1,,,,,,,
multiple_choice,PP2-MATH-X.134_Spatial_Compass_Directions_134,Which compass direction points RIGHT on map?,scd134_q3.webp,audio_cd3.mp3,1,EAST,WEST,NORTH,,,1,,,,,,,
multiple_choice,PP2-MATH-X.134_Spatial_Compass_Directions_134,Which compass direction points LEFT on map?,scd134_q4.webp,audio_cd4.mp3,1,WEST,EAST,SOUTH,,,1,,,,,,,
multiple_choice,PP2-MATH-X.134_Spatial_Compass_Directions_134,North, South, East, and West are main compass...?,scd134_q5.webp,audio_cd5.mp3,1,DIRECTIONS,WEIGHTS,COLORS,,,1,,,,,,,
multiple_choice,PP2-MATH-X.134_Spatial_Compass_Directions_134,Opposite direction of NORTH is...?,scd134_q6.webp,audio_cd6.mp3,1,SOUTH,EAST,WEST,,,1,,,,,,,
count_objects,PP2-MATH-X.134_Spatial_Compass_Directions_134,Count 4 compass direction pointers!,scd134_count1.webp,audio_cd7.mp3,1,4,2,3,,🧭,4,,,,,,,
count_objects,PP2-MATH-X.134_Spatial_Compass_Directions_134,Count 2 exploration maps!,scd134_count2.webp,audio_cd8.mp3,1,2,1,3,,🗺️,2,,,,,,,
count_objects,PP2-MATH-X.134_Spatial_Compass_Directions_134,Count 3 direction arrows!,scd134_count3.webp,audio_cd9.mp3,1,3,1,4,,🏹,3,,,,,,,
speak_repeat,PP2-MATH-X.134_Spatial_Compass_Directions_134,Say out loud clearly: SPATIAL COMPASS DIRECTIONS NORTH SOUTH EAST WEST!,speak_cd1.webp,audio_cd10.mp3,1,Spatial Compass Directions North South East West,,,,,,Spatial Compass Directions North South East West,,,,,,,
speak_repeat,PP2-MATH-X.134_Spatial_Compass_Directions_134,Say out loud clearly: NORTH IS UP SOUTH IS DOWN EAST IS RIGHT WEST IS LEFT!,speak_cd2.webp,audio_cd11.mp3,1,North Is Up South Is Down East Is Right West Is Left,,,,,,North Is Up South Is Down East Is Right West Is Left,,,,,,,
matching,PP2-MATH-X.134_Spatial_Compass_Directions_134,Match compass directions!,,,1,,,,,,,,Up,NORTH,Down,SOUTH,Right,EAST
matching,PP2-MATH-X.134_Spatial_Compass_Directions_134,Match direction opposites!,,,1,,,,,,,,North,SOUTH,East,WEST,Left,WEST
multiple_choice,PP2-MATH-X.135_Data_Tally_Marks_Challenge_135,What number value does one full tally bundle |||| make?,dtc135_q1.webp,audio_dt1.mp3,1,5,4,6,,,1,,,,,,,
multiple_choice,PP2-MATH-X.135_Data_Tally_Marks_Challenge_135,What number value do two full tally bundles |||| |||| make?,dtc135_q2.webp,audio_dt2.mp3,1,10,5,15,,,1,,,,,,,
multiple_choice,PP2-MATH-X.135_Data_Tally_Marks_Challenge_135,What number value do three full tally bundles make?,dtc135_q3.webp,audio_dt3.mp3,1,15,10,20,,,1,,,,,,,
multiple_choice,PP2-MATH-X.135_Data_Tally_Marks_Challenge_135,How many straight lines before crossing 5th diagonal line?,dtc135_q4.webp,audio_dt4.mp3,1,4,3,5,,,1,,,,,,,
multiple_choice,PP2-MATH-X.135_Data_Tally_Marks_Challenge_135,Tally marks count data in easy bundles of...?,dtc135_q5.webp,audio_dt5.mp3,1,5,10,2,,,1,,,,,,,
multiple_choice,PP2-MATH-X.135_Data_Tally_Marks_Challenge_135,What is value of |||| || in tally challenge?,dtc135_q6.webp,audio_dt6.mp3,1,7,6,8,,,1,,,,,,,
count_objects,PP2-MATH-X.135_Data_Tally_Marks_Challenge_135,Count 5 tally lines in one bundle!,dtc135_count1.webp,audio_dt7.mp3,1,5,4,6,,🥢,5,,,,,,,
count_objects,PP2-MATH-X.135_Data_Tally_Marks_Challenge_135,Count 10 tally lines in two bundles!,dtc135_count2.webp,audio_dt8.mp3,1,10,8,12,,🥢,10,,,,,,,
count_objects,PP2-MATH-X.135_Data_Tally_Marks_Challenge_135,Count 15 tally lines in three bundles!,dtc135_count3.webp,audio_dt9.mp3,1,15,10,20,,🥢,15,,,,,,,
speak_repeat,PP2-MATH-X.135_Data_Tally_Marks_Challenge_135,Say out loud clearly: DATA TALLY MARKS COUNTING CHALLENGE!,speak_dt1.webp,audio_dt10.mp3,1,Data Tally Marks Counting Challenge,,,,,,Data Tally Marks Counting Challenge,,,,,,,
speak_repeat,PP2-MATH-X.135_Data_Tally_Marks_Challenge_135,Say out loud clearly: FOUR LINES AND A CROSSING LINE IS FIVE!,speak_dt2.webp,audio_dt11.mp3,1,Four Lines And A Crossing Line Is Five,,,,,,Four Lines And A Crossing Line Is Five,,,,,,,
matching,PP2-MATH-X.135_Data_Tally_Marks_Challenge_135,Match tally mark values!,,,1,,,,,,,,||||,5,|||| ||||,10,|||| |||| ||||,15
matching,PP2-MATH-X.135_Data_Tally_Marks_Challenge_135,Match tally terms!,,,1,,,,,,,,Bundle,5,Two bundles,10,Tally,COUNT
multiple_choice,PP2-MATH-X.136_Word_Story_Subtraction_Sums_20_136,Sam has 18 apples. Gives 6 to Pam. How many left?,wss136_q1.webp,audio_ws1.mp3,1,12,10,14,,,1,,,,,,,
multiple_choice,PP2-MATH-X.136_Word_Story_Subtraction_Sums_20_136,15 birds on fence. 5 fly away. How many remain?,wss136_q2.webp,audio_ws2.mp3,1,10,15,5,,,1,,,,,,,
multiple_choice,PP2-MATH-X.136_Word_Story_Subtraction_Sums_20_136,20 toy cars in box. 8 taken out. How many inside?,wss136_q3.webp,audio_ws3.mp3,1,12,10,15,,,1,,,,,,,
multiple_choice,PP2-MATH-X.136_Word_Story_Subtraction_Sums_20_136,16 balloons at party. 4 pop! How many left?,wss136_q4.webp,audio_ws4.mp3,1,12,14,10,,,1,,,,,,,
multiple_choice,PP2-MATH-X.136_Word_Story_Subtraction_Sums_20_136,19 cookies on plate. 9 eaten. How many left?,wss136_q5.webp,audio_ws5.mp3,1,10,9,11,,,1,,,,,,,
multiple_choice,PP2-MATH-X.136_Word_Story_Subtraction_Sums_20_136,17 fish in pond. 7 swim away. Left?,wss136_q6.webp,audio_ws6.mp3,1,10,7,12,,,1,,,,,,,
count_objects,PP2-MATH-X.136_Word_Story_Subtraction_Sums_20_136,Count 12 remaining story apples!,wss136_count1.webp,audio_ws7.mp3,1,12,10,14,,🍎,12,,,,,,,
count_objects,PP2-MATH-X.136_Word_Story_Subtraction_Sums_20_136,Count 10 remaining story birds!,wss136_count2.webp,audio_ws8.mp3,1,10,8,12,,🐦,10,,,,,,,
count_objects,PP2-MATH-X.136_Word_Story_Subtraction_Sums_20_136,Count 12 remaining toy cars!,wss136_count3.webp,audio_ws9.mp3,1,12,10,15,,🚗,12,,,,,,,
speak_repeat,PP2-MATH-X.136_Word_Story_Subtraction_Sums_20_136,Say out loud clearly: EIGHTEEN APPLES TAKE AWAY SIX LEAVES TWELVE!,speak_ws1.webp,audio_ws10.mp3,1,Eighteen Apples Take Away Six Leaves Twelve,,,,,,Eighteen Apples Take Away Six Leaves Twelve,,,,,,,
speak_repeat,PP2-MATH-X.136_Word_Story_Subtraction_Sums_20_136,Say out loud clearly: SUBTRACTION WORD STORIES SOLVE WHAT REMAINS!,speak_ws2.webp,audio_ws11.mp3,1,Subtraction Word Stories Solve What Remains,,,,,,Subtraction Word Stories Solve What Remains,,,,,,,
matching,PP2-MATH-X.136_Word_Story_Subtraction_Sums_20_136,Match story subtraction equations!,,,1,,,,,,,,18-6,12,15-5,10,20-8,12
matching,PP2-MATH-X.136_Word_Story_Subtraction_Sums_20_136,Match story subtraction sums!,,,1,,,,,,,,16-4,12,19-9,10,17-7,10
multiple_choice,PP2-MATH-X.137_PP2_Math_Curriculum_Review_137,What number comes right after 99 in full review?,cr137_q1.webp,audio_cr1.mp3,1,100,98,90,,,1,,,,,,,
multiple_choice,PP2-MATH-X.137_PP2_Math_Curriculum_Review_137,What is 10 plus 10 in full review?,cr137_q2.webp,audio_cr2.mp3,1,20,10,15,,,1,,,,,,,
multiple_choice,PP2-MATH-X.137_PP2_Math_Curriculum_Review_137,Which 3D shape has a pointy top and flat base?,cr137_q3.webp,audio_cr3.mp3,1,PYRAMID,PRISM,SPHERE,,,1,,,,,,,
multiple_choice,PP2-MATH-X.137_PP2_Math_Curriculum_Review_137,What is one part of two equal parts called?,cr137_q4.webp,audio_cr4.mp3,1,1/2,1/4,WHOLE,,,1,,,,,,,
multiple_choice,PP2-MATH-X.137_PP2_Math_Curriculum_Review_137,Short hand on 8, long hand on 12. What time is it?,cr137_q5.webp,audio_cr5.mp3,1,8 O'CLOCK,12 O'CLOCK,2 O'CLOCK,,,1,,,,,,,
multiple_choice,PP2-MATH-X.137_PP2_Math_Curriculum_Review_137,50 KES plus 50 KES equals how many shillings?,cr137_q6.webp,audio_cr6.mp3,1,100 KES,50 KES,20 KES,,,1,,,,,,,
count_objects,PP2-MATH-X.137_PP2_Math_Curriculum_Review_137,Count 20 curriculum review star trophies!,cr137_count1.webp,audio_cr7.mp3,1,20,18,19,,🏆,20,,,,,,,
count_objects,PP2-MATH-X.137_PP2_Math_Curriculum_Review_137,Count 15 review counting medals!,cr137_count2.webp,audio_cr8.mp3,1,15,12,18,,🥇,15,,,,,,,
count_objects,PP2-MATH-X.137_PP2_Math_Curriculum_Review_137,Count 10 review math crowns!,cr137_count3.webp,audio_cr9.mp3,1,10,8,12,,👑,10,,,,,,,
speak_repeat,PP2-MATH-X.137_PP2_Math_Curriculum_Review_137,Say out loud clearly: PP2 MATH FULL CURRICULUM REVIEW SUCCESS!,speak_cr1.webp,audio_cr10.mp3,1,PP2 Math Full Curriculum Review Success,,,,,,PP2 Math Full Curriculum Review Success,,,,,,,
speak_repeat,PP2-MATH-X.137_PP2_Math_Curriculum_Review_137,Say out loud clearly: NUMBERS SHAPES FRACTIONS MEASUREMENT AND DATA!,speak_cr2.webp,audio_cr11.mp3,1,Numbers Shapes Fractions Measurement And Data,,,,,,Numbers Shapes Fractions Measurement And Data,,,,,,,
matching,PP2-MATH-X.137_PP2_Math_Curriculum_Review_137,Match curriculum math domains!,,,1,,,,,,,,Numbers,100,Shapes,PYRAMID,Money,100 KES
matching,PP2-MATH-X.137_PP2_Math_Curriculum_Review_137,Match review symbols!,,,1,,,,,,,,Trophy 🏆,MASTER,Medal 🥇,WINNER,Crown 👑,REVIEW
multiple_choice,PP2-MATH-X.138_PP2_Math_Ultimate_Challenge_138,What number comes right after 99 in ultimate challenge?,uc138_q1.webp,audio_uc1.mp3,1,100,98,90,,,1,,,,,,,
multiple_choice,PP2-MATH-X.138_PP2_Math_Ultimate_Challenge_138,What is 10 plus 10 in ultimate challenge?,uc138_q2.webp,audio_uc2.mp3,1,20,10,15,,,1,,,,,,,
multiple_choice,PP2-MATH-X.138_PP2_Math_Ultimate_Challenge_138,Which 3D shape has a pointy top and flat base?,uc138_q3.webp,audio_uc3.mp3,1,PYRAMID,PRISM,SPHERE,,,1,,,,,,,
multiple_choice,PP2-MATH-X.138_PP2_Math_Ultimate_Challenge_138,What is one part of two equal parts called?,uc138_q4.webp,audio_uc4.mp3,1,1/2,1/4,WHOLE,,,1,,,,,,,
multiple_choice,PP2-MATH-X.138_PP2_Math_Ultimate_Challenge_138,Short hand on 8, long hand on 12. What time is it?,uc138_q5.webp,audio_uc5.mp3,1,8 O'CLOCK,12 O'CLOCK,2 O'CLOCK,,,1,,,,,,,
multiple_choice,PP2-MATH-X.138_PP2_Math_Ultimate_Challenge_138,50 KES plus 50 KES equals how many shillings?,uc138_q6.webp,audio_uc6.mp3,1,100 KES,50 KES,20 KES,,,1,,,,,,,
count_objects,PP2-MATH-X.138_PP2_Math_Ultimate_Challenge_138,Count 20 ultimate challenge star trophies!,uc138_count1.webp,audio_uc7.mp3,1,20,18,19,,🏆,20,,,,,,,
count_objects,PP2-MATH-X.138_PP2_Math_Ultimate_Challenge_138,Count 15 ultimate challenge medals!,uc138_count2.webp,audio_uc8.mp3,1,15,12,18,,🥇,15,,,,,,,
count_objects,PP2-MATH-X.138_PP2_Math_Ultimate_Challenge_138,Count 10 ultimate challenge crowns!,uc138_count3.webp,audio_uc9.mp3,1,10,8,12,,👑,10,,,,,,,
speak_repeat,PP2-MATH-X.138_PP2_Math_Ultimate_Challenge_138,Say out loud clearly: PP2 MATH ULTIMATE CHALLENGE SUCCESS!,speak_uc1.webp,audio_uc10.mp3,1,PP2 Math Ultimate Challenge Success,,,,,,PP2 Math Ultimate Challenge Success,,,,,,,
speak_repeat,PP2-MATH-X.138_PP2_Math_Ultimate_Challenge_138,Say out loud clearly: I PASSED THE ULTIMATE PP2 MATH CHALLENGE!,speak_uc2.webp,audio_uc11.mp3,1,I Passed The Ultimate PP2 Math Challenge,,,,,,I Passed The Ultimate PP2 Math Challenge,,,,,,,
matching,PP2-MATH-X.138_PP2_Math_Ultimate_Challenge_138,Match ultimate challenge domains!,,,1,,,,,,,,Numbers,100,Shapes,PYRAMID,Money,100 KES
matching,PP2-MATH-X.138_PP2_Math_Ultimate_Challenge_138,Match ultimate challenge symbols!,,,1,,,,,,,,Trophy 🏆,MASTER,Medal 🥇,WINNER,Crown 👑,ULTIMATE
multiple_choice,PP2-MATH-X.139_PP2_Math_Grand_Champion_139,What number comes right after 99 at graduation?,gc139_q1.webp,audio_gc1.mp3,1,100,98,90,,,1,,,,,,,
multiple_choice,PP2-MATH-X.139_PP2_Math_Grand_Champion_139,What is 10 plus 10 at graduation?,gc139_q2.webp,audio_gc2.mp3,1,20,10,15,,,1,,,,,,,
multiple_choice,PP2-MATH-X.139_PP2_Math_Grand_Champion_139,Which 3D shape has a pointy top and flat base?,gc139_q3.webp,audio_gc3.mp3,1,PYRAMID,PRISM,SPHERE,,,1,,,,,,,
multiple_choice,PP2-MATH-X.139_PP2_Math_Grand_Champion_139,What is one part of two equal parts called?,gc139_q4.webp,audio_gc4.mp3,1,1/2,1/4,WHOLE,,,1,,,,,,,
multiple_choice,PP2-MATH-X.139_PP2_Math_Grand_Champion_139,Short hand on 8, long hand on 12. What time is it?,gc139_q5.webp,audio_gc5.mp3,1,8 O'CLOCK,12 O'CLOCK,2 O'CLOCK,,,1,,,,,,,
multiple_choice,PP2-MATH-X.139_PP2_Math_Grand_Champion_139,50 KES plus 50 KES equals how many shillings?,gc139_q6.webp,audio_gc6.mp3,1,100 KES,50 KES,20 KES,,,1,,,,,,,
count_objects,PP2-MATH-X.139_PP2_Math_Grand_Champion_139,Count 20 grand champion star trophies!,gc139_count1.webp,audio_gc7.mp3,1,20,18,19,,🏆,20,,,,,,,
count_objects,PP2-MATH-X.139_PP2_Math_Grand_Champion_139,Count 15 grand champion gold medals!,gc139_count2.webp,audio_gc8.mp3,1,15,12,18,,🥇,15,,,,,,,
count_objects,PP2-MATH-X.139_PP2_Math_Grand_Champion_139,Count 10 grand champion crowns!,gc139_count3.webp,audio_gc9.mp3,1,10,8,12,,👑,10,,,,,,,
speak_repeat,PP2-MATH-X.139_PP2_Math_Grand_Champion_139,Say out loud clearly: I AM A PP2 MATH GRAND CHAMPION!,speak_gc1.webp,audio_gc10.mp3,1,I Am A PP2 Math Grand Champion,,,,,,I Am A PP2 Math Grand Champion,,,,,,,
speak_repeat,PP2-MATH-X.139_PP2_Math_Grand_Champion_139,Say out loud clearly: ONE HUNDRED THIRTYNINE MISSIONS OF PP2 MATH GRADUATION SUCCESS!,speak_gc2.webp,audio_gc11.mp3,1,One Hundred Thirtynine Missions Of PP2 Math Graduation Success,,,,,,One Hundred Thirtynine Missions Of PP2 Math Graduation Success,,,,,,,
matching,PP2-MATH-X.139_PP2_Math_Grand_Champion_139,Match grand champion math domains!,,,1,,,,,,,,Numbers,100,Shapes,PYRAMID,Money,100 KES
matching,PP2-MATH-X.139_PP2_Math_Grand_Champion_139,Match grand champion symbols!,,,1,,,,,,,,Trophy 🏆,CHAMPION,Medal 🥇,WINNER,Crown 👑,GRADUATION
multiple_choice,PP2-MATH-X.140_PP2_Math_Grand_Champion_140,What number comes right after 99 at final graduation?,gc140_q1.webp,audio_gc1.mp3,1,100,98,90,,,1,,,,,,,
multiple_choice,PP2-MATH-X.140_PP2_Math_Grand_Champion_140,What is 10 plus 10 at final graduation?,gc140_q2.webp,audio_gc2.mp3,1,20,10,15,,,1,,,,,,,
multiple_choice,PP2-MATH-X.140_PP2_Math_Grand_Champion_140,Which 3D shape has a pointy top and flat base?,gc140_q3.webp,audio_gc3.mp3,1,PYRAMID,PRISM,SPHERE,,,1,,,,,,,
multiple_choice,PP2-MATH-X.140_PP2_Math_Grand_Champion_140,What is one part of two equal parts called?,gc140_q4.webp,audio_gc4.mp3,1,1/2,1/4,WHOLE,,,1,,,,,,,
multiple_choice,PP2-MATH-X.140_PP2_Math_Grand_Champion_140,Short hand on 8, long hand on 12. What time is it?,gc140_q5.webp,audio_gc5.mp3,1,8 O'CLOCK,12 O'CLOCK,2 O'CLOCK,,,1,,,,,,,
multiple_choice,PP2-MATH-X.140_PP2_Math_Grand_Champion_140,50 KES plus 50 KES equals how many shillings?,gc140_q6.webp,audio_gc6.mp3,1,100 KES,50 KES,20 KES,,,1,,,,,,,
count_objects,PP2-MATH-X.140_PP2_Math_Grand_Champion_140,Count 20 grand champion star trophies!,gc140_count1.webp,audio_gc7.mp3,1,20,18,19,,🏆,20,,,,,,,
count_objects,PP2-MATH-X.140_PP2_Math_Grand_Champion_140,Count 15 grand champion gold medals!,gc140_count2.webp,audio_gc8.mp3,1,15,12,18,,🥇,15,,,,,,,
count_objects,PP2-MATH-X.140_PP2_Math_Grand_Champion_140,Count 10 grand champion crowns!,gc140_count3.webp,audio_gc9.mp3,1,10,8,12,,👑,10,,,,,,,
speak_repeat,PP2-MATH-X.140_PP2_Math_Grand_Champion_140,Say out loud clearly: I AM A PP2 MATH FINAL GRADUATION GRAND CHAMPION!,speak_gc1.webp,audio_gc10.mp3,1,I Am A PP2 Math Final Graduation Grand Champion,,,,,,I Am A PP2 Math Final Graduation Grand Champion,,,,,,,
speak_repeat,PP2-MATH-X.140_PP2_Math_Grand_Champion_140,Say out loud clearly: ONE HUNDRED FORTY MISSIONS OF PP2 MATH GRADUATION SUCCESS!,speak_gc2.webp,audio_gc11.mp3,1,One Hundred Forty Missions Of PP2 Math Graduation Success,,,,,,One Hundred Forty Missions Of PP2 Math Graduation Success,,,,,,,
matching,PP2-MATH-X.140_PP2_Math_Grand_Champion_140,Match final grand champion domains!,,,1,,,,,,,,Numbers,100,Shapes,PYRAMID,Money,100 KES
matching,PP2-MATH-X.140_PP2_Math_Grand_Champion_140,Match final graduation symbols!,,,1,,,,,,,,Trophy 🏆,CHAMPION,Medal 🥇,WINNER,Crown 👑,GRADUATION




question_type,lesson_title,prompt,prompt_image,prompt_audio,correct_answer,option_1,option_2,option_3,option_4,count_emoji_or_image,target_count,target_word,pair_1_left,pair_1_right,pair_2_left,pair_2_right,pair_3_left,pair_3_right
multiple_choice,PP2-CRE-1.1.1_Little_David_and_Courageous_Faith,Who gave young David courageous faith against Goliath?,dav_q1.webp,audio_d1.mp3,1,GOD,ARMOR,SWORDS,,,1,,,,,,,
multiple_choice,PP2-CRE-1.1.1_Little_David_and_Courageous_Faith,David was a brave shepherd boy who trusted in...?,dav_q2.webp,audio_d2.mp3,1,GOD,GIANTS,KINGS,,,1,,,,,,,
multiple_choice,PP2-CRE-1.1.1_Little_David_and_Courageous_Faith,What did David use with faith to defeat Goliath?,dav_q3.webp,audio_d3.mp3,1,SLING,SPEAR,SHIELD,,,1,,,,,,,
multiple_choice,PP2-CRE-1.1.1_Little_David_and_Courageous_Faith,Who gives us courage when we face big problems?,dav_q4.webp,audio_d4.mp3,1,GOD,FEAR,WEAPONS,,,1,,,,,,,
multiple_choice,PP2-CRE-1.1.1_Little_David_and_Courageous_Faith,David said: The Lord is my strength and...?,dav_q5.webp,audio_d5.mp3,1,SHIELD,SWORD,DOUBT,,,1,,,,,,,
multiple_choice,PP2-CRE-1.1.1_Little_David_and_Courageous_Faith,Trusting in God makes our hearts...?,dav_q6.webp,audio_d6.mp3,1,BRAVE,AFRAID,SAD,,,1,,,,,,,
count_objects,PP2-CRE-1.1.1_Little_David_and_Courageous_Faith,Count 5 smooth stones David gathered with faith!,dav_count1.webp,audio_d7.mp3,1,5,3,4,,🪨,5,,,,,,,
count_objects,PP2-CRE-1.1.1_Little_David_and_Courageous_Faith,Count 1 brave shepherd crown for David!,dav_count2.webp,audio_d8.mp3,1,1,2,3,,👑,1,,,,,,,
count_objects,PP2-CRE-1.1.1_Little_David_and_Courageous_Faith,Count 3 brave hearts trusting in the Lord!,dav_count3.webp,audio_d9.mp3,1,3,2,4,,❤️,3,,,,,,,
speak_repeat,PP2-CRE-1.1.1_Little_David_and_Courageous_Faith,Say out loud clearly: DAVID HAD COURAGEOUS FAITH IN GOD!,speak_d1.webp,audio_d10.mp3,1,David Had Courageous Faith In God,,,,,,David Had Courageous Faith In God,,,,,,,
speak_repeat,PP2-CRE-1.1.1_Little_David_and_Courageous_Faith,Say out loud clearly: THE LORD IS MY STRENGTH AND MY SHIELD!,speak_d2.webp,audio_d11.mp3,1,The Lord Is My Strength And My Shield,,,,,,The Lord Is My Strength And My Shield,,,,,,,
matching,PP2-CRE-1.1.1_Little_David_and_Courageous_Faith,Match David's faith symbols!,,,1,,,,,,,,Stone 🪨,1,Crown 👑,2,Heart ❤️,3
matching,PP2-CRE-1.1.1_Little_David_and_Courageous_Faith,Match courage and faith items!,,,1,,,,,,,,Sling 🎯,1,Shield 🛡️,2,Cross ✝️,3
multiple_choice,PP2-CRE-1.1.2_Noah_and_Gods_Promise_Rainbow,Who told Noah to build the giant ark?,noa_q1.webp,audio_n1.mp3,1,GOD,SAILORS,KINGS,,,1,,,,,,,
multiple_choice,PP2-CRE-1.1.2_Noah_and_Gods_Promise_Rainbow,What sign of promise did God place in the sky?,noa_q2.webp,audio_n2.mp3,1,RAINBOW,CLOUDS,STARS,,,1,,,,,,,
multiple_choice,PP2-CRE-1.1.2_Noah_and_Gods_Promise_Rainbow,How did animals enter Noah's ark for safety?,noa_q3.webp,audio_n3.mp3,1,PAIRS,ALONE,FAST,,,1,,,,,,,
multiple_choice,PP2-CRE-1.1.2_Noah_and_Gods_Promise_Rainbow,God's rainbow is a covenant sign of His...?,noa_q4.webp,audio_n4.mp3,1,PROMISE,ANGER,STORM,,,1,,,,,,,
multiple_choice,PP2-CRE-1.1.2_Noah_and_Gods_Promise_Rainbow,Who closed the door of the ark safely?,noa_q5.webp,audio_n5.mp3,1,GOD,NOAH,WIND,,,1,,,,,,,
multiple_choice,PP2-CRE-1.1.2_Noah_and_Gods_Promise_Rainbow,Noah was saved because he listened and...?,noa_q6.webp,audio_n6.mp3,1,OBEYED,RAN,HID,,,1,,,,,,,
count_objects,PP2-CRE-1.1.2_Noah_and_Gods_Promise_Rainbow,Count 1 covenant rainbow of promise in the sky!,noa_count1.webp,audio_n7.mp3,1,1,2,3,,🌈,1,,,,,,,
count_objects,PP2-CRE-1.1.2_Noah_and_Gods_Promise_Rainbow,Count 2 giraffes going into the ark!,noa_count2.webp,audio_n8.mp3,1,2,1,4,,🦒,2,,,,,,,
count_objects,PP2-CRE-1.1.2_Noah_and_Gods_Promise_Rainbow,Count 4 animals saved inside Noah's ark!,noa_count3.webp,audio_n9.mp3,1,4,2,5,,🐘,4,,,,,,,
speak_repeat,PP2-CRE-1.1.2_Noah_and_Gods_Promise_Rainbow,Say out loud clearly: THE RAINBOW IS GOD'S PROMISE OF LOVE!,speak_n1.webp,audio_n10.mp3,1,The Rainbow Is God's Promise Of Love,,,,,,The Rainbow Is God's Promise Of Love,,,,,,,
speak_repeat,PP2-CRE-1.1.2_Noah_and_Gods_Promise_Rainbow,Say out loud clearly: GOD KEEPS HIS PROMISES FOREVER!,speak_n2.webp,audio_n11.mp3,1,God Keeps His Promises Forever,,,,,,God Keeps His Promises Forever,,,,,,,
matching,PP2-CRE-1.1.2_Noah_and_Gods_Promise_Rainbow,Match Noah's promise story items!,,,1,,,,,,,,Rainbow 🌈,1,Ark ⛵,2,Dove 🕊️,3
matching,PP2-CRE-1.1.2_Noah_and_Gods_Promise_Rainbow,Match covenant and safe ark symbols!,,,1,,,,,,,,Giraffe 🦒,1,Elephant 🐘,2,Heart ❤️,3
multiple_choice,PP2-CRE-1.1.3_Daniel_and_the_Brave_Prayer,Who prayed faithfully to God three times a day?,dan_q1.webp,audio_d1.mp3,1,DANIEL,GUARDS,KINGS,,,1,,,,,,,
multiple_choice,PP2-CRE-1.1.3_Daniel_and_the_Brave_Prayer,Where was brave Daniel thrown for praying?,dan_q2.webp,audio_d2.mp3,1,LION DEN,PIT,SEA,,,1,,,,,,,
multiple_choice,PP2-CRE-1.1.3_Daniel_and_the_Brave_Prayer,Who sent an angel to shut the lions' mouths?,dan_q3.webp,audio_d3.mp3,1,GOD,KING,SOLDIER,,,1,,,,,,,
multiple_choice,PP2-CRE-1.1.3_Daniel_and_the_Brave_Prayer,Daniel was kept safe from danger because of...?,dan_q4.webp,audio_d4.mp3,1,PRAYER,FIGHTING,HIDING,,,1,,,,,,,
multiple_choice,PP2-CRE-1.1.3_Daniel_and_the_Brave_Prayer,Daniel showed great faith and was not...?,dan_q5.webp,audio_d5.mp3,1,AFRAID,HAPPY,KIND,,,1,,,,,,,
multiple_choice,PP2-CRE-1.1.3_Daniel_and_the_Brave_Prayer,God protects everyone who prays with...?,dan_q6.webp,audio_d6.mp3,1,FAITH,FEAR,ANGER,,,1,,,,,,,
count_objects,PP2-CRE-1.1.3_Daniel_and_the_Brave_Prayer,Count 4 wild lions that God kept quiet!,dan_count1.webp,audio_d7.mp3,1,4,2,3,,🦁,4,,,,,,,
count_objects,PP2-CRE-1.1.3_Daniel_and_the_Brave_Prayer,Count 2 praying hands of faithful Daniel!,dan_count2.webp,audio_d8.mp3,1,2,1,3,,🙏,2,,,,,,,
count_objects,PP2-CRE-1.1.3_Daniel_and_the_Brave_Prayer,Count 1 shining angel sent by God!,dan_count3.webp,audio_d9.mp3,1,1,2,3,,👼,1,,,,,,,
speak_repeat,PP2-CRE-1.1.3_Daniel_and_the_Brave_Prayer,Say out loud clearly: PRAY FAITHFULLY TO GOD EVERY DAY!,speak_d1.webp,audio_d10.mp3,1,Pray Faithfully To God Every Day,,,,,,Pray Faithfully To God Every Day,,,,,,,
speak_repeat,PP2-CRE-1.1.3_Daniel_and_the_Brave_Prayer,Say out loud clearly: GOD PROTECTED DANIEL IN THE LION DEN!,speak_d2.webp,audio_d11.mp3,1,God Protected Daniel In The Lion Den,,,,,,God Protected Daniel In The Lion Den,,,,,,,
matching,PP2-CRE-1.1.3_Daniel_and_the_Brave_Prayer,Match Daniel's prayer story items!,,,1,,,,,,,,Daniel 🙏,1,Lion 🦁,2,Angel 👼,3
matching,PP2-CRE-1.1.3_Daniel_and_the_Brave_Prayer,Match faith and protection symbols!,,,1,,,,,,,,Pray 🙏,1,Shield 🛡️,2,Cross ✝️,3
multiple_choice,PP2-CRE-1.1.4_Jonah_and_Gods_Forgiveness,Who ran away from God's instruction?,jon_q1.webp,audio_j1.mp3,1,JONAH,NOAH,DAVID,,,1,,,,,,,
multiple_choice,PP2-CRE-1.1.4_Jonah_and_Gods_Forgiveness,What big sea creature swallowed Jonah?,jon_q2.webp,audio_j2.mp3,1,GREAT FISH,SHARK,CRAB,,,1,,,,,,,
multiple_choice,PP2-CRE-1.1.4_Jonah_and_Gods_Forgiveness,What did Jonah do inside the great fish?,jon_q3.webp,audio_j3.mp3,1,REPENT,SLEEP,SING,,,1,,,,,,,
multiple_choice,PP2-CRE-1.1.4_Jonah_and_Gods_Forgiveness,When Jonah repented, God showed Him great...?,jon_q4.webp,audio_j4.mp3,1,FORGIVENESS,ANGER,FEAR,,,1,,,,,,,
multiple_choice,PP2-CRE-1.1.4_Jonah_and_Gods_Forgiveness,How many days was Jonah inside the fish?,jon_q5.webp,audio_j5.mp3,1,3,1,5,,,1,,,,,,,
multiple_choice,PP2-CRE-1.1.4_Jonah_and_Gods_Forgiveness,When we make mistakes, we pray to God for...?,jon_q6.webp,audio_j6.mp3,1,FORGIVENESS,GOLD,TOYS,,,1,,,,,,,
count_objects,PP2-CRE-1.1.4_Jonah_and_Gods_Forgiveness,Count 1 great fish sent by God!,jon_count1.webp,audio_j7.mp3,1,1,2,3,,🐳,1,,,,,,,
count_objects,PP2-CRE-1.1.4_Jonah_and_Gods_Forgiveness,Count 3 days Jonah prayed in the fish!,jon_count2.webp,audio_j8.mp3,1,3,2,4,,🙏,3,,,,,,,
count_objects,PP2-CRE-1.1.4_Jonah_and_Gods_Forgiveness,Count 2 repentant hearts seeking forgiveness!,jon_count3.webp,audio_j9.mp3,1,2,1,3,,❤️,2,,,,,,,
speak_repeat,PP2-CRE-1.1.4_Jonah_and_Gods_Forgiveness,Say out loud clearly: GOD IS LOVING AND FORGIVES OUR MISTAKES!,speak_j1.webp,audio_j10.mp3,1,God Is Loving And Forgives Our Mistakes,,,,,,God Is Loving And Forgives Our Mistakes,,,,,,,
speak_repeat,PP2-CRE-1.1.4_Jonah_and_Gods_Forgiveness,Say out loud clearly: OBEY GOD AND PRAY FOR FORGIVENESS!,speak_j2.webp,audio_j11.mp3,1,Obey God And Pray For Forgiveness,,,,,,Obey God And Pray For Forgiveness,,,,,,,
matching,PP2-CRE-1.1.4_Jonah_and_Gods_Forgiveness,Match Jonah's story elements!,,,1,,,,,,,,Fish 🐳,1,Pray 🙏,2,Forgive ❤️,3
matching,PP2-CRE-1.1.4_Jonah_and_Gods_Forgiveness,Match repentance and love symbols!,,,1,,,,,,,,Pray 🙏,1,Heart ❤️,2,Cross ✝️,3
multiple_choice,PP2-CRE-1.1.5_Baby_Moses_and_Gods_Protection,Who was placed in a small basket in the river?,mos_q1.webp,audio_m1.mp3,1,BABY MOSES,NOAH,DANIEL,,,1,,,,,,,
multiple_choice,PP2-CRE-1.1.5_Baby_Moses_and_Gods_Protection,Where did Moses' mother hide the basket?,mos_q2.webp,audio_m2.mp3,1,RIVER,TREE,HOUSE,,,1,,,,,,,
multiple_choice,PP2-CRE-1.1.5_Baby_Moses_and_Gods_Protection,Who watched baby Moses safely from the river bank?,mos_q3.webp,audio_m3.mp3,1,SISTER,KING,SOLDIER,,,1,,,,,,,
multiple_choice,PP2-CRE-1.1.5_Baby_Moses_and_Gods_Protection,Who found baby Moses in the bulrushes?,mos_q4.webp,audio_m4.mp3,1,PRINCESS,SAILOR,HUNTER,,,1,,,,,,,
multiple_choice,PP2-CRE-1.1.5_Baby_Moses_and_Gods_Protection,Who kept baby Moses protected and safe?,mos_q5.webp,audio_m5.mp3,1,GOD,RIVER,WIND,,,1,,,,,,,
multiple_choice,PP2-CRE-1.1.5_Baby_Moses_and_Gods_Protection,God's protection is over every little...?,mos_q6.webp,audio_m6.mp3,1,CHILD,TOY,CAR,,,1,,,,,,,
count_objects,PP2-CRE-1.1.5_Baby_Moses_and_Gods_Protection,Count 1 baby Moses safe in the basket!,mos_count1.webp,audio_m7.mp3,1,1,2,3,,🧺,1,,,,,,,
count_objects,PP2-CRE-1.1.5_Baby_Moses_and_Gods_Protection,Count 3 tall river bulrushes!,mos_count2.webp,audio_m8.mp3,1,3,2,4,,🌿,3,,,,,,,
count_objects,PP2-CRE-1.1.5_Baby_Moses_and_Gods_Protection,Count 2 guardian angels watching over Moses!,mos_count3.webp,audio_m9.mp3,1,2,1,3,,👼,2,,,,,,,
speak_repeat,PP2-CRE-1.1.5_Baby_Moses_and_Gods_Protection,Say out loud clearly: GOD PROTECTED BABY MOSES IN THE BASKET!,speak_m1.webp,audio_m10.mp3,1,God Protected Baby Moses In The Basket,,,,,,God Protected Baby Moses In The Basket,,,,,,,
speak_repeat,PP2-CRE-1.1.5_Baby_Moses_and_Gods_Protection,Say out loud clearly: GOD IS MY PROTECTOR DAY AND NIGHT!,speak_m2.webp,audio_m11.mp3,1,God Is My Protector Day And Night,,,,,,God Is My Protector Day And Night,,,,,,,
matching,PP2-CRE-1.1.5_Baby_Moses_and_Gods_Protection,Match baby Moses story items!,,,1,,,,,,,,Basket 🧺,1,River 🌊,2,Sister 👧,3
matching,PP2-CRE-1.1.5_Baby_Moses_and_Gods_Protection,Match protection and care symbols!,,,1,,,,,,,,Moses 🧺,1,Shield 🛡️,2,Cross ✝️,3
multiple_choice,PP2-CRE-1.1.6_Creation_Gods_Wonderful_World,Who created the sky, land, sea, and stars?,cre_q1.webp,audio_c1.mp3,1,GOD,PEOPLE,WINDS,,,1,,,,,,,
multiple_choice,PP2-CRE-1.1.6_Creation_Gods_Wonderful_World,What gives us bright light during the day?,cre_q2.webp,audio_c2.mp3,1,SUN,MOON,STARS,,,1,,,,,,,
multiple_choice,PP2-CRE-1.1.6_Creation_Gods_Wonderful_World,What lights up the sky at night?,cre_q3.webp,audio_c3.mp3,1,MOON AND STARS,SUN,RAIN,,,1,,,,,,,
multiple_choice,PP2-CRE-1.1.6_Creation_Gods_Wonderful_World,Who made the green trees, flowers, and animals?,cre_q4.webp,audio_c4.mp3,1,GOD,CARS,ROADS,,,1,,,,,,,
multiple_choice,PP2-CRE-1.1.6_Creation_Gods_Wonderful_World,Everything created by God is very...?,cre_q5.webp,audio_c5.mp3,1,GOOD,BAD,DARK,,,1,,,,,,,
multiple_choice,PP2-CRE-1.1.6_Creation_Gods_Wonderful_World,We thank God for giving us His wonderful...?,cre_q6.webp,audio_c6.mp3,1,WORLD,TOYS,SHOES,,,1,,,,,,,
count_objects,PP2-CRE-1.1.6_Creation_Gods_Wonderful_World,Count 1 bright sun made by God!,cre_count1.webp,audio_c7.mp3,1,1,2,3,,☀️,1,,,,,,,
count_objects,PP2-CRE-1.1.6_Creation_Gods_Wonderful_World,Count 5 shiny stars in God's sky!,cre_count2.webp,audio_c8.mp3,1,5,3,4,,⭐,5,,,,,,,
count_objects,PP2-CRE-1.1.6_Creation_Gods_Wonderful_World,Count 3 tall trees in God's world!,cre_count3.webp,audio_c9.mp3,1,3,1,4,,🌳,3,,,,,,,
speak_repeat,PP2-CRE-1.1.6_Creation_Gods_Wonderful_World,Say out loud clearly: GOD CREATED A WONDERFUL WORLD FOR US!,speak_c1.webp,audio_c10.mp3,1,God Created A Wonderful World For Us,,,,,,God Created A Wonderful World For Us,,,,,,,
speak_repeat,PP2-CRE-1.1.6_Creation_Gods_Wonderful_World,Say out loud clearly: THANK YOU GOD FOR YOUR CREATION!,speak_c2.webp,audio_c11.mp3,1,Thank You God For Your Creation,,,,,,Thank You God For Your Creation,,,,,,,
matching,PP2-CRE-1.1.6_Creation_Gods_Wonderful_World,Match God's world creations!,,,1,,,,,,,,Sun ☀️,1,Tree 🌳,2,Star ⭐,3
matching,PP2-CRE-1.1.6_Creation_Gods_Wonderful_World,Match creation elements!,,,1,,,,,,,,Sky ☁️,1,Land 🏔️,2,Sea 🌊,3
multiple_choice,PP2-CRE-1.1.7_Jesus_Calms_the_Stormy_Sea,Who was in the boat with His disciples during the storm?,cal_q1.webp,audio_j1.mp3,1,JESUS,KINGS,GUARDS,,,1,,,,,,,
multiple_choice,PP2-CRE-1.1.7_Jesus_Calms_the_Stormy_Sea,What did Jesus say to the roaring wind and waves?,cal_q2.webp,audio_j2.mp3,1,PEACE BE STILL,BLOW HARD,RAIN MORE,,,1,,,,,,,
multiple_choice,PP2-CRE-1.1.7_Jesus_Calms_the_Stormy_Sea,What happened as soon as Jesus spoke to the sea?,cal_q3.webp,audio_j3.mp3,1,BECAME CALM,STORMIER,DARK,,,1,,,,,,,
multiple_choice,PP2-CRE-1.1.7_Jesus_Calms_the_Stormy_Sea,Jesus has power over wind and waves because He is Son of...?,cal_q4.webp,audio_j4.mp3,1,GOD,PILOTS,SAILORS,,,1,,,,,,,
multiple_choice,PP2-CRE-1.1.7_Jesus_Calms_the_Stormy_Sea,The disciples were amazed because the winds...?,cal_q5.webp,audio_j5.mp3,1,OBEYED HIM,BLEW,SANK,,,1,,,,,,,
multiple_choice,PP2-CRE-1.1.7_Jesus_Calms_the_Stormy_Sea,When we face storms in life, Jesus gives us...?,cal_q6.webp,audio_j6.mp3,1,PEACE,FEAR,ANGER,,,1,,,,,,,
count_objects,PP2-CRE-1.1.7_Jesus_Calms_the_Stormy_Sea,Count 1 boat safe in Jesus' care!,cal_count1.webp,audio_j7.mp3,1,1,2,3,,⛵,1,,,,,,,
count_objects,PP2-CRE-1.1.7_Jesus_Calms_the_Stormy_Sea,Count 3 calm waves after the storm stopped!,cal_count2.webp,audio_j8.mp3,1,3,1,4,,🌊,3,,,,,,,
count_objects,PP2-CRE-1.1.7_Jesus_Calms_the_Stormy_Sea,Count 2 peaceful white doves of peace!,cal_count3.webp,audio_j9.mp3,1,2,1,3,,🕊️,2,,,,,,,
speak_repeat,PP2-CRE-1.1.7_Jesus_Calms_the_Stormy_Sea,Say out loud clearly: PEACE BE STILL SAID JESUS TO THE STORM!,speak_j1.webp,audio_j10.mp3,1,Peace Be Still Said Jesus To The Storm,,,,,,Peace Be Still Said Jesus To The Storm,,,,,,,
speak_repeat,PP2-CRE-1.1.7_Jesus_Calms_the_Stormy_Sea,Say out loud clearly: JESUS HAS POWER OVER ALL WIND AND WAVES!,speak_j2.webp,audio_j11.mp3,1,Jesus Has Power Over All Wind And Waves,,,,,,Jesus Has Power Over All Wind And Waves,,,,,,,
matching,PP2-CRE-1.1.7_Jesus_Calms_the_Stormy_Sea,Match storm miracle items!,,,1,,,,,,,,Boat ⛵,1,Wave 🌊,2,Dove 🕊️,3
matching,PP2-CRE-1.1.7_Jesus_Calms_the_Stormy_Sea,Match power and peace symbols!,,,1,,,,,,,,Storm 🌩️,1,Calm 🌊,2,Cross ✝️,3
multiple_choice,PP2-CRE-1.1.8_The_Good_Samaritan_Neighbor_Love,Who stopped to help the hurt man on the road?,sam_q1.webp,audio_s1.mp3,1,GOOD SAMARITAN,ROBBERS,GUARDS,,,1,,,,,,,
multiple_choice,PP2-CRE-1.1.8_The_Good_Samaritan_Neighbor_Love,Jesus taught us that our neighbor is anyone in...?,sam_q2.webp,audio_s2.mp3,1,NEED,PARK,STREET,,,1,,,,,,,
multiple_choice,PP2-CRE-1.1.8_The_Good_Samaritan_Neighbor_Love,The Good Samaritan bandaged the man's wounds with...?,sam_q3.webp,audio_s3.mp3,1,LOVE AND CARE,ANGER,FEAR,,,1,,,,,,,
multiple_choice,PP2-CRE-1.1.8_The_Good_Samaritan_Neighbor_Love,Jesus commands us to love our neighbor as...?,sam_q4.webp,audio_s4.mp3,1,OURSELVES,ENEMIES,TOYS,,,1,,,,,,,
multiple_choice,PP2-CRE-1.1.8_The_Good_Samaritan_Neighbor_Love,Showing kindness to everyone pleases...?,sam_q5.webp,audio_s5.mp3,1,GOD,NOBODY,BAD,,,1,,,,,,,
multiple_choice,PP2-CRE-1.1.8_The_Good_Samaritan_Neighbor_Love,Who taught us the parable of the Good Samaritan?,sam_q6.webp,audio_s6.mp3,1,JESUS,PILATE,HEROD,,,1,,,,,,,
count_objects,PP2-CRE-1.1.8_The_Good_Samaritan_Neighbor_Love,Count 4 helping hands of neighbor love!,sam_count1.webp,audio_s7.mp3,1,4,2,3,,🤝,4,,,,,,,
count_objects,PP2-CRE-1.1.8_The_Good_Samaritan_Neighbor_Love,Count 3 healing bandages used with care!,sam_count2.webp,audio_s8.mp3,1,3,1,4,,🩹,3,,,,,,,
count_objects,PP2-CRE-1.1.8_The_Good_Samaritan_Neighbor_Love,Count 2 loving hearts showing Christian kindness!,sam_count3.webp,audio_s9.mp3,1,2,1,3,,❤️,2,,,,,,,
speak_repeat,PP2-CRE-1.1.8_The_Good_Samaritan_Neighbor_Love,Say out loud clearly: LOVE YOUR NEIGHBOR AS YOURSELF!,speak_s1.webp,audio_s10.mp3,1,Love Your Neighbor As Yourself,,,,,,Love Your Neighbor As Yourself,,,,,,,
speak_repeat,PP2-CRE-1.1.8_The_Good_Samaritan_Neighbor_Love,Say out loud clearly: SHOW KINDNESS AND HELP THOSE IN NEED!,speak_s2.webp,audio_s11.mp3,1,Show Kindness And Help Those In Need,,,,,,Show Kindness And Help Those In Need,,,,,,,
matching,PP2-CRE-1.1.8_The_Good_Samaritan_Neighbor_Love,Match Good Samaritan symbols!,,,1,,,,,,,,Hand 🤝,1,Bandage 🩹,2,Heart ❤️,3
matching,PP2-CRE-1.1.8_The_Good_Samaritan_Neighbor_Love,Match neighbor love items!,,,1,,,,,,,,Cross ✝️,1,Smile 😊,2,Love 💕,3
multiple_choice,PP2-CRE-1.1.9_The_Lost_Sheep_Found_with_Joy,Who leaves 99 sheep to search for 1 lost sheep?,ls_q1.webp,audio_l1.mp3,1,GOOD SHEPHERD,WOLF,GUARD,,,1,,,,,,,
multiple_choice,PP2-CRE-1.1.9_The_Lost_Sheep_Found_with_Joy,Who is our caring Good Shepherd?,ls_q2.webp,audio_l2.mp3,1,JESUS,KINGS,SOLDIERS,,,1,,,,,,,
multiple_choice,PP2-CRE-1.1.9_The_Lost_Sheep_Found_with_Joy,How does the Shepherd feel when He finds the lost sheep?,ls_q3.webp,audio_l3.mp3,1,JOYFUL,ANGRY,SAD,,,1,,,,,,,
multiple_choice,PP2-CRE-1.1.9_The_Lost_Sheep_Found_with_Joy,Jesus knows each of His sheep by their own...?,ls_q4.webp,audio_l4.mp3,1,NAME,COLOR,SIZE,,,1,,,,,,,
multiple_choice,PP2-CRE-1.1.9_The_Lost_Sheep_Found_with_Joy,The Good Shepherd carries the found sheep on His...?,ls_q5.webp,audio_l5.mp3,1,SHOULDERS,FEET,GROUND,,,1,,,,,,,
multiple_choice,PP2-CRE-1.1.9_The_Lost_Sheep_Found_with_Joy,We are safe in Jesus' care because He...?,ls_q6.webp,audio_l6.mp3,1,LOVES US,LEAVES US,FORGETS US,,,1,,,,,,,
count_objects,PP2-CRE-1.1.9_The_Lost_Sheep_Found_with_Joy,Count 1 lost sheep found with great joy!,ls_count1.webp,audio_l7.mp3,1,1,2,3,,🐑,1,,,,,,,
count_objects,PP2-CRE-1.1.9_The_Lost_Sheep_Found_with_Joy,Count 4 white sheep in the Shepherd's flock!,ls_count2.webp,audio_l8.mp3,1,4,2,5,,🐑,4,,,,,,,
count_objects,PP2-CRE-1.1.9_The_Lost_Sheep_Found_with_Joy,Count 3 shepherd staffs protecting sheep!,ls_count3.webp,audio_l9.mp3,1,3,1,4,,🦯,3,,,,,,,
speak_repeat,PP2-CRE-1.1.9_The_Lost_Sheep_Found_with_Joy,Say out loud clearly: JESUS IS MY GOOD SHEPHERD WHO LOVES ME!,speak_l1.webp,audio_l10.mp3,1,Jesus Is My Good Shepherd Who Loves Me,,,,,,Jesus Is My Good Shepherd Who Loves Me,,,,,,,
speak_repeat,PP2-CRE-1.1.9_The_Lost_Sheep_Found_with_Joy,Say out loud clearly: THERE IS GREAT JOY WHEN THE LOST IS FOUND!,speak_l2.webp,audio_l11.mp3,1,There Is Great Joy When The Lost Is Found,,,,,,There Is Great Joy When The Lost Is Found,,,,,,,
matching,PP2-CRE-1.1.9_The_Lost_Sheep_Found_with_Joy,Match Shepherd story items!,,,1,,,,,,,,Shepherd 🦯,1,Sheep 🐑,2,Grass 🌿,3
matching,PP2-CRE-1.1.9_The_Lost_Sheep_Found_with_Joy,Match care and joy symbols!,,,1,,,,,,,,Heart ❤️,1,Staff 🦯,2,Cross ✝️,3
multiple_choice,PP2-CRE-1.1.10_Bible_Stories_Grand_Master,Who defeated Goliath with courageous faith in God?,bm_q1.webp,audio_b1.mp3,1,DAVID,NOAH,DANIEL,,,1,,,,,,,
multiple_choice,PP2-CRE-1.1.10_Bible_Stories_Grand_Master,Who built the ark and saw the rainbow promise?,bm_q2.webp,audio_b2.mp3,1,NOAH,MOSES,JONAH,,,1,,,,,,,
multiple_choice,PP2-CRE-1.1.10_Bible_Stories_Grand_Master,Who was protected by angels in the lion's den?,bm_q3.webp,audio_b3.mp3,1,DANIEL,DAVID,SAUL,,,1,,,,,,,
multiple_choice,PP2-CRE-1.1.10_Bible_Stories_Grand_Master,Who was saved in a basket in the river?,bm_q4.webp,audio_b4.mp3,1,BABY MOSES,GOLIATH,NOAH,,,1,,,,,,,
multiple_choice,PP2-CRE-1.1.10_Bible_Stories_Grand_Master,Who spoke to the storm: Peace be still?,bm_q5.webp,audio_b5.mp3,1,JESUS,PILATE,HEROD,,,1,,,,,,,
multiple_choice,PP2-CRE-1.1.10_Bible_Stories_Grand_Master,All Bible stories teach us to trust, love, and obey...?,bm_q6.webp,audio_b6.mp3,1,GOD,WEAPONS,LUCK,,,1,,,,,,,
count_objects,PP2-CRE-1.1.10_Bible_Stories_Grand_Master,Count 5 grand master star trophies of faith!,bm_count1.webp,audio_b7.mp3,1,5,3,4,,🏆,5,,,,,,,
count_objects,PP2-CRE-1.1.10_Bible_Stories_Grand_Master,Count 4 praying hands of Bible heroes!,bm_count2.webp,audio_b8.mp3,1,4,2,3,,🙏,4,,,,,,,
count_objects,PP2-CRE-1.1.10_Bible_Stories_Grand_Master,Count 3 grand master crowns of victory!,bm_count3.webp,audio_b9.mp3,1,3,1,5,,👑,3,,,,,,,
speak_repeat,PP2-CRE-1.1.10_Bible_Stories_Grand_Master,Say out loud clearly: I AM A BIBLE STORIES GRAND MASTER!,speak_b1.webp,audio_b10.mp3,1,I Am A Bible Stories Grand Master,,,,,,I Am A Bible Stories Grand Master,,,,,,,
speak_repeat,PP2-CRE-1.1.10_Bible_Stories_Grand_Master,Say out loud clearly: TRUST OBEY AND FOLLOW GOD ALWAYS!,speak_b2.webp,audio_b11.mp3,1,Trust Obey And Follow God Always,,,,,,Trust Obey And Follow God Always,,,,,,,
matching,PP2-CRE-1.1.10_Bible_Stories_Grand_Master,Match grand Bible heroes!,,,1,,,,,,,,David 🪨,1,Noah ⛵,2,Daniel 🦁,3
matching,PP2-CRE-1.1.10_Bible_Stories_Grand_Master,Match grand master symbols!,,,1,,,,,,,,Cross ✝️,1,Crown 👑,2,Heart ❤️,3
multiple_choice,PP2-CRE-2.1.11_Jesus_Miracle_Feeding_5000,How many loaves of bread did the boy share with Jesus?,f5_q1.webp,audio_f1.mp3,1,5,2,10,,,1,,,,,,,
multiple_choice,PP2-CRE-2.1.11_Jesus_Miracle_Feeding_5000,How many small fish were in the boy's lunch basket?,f5_q2.webp,audio_f2.mp3,1,2,5,1,,,1,,,,,,,
multiple_choice,PP2-CRE-2.1.11_Jesus_Miracle_Feeding_5000,Who blessed and multiplied the food for 5000 people?,f5_q3.webp,audio_f3.mp3,1,JESUS,DISCIPLES,CROWD,,,1,,,,,,,
multiple_choice,PP2-CRE-2.1.11_Jesus_Miracle_Feeding_5000,How many baskets of leftover food were collected?,f5_q4.webp,audio_f4.mp3,1,12,5,2,,,1,,,,,,,
multiple_choice,PP2-CRE-2.1.11_Jesus_Miracle_Feeding_5000,This miracle shows that Jesus provides for all our...?,f5_q5.webp,audio_f5.mp3,1,NEEDS,FEAR,ANGER,,,1,,,,,,,
multiple_choice,PP2-CRE-2.1.11_Jesus_Miracle_Feeding_5000,When we share what we have, Jesus can perform...?,f5_q6.webp,audio_f6.mp3,1,MIRACLES,LIES,STORMS,,,1,,,,,,,
count_objects,PP2-CRE-2.1.11_Jesus_Miracle_Feeding_5000,Count 5 loaves of bread blessed by Jesus!,f5_count1.webp,audio_f7.mp3,1,5,3,4,,🍞,5,,,,,,,
count_objects,PP2-CRE-2.1.11_Jesus_Miracle_Feeding_5000,Count 2 small fish shared with Jesus!,f5_count2.webp,audio_f8.mp3,1,2,1,3,,🐟,2,,,,,,,
count_objects,PP2-CRE-2.1.11_Jesus_Miracle_Feeding_5000,Count 4 leftover baskets of bread!,f5_count3.webp,audio_f9.mp3,1,4,2,5,,🧺,4,,,,,,,
speak_repeat,PP2-CRE-2.1.11_Jesus_Miracle_Feeding_5000,Say out loud clearly: JESUS FED FIVE THOUSAND PEOPLE WITH FIVE LOAVES AND TWO FISH!,speak_f1.webp,audio_f10.mp3,1,Jesus Fed Five Thousand People With Five Loaves And Two Fish,,,,,,Jesus Fed Five Thousand People With Five Loaves And Two Fish,,,,,,,
speak_repeat,PP2-CRE-2.1.11_Jesus_Miracle_Feeding_5000,Say out loud clearly: JESUS IS OUR GREAT PROVIDER!,speak_f2.webp,audio_f11.mp3,1,Jesus Is Our Great Provider,,,,,,Jesus Is Our Great Provider,,,,,,,
matching,PP2-CRE-2.1.11_Jesus_Miracle_Feeding_5000,Match miracle lunch items!,,,1,,,,,,,,Bread 🍞,1,Fish 🐟,2,Basket 🧺,3
matching,PP2-CRE-2.1.11_Jesus_Miracle_Feeding_5000,Match sharing and blessing symbols!,,,1,,,,,,,,Pray 🙏,1,Share 🎁,2,Heart ❤️,3
multiple_choice,PP2-CRE-2.1.12_Jesus_Heals_the_Blind_Man,Who opened the eyes of the blind man so he could see?,bm_q1.webp,audio_b1.mp3,1,JESUS,SOLDIERS,KINGS,,,1,,,,,,,
multiple_choice,PP2-CRE-2.1.12_Jesus_Heals_the_Blind_Man,When Jesus touched the blind man's eyes, he received...?,bm_q2.webp,audio_b2.mp3,1,SIGHT,FEAR,SADNESS,,,1,,,,,,,
multiple_choice,PP2-CRE-2.1.12_Jesus_Heals_the_Blind_Man,The healed man praised God with great...?,bm_q3.webp,audio_b3.mp3,1,JOY,ANGER,TEARS,,,1,,,,,,,
multiple_choice,PP2-CRE-2.1.12_Jesus_Heals_the_Blind_Man,Jesus healed the sick and blind because He is full of...?,bm_q4.webp,audio_b4.mp3,1,LOVE,FEAR,PRIDE,,,1,,,,,,,
multiple_choice,PP2-CRE-2.1.12_Jesus_Heals_the_Blind_Man,When we are sick or hurting, we can pray to...?,bm_q5.webp,audio_b5.mp3,1,JESUS,STARS,ROCKS,,,1,,,,,,,
multiple_choice,PP2-CRE-2.1.12_Jesus_Heals_the_Blind_Man,Jesus' healing miracles show God's great...?,bm_q6.webp,audio_b6.mp3,1,POWER,DARK,LUCK,,,1,,,,,,,
count_objects,PP2-CRE-2.1.12_Jesus_Heals_the_Blind_Man,Count 2 seeing eyes opened by Jesus!,bm_count1.webp,audio_b7.mp3,1,2,1,3,,👁️,2,,,,,,,
count_objects,PP2-CRE-2.1.12_Jesus_Heals_the_Blind_Man,Count 3 joyful people praising God for healing!,bm_count2.webp,audio_b8.mp3,1,3,1,4,,🏼,3,,,,,,,
count_objects,PP2-CRE-2.1.12_Jesus_Heals_the_Blind_Man,Count 4 healing hearts filled with love!,bm_count3.webp,audio_b9.mp3,1,4,2,5,,❤️,4,,,,,,,
speak_repeat,PP2-CRE-2.1.12_Jesus_Heals_the_Blind_Man,Say out loud clearly: JESUS HEALED THE BLIND MAN AND GAVE HIM SIGHT!,speak_b1.webp,audio_b10.mp3,1,Jesus Healed The Blind Man And Gave Him Sight,,,,,,Jesus Healed The Blind Man And Gave Him Sight,,,,,,,
speak_repeat,PP2-CRE-2.1.12_Jesus_Heals_the_Blind_Man,Say out loud clearly: JESUS HAS GREAT POWER TO HEAL AND SAVE!,speak_b2.webp,audio_b11.mp3,1,Jesus Has Great Power To Heal And Save,,,,,,Jesus Has Great Power To Heal And Save,,,,,,,
matching,PP2-CRE-2.1.12_Jesus_Heals_the_Blind_Man,Match healing miracle symbols!,,,1,,,,,,,,Eyes 👁️,1,Pray 🙏,2,Heart ❤️,3
matching,PP2-CRE-2.1.12_Jesus_Heals_the_Blind_Man,Match health and power items!,,,1,,,,,,,,Smile 😊,1,Cross ✝️,2,Praise 🎵,3
multiple_choice,PP2-CRE-2.1.13_Jesus_Blesses_Little_Children,Who said: Let the little children come to Me?,jbc_q1.webp,audio_j1.mp3,1,JESUS,DISCIPLES,GUARDS,,,1,,,,,,,
multiple_choice,PP2-CRE-2.1.13_Jesus_Blesses_Little_Children,Jesus placed His hands on children and gave them...?,jbc_q2.webp,audio_j2.mp3,1,BLESSINGS,TOYS,MONEY,,,1,,,,,,,
multiple_choice,PP2-CRE-2.1.13_Jesus_Blesses_Little_Children,How does Jesus feel about every little child?,jbc_q3.webp,audio_j3.mp3,1,LOVES THEM,IGNORES,FORGETS,,,1,,,,,,,
multiple_choice,PP2-CRE-2.1.13_Jesus_Blesses_Little_Children,The kingdom of heaven belongs to such as...?,jbc_q4.webp,audio_j4.mp3,1,CHILDREN,KINGS,SOLDIERS,,,1,,,,,,,
multiple_choice,PP2-CRE-2.1.13_Jesus_Blesses_Little_Children,Jesus is every child's best and most loving...?,jbc_q5.webp,audio_j5.mp3,1,FRIEND,GUARD,KING,,,1,,,,,,,
multiple_choice,PP2-CRE-2.1.13_Jesus_Blesses_Little_Children,We know Jesus loves us because the Holy...?,jbc_q6.webp,audio_j6.mp3,1,BIBLE,PAPER,CHART,,,1,,,,,,,
count_objects,PP2-CRE-2.1.13_Jesus_Blesses_Little_Children,Count 5 happy children coming to Jesus!,jbc_count1.webp,audio_j7.mp3,1,5,3,4,,👧,5,,,,,,,
count_objects,PP2-CRE-2.1.13_Jesus_Blesses_Little_Children,Count 3 loving hearts from Jesus!,jbc_count2.webp,audio_j8.mp3,1,3,1,4,,❤️,3,,,,,,,
count_objects,PP2-CRE-2.1.13_Jesus_Blesses_Little_Children,Count 2 blessing hands of Jesus!,jbc_count3.webp,audio_j9.mp3,1,2,1,3,,🙏,2,,,,,,,
speak_repeat,PP2-CRE-2.1.13_Jesus_Blesses_Little_Children,Say out loud clearly: JESUS LOVES AND BLESSES ALL LITTLE CHILDREN!,speak_j1.webp,audio_j10.mp3,1,Jesus Loves And Blesses All Little Children,,,,,,Jesus Loves And Blesses All Little Children,,,,,,,
speak_repeat,PP2-CRE-2.1.13_Jesus_Blesses_Little_Children,Say out loud clearly: I AM SAFE AND BLESSED IN JESUS' LOVE!,speak_j2.webp,audio_j11.mp3,1,I Am Safe And Blessed In Jesus' Love,,,,,,I Am Safe And Blessed In Jesus' Love,,,,,,,
matching,PP2-CRE-2.1.13_Jesus_Blesses_Little_Children,Match Jesus and children symbols!,,,1,,,,,,,,Child 👧,1,Heart ❤️,2,Blessing 🙏,3
matching,PP2-CRE-2.1.13_Jesus_Blesses_Little_Children,Match love and friendship items!,,,1,,,,,,,,Cross ✝️,1,Smile 😊,2,Bible 📖,3
multiple_choice,PP2-CRE-2.1.14_Easter_Resurrection_of_Jesus,What special day do we celebrate Jesus rising from the dead?,eas_q1.webp,audio_e1.mp3,1,EASTER,CHRISTMAS,SUNDAY,,,1,,,,,,,
multiple_choice,PP2-CRE-2.1.14_Easter_Resurrection_of_Jesus,On Easter morning, the tomb was found...?,eas_q2.webp,audio_e2.mp3,1,EMPTY,FULL,CLOSED,,,1,,,,,,,
multiple_choice,PP2-CRE-2.1.14_Easter_Resurrection_of_Jesus,Jesus conquered death and is alive...?,eas_q3.webp,audio_e3.mp3,1,FOREVER,TODAY,ONCE,,,1,,,,,,,
multiple_choice,PP2-CRE-2.1.14_Easter_Resurrection_of_Jesus,Jesus' resurrection gives us hope, joy, and...?,eas_q4.webp,audio_e4.mp3,1,LIFE,FEAR,DARK,,,1,,,,,,,
multiple_choice,PP2-CRE-2.1.14_Easter_Resurrection_of_Jesus,Who rolled away the stone from Jesus' tomb?,eas_q5.webp,audio_e5.mp3,1,ANGEL,SOLDIER,KING,,,1,,,,,,,
multiple_choice,PP2-CRE-2.1.14_Easter_Resurrection_of_Jesus,We shout with joy: He is risen, He is risen...?,eas_q6.webp,audio_e6.mp3,1,INDEED,NEVER,AGAIN,,,1,,,,,,,
count_objects,PP2-CRE-2.1.14_Easter_Resurrection_of_Jesus,Count 1 empty tomb of resurrection hope!,eas_count1.webp,audio_e7.mp3,1,1,2,3,,🪨,1,,,,,,,
count_objects,PP2-CRE-2.1.14_Easter_Resurrection_of_Jesus,Count 3 shining crosses of Easter joy!,eas_count2.webp,audio_e8.mp3,1,3,1,4,,✝️,3,,,,,,,
count_objects,PP2-CRE-2.1.14_Easter_Resurrection_of_Jesus,Count 2 angels proclaiming Jesus is alive!,eas_count3.webp,audio_e9.mp3,1,2,1,3,,👼,2,,,,,,,
speak_repeat,PP2-CRE-2.1.14_Easter_Resurrection_of_Jesus,Say out loud clearly: JESUS IS RISEN HE IS ALIVE FOREVERMORE!,speak_e1.webp,audio_e10.mp3,1,Jesus Is Risen He Is Alive Forevermore,,,,,,Jesus Is Risen He Is Alive Forevermore,,,,,,,
speak_repeat,PP2-CRE-2.1.14_Easter_Resurrection_of_Jesus,Say out loud clearly: EASTER BRINGS HOPE JOY AND ETERNAL LIFE!,speak_e2.webp,audio_e11.mp3,1,Easter Brings Hope Joy And Eternal Life,,,,,,Easter Brings Hope Joy And Eternal Life,,,,,,,
matching,PP2-CRE-2.1.14_Easter_Resurrection_of_Jesus,Match Easter resurrection symbols!,,,1,,,,,,,,Cross ✝️,1,Angel 👼,2,Heart ❤️,3
matching,PP2-CRE-2.1.14_Easter_Resurrection_of_Jesus,Match Easter joy items!,,,1,,,,,,,,Tomb 🪨,1,Sun ☀️,2,Smile 😊,3
multiple_choice,PP2-CRE-2.1.15_Christmas_Joy_and_Manger_Gift,Where was Baby Jesus born on Christmas night?,chr_q1.webp,audio_c1.mp3,1,MANGER,PALACE,HOUSE,,,1,,,,,,,
multiple_choice,PP2-CRE-2.1.15_Christmas_Joy_and_Manger_Gift,What did the Wise Men follow to find Baby Jesus?,chr_q2.webp,audio_c2.mp3,1,BRIGHT STAR,CLOUD,MAP,,,1,,,,,,,
multiple_choice,PP2-CRE-2.1.15_Christmas_Joy_and_Manger_Gift,What did Wise Men bring to give Baby Jesus?,chr_q3.webp,audio_c3.mp3,1,GIFTS,ROCKS,TOYS,,,1,,,,,,,
multiple_choice,PP2-CRE-2.1.15_Christmas_Joy_and_Manger_Gift,Baby Jesus is God's greatest gift of...?,chr_q4.webp,audio_c4.mp3,1,LOVE,FEAR,ANGER,,,1,,,,,,,
multiple_choice,PP2-CRE-2.1.15_Christmas_Joy_and_Manger_Gift,Angels sang joyful news of Jesus' birth to...?,chr_q5.webp,audio_c5.mp3,1,SHEPHERDS,KINGS,GUARDS,,,1,,,,,,,
multiple_choice,PP2-CRE-2.1.15_Christmas_Joy_and_Manger_Gift,On Christmas we give our hearts as a gift to...?,chr_q6.webp,audio_c6.mp3,1,JESUS,NOBODY,NONE,,,1,,,,,,,
count_objects,PP2-CRE-2.1.15_Christmas_Joy_and_Manger_Gift,Count 1 Baby Jesus in the manger!,chr_count1.webp,audio_c7.mp3,1,1,2,3,,👶,1,,,,,,,
count_objects,PP2-CRE-2.1.15_Christmas_Joy_and_Manger_Gift,Count 3 treasure gift boxes from Wise Men!,chr_count2.webp,audio_c8.mp3,1,3,1,4,,🎁,3,,,,,,,
count_objects,PP2-CRE-2.1.15_Christmas_Joy_and_Manger_Gift,Count 1 bright Christmas star!,chr_count3.webp,audio_c9.mp3,1,1,2,3,,⭐,1,,,,,,,
speak_repeat,PP2-CRE-2.1.15_Christmas_Joy_and_Manger_Gift,Say out loud clearly: BABY JESUS IS GOD'S GREATEST GIFT OF LOVE!,speak_c1.webp,audio_c10.mp3,1,Baby Jesus Is God's Greatest Gift Of Love,,,,,,Baby Jesus Is God's Greatest Gift Of Love,,,,,,,
speak_repeat,PP2-CRE-2.1.15_Christmas_Joy_and_Manger_Gift,Say out loud clearly: CHRISTMAS BRINGS JOY TO ALL THE WORLD!,speak_c2.webp,audio_c11.mp3,1,Christmas Brings Joy To All The World,,,,,,Christmas Brings Joy To All The World,,,,,,,
matching,PP2-CRE-2.1.15_Christmas_Joy_and_Manger_Gift,Match Christmas manger items!,,,1,,,,,,,,Baby 👶,1,Star ⭐,2,Gift 🎁,3
matching,PP2-CRE-2.1.15_Christmas_Joy_and_Manger_Gift,Match Christmas joy symbols!,,,1,,,,,,,,Manger 🛖,1,Wise Man 🧙,2,Heart ❤️,3
multiple_choice,PP2-CRE-2.1.16_Christian_Living_Love_and_Kindness,How should Christians treat everyone around them?,cl1_q1.webp,audio_c11.mp3,1,LOVE AND KINDNESS,ANGER,GREED,,,1,,,,,,,
multiple_choice,PP2-CRE-2.1.16_Christian_Living_Love_and_Kindness,When a friend is sad, we show kindness by...?,cl1_q2.webp,audio_c12.mp3,1,HELPING,LAUGHING,LEAVING,,,1,,,,,,,
multiple_choice,PP2-CRE-2.1.16_Christian_Living_Love_and_Kindness,Sharing toys and food shows Christian...?,cl1_q3.webp,audio_c13.mp3,1,LOVE,PRIDE,HATE,,,1,,,,,,,
multiple_choice,PP2-CRE-2.1.16_Christian_Living_Love_and_Kindness,Jesus taught us to treat others as we want to be...?,cl1_q4.webp,audio_c14.mp3,1,TREATED,PUSHED,IGNORED,,,1,,,,,,,
multiple_choice,PP2-CRE-2.1.16_Christian_Living_Love_and_Kindness,Kindness is a fruit of God's Holy...?,cl1_q5.webp,audio_c15.mp3,1,SPIRIT,TREE,FLOWER,,,1,,,,,,,
multiple_choice,PP2-CRE-2.1.16_Christian_Living_Love_and_Kindness,A kind and loving child brings glory to...?,cl1_q6.webp,audio_c16.mp3,1,GOD,NOBODY,BAD,,,1,,,,,,,
count_objects,PP2-CRE-2.1.16_Christian_Living_Love_and_Kindness,Count 4 helping hands of Christian kindness!,cl1_count1.webp,audio_c17.mp3,1,4,2,3,,🤝,4,,,,,,,
count_objects,PP2-CRE-2.1.16_Christian_Living_Love_and_Kindness,Count 3 shared gift boxes!,cl1_count2.webp,audio_c18.mp3,1,3,1,4,,🎁,3,,,,,,,
count_objects,PP2-CRE-2.1.16_Christian_Living_Love_and_Kindness,Count 5 smiles of Christian love!,cl1_count3.webp,audio_c19.mp3,1,5,3,4,,😊,5,,,,,,,
speak_repeat,PP2-CRE-2.1.16_Christian_Living_Love_and_Kindness,Say out loud clearly: SHOW LOVE AND KINDNESS TO EVERYONE EVERY DAY!,speak_c11.webp,audio_c110.mp3,1,Show Love And Kindness To Everyone Every Day,,,,,,Show Love And Kindness To Everyone Every Day,,,,,,,
speak_repeat,PP2-CRE-2.1.16_Christian_Living_Love_and_Kindness,Say out loud clearly: GOD LOVES A KIND AND CHEERFUL HEART!,speak_c12.webp,audio_c111.mp3,1,God Loves A Kind And Cheerful Heart,,,,,,God Loves A Kind And Cheerful Heart,,,,,,,
matching,PP2-CRE-2.1.16_Christian_Living_Love_and_Kindness,Match Christian living values!,,,1,,,,,,,,Love ❤️,1,Help 🤝,2,Share 🎁,3
matching,PP2-CRE-2.1.16_Christian_Living_Love_and_Kindness,Match kindness symbols!,,,1,,,,,,,,Smile 😊,1,Cross ✝️,2,Heart 💕,3
multiple_choice,PP2-CRE-2.1.17_Christian_Living_Honesty_and_Truth,Always speaking the truth means we are being...?,cl2_q1.webp,audio_c21.mp3,1,HONEST,RUDE,MEAN,,,1,,,,,,,
multiple_choice,PP2-CRE-2.1.17_Christian_Living_Honesty_and_Truth,God wants us to always speak words of...?,cl2_q2.webp,audio_c22.mp3,1,TRUTH,LIES,NOISE,,,1,,,,,,,
multiple_choice,PP2-CRE-2.1.17_Christian_Living_Honesty_and_Truth,When we make a mistake, we should be honest and...?,cl2_q3.webp,audio_c23.mp3,1,TELL TRUTH,HIDE,BLAME,,,1,,,,,,,
multiple_choice,PP2-CRE-2.1.17_Christian_Living_Honesty_and_Truth,Honesty builds trust with our parents and...?,cl2_q4.webp,audio_c24.mp3,1,FRIENDS,ENEMIES,TOYS,,,1,,,,,,,
multiple_choice,PP2-CRE-2.1.17_Christian_Living_Honesty_and_Truth,The Holy Bible teaches us that honesty pleases...?,cl2_q5.webp,audio_c25.mp3,1,GOD,NOBODY,NONE,,,1,,,,,,,
multiple_choice,PP2-CRE-2.1.17_Christian_Living_Honesty_and_Truth,An honest heart shines bright with God's...?,cl2_q6.webp,audio_c26.mp3,1,LIGHT,DARK,FEAR,,,1,,,,,,,
count_objects,PP2-CRE-2.1.17_Christian_Living_Honesty_and_Truth,Count 3 open Bibles teaching truth!,cl2_count1.webp,audio_c27.mp3,1,3,2,4,,📖,3,,,,,,,
count_objects,PP2-CRE-2.1.17_Christian_Living_Honesty_and_Truth,Count 4 shining lights of honesty!,cl2_count2.webp,audio_c28.mp3,1,4,2,5,,💡,4,,,,,,,
count_objects,PP2-CRE-2.1.17_Christian_Living_Honesty_and_Truth,Count 2 honest hearts pleasing God!,cl2_count3.webp,audio_c29.mp3,1,2,1,3,,❤️,2,,,,,,,
speak_repeat,PP2-CRE-2.1.17_Christian_Living_Honesty_and_Truth,Say out loud clearly: ALWAYS SPEAK THE TRUTH AND BE HONEST!,speak_c21.webp,audio_c210.mp3,1,Always Speak The Truth And Be Honest,,,,,,Always Speak The Truth And Be Honest,,,,,,,
speak_repeat,PP2-CRE-2.1.17_Christian_Living_Honesty_and_Truth,Say out loud clearly: HONESTY IS A PRECIOUS CHRISTIAN VALUE!,speak_c22.webp,audio_c211.mp3,1,Honesty Is A Precious Christian Value,,,,,,Honesty Is A Precious Christian Value,,,,,,,
matching,PP2-CRE-2.1.17_Christian_Living_Honesty_and_Truth,Match honesty symbols!,,,1,,,,,,,,Truth 📖,1,Light 💡,2,Heart ❤️,3
matching,PP2-CRE-2.1.17_Christian_Living_Honesty_and_Truth,Match truth and trust items!,,,1,,,,,,,,Honest 😊,1,Cross ✝️,2,Pray 🙏,3
multiple_choice,PP2-CRE-2.1.18_Christian_Living_Helping_Parents,Who should we honor and obey at home?,cl3_q1.webp,audio_c31.mp3,1,PARENTS,STRANGERS,NOBODY,,,1,,,,,,,
multiple_choice,PP2-CRE-2.1.18_Christian_Living_Helping_Parents,Helping clean the house and picking up toys shows...?,cl3_q2.webp,audio_c32.mp3,1,LOVE,ANGER,GREED,,,1,,,,,,,
multiple_choice,PP2-CRE-2.1.18_Christian_Living_Helping_Parents,God's commandment says: Honor your father and...?,cl3_q3.webp,audio_c33.mp3,1,MOTHER,TOYS,CARS,,,1,,,,,,,
multiple_choice,PP2-CRE-2.1.18_Christian_Living_Helping_Parents,When we obey Mommy and Daddy happily, we make God...?,cl3_q4.webp,audio_c34.mp3,1,GLAD,SAD,UPSET,,,1,,,,,,,
multiple_choice,PP2-CRE-2.1.18_Christian_Living_Helping_Parents,An obedient child brings peace to the...?,cl3_q5.webp,audio_c35.mp3,1,HOME,STREET,STORE,,,1,,,,,,,
multiple_choice,PP2-CRE-2.1.18_Christian_Living_Helping_Parents,Helping parents at home is an act of Christian...?,cl3_q6.webp,audio_c36.mp3,1,LOVE,FEAR,PRIDE,,,1,,,,,,,
count_objects,PP2-CRE-2.1.18_Christian_Living_Helping_Parents,Count 3 helping hands at home!,cl3_count1.webp,audio_c37.mp3,1,3,1,4,,🤝,3,,,,,,,
count_objects,PP2-CRE-2.1.18_Christian_Living_Helping_Parents,Count 4 home broom items showing clean home!,cl3_count2.webp,audio_c38.mp3,1,4,2,5,,🧹,4,,,,,,,
count_objects,PP2-CRE-2.1.18_Christian_Living_Helping_Parents,Count 2 loving parents at home!,cl3_count3.webp,audio_c39.mp3,1,2,1,3,,🏠,2,,,,,,,
speak_repeat,PP2-CRE-2.1.18_Christian_Living_Helping_Parents,Say out loud clearly: HONOR AND HELP YOUR PARENTS AT HOME!,speak_c31.webp,audio_c310.mp3,1,Honor And Help Your Parents At Home,,,,,,Honor And Help Your Parents At Home,,,,,,,
speak_repeat,PP2-CRE-2.1.18_Christian_Living_Helping_Parents,Say out loud clearly: HELPING MY FAMILY PLEASES GOD!,speak_c32.webp,audio_c311.mp3,1,Helping My Family Pleases God,,,,,,Helping My Family Pleases God,,,,,,,
matching,PP2-CRE-2.1.18_Christian_Living_Helping_Parents,Match home helping items!,,,1,,,,,,,,Hand 🤝,1,Home 🏠,2,Heart ❤️,3
matching,PP2-CRE-2.1.18_Christian_Living_Helping_Parents,Match family honor symbols!,,,1,,,,,,,,Mommy 👩,1,Daddy 👨,2,Pray 🙏,3
multiple_choice,PP2-CRE-2.1.19_Church_Fellowship_and_Praise,Where do Christians gather on Sunday to worship God?,ch_q1.webp,audio_c1.mp3,1,CHURCH,MARKET,PARK,,,1,,,,,,,
multiple_choice,PP2-CRE-2.1.19_Church_Fellowship_and_Praise,In Sunday school we learn stories from the Holy...?,ch_q2.webp,audio_c2.mp3,1,BIBLE,PAPER,CHART,,,1,,,,,,,
multiple_choice,PP2-CRE-2.1.19_Church_Fellowship_and_Praise,Singing and praying together in church is called...?,ch_q3.webp,audio_c3.mp3,1,FELLOWSHIP,RUNNING,SLEEPING,,,1,,,,,,,
multiple_choice,PP2-CRE-2.1.19_Church_Fellowship_and_Praise,We praise God with songs, clapping, and musical...?,ch_q4.webp,audio_c4.mp3,1,INSTRUMENTS,TOYS,ROCKS,,,1,,,,,,,
multiple_choice,PP2-CRE-2.1.19_Church_Fellowship_and_Praise,The church is the house of...?,ch_q5.webp,audio_c5.mp3,1,GOD,KINGS,PILOTS,,,1,,,,,,,
multiple_choice,PP2-CRE-2.1.19_Church_Fellowship_and_Praise,Worshipping God with friends brings great...?,ch_q6.webp,audio_c6.mp3,1,JOY,SADNESS,FEAR,,,1,,,,,,,
count_objects,PP2-CRE-2.1.19_Church_Fellowship_and_Praise,Count 3 church buildings of worship!,ch_count1.webp,audio_c7.mp3,1,3,1,4,,⛪,3,,,,,,,
count_objects,PP2-CRE-2.1.19_Church_Fellowship_and_Praise,Count 5 Bibles read in Sunday school!,ch_count2.webp,audio_c8.mp3,1,5,3,4,,📖,5,,,,,,,
count_objects,PP2-CRE-2.1.19_Church_Fellowship_and_Praise,Count 4 happy children singing in church!,ch_count3.webp,audio_c9.mp3,1,4,2,5,,😃,4,,,,,,,
speak_repeat,PP2-CRE-2.1.19_Church_Fellowship_and_Praise,Say out loud clearly: WORSHIP GOD IN CHURCH WITH JOY AND FELLOWSHIP!,speak_c1.webp,audio_c10.mp3,1,Worship God In Church With Joy And Fellowship,,,,,,Worship God In Church With Joy And Fellowship,,,,,,,
speak_repeat,PP2-CRE-2.1.19_Church_Fellowship_and_Praise,Say out loud clearly: I WAS GLAD WHEN THEY SAID LET US GO TO GOD'S HOUSE!,speak_c2.webp,audio_c11.mp3,1,I Was Glad When They Said Let Us Go To God's House,,,,,,I Was Glad When They Said Let Us Go To God's House,,,,,,,
matching,PP2-CRE-2.1.19_Church_Fellowship_and_Praise,Match church fellowship symbols!,,,1,,,,,,,,Church ⛪,1,Bible 📖,2,Pray 🙏,3
matching,PP2-CRE-2.1.19_Church_Fellowship_and_Praise,Match worship items!,,,1,,,,,,,,Cross ✝️,1,Music 🎵,2,Heart ❤️,3
multiple_choice,PP2-CRE-2.1.20_Life_of_Jesus_Grand_Master,Who is God's Son born in Bethlehem and risen on Easter?,jgm_q1.webp,audio_j1.mp3,1,JESUS,KINGS,GUARDS,,,1,,,,,,,
multiple_choice,PP2-CRE-2.1.20_Life_of_Jesus_Grand_Master,Jesus fed 5000 people with 5 loaves and 2...?,jgm_q2.webp,audio_j2.mp3,1,FISH,APPLES,CAKES,,,1,,,,,,,
multiple_choice,PP2-CRE-2.1.20_Life_of_Jesus_Grand_Master,Jesus healed the sick, opened blind eyes, and gave...?,jgm_q3.webp,audio_j3.mp3,1,SIGHT,FEAR,ANGER,,,1,,,,,,,
multiple_choice,PP2-CRE-2.1.20_Life_of_Jesus_Grand_Master,Jesus is our Savior, Teacher, and Good...?,jgm_q4.webp,audio_j4.mp3,1,SHEPHERD,SOLDIER,PILOT,,,1,,,,,,,
multiple_choice,PP2-CRE-2.1.20_Life_of_Jesus_Grand_Master,Jesus loves and blesses all little...?,jgm_q5.webp,audio_j5.mp3,1,CHILDREN,KINGS,GUARDS,,,1,,,,,,,
multiple_choice,PP2-CRE-2.1.20_Life_of_Jesus_Grand_Master,Living by Jesus' example means showing love and...?,jgm_q6.webp,audio_j6.mp3,1,KINDNESS,HATE,PRIDE,,,1,,,,,,,
count_objects,PP2-CRE-2.1.20_Life_of_Jesus_Grand_Master,Count 5 grand master star trophies of Jesus' love!,jgm_count1.webp,audio_j7.mp3,1,5,3,4,,🏆,5,,,,,,,
count_objects,PP2-CRE-2.1.20_Life_of_Jesus_Grand_Master,Count 4 praying hands giving thanks to Jesus!,jgm_count2.webp,audio_j8.mp3,1,4,2,3,,🙏,4,,,,,,,
count_objects,PP2-CRE-2.1.20_Life_of_Jesus_Grand_Master,Count 3 grand master crowns of victory!,jgm_count3.webp,audio_j9.mp3,1,3,1,5,,👑,3,,,,,,,
speak_repeat,PP2-CRE-2.1.20_Life_of_Jesus_Grand_Master,Say out loud clearly: I AM A LIFE OF JESUS GRAND MASTER!,speak_j1.webp,audio_j10.mp3,1,I Am A Life Of Jesus Grand Master,,,,,,I Am A Life Of Jesus Grand Master,,,,,,,
speak_repeat,PP2-CRE-2.1.20_Life_of_Jesus_Grand_Master,Say out loud clearly: JESUS IS LORD SAVIOR AND MY BEST FRIEND!,speak_j2.webp,audio_j11.mp3,1,Jesus Is Lord Savior And My Best Friend,,,,,,Jesus Is Lord Savior And My Best Friend,,,,,,,
matching,PP2-CRE-2.1.20_Life_of_Jesus_Grand_Master,Match Jesus' grand milestones!,,,1,,,,,,,,Birth 👶,1,Miracles 🍞,2,Resurrection ✝️,3
matching,PP2-CRE-2.1.20_Life_of_Jesus_Grand_Master,Match grand master symbols!,,,1,,,,,,,,Crown 👑,1,Cross ✝️,2,Heart ❤️,3
multiple_choice,PP2-CRE-3.1.21_The_Holy_Bible_Gods_Word_Guidance,What holy book serves as God's word and guiding light?,hbg_q1.webp,audio_h1.mp3,1,BIBLE,PAPER,MAP,,,1,,,,,,,
multiple_choice,PP2-CRE-3.1.21_The_Holy_Bible_Gods_Word_Guidance,Thy word is a lamp unto my feet and a...?,hbg_q2.webp,audio_h2.mp3,1,LIGHT,DARK,STONE,,,1,,,,,,,
multiple_choice,PP2-CRE-3.1.21_The_Holy_Bible_Gods_Word_Guidance,Who inspired holy men to write the Bible?,hbg_q3.webp,audio_h3.mp3,1,GOD,KINGS,SAILORS,,,1,,,,,,,
multiple_choice,PP2-CRE-3.1.21_The_Holy_Bible_Gods_Word_Guidance,Reading the Bible every day makes us wise and...?,hbg_q4.webp,audio_h4.mp3,1,GOOD,LOST,SAD,,,1,,,,,,,
multiple_choice,PP2-CRE-3.1.21_The_Holy_Bible_Gods_Word_Guidance,God's word teaches us right from...?,hbg_q5.webp,audio_h5.mp3,1,WRONG,SAME,DARK,,,1,,,,,,,
multiple_choice,PP2-CRE-3.1.21_The_Holy_Bible_Gods_Word_Guidance,We treasure God's holy guidance in our...?,hbg_q6.webp,audio_h6.mp3,1,HEART,BOX,BAG,,,1,,,,,,,
count_objects,PP2-CRE-3.1.21_The_Holy_Bible_Gods_Word_Guidance,Count 3 Holy Bibles full of guidance!,hbg_count1.webp,audio_h7.mp3,1,3,2,4,,📖,3,,,,,,,
count_objects,PP2-CRE-3.1.21_The_Holy_Bible_Gods_Word_Guidance,Count 5 light rays showing God's word!,hbg_count2.webp,audio_h8.mp3,1,5,3,4,,💡,5,,,,,,,
count_objects,PP2-CRE-3.1.21_The_Holy_Bible_Gods_Word_Guidance,Count 2 loving hearts holding the Bible!,hbg_count3.webp,audio_h9.mp3,1,2,1,3,,❤️,2,,,,,,,
speak_repeat,PP2-CRE-3.1.21_The_Holy_Bible_Gods_Word_Guidance,Say out loud clearly: THE BIBLE IS GOD'S WORD AND MY GUIDING LIGHT!,speak_h1.webp,audio_h10.mp3,1,The Bible Is God's Word And My Guiding Light,,,,,,The Bible Is God's Word And My Guiding Light,,,,,,,
speak_repeat,PP2-CRE-3.1.21_The_Holy_Bible_Gods_Word_Guidance,Say out loud clearly: GOD'S WORD SHOWS ME HOW TO LIVE!,speak_h2.webp,audio_h11.mp3,1,God's Word Shows Me How To Live,,,,,,God's Word Shows Me How To Live,,,,,,,
matching,PP2-CRE-3.1.21_The_Holy_Bible_Gods_Word_Guidance,Match Holy Bible guidance symbols!,,,1,,,,,,,,Bible 📖,1,Light 💡,2,Heart ❤️,3
matching,PP2-CRE-3.1.21_The_Holy_Bible_Gods_Word_Guidance,Match truth and faith items!,,,1,,,,,,,,Word 📖,1,Cross ✝️,2,Pray 🙏,3
multiple_choice,PP2-CRE-3.1.22_Noah_and_the_Great_Ark_Safari,Who built the giant ark to protect animal pairs?,nas_q1.webp,audio_n1.mp3,1,NOAH,KINGS,SAILORS,,,1,,,,,,,
multiple_choice,PP2-CRE-3.1.22_Noah_and_the_Great_Ark_Safari,How many of each animal species entered the ark?,nas_q2.webp,audio_n2.mp3,1,PAIRS,ALONE,FAST,,,1,,,,,,,
multiple_choice,PP2-CRE-3.1.22_Noah_and_the_Great_Ark_Safari,What sign of covenant promise did God put in sky?,nas_q3.webp,audio_n3.mp3,1,RAINBOW,CLOUDS,MOON,,,1,,,,,,,
multiple_choice,PP2-CRE-3.1.22_Noah_and_the_Great_Ark_Safari,Who kept Noah, his family, and animals safe?,nas_q4.webp,audio_n4.mp3,1,GOD,STORM,WIND,,,1,,,,,,,
multiple_choice,PP2-CRE-3.1.22_Noah_and_the_Great_Ark_Safari,The ark floated safely on top of the big...?,nas_q5.webp,audio_n5.mp3,1,WATER,TREES,ROADS,,,1,,,,,,,
multiple_choice,PP2-CRE-3.1.22_Noah_and_the_Great_Ark_Safari,Noah obeyed God faithfully and was...?,nas_q6.webp,audio_n6.mp3,1,SAVED,LOST,AFRAID,,,1,,,,,,,
count_objects,PP2-CRE-3.1.22_Noah_and_the_Great_Ark_Safari,Count 2 paired giraffes walking to ark!,nas_count1.webp,audio_n7.mp3,1,2,1,3,,🦒,2,,,,,,,
count_objects,PP2-CRE-3.1.22_Noah_and_the_Great_Ark_Safari,Count 4 paired elephants saved in ark!,nas_count2.webp,audio_n8.mp3,1,4,2,5,,🐘,4,,,,,,,
count_objects,PP2-CRE-3.1.22_Noah_and_the_Great_Ark_Safari,Count 1 rainbow promise in sky!,nas_count3.webp,audio_n9.mp3,1,1,2,3,,🌈,1,,,,,,,
speak_repeat,PP2-CRE-3.1.22_Noah_and_the_Great_Ark_Safari,Say out loud clearly: GOD SAVED NOAH AND ANIMAL PAIRS IN THE ARK!,speak_n1.webp,audio_n10.mp3,1,God Saved Noah And Animal Pairs In The Ark,,,,,,God Saved Noah And Animal Pairs In The Ark,,,,,,,
speak_repeat,PP2-CRE-3.1.22_Noah_and_the_Great_Ark_Safari,Say out loud clearly: THANK YOU GOD FOR YOUR RAINBOW PROMISE!,speak_n2.webp,audio_n11.mp3,1,Thank You God For Your Rainbow Promise,,,,,,Thank You God For Your Rainbow Promise,,,,,,,
matching,PP2-CRE-3.1.22_Noah_and_the_Great_Ark_Safari,Match Noah's ark safari items!,,,1,,,,,,,,Ark ⛵,1,Giraffe 🦒,2,Rainbow 🌈,3
matching,PP2-CRE-3.1.22_Noah_and_the_Great_Ark_Safari,Match animal pairs and ark!,,,1,,,,,,,,Elephant 🐘,1,Dove 🕊️,2,Cross ✝️,3
multiple_choice,PP2-CRE-3.1.23_Moses_and_the_Ten_Commandments,Who received the Ten Commandments from God on Mount Sinai?,tc_q1.webp,audio_m1.mp3,1,MOSES,NOAH,DAVID,,,1,,,,,,,
multiple_choice,PP2-CRE-3.1.23_Moses_and_the_Ten_Commandments,Where did God give Moses the Ten Commandments?,tc_q2.webp,audio_m2.mp3,1,MOUNT SINAI,RIVER,SEA,,,1,,,,,,,
multiple_choice,PP2-CRE-3.1.23_Moses_and_the_Ten_Commandments,The Ten Commandments are God's holy...?,tc_q3.webp,audio_m3.mp3,1,LAWS,GAMES,TOYS,,,1,,,,,,,
multiple_choice,PP2-CRE-3.1.23_Moses_and_the_Ten_Commandments,God's laws teach us to love God and love our...?,tc_q4.webp,audio_m4.mp3,1,NEIGHBOR,TOYS,CARS,,,1,,,,,,,
multiple_choice,PP2-CRE-3.1.23_Moses_and_the_Ten_Commandments,The first commandment teaches us to worship only...?,tc_q5.webp,audio_m5.mp3,1,GOD,KINGS,STARS,,,1,,,,,,,
multiple_choice,PP2-CRE-3.1.23_Moses_and_the_Ten_Commandments,Obeying God's commandments brings peace and...?,tc_q6.webp,audio_m6.mp3,1,BLESSINGS,FEAR,ANGER,,,1,,,,,,,
count_objects,PP2-CRE-3.1.23_Moses_and_the_Ten_Commandments,Count 2 stone tablets of the law!,tc_count1.webp,audio_m7.mp3,1,2,1,3,,📜,2,,,,,,,
count_objects,PP2-CRE-3.1.23_Moses_and_the_Ten_Commandments,Count 10 holy commandments of God!,tc_count2.webp,audio_m8.mp3,1,10,8,12,,📜,10,,,,,,,
count_objects,PP2-CRE-3.1.23_Moses_and_the_Ten_Commandments,Count 3 praying hearts obeying laws!,tc_count3.webp,audio_m9.mp3,1,3,1,4,,❤️,3,,,,,,,
speak_repeat,PP2-CRE-3.1.23_Moses_and_the_Ten_Commandments,Say out loud clearly: OBEY GOD'S TEN COMMANDMENTS WITH LOVE!,speak_m1.webp,audio_m10.mp3,1,Obey God's Ten Commandments With Love,,,,,,Obey God's Ten Commandments With Love,,,,,,,
speak_repeat,PP2-CRE-3.1.23_Moses_and_the_Ten_Commandments,Say out loud clearly: GOD'S LAWS GUIDE US IN TRUTH AND RIGHTEOUSNESS!,speak_m2.webp,audio_m11.mp3,1,God's Laws Guide Us In Truth And Righteousness,,,,,,God's Laws Guide Us In Truth And Righteousness,,,,,,,
matching,PP2-CRE-3.1.23_Moses_and_the_Ten_Commandments,Match Moses and commandments items!,,,1,,,,,,,,Moses 📜,1,Sinai 🏔️,2,Pray 🙏,3
matching,PP2-CRE-3.1.23_Moses_and_the_Ten_Commandments,Match law and love symbols!,,,1,,,,,,,,Tablets 📜,1,Cross ✝️,2,Heart ❤️,3
multiple_choice,PP2-CRE-3.1.24_David_and_Goliath_Victory,Who defeated Goliath by God's power and name?,dgv_q1.webp,audio_d1.mp3,1,DAVID,SAUL,SOLDIERS,,,1,,,,,,,
multiple_choice,PP2-CRE-3.1.24_David_and_Goliath_Victory,David said: You come with sword, but I come in the name of...?,dgv_q2.webp,audio_d2.mp3,1,THE LORD,KINGS,GIANTS,,,1,,,,,,,
multiple_choice,PP2-CRE-3.1.24_David_and_Goliath_Victory,What gave young David the victory against Goliath?,dgv_q3.webp,audio_d3.mp3,1,FAITH IN GOD,HEAVY ARMOR,SIZE,,,1,,,,,,,
multiple_choice,PP2-CRE-3.1.24_David_and_Goliath_Victory,How many smooth stones did David gather from the brook?,dgv_q4.webp,audio_d4.mp3,1,5,2,10,,,1,,,,,,,
multiple_choice,PP2-CRE-3.1.24_David_and_Goliath_Victory,God gives us victory over all our fears when we...?,dgv_q5.webp,audio_d5.mp3,1,TRUST HIM,RUN,CRY,,,1,,,,,,,
multiple_choice,PP2-CRE-3.1.24_David_and_Goliath_Victory,David's victory proved that God is Almighty and...?,dgv_q6.webp,audio_d6.mp3,1,STRONG,WEAK,FAR,,,1,,,,,,,
count_objects,PP2-CRE-3.1.24_David_and_Goliath_Victory,Count 5 smooth stones David picked up!,dgv_count1.webp,audio_d7.mp3,1,5,3,4,,🪨,5,,,,,,,
count_objects,PP2-CRE-3.1.24_David_and_Goliath_Victory,Count 1 sling of victory!,dgv_count2.webp,audio_d8.mp3,1,1,2,3,,🎯,1,,,,,,,
count_objects,PP2-CRE-3.1.24_David_and_Goliath_Victory,Count 3 crowns of faith for king David!,dgv_count3.webp,audio_d9.mp3,1,3,2,4,,👑,3,,,,,,,
speak_repeat,PP2-CRE-3.1.24_David_and_Goliath_Victory,Say out loud clearly: GOD GAVE DAVID VICTORY OVER GOLIATH!,speak_d1.webp,audio_d10.mp3,1,God Gave David Victory Over Goliath,,,,,,God Gave David Victory Over Goliath,,,,,,,
speak_repeat,PP2-CRE-3.1.24_David_and_Goliath_Victory,Say out loud clearly: THE BATTLE BELONGS TO THE LORD!,speak_d2.webp,audio_d11.mp3,1,The Battle Belongs To The Lord,,,,,,The Battle Belongs To The Lord,,,,,,,
matching,PP2-CRE-3.1.24_David_and_Goliath_Victory,Match David's victory symbols!,,,1,,,,,,,,Stone 🪨,1,Sling 🎯,2,Crown 👑,3
matching,PP2-CRE-3.1.24_David_and_Goliath_Victory,Match victory and faith items!,,,1,,,,,,,,David 🪨,1,Shield 🛡️,2,Cross ✝️,3
multiple_choice,PP2-CRE-3.1.25_Daniel_Protected_by_Angels,Who sent an angel to shut the lions' mouths in the den?,dpa_q1.webp,audio_d1.mp3,1,GOD,KING,SOLDIER,,,1,,,,,,,
multiple_choice,PP2-CRE-3.1.25_Daniel_Protected_by_Angels,Why was Daniel protected from the wild lions?,dpa_q2.webp,audio_d2.mp3,1,TRUSTED GOD,FOUGHT,HID,,,1,,,,,,,
multiple_choice,PP2-CRE-3.1.25_Daniel_Protected_by_Angels,Daniel prayed to God three times every day with...?,dpa_q3.webp,audio_d3.mp3,1,FAITH,FEAR,ANGER,,,1,,,,,,,
multiple_choice,PP2-CRE-3.1.25_Daniel_Protected_by_Angels,God's angel stood beside Daniel to keep him...?,dpa_q4.webp,audio_d4.mp3,1,SAFE,AFRAID,SAD,,,1,,,,,,,
multiple_choice,PP2-CRE-3.1.25_Daniel_Protected_by_Angels,When King Darius saw Daniel safe, he praised...?,dpa_q5.webp,audio_d5.mp3,1,GOD,LIONS,GUARDS,,,1,,,,,,,
multiple_choice,PP2-CRE-3.1.25_Daniel_Protected_by_Angels,God sends His angels to guard everyone who...?,dpa_q6.webp,audio_d6.mp3,1,PRAYS,SLEEPS,RUNS,,,1,,,,,,,
count_objects,PP2-CRE-3.1.25_Daniel_Protected_by_Angels,Count 1 shining angel of protection!,dpa_count1.webp,audio_d7.mp3,1,1,2,3,,👼,1,,,,,,,
count_objects,PP2-CRE-3.1.25_Daniel_Protected_by_Angels,Count 4 wild lions kept calm by angel!,dpa_count2.webp,audio_d8.mp3,1,4,2,3,,🦁,4,,,,,,,
count_objects,PP2-CRE-3.1.25_Daniel_Protected_by_Angels,Count 2 praying hands of Daniel!,dpa_count3.webp,audio_d9.mp3,1,2,1,3,,🙏,2,,,,,,,
speak_repeat,PP2-CRE-3.1.25_Daniel_Protected_by_Angels,Say out loud clearly: GOD SENT HIS ANGEL TO PROTECT DANIEL!,speak_d1.webp,audio_d10.mp3,1,God Sent His Angel To Protect Daniel,,,,,,God Sent His Angel To Protect Daniel,,,,,,,
speak_repeat,PP2-CRE-3.1.25_Daniel_Protected_by_Angels,Say out loud clearly: TRUST IN GOD FOR SAFE ANGEL PROTECTION!,speak_d2.webp,audio_d11.mp3,1,Trust In God For Safe Angel Protection,,,,,,Trust In God For Safe Angel Protection,,,,,,,
matching,PP2-CRE-3.1.25_Daniel_Protected_by_Angels,Match Daniel's angel protection items!,,,1,,,,,,,,Angel 👼,1,Lion 🦁,2,Pray 🙏,3
matching,PP2-CRE-3.1.25_Daniel_Protected_by_Angels,Match protection and faith symbols!,,,1,,,,,,,,Shield 🛡️,1,Cross ✝️,2,Heart ❤️,3
multiple_choice,PP2-CRE-3.1.26_Bible_Stories_Master,Who received Ten Commandments on Mount Sinai?,bsm_q1.webp,audio_b1.mp3,1,MOSES,NOAH,DAVID,,,1,,,,,,,
multiple_choice,PP2-CRE-3.1.26_Bible_Stories_Master,Who built the ark and saw the rainbow covenant?,bsm_q2.webp,audio_b2.mp3,1,NOAH,DANIEL,SAUL,,,1,,,,,,,
multiple_choice,PP2-CRE-3.1.26_Bible_Stories_Master,Who defeated Goliath in the name of the Lord?,bsm_q3.webp,audio_b3.mp3,1,DAVID,MOSES,KINGS,,,1,,,,,,,
multiple_choice,PP2-CRE-3.1.26_Bible_Stories_Master,Who was protected by an angel in the lion's den?,bsm_q4.webp,audio_b4.mp3,1,DANIEL,NOAH,DAVID,,,1,,,,,,,
multiple_choice,PP2-CRE-3.1.26_Bible_Stories_Master,What holy book contains all these true hero stories?,bsm_q5.webp,audio_b5.mp3,1,BIBLE,PAPER,MAP,,,1,,,,,,,
multiple_choice,PP2-CRE-3.1.26_Bible_Stories_Master,All Old Testament Bible heroes had strong...?,bsm_q6.webp,audio_b6.mp3,1,FAITH IN GOD,WEAPONS,LUCK,,,1,,,,,,,
count_objects,PP2-CRE-3.1.26_Bible_Stories_Master,Count 5 master star trophies of faith!,bsm_count1.webp,audio_b7.mp3,1,5,3,4,,🏆,5,,,,,,,
count_objects,PP2-CRE-3.1.26_Bible_Stories_Master,Count 4 praying hands of heroes!,bsm_count2.webp,audio_b8.mp3,1,4,2,3,,🙏,4,,,,,,,
count_objects,PP2-CRE-3.1.26_Bible_Stories_Master,Count 3 victory crowns!,bsm_count3.webp,audio_b9.mp3,1,3,1,5,,👑,3,,,,,,,
speak_repeat,PP2-CRE-3.1.26_Bible_Stories_Master,Say out loud clearly: I AM AN OLD TESTAMENT BIBLE HERO MASTER!,speak_b1.webp,audio_b10.mp3,1,I Am An Old Testament Bible Hero Master,,,,,,I Am An Old Testament Bible Hero Master,,,,,,,
speak_repeat,PP2-CRE-3.1.26_Bible_Stories_Master,Say out loud clearly: GOD GIVES FAITH VICTORY AND PROTECTION TO ALL!,speak_b2.webp,audio_b11.mp3,1,God Gives Faith Victory And Protection To All,,,,,,God Gives Faith Victory And Protection To All,,,,,,,
matching,PP2-CRE-3.1.26_Bible_Stories_Master,Match Old Testament heroes!,,,1,,,,,,,,Moses 📜,1,Noah ⛵,2,David 🪨,3
matching,PP2-CRE-3.1.26_Bible_Stories_Master,Match hero victory items!,,,1,,,,,,,,Daniel 🦁,1,Shield 🛡️,2,Crown 👑,3
multiple_choice,PP2-CRE-4.1.27_Praying_to_God_Everyday,When can we pray and talk to God?,pde_q1.webp,audio_p1.mp3,1,EVERYDAY,NEVER,SOMETIMES,,,1,,,,,,,
multiple_choice,PP2-CRE-4.1.27_Praying_to_God_Everyday,When we wake up in the morning we pray to thank God for a new...?,pde_q2.webp,audio_p2.mp3,1,DAY,NIGHT,TOY,,,1,,,,,,,
multiple_choice,PP2-CRE-4.1.27_Praying_to_God_Everyday,Before eating meals we pray to bless our...?,pde_q3.webp,audio_p3.mp3,1,FOOD,ROCKS,DUST,,,1,,,,,,,
multiple_choice,PP2-CRE-4.1.27_Praying_to_God_Everyday,Before going to sleep at night we pray for God's safe...?,pde_q4.webp,audio_p4.mp3,1,PROTECTION,NOISE,FEAR,,,1,,,,,,,
multiple_choice,PP2-CRE-4.1.27_Praying_to_God_Everyday,Who hears our prayers whether we whisper or shout?,pde_q5.webp,audio_p5.mp3,1,GOD,WALLS,TREES,,,1,,,,,,,
multiple_choice,PP2-CRE-4.1.27_Praying_to_God_Everyday,Daily prayer keeps us close to God and gives us...?,pde_q6.webp,audio_p6.mp3,1,PEACE,FEAR,ANGER,,,1,,,,,,,
count_objects,PP2-CRE-4.1.27_Praying_to_God_Everyday,Count 3 daily prayer times: morning, meal, bedtime!,pde_count1.webp,audio_p7.mp3,1,3,2,4,,🙏,3,,,,,,,
count_objects,PP2-CRE-4.1.27_Praying_to_God_Everyday,Count 4 praying hearts talking to God!,pde_count2.webp,audio_p8.mp3,1,4,2,5,,❤️,4,,,,,,,
count_objects,PP2-CRE-4.1.27_Praying_to_God_Everyday,Count 2 open Bibles read before prayer!,pde_count3.webp,audio_p9.mp3,1,2,1,3,,📖,2,,,,,,,
speak_repeat,PP2-CRE-4.1.27_Praying_to_God_Everyday,Say out loud clearly: PRAY TO GOD MORNING MEALTIME AND BEDTIME!,speak_p1.webp,audio_p10.mp3,1,Pray To God Morning Mealtime And Bedtime,,,,,,Pray To God Morning Mealtime And Bedtime,,,,,,,
speak_repeat,PP2-CRE-4.1.27_Praying_to_God_Everyday,Say out loud clearly: GOD HEARS EVERY PRAYER FROM MY HEART!,speak_p2.webp,audio_p11.mp3,1,God Hears Every Prayer From My Heart,,,,,,God Hears Every Prayer From My Heart,,,,,,,
matching,PP2-CRE-4.1.27_Praying_to_God_Everyday,Match daily prayer times!,,,1,,,,,,,,Morning ☀️,1,Mealtime 🥣,2,Bedtime 🌙,3
matching,PP2-CRE-4.1.27_Praying_to_God_Everyday,Match prayer symbols!,,,1,,,,,,,,Pray 🙏,1,Heart ❤️,2,Bible 📖,3
multiple_choice,PP2-CRE-4.1.28_Singing_Praise_Songs,Why do we sing praise songs to God?,sps_q1.webp,audio_s1.mp3,1,JOY,ANGER,FEAR,,,1,,,,,,,
multiple_choice,PP2-CRE-4.1.28_Singing_Praise_Songs,What can we play while singing praise songs to God?,sps_q2.webp,audio_s2.mp3,1,INSTRUMENTS,TOYS,ROCKS,,,1,,,,,,,
multiple_choice,PP2-CRE-4.1.28_Singing_Praise_Songs,We clap our hands and stomp our feet to praise...?,sps_q3.webp,audio_s3.mp3,1,GOD,ROADS,DOORS,,,1,,,,,,,
multiple_choice,PP2-CRE-4.1.28_Singing_Praise_Songs,God inhabits the joyful praises of His...?,sps_q4.webp,audio_s4.mp3,1,PEOPLE,TREES,STARS,,,1,,,,,,,
multiple_choice,PP2-CRE-4.1.28_Singing_Praise_Songs,Singing praise to God makes our hearts...?,sps_q5.webp,audio_s5.mp3,1,HAPPY,SAD,TIRED,,,1,,,,,,,
multiple_choice,PP2-CRE-4.1.28_Singing_Praise_Songs,Who gave us our voices to sing praise?,sps_q6.webp,audio_s6.mp3,1,GOD,NOBODY,NONE,,,1,,,,,,,
count_objects,PP2-CRE-4.1.28_Singing_Praise_Songs,Count 4 musical notes of praise!,sps_count1.webp,audio_s7.mp3,1,4,2,5,,🎵,4,,,,,,,
count_objects,PP2-CRE-4.1.28_Singing_Praise_Songs,Count 3 musical harps praise instruments!,sps_count2.webp,audio_s8.mp3,1,3,1,4,,🪕,3,,,,,,,
count_objects,PP2-CRE-4.1.28_Singing_Praise_Songs,Count 5 smiling kids singing praise!,sps_count3.webp,audio_s9.mp3,1,5,3,4,,😃,5,,,,,,,
speak_repeat,PP2-CRE-4.1.28_Singing_Praise_Songs,Say out loud clearly: SING PRAISE SONGS TO GOD WITH INSTRUMENTS AND JOY!,speak_s1.webp,audio_s10.mp3,1,Sing Praise Songs To God With Instruments And Joy,,,,,,Sing Praise Songs To God With Instruments And Joy,,,,,,,
speak_repeat,PP2-CRE-4.1.28_Singing_Praise_Songs,Say out loud clearly: MAKE A JOYFUL NOISE UNTO THE LORD!,speak_s2.webp,audio_s11.mp3,1,Make A Joyful Noise Unto The Lord,,,,,,Make A Joyful Noise Unto The Lord,,,,,,,
matching,PP2-CRE-4.1.28_Singing_Praise_Songs,Match music praise items!,,,1,,,,,,,,Note 🎵,1,Harp 🪕,2,Smile 😊,3
matching,PP2-CRE-4.1.28_Singing_Praise_Songs,Match joyful praise symbols!,,,1,,,,,,,,Music 🎶,1,Cross ✝️,2,Heart ❤️,3
multiple_choice,PP2-CRE-4.1.29_Going_to_Church_Sunday,Where do Christians go on Sunday to worship God?,gcs_q1.webp,audio_g1.mp3,1,CHURCH,MARKET,PARK,,,1,,,,,,,
multiple_choice,PP2-CRE-4.1.29_Going_to_Church_Sunday,In Sunday school, we read stories from the Holy...?,gcs_q2.webp,audio_g2.mp3,1,BIBLE,PAPER,CHART,,,1,,,,,,,
multiple_choice,PP2-CRE-4.1.29_Going_to_Church_Sunday,We sing, pray, and give offerings in church to worship...?,gcs_q3.webp,audio_g3.mp3,1,GOD,KINGS,PILOTS,,,1,,,,,,,
multiple_choice,PP2-CRE-4.1.29_Going_to_Church_Sunday,Meeting with brothers and sisters in church is called...?,gcs_q4.webp,audio_g4.mp3,1,FELLOWSHIP,RUNNING,SLEEPING,,,1,,,,,,,
multiple_choice,PP2-CRE-4.1.29_Going_to_Church_Sunday,The church is God's holy house of...?,gcs_q5.webp,audio_g5.mp3,1,PRAYER,STORE,PLAY,,,1,,,,,,,
multiple_choice,PP2-CRE-4.1.29_Going_to_Church_Sunday,Going to church on Sunday makes us...?,gcs_q6.webp,audio_g6.mp3,1,GLAD,SAD,UPSET,,,1,,,,,,,
count_objects,PP2-CRE-4.1.29_Going_to_Church_Sunday,Count 3 church buildings of worship!,gcs_count1.webp,audio_g7.mp3,1,3,1,4,,⛪,3,,,,,,,
count_objects,PP2-CRE-4.1.29_Going_to_Church_Sunday,Count 5 Bibles read in Sunday school!,gcs_count2.webp,audio_g8.mp3,1,5,3,4,,📖,5,,,,,,,
count_objects,PP2-CRE-4.1.29_Going_to_Church_Sunday,Count 4 happy children worshipping in church!,gcs_count3.webp,audio_g9.mp3,1,4,2,5,,😃,4,,,,,,,
speak_repeat,PP2-CRE-4.1.29_Going_to_Church_Sunday,Say out loud clearly: WORSHIP GOD IN CHURCH AND SUNDAY SCHOOL ON SUNDAY!,speak_g1.webp,audio_g10.mp3,1,Worship God In Church And Sunday School On Sunday,,,,,,Worship God In Church And Sunday School On Sunday,,,,,,,
speak_repeat,PP2-CRE-4.1.29_Going_to_Church_Sunday,Say out loud clearly: I WAS GLAD WHEN THEY SAID LET US GO TO GOD'S HOUSE!,speak_g2.webp,audio_g11.mp3,1,I Was Glad When They Said Let Us Go To God's House,,,,,,I Was Glad When They Said Let Us Go To God's House,,,,,,,
matching,PP2-CRE-4.1.29_Going_to_Church_Sunday,Match Sunday church items!,,,1,,,,,,,,Church ⛪,1,Bible 📖,2,Pray 🙏,3
matching,PP2-CRE-4.1.29_Going_to_Church_Sunday,Match worship symbols!,,,1,,,,,,,,Cross ✝️,1,Music 🎵,2,Heart ❤️,3
multiple_choice,PP2-CRE-4.1.30_Sharing_With_Others,What should we do with our toys, food, and clothes?,swo_q1.webp,audio_s1.mp3,1,SHARE,HIDE,BREAK,,,1,,,,,,,
multiple_choice,PP2-CRE-4.1.30_Sharing_With_Others,Sharing with friends in need shows God's...?,swo_q2.webp,audio_s2.mp3,1,LOVE,ANGER,PRIDE,,,1,,,,,,,
multiple_choice,PP2-CRE-4.1.30_Sharing_With_Others,When we give cheerfully to others, we bring...?,swo_q3.webp,audio_s3.mp3,1,JOY,TEARS,FIGHTS,,,1,,,,,,,
multiple_choice,PP2-CRE-4.1.30_Sharing_With_Others,God loves a person who gives with a cheerful...?,swo_q4.webp,audio_s4.mp3,1,HEART,HAND,BAG,,,1,,,,,,,
multiple_choice,PP2-CRE-4.1.30_Sharing_With_Others,Jesus taught us that sharing with the poor is sharing with...?,swo_q5.webp,audio_s5.mp3,1,HIM,NOBODY,NONE,,,1,,,,,,,
multiple_choice,PP2-CRE-4.1.30_Sharing_With_Others,Sharing toys and food is a Christian...?,swo_q6.webp,audio_s6.mp3,1,VALUE,FEAR,ANGER,,,1,,,,,,,
count_objects,PP2-CRE-4.1.30_Sharing_With_Others,Count 4 shared gift boxes full of joy!,swo_count1.webp,audio_s7.mp3,1,4,2,3,,🎁,4,,,,,,,
count_objects,PP2-CRE-4.1.30_Sharing_With_Others,Count 3 shared food baskets!,swo_count2.webp,audio_s8.mp3,1,3,1,4,,🧺,3,,,,,,,
count_objects,PP2-CRE-4.1.30_Sharing_With_Others,Count 5 happy kids sharing toys!,swo_count3.webp,audio_s9.mp3,1,5,4,2,,👧,5,,,,,,,
speak_repeat,PP2-CRE-4.1.30_Sharing_With_Others,Say out loud clearly: SHARING TOYS FOOD AND CLOTHES BRINGS GOD'S JOY!,speak_s1.webp,audio_s10.mp3,1,Sharing Toys Food And Clothes Brings God's Joy,,,,,,Sharing Toys Food And Clothes Brings God's Joy,,,,,,,
speak_repeat,PP2-CRE-4.1.30_Sharing_With_Others,Say out loud clearly: GOD LOVES A CHEERFUL GIVER!,speak_s2.webp,audio_s11.mp3,1,God Loves A Cheerful Giver,,,,,,God Loves A Cheerful Giver,,,,,,,
matching,PP2-CRE-4.1.30_Sharing_With_Others,Match sharing symbols!,,,1,,,,,,,,Gift 🎁,1,Food 🧺,2,Heart ❤️,3
matching,PP2-CRE-4.1.30_Sharing_With_Others,Match Christian sharing items!,,,1,,,,,,,,Smile 😊,1,Toys 🧸,2,Cross ✝️,3
multiple_choice,PP2-CRE-4.1.31_Helping_Parents_at_Home,Who should we honor and help at home every day?,hph_q1.webp,audio_h1.mp3,1,PARENTS,STRANGERS,NOBODY,,,1,,,,,,,
multiple_choice,PP2-CRE-4.1.31_Helping_Parents_at_Home,Helping clean the house shows our parents...?,hph_q2.webp,audio_h2.mp3,1,LOVE,ANGER,GREED,,,1,,,,,,,
multiple_choice,PP2-CRE-4.1.31_Helping_Parents_at_Home,God commands us to honor our father and...?,hph_q3.webp,audio_h3.mp3,1,MOTHER,TOYS,CARS,,,1,,,,,,,
multiple_choice,PP2-CRE-4.1.31_Helping_Parents_at_Home,When we do home chores happily we make God...?,hph_q4.webp,audio_h4.mp3,1,GLAD,SAD,UPSET,,,1,,,,,,,
multiple_choice,PP2-CRE-4.1.31_Helping_Parents_at_Home,An obedient child brings peace to the...?,hph_q5.webp,audio_h5.mp3,1,HOME,STREET,STORE,,,1,,,,,,,
multiple_choice,PP2-CRE-4.1.31_Helping_Parents_at_Home,Helping parents at home is an act of Christian...?,hph_q6.webp,audio_h6.mp3,1,DUTY,FEAR,PRIDE,,,1,,,,,,,
count_objects,PP2-CRE-4.1.31_Helping_Parents_at_Home,Count 3 helping hands at home!,hph_count1.webp,audio_h7.mp3,1,3,1,4,,🤝,3,,,,,,,
count_objects,PP2-CRE-4.1.31_Helping_Parents_at_Home,Count 4 home broom items showing clean house!,hph_count2.webp,audio_h8.mp3,1,4,2,5,,🧹,4,,,,,,,
count_objects,PP2-CRE-4.1.31_Helping_Parents_at_Home,Count 2 loving parents at home!,hph_count3.webp,audio_h9.mp3,1,2,1,3,,🏠,2,,,,,,,
speak_repeat,PP2-CRE-4.1.31_Helping_Parents_at_Home,Say out loud clearly: HONOR AND HELP YOUR PARENTS AT HOME!,speak_h1.webp,audio_h10.mp3,1,Honor And Help Your Parents At Home,,,,,,Honor And Help Your Parents At Home,,,,,,,
speak_repeat,PP2-CRE-4.1.31_Helping_Parents_at_Home,Say out loud clearly: HELPING MY FAMILY AT HOME PLEASES GOD!,speak_h2.webp,audio_h11.mp3,1,Helping My Family At Home Pleases God,,,,,,Helping My Family At Home Pleases God,,,,,,,
matching,PP2-CRE-4.1.31_Helping_Parents_at_Home,Match home helping items!,,,1,,,,,,,,Hand 🤝,1,Home 🏠,2,Heart ❤️,3
matching,PP2-CRE-4.1.31_Helping_Parents_at_Home,Match family honor symbols!,,,1,,,,,,,,Mommy 👩,1,Daddy 👨,2,Pray 🙏,3
multiple_choice,PP2-CRE-4.1.32_Christian_Values_Master,Sharing, helping, and honesty are important Christian...?,cvm_q1.webp,audio_c1.mp3,1,VALUES,TOYS,GAMES,,,1,,,,,,,
multiple_choice,PP2-CRE-4.1.32_Christian_Values_Master,Always speaking the truth means we are...?,cvm_q2.webp,audio_c2.mp3,1,HONEST,MEAN,RUDE,,,1,,,,,,,
multiple_choice,PP2-CRE-4.1.32_Christian_Values_Master,Honoring parents and helping neighbors show...?,cvm_q3.webp,audio_c3.mp3,1,LOVE,ANGER,PRIDE,,,1,,,,,,,
multiple_choice,PP2-CRE-4.1.32_Christian_Values_Master,Living by Christian values pleases...?,cvm_q4.webp,audio_c4.mp3,1,GOD,NOBODY,BAD,,,1,,,,,,,
multiple_choice,PP2-CRE-4.1.32_Christian_Values_Master,A cheerful giver and honest heart make God...?,cvm_q5.webp,audio_c5.mp3,1,GLAD,SAD,UPSET,,,1,,,,,,,
multiple_choice,PP2-CRE-4.1.32_Christian_Values_Master,Christian values bring peace to our home and...?,cvm_q6.webp,audio_c6.mp3,1,COMMUNITY,STORM,FEAR,,,1,,,,,,,
count_objects,PP2-CRE-4.1.32_Christian_Values_Master,Count 5 master star medals of kindness!,cvm_count1.webp,audio_c7.mp3,1,5,3,4,,🥇,5,,,,,,,
count_objects,PP2-CRE-4.1.32_Christian_Values_Master,Count 4 helping hands of love!,cvm_count2.webp,audio_c8.mp3,1,4,2,3,,🤝,4,,,,,,,
count_objects,PP2-CRE-4.1.32_Christian_Values_Master,Count 3 master crowns of virtue!,cvm_count3.webp,audio_c9.mp3,1,3,1,5,,👑,3,,,,,,,
speak_repeat,PP2-CRE-4.1.32_Christian_Values_Master,Say out loud clearly: I LIVE BY CHRISTIAN VALUES OF LOVE HONESTY AND KINDNESS!,speak_c1.webp,audio_c10.mp3,1,I Live By Christian Values Of Love Honesty And Kindness,,,,,,I Live By Christian Values Of Love Honesty And Kindness,,,,,,,
speak_repeat,PP2-CRE-4.1.32_Christian_Values_Master,Say out loud clearly: HONESTY KINDNESS AND SHARING PLEASE GOD!,speak_c2.webp,audio_c11.mp3,1,Honesty Kindness And Sharing Please God,,,,,,Honesty Kindness And Sharing Please God,,,,,,,
matching,PP2-CRE-4.1.32_Christian_Values_Master,Match Christian master values!,,,1,,,,,,,,Share 🎁,1,Help 🤝,2,Truth 📖,3
matching,PP2-CRE-4.1.32_Christian_Values_Master,Match moral value symbols!,,,1,,,,,,,,Crown 👑,1,Cross ✝️,2,Heart ❤️,3
multiple_choice,PP2-CRE-X.33_Dinosaur_Creation_Praise_33,Who created the giant dinosaurs on Earth?,dcp_q1.webp,audio_d1.mp3,1,GOD,STARS,WIND,,,1,,,,,,,
multiple_choice,PP2-CRE-X.33_Dinosaur_Creation_Praise_33,Who made the big animals step on the ground?,dcp_q2.webp,audio_d2.mp3,1,GOD,MOON,RAIN,,,1,,,,,,,
multiple_choice,PP2-CRE-X.33_Dinosaur_Creation_Praise_33,What should we do for God creating big dinosaurs?,dcp_q3.webp,audio_d3.mp3,1,PRAISE,CRY,HIDE,,,1,,,,,,,
multiple_choice,PP2-CRE-X.33_Dinosaur_Creation_Praise_33,Who made the tall creation trees for dinosaurs?,dcp_q4.webp,audio_d4.mp3,1,GOD,ROADS,CARS,,,1,,,,,,,
multiple_choice,PP2-CRE-X.33_Dinosaur_Creation_Praise_33,God made big dinosaurs to show His great...?,dcp_q5.webp,audio_d5.mp3,1,POWER,FEAR,SADNESS,,,1,,,,,,,
multiple_choice,PP2-CRE-X.33_Dinosaur_Creation_Praise_33,We say thank you to God for creating big...?,dcp_q6.webp,audio_d6.mp3,1,ANIMALS,TOYS,SHOES,,,1,,,,,,,
count_objects,PP2-CRE-X.33_Dinosaur_Creation_Praise_33,Count 4 giant T-Rex dinosaurs created by God!,dcp_count1.webp,audio_d7.mp3,1,4,3,5,,🦕,4,,,,,,,
count_objects,PP2-CRE-X.33_Dinosaur_Creation_Praise_33,Count 2 big green dinosaurs praising God!,dcp_count2.webp,audio_d8.mp3,1,2,1,4,,🦖,2,,,,,,,
count_objects,PP2-CRE-X.33_Dinosaur_Creation_Praise_33,Count 5 tall creation trees!,dcp_count3.webp,audio_d9.mp3,1,5,3,2,,🌴,5,,,,,,,
speak_repeat,PP2-CRE-X.33_Dinosaur_Creation_Praise_33,Say out loud clearly: GOD MADE THE GIANT DINOSAURS!,speak_d1.webp,audio_d10.mp3,1,God Made The Giant Dinosaurs,,,,,,God Made The Giant Dinosaurs,,,,,,,
speak_repeat,PP2-CRE-X.33_Dinosaur_Creation_Praise_33,Say out loud clearly: PRAISE GOD FOR BIG CREATION ANIMALS!,speak_d2.webp,audio_d11.mp3,1,Praise God For Big Creation Animals,,,,,,Praise God For Big Creation Animals,,,,,,,
matching,PP2-CRE-X.33_Dinosaur_Creation_Praise_33,Match God's creation items!,,,1,,,,,,,,Dino 🦕,1,Tree 🌴,2,Sun ☀️,3
matching,PP2-CRE-X.33_Dinosaur_Creation_Praise_33,Match big creation dinosaurs!,,,1,,,,,,,,T-Rex 🦖,1,Leaf 🍃,2,Star ⭐,3
multiple_choice,PP2-CRE-X.34_Dinosaur_Noah_Ark_Safari_34,Who told Noah to build the giant ark for animals?,dns_q1.webp,audio_d1.mp3,1,GOD,KINGS,SAILORS,,,1,,,,,,,
multiple_choice,PP2-CRE-X.34_Dinosaur_Noah_Ark_Safari_34,How did animal pairs go into Noah's ark?,dns_q2.webp,audio_d2.mp3,1,TWO BY TWO,ALONE,FAST,,,1,,,,,,,
multiple_choice,PP2-CRE-X.34_Dinosaur_Noah_Ark_Safari_34,What saved the animals from the big rain storm?,dns_q3.webp,audio_d3.mp3,1,ARK,CAR,HOUSE,,,1,,,,,,,
multiple_choice,PP2-CRE-X.34_Dinosaur_Noah_Ark_Safari_34,Who kept Noah and the safari animals safe?,dns_q4.webp,audio_d4.mp3,1,GOD,STORM,WIND,,,1,,,,,,,
multiple_choice,PP2-CRE-X.34_Dinosaur_Noah_Ark_Safari_34,What sign did God put in the sky after the rain?,dns_q5.webp,audio_d5.mp3,1,RAINBOW,CLOUDS,MOON,,,1,,,,,,,
multiple_choice,PP2-CRE-X.34_Dinosaur_Noah_Ark_Safari_34,We thank God for keeping creation safe in the...?,dns_q6.webp,audio_d6.mp3,1,ARK,WATER,FEAR,,,1,,,,,,,
count_objects,PP2-CRE-X.34_Dinosaur_Noah_Ark_Safari_34,Count 2 giraffes going into Noah's ark!,dns_count1.webp,audio_d7.mp3,1,2,1,3,,🦒,2,,,,,,,
count_objects,PP2-CRE-X.34_Dinosaur_Noah_Ark_Safari_34,Count 4 elephants saved in the ark!,dns_count2.webp,audio_d8.mp3,1,4,2,5,,🐘,4,,,,,,,
count_objects,PP2-CRE-X.34_Dinosaur_Noah_Ark_Safari_34,Count 3 lions resting inside the ark!,dns_count3.webp,audio_d9.mp3,1,3,1,4,,🦁,3,,,,,,,
speak_repeat,PP2-CRE-X.34_Dinosaur_Noah_Ark_Safari_34,Say out loud clearly: GOD KEPT NOAH AND ANIMALS SAFE IN THE ARK!,speak_d1.webp,audio_d10.mp3,1,God Kept Noah And Animals Safe In The Ark,,,,,,God Kept Noah And Animals Safe In The Ark,,,,,,,
speak_repeat,PP2-CRE-X.34_Dinosaur_Noah_Ark_Safari_34,Say out loud clearly: THANK YOU GOD FOR THE SAFE ARK!,speak_d2.webp,audio_d11.mp3,1,Thank You God For The Safe Ark,,,,,,Thank You God For The Safe Ark,,,,,,,
matching,PP2-CRE-X.34_Dinosaur_Noah_Ark_Safari_34,Match Noah's ark safari items!,,,1,,,,,,,,Ark ⛵,1,Giraffe 🦒,2,Lion 🦁,3
matching,PP2-CRE-X.34_Dinosaur_Noah_Ark_Safari_34,Match God's safe creation items!,,,1,,,,,,,,Ark ⛵,1,Rainbow 🌈,2,Dove 🕊️,3
multiple_choice,PP2-CRE-X.35_Pirate_Cove_Bible_Treasure_35,What is God's Holy Bible to us on our journey?,pbt_q1.webp,audio_p1.mp3,1,GREATEST TREASURE,TOY,COIN,,,1,,,,,,,
multiple_choice,PP2-CRE-X.35_Pirate_Cove_Bible_Treasure_35,Where do we read God's true guiding words?,pbt_q2.webp,audio_p2.mp3,1,HOLY BIBLE,MAP,PAPER,,,1,,,,,,,
multiple_choice,PP2-CRE-X.35_Pirate_Cove_Bible_Treasure_35,God's word guides our feet like a bright...?,pbt_q3.webp,audio_p3.mp3,1,LIGHT,DARK,FOG,,,1,,,,,,,
multiple_choice,PP2-CRE-X.35_Pirate_Cove_Bible_Treasure_35,What treasure is better than gold and silver?,pbt_q4.webp,audio_p4.mp3,1,HOLY BIBLE,ROCKS,SAND,,,1,,,,,,,
multiple_choice,PP2-CRE-X.35_Pirate_Cove_Bible_Treasure_35,Who gave us the Holy Bible treasure?,pbt_q5.webp,audio_p5.mp3,1,GOD,PIRATES,CAPTAINS,,,1,,,,,,,
multiple_choice,PP2-CRE-X.35_Pirate_Cove_Bible_Treasure_35,We store God's holy words inside our...?,pbt_q6.webp,audio_p6.mp3,1,HEART,BOX,BAG,,,1,,,,,,,
count_objects,PP2-CRE-X.35_Pirate_Cove_Bible_Treasure_35,Count 3 Holy Bibles full of God's word!,pbt_count1.webp,audio_p7.mp3,1,3,2,4,,📖,3,,,,,,,
count_objects,PP2-CRE-X.35_Pirate_Cove_Bible_Treasure_35,Count 4 treasure chests of Bible truth!,pbt_count2.webp,audio_p8.mp3,1,4,3,5,,🏴‍☠️,4,,,,,,,
count_objects,PP2-CRE-X.35_Pirate_Cove_Bible_Treasure_35,Count 2 cross lights shining bright!,pbt_count3.webp,audio_p9.mp3,1,2,1,3,,✝️,2,,,,,,,
speak_repeat,PP2-CRE-X.35_Pirate_Cove_Bible_Treasure_35,Say out loud clearly: GOD'S WORD IS MY GREATEST TREASURE!,speak_p1.webp,audio_p10.mp3,1,God's Word Is My Greatest Treasure,,,,,,God's Word Is My Greatest Treasure,,,,,,,
speak_repeat,PP2-CRE-X.35_Pirate_Cove_Bible_Treasure_35,Say out loud clearly: I LOVE THE HOLY BIBLE!,speak_p2.webp,audio_p11.mp3,1,I Love The Holy Bible,,,,,,I Love The Holy Bible,,,,,,,
matching,PP2-CRE-X.35_Pirate_Cove_Bible_Treasure_35,Match God's holy treasure items!,,,1,,,,,,,,Bible 📖,1,Light 💡,2,Heart ❤️,3
matching,PP2-CRE-X.35_Pirate_Cove_Bible_Treasure_35,Match Bible praise symbols!,,,1,,,,,,,,Bible 📖,1,Cross ✝️,2,Crown 👑,3
multiple_choice,PP2-CRE-X.36_Pirate_David_Goliath_Courage_36,Who gave young David great courage against the giant?,pdg_q1.webp,audio_d1.mp3,1,GOD,ARMOR,SWORDS,,,1,,,,,,,
multiple_choice,PP2-CRE-X.36_Pirate_David_Goliath_Courage_36,David trusted God because God is Almighty and...?,pdg_q2.webp,audio_d2.mp3,1,STRONG,WEAK,AFRAID,,,1,,,,,,,
multiple_choice,PP2-CRE-X.36_Pirate_David_Goliath_Courage_36,What did David use with faith to defeat Goliath?,pdg_q3.webp,audio_d3.mp3,1,SLING,SPEAR,SHIELD,,,1,,,,,,,
multiple_choice,PP2-CRE-X.36_Pirate_David_Goliath_Courage_36,God helps us be brave when we are...?,pdg_q4.webp,audio_d4.mp3,1,AFRAID,ANGRY,LOUD,,,1,,,,,,,
multiple_choice,PP2-CRE-X.36_Pirate_David_Goliath_Courage_36,Who won the battle in the name of the Lord?,pdg_q5.webp,audio_d5.mp3,1,DAVID,GIANT,KINGS,,,1,,,,,,,
multiple_choice,PP2-CRE-X.36_Pirate_David_Goliath_Courage_36,When we trust God we feel...?,pdg_q6.webp,audio_d6.mp3,1,BRAVE,SAD,LOST,,,1,,,,,,,
count_objects,PP2-CRE-X.36_Pirate_David_Goliath_Courage_36,Count 5 smooth stones David picked up!,pdg_count1.webp,audio_d7.mp3,1,5,4,3,,🪨,5,,,,,,,
count_objects,PP2-CRE-X.36_Pirate_David_Goliath_Courage_36,Count 2 brave hearts trusting in God!,pdg_count2.webp,audio_d8.mp3,1,2,1,3,,❤️,2,,,,,,,
count_objects,PP2-CRE-X.36_Pirate_David_Goliath_Courage_36,Count 3 sheep David protected with God!,pdg_count3.webp,audio_d9.mp3,1,3,2,4,,🐑,3,,,,,,,
speak_repeat,PP2-CRE-X.36_Pirate_David_Goliath_Courage_36,Say out loud clearly: GOD MAKES ME BRAVE AND STRONG!,speak_d1.webp,audio_d10.mp3,1,God Makes Me Brave And Strong,,,,,,God Makes Me Brave And Strong,,,,,,,
speak_repeat,PP2-CRE-X.36_Pirate_David_Goliath_Courage_36,Say out loud clearly: I TRUST IN THE LORD WITH ALL MY HEART!,speak_d2.webp,audio_d11.mp3,1,I Trust In The Lord With All My Heart,,,,,,I Trust In The Lord With All My Heart,,,,,,,
matching,PP2-CRE-X.36_Pirate_David_Goliath_Courage_36,Match David's courage symbols!,,,1,,,,,,,,Stone 🪨,1,Heart ❤️,2,Crown 👑,3
matching,PP2-CRE-X.36_Pirate_David_Goliath_Courage_36,Match trust and faith items!,,,1,,,,,,,,Sling 🎯,1,Sheep 🐑,2,Cross ✝️,3
multiple_choice,PP2-CRE-X.37_Space_Starry_Sky_Gods_World_37,Who made the twinkling stars in the night sky?,ssg_q1.webp,audio_s1.mp3,1,GOD,ROCKETS,MOONS,,,1,,,,,,,
multiple_choice,PP2-CRE-X.37_Space_Starry_Sky_Gods_World_37,God created the sun to give us warmth and...?,ssg_q2.webp,audio_s2.mp3,1,LIGHT,RAIN,COLD,,,1,,,,,,,
multiple_choice,PP2-CRE-X.37_Space_Starry_Sky_Gods_World_37,Who made the glowing moon at night?,ssg_q3.webp,audio_s3.mp3,1,GOD,CLOUDS,WIND,,,1,,,,,,,
multiple_choice,PP2-CRE-X.37_Space_Starry_Sky_Gods_World_37,The whole world, galaxy, and sky belong to...?,ssg_q4.webp,audio_s4.mp3,1,GOD,STARS,PLANETS,,,1,,,,,,,
multiple_choice,PP2-CRE-X.37_Space_Starry_Sky_Gods_World_37,When we see the starry sky we praise God's...?,ssg_q5.webp,audio_s5.mp3,1,GLORY,DARK,FEAR,,,1,,,,,,,
multiple_choice,PP2-CRE-X.37_Space_Starry_Sky_Gods_World_37,God counts and knows every single...?,ssg_q6.webp,audio_s6.mp3,1,STAR,ROCK,DUST,,,1,,,,,,,
count_objects,PP2-CRE-X.37_Space_Starry_Sky_Gods_World_37,Count 5 shiny stars created by God!,ssg_count1.webp,audio_s7.mp3,1,5,3,4,,⭐,5,,,,,,,
count_objects,PP2-CRE-X.37_Space_Starry_Sky_Gods_World_37,Count 2 bright moons in space!,ssg_count2.webp,audio_s8.mp3,1,2,1,3,,🌙,2,,,,,,,
count_objects,PP2-CRE-X.37_Space_Starry_Sky_Gods_World_37,Count 4 planets God placed in the sky!,ssg_count3.webp,audio_s9.mp3,1,4,2,5,,🪐,4,,,,,,,
speak_repeat,PP2-CRE-X.37_Space_Starry_Sky_Gods_World_37,Say out loud clearly: GOD MADE THE STARS MOON AND GALAXY!,speak_s1.webp,audio_s10.mp3,1,God Made The Stars Moon And Galaxy,,,,,,God Made The Stars Moon And Galaxy,,,,,,,
speak_repeat,PP2-CRE-X.37_Space_Starry_Sky_Gods_World_37,Say out loud clearly: GOD'S CREATION IS WONDERFUL!,speak_s2.webp,audio_s11.mp3,1,God's Creation Is Wonderful,,,,,,God's Creation Is Wonderful,,,,,,,
matching,PP2-CRE-X.37_Space_Starry_Sky_Gods_World_37,Match God's heavenly sky creations!,,,1,,,,,,,,Star ⭐,1,Moon 🌙,2,Sun ☀️,3
matching,PP2-CRE-X.37_Space_Starry_Sky_Gods_World_37,Match space world elements!,,,1,,,,,,,,Planet 🪐,1,Star 🌟,2,Earth 🌍,3
multiple_choice,PP2-CRE-X.38_Space_Alien_Praise_Song_38,Why do we sing praise songs to God?,sap_q1.webp,audio_s1.mp3,1,JOY,ANGER,FEAR,,,1,,,,,,,
multiple_choice,PP2-CRE-X.38_Space_Alien_Praise_Song_38,Who loves to hear our happy praise songs?,sap_q2.webp,audio_s2.mp3,1,GOD,BIRDS,TREES,,,1,,,,,,,
multiple_choice,PP2-CRE-X.38_Space_Alien_Praise_Song_38,We clap our hands when we sing to...?,sap_q3.webp,audio_s3.mp3,1,GOD,ROADS,DOORS,,,1,,,,,,,
multiple_choice,PP2-CRE-X.38_Space_Alien_Praise_Song_38,Praise songs fill our hearts with...?,sap_q4.webp,audio_s4.mp3,1,LOVE,SADNESS,NOISE,,,1,,,,,,,
multiple_choice,PP2-CRE-X.38_Space_Alien_Praise_Song_38,Who created our voices to sing praise?,sap_q5.webp,audio_s5.mp3,1,GOD,TOYS,BELLS,,,1,,,,,,,
multiple_choice,PP2-CRE-X.38_Space_Alien_Praise_Song_38,Singing praise to God makes us...?,sap_q6.webp,audio_s6.mp3,1,HAPPY,TIRED,CROSS,,,1,,,,,,,
count_objects,PP2-CRE-X.38_Space_Alien_Praise_Song_38,Count 3 musical notes of praise to God!,sap_count1.webp,audio_s7.mp3,1,3,2,4,,🎵,3,,,,,,,
count_objects,PP2-CRE-X.38_Space_Alien_Praise_Song_38,Count 5 happy smiling faces singing!,sap_count2.webp,audio_s8.mp3,1,5,3,4,,😀,5,,,,,,,
count_objects,PP2-CRE-X.38_Space_Alien_Praise_Song_38,Count 2 harps played to praise God!,sap_count3.webp,audio_s9.mp3,1,2,1,3,,🪕,2,,,,,,,
speak_repeat,PP2-CRE-X.38_Space_Alien_Praise_Song_38,Say out loud clearly: I SING PRAISE TO GOD WITH JOY!,speak_s1.webp,audio_s10.mp3,1,I Sing Praise To God With Joy,,,,,,I Sing Praise To God With Joy,,,,,,,
speak_repeat,PP2-CRE-X.38_Space_Alien_Praise_Song_38,Say out loud clearly: PRAISE THE LORD WITH JOYFUL NOISE!,speak_s2.webp,audio_s11.mp3,1,Praise The Lord With Joyful Noise,,,,,,Praise The Lord With Joyful Noise,,,,,,,
matching,PP2-CRE-X.38_Space_Alien_Praise_Song_38,Match music praise symbols!,,,1,,,,,,,,Note 🎵,1,Bell 🔔,2,Heart ❤️,3
matching,PP2-CRE-X.38_Space_Alien_Praise_Song_38,Match joyful praise items!,,,1,,,,,,,,Music 🎶,1,Smile 😊,2,Cross ✝️,3
multiple_choice,PP2-CRE-X.39_Circus_Clown_Sharing_Joy_39,What should we do with our toys and snacks?,ccj_q1.webp,audio_c1.mp3,1,SHARE,HIDE,BREAK,,,1,,,,,,,
multiple_choice,PP2-CRE-X.39_Circus_Clown_Sharing_Joy_39,Sharing with others shows God's...?,ccj_q2.webp,audio_c2.mp3,1,LOVE,ANGER,PRIDE,,,1,,,,,,,
multiple_choice,PP2-CRE-X.39_Circus_Clown_Sharing_Joy_39,When we share with friends we bring...?,ccj_q3.webp,audio_c3.mp3,1,JOY,TEARS,FIGHTS,,,1,,,,,,,
multiple_choice,PP2-CRE-X.39_Circus_Clown_Sharing_Joy_39,Who wants us to be kind and share?,ccj_q4.webp,audio_c4.mp3,1,GOD,NONE,NOBODY,,,1,,,,,,,
multiple_choice,PP2-CRE-X.39_Circus_Clown_Sharing_Joy_39,A cheerful giver makes God...?,ccj_q5.webp,audio_c5.mp3,1,GLAD,SAD,UPSET,,,1,,,,,,,
multiple_choice,PP2-CRE-X.39_Circus_Clown_Sharing_Joy_39,Sharing toys is an act of Christian...?,ccj_q6.webp,audio_c6.mp3,1,KINDNESS,GREED,HATE,,,1,,,,,,,
count_objects,PP2-CRE-X.39_Circus_Clown_Sharing_Joy_39,Count 4 shared gift boxes full of joy!,ccj_count1.webp,audio_c7.mp3,1,4,2,3,,🎁,4,,,,,,,
count_objects,PP2-CRE-X.39_Circus_Clown_Sharing_Joy_39,Count 3 balloons shared with friends!,ccj_count2.webp,audio_c8.mp3,1,3,1,4,,🎈,3,,,,,,,
count_objects,PP2-CRE-X.39_Circus_Clown_Sharing_Joy_39,Count 5 happy smiling kids sharing toys!,ccj_count3.webp,audio_c9.mp3,1,5,4,2,,👧,5,,,,,,,
speak_repeat,PP2-CRE-X.39_Circus_Clown_Sharing_Joy_39,Say out loud clearly: SHARING BRINGS GOD'S JOY TO EVERYONE!,speak_c1.webp,audio_c10.mp3,1,Sharing Brings God's Joy To Everyone,,,,,,Sharing Brings God's Joy To Everyone,,,,,,,
speak_repeat,PP2-CRE-X.39_Circus_Clown_Sharing_Joy_39,Say out loud clearly: GOD LOVES A CHEERFUL GIVER!,speak_c2.webp,audio_c11.mp3,1,God Loves A Cheerful Giver,,,,,,God Loves A Cheerful Giver,,,,,,,
matching,PP2-CRE-X.39_Circus_Clown_Sharing_Joy_39,Match kindness and sharing items!,,,1,,,,,,,,Gift 🎁,1,Balloon 🎈,2,Heart ❤️,3
matching,PP2-CRE-X.39_Circus_Clown_Sharing_Joy_39,Match Christian joy symbols!,,,1,,,,,,,,Smile 😊,1,Toys 🧸,2,Cross ✝️,3
multiple_choice,PP2-CRE-X.40_Circus_Good_Samaritan_Help_40,What did the Good Samaritan do for the hurt man?,cgs_q1.webp,audio_c1.mp3,1,HELPED HIM,RAN AWAY,IGNORED,,,1,,,,,,,
multiple_choice,PP2-CRE-X.40_Circus_Good_Samaritan_Help_40,Jesus wants us to love our...?,cgs_q2.webp,audio_c2.mp3,1,NEIGHBOR,TOYS,PETS,,,1,,,,,,,
multiple_choice,PP2-CRE-X.40_Circus_Good_Samaritan_Help_40,Helping someone in need shows God's...?,cgs_q3.webp,audio_c3.mp3,1,LOVE,FEAR,ANGER,,,1,,,,,,,
multiple_choice,PP2-CRE-X.40_Circus_Good_Samaritan_Help_40,Who is pleased when we help others?,cgs_q4.webp,audio_c4.mp3,1,GOD,NOBODY,BAD,,,1,,,,,,,
multiple_choice,PP2-CRE-X.40_Circus_Good_Samaritan_Help_40,When someone falls down we should...?,cgs_q5.webp,audio_c5.mp3,1,HELP,LAUGH,WALK,,,1,,,,,,,
multiple_choice,PP2-CRE-X.40_Circus_Good_Samaritan_Help_40,The Good Samaritan was very...?,cgs_q6.webp,audio_c6.mp3,1,KIND,MEAN,RUDE,,,1,,,,,,,
count_objects,PP2-CRE-X.40_Circus_Good_Samaritan_Help_40,Count 3 helping hands showing God's love!,cgs_count1.webp,audio_c7.mp3,1,3,2,4,,🤝,3,,,,,,,
count_objects,PP2-CRE-X.40_Circus_Good_Samaritan_Help_40,Count 4 bandages used to help!,cgs_count2.webp,audio_c8.mp3,1,4,3,5,,🩹,4,,,,,,,
count_objects,PP2-CRE-X.40_Circus_Good_Samaritan_Help_40,Count 2 loving hearts helping neighbors!,cgs_count3.webp,audio_c9.mp3,1,2,1,3,,❤️,2,,,,,,,
speak_repeat,PP2-CRE-X.40_Circus_Good_Samaritan_Help_40,Say out loud clearly: LOVE YOUR NEIGHBOR AS YOURSELF!,speak_c1.webp,audio_c10.mp3,1,Love Your Neighbor As Yourself,,,,,,Love Your Neighbor As Yourself,,,,,,,
speak_repeat,PP2-CRE-X.40_Circus_Good_Samaritan_Help_40,Say out loud clearly: I WILL HELP OTHERS WITH LOVE!,speak_c2.webp,audio_c11.mp3,1,I Will Help Others With Love,,,,,,I Will Help Others With Love,,,,,,,
matching,PP2-CRE-X.40_Circus_Good_Samaritan_Help_40,Match helping and caring symbols!,,,1,,,,,,,,Hand 🤝,1,Heart ❤️,2,Bandage 🩹,3
matching,PP2-CRE-X.40_Circus_Good_Samaritan_Help_40,Match Good Samaritan love items!,,,1,,,,,,,,Cross ✝️,1,Smile 😊,2,Heart 💕,3
multiple_choice,PP2-CRE-X.41_Superhero_Gods_Armor_Shield_41,What is our shield in the armor of God?,sga_q1.webp,audio_s1.mp3,1,FAITH,FEAR,DOUBT,,,1,,,,,,,
multiple_choice,PP2-CRE-X.41_Superhero_Gods_Armor_Shield_41,Who gives us spiritual armor to stand firm?,sga_q2.webp,audio_s2.mp3,1,GOD,KINGS,HEROES,,,1,,,,,,,
multiple_choice,PP2-CRE-X.41_Superhero_Gods_Armor_Shield_41,The helmet of salvation protects our...?,sga_q3.webp,audio_s3.mp3,1,HEAD,FEET,HANDS,,,1,,,,,,,
multiple_choice,PP2-CRE-X.41_Superhero_Gods_Armor_Shield_41,God's armor keeps us safe from...?,sga_q4.webp,audio_s4.mp3,1,EVIL,JOY,LOVE,,,1,,,,,,,
multiple_choice,PP2-CRE-X.41_Superhero_Gods_Armor_Shield_41,The belt of truth is made of God's...?,sga_q5.webp,audio_s5.mp3,1,TRUTH,LIES,LUCK,,,1,,,,,,,
multiple_choice,PP2-CRE-X.41_Superhero_Gods_Armor_Shield_41,With God's shield of faith we are...?,sga_q6.webp,audio_s6.mp3,1,SAFE,LOST,WEAK,,,1,,,,,,,
count_objects,PP2-CRE-X.41_Superhero_Gods_Armor_Shield_41,Count 3 shields of faith given by God!,sga_count1.webp,audio_s7.mp3,1,3,2,4,,🛡️,3,,,,,,,
count_objects,PP2-CRE-X.41_Superhero_Gods_Armor_Shield_41,Count 4 helmets of salvation!,sga_count2.webp,audio_s8.mp3,1,4,3,5,,🪖,4,,,,,,,
count_objects,PP2-CRE-X.41_Superhero_Gods_Armor_Shield_41,Count 2 swords of the Spirit which is God's word!,sga_count3.webp,audio_s9.mp3,1,2,1,3,,⚔️,2,,,,,,,
speak_repeat,PP2-CRE-X.41_Superhero_Gods_Armor_Shield_41,Say out loud clearly: PUT ON THE FULL ARMOR OF GOD!,speak_s1.webp,audio_s10.mp3,1,Put On The Full Armor Of God,,,,,,Put On The Full Armor Of God,,,,,,,
speak_repeat,PP2-CRE-X.41_Superhero_Gods_Armor_Shield_41,Say out loud clearly: FAITH IS MY STRONG SHIELD!,speak_s2.webp,audio_s11.mp3,1,Faith Is My Strong Shield,,,,,,Faith Is My Strong Shield,,,,,,,
matching,PP2-CRE-X.41_Superhero_Gods_Armor_Shield_41,Match God's holy armor parts!,,,1,,,,,,,,Shield 🛡️,1,Helmet 🪖,2,Sword ⚔️,3
matching,PP2-CRE-X.41_Superhero_Gods_Armor_Shield_41,Match spiritual armor symbols!,,,1,,,,,,,,Shield 🛡️,1,Cross ✝️,2,Heart ❤️,3
multiple_choice,PP2-CRE-X.42_Superhero_Daniel_Lion_Den_42,Who prayed to God three times every day?,sdl_q1.webp,audio_d1.mp3,1,DANIEL,KINGS,GUARDS,,,1,,,,,,,
multiple_choice,PP2-CRE-X.42_Superhero_Daniel_Lion_Den_42,Where was brave Daniel thrown into?,sdl_q2.webp,audio_d2.mp3,1,LION DEN,PIT,SEA,,,1,,,,,,,
multiple_choice,PP2-CRE-X.42_Superhero_Daniel_Lion_Den_42,Who sent an angel to shut lions' mouths?,sdl_q3.webp,audio_d3.mp3,1,GOD,KING,SOLDIER,,,1,,,,,,,
multiple_choice,PP2-CRE-X.42_Superhero_Daniel_Lion_Den_42,Why was Daniel safe in the lions' den?,sdl_q4.webp,audio_d4.mp3,1,PRAYER,RUNNING,HIDING,,,1,,,,,,,
multiple_choice,PP2-CRE-X.42_Superhero_Daniel_Lion_Den_42,Daniel trusted God and was not...?,sdl_q5.webp,audio_d5.mp3,1,AFRAID,HAPPY,KIND,,,1,,,,,,,
multiple_choice,PP2-CRE-X.42_Superhero_Daniel_Lion_Den_42,God protects those who faithfully...?,sdl_q6.webp,audio_d6.mp3,1,PRAY,SLEEP,FIGHT,,,1,,,,,,,
count_objects,PP2-CRE-X.42_Superhero_Daniel_Lion_Den_42,Count 4 wild lions God kept quiet!,sdl_count1.webp,audio_d7.mp3,1,4,2,3,,🦁,4,,,,,,,
count_objects,PP2-CRE-X.42_Superhero_Daniel_Lion_Den_42,Count 2 praying hands of brave Daniel!,sdl_count2.webp,audio_d8.mp3,1,2,1,3,,🙏,2,,,,,,,
count_objects,PP2-CRE-X.42_Superhero_Daniel_Lion_Den_42,Count 1 shining angel protecting Daniel!,sdl_count3.webp,audio_d9.mp3,1,1,2,3,,👼,1,,,,,,,
speak_repeat,PP2-CRE-X.42_Superhero_Daniel_Lion_Den_42,Say out loud clearly: GOD PROTECTED DANIEL FROM LIONS!,speak_d1.webp,audio_d10.mp3,1,God Protected Daniel From Lions,,,,,,God Protected Daniel From Lions,,,,,,,
speak_repeat,PP2-CRE-X.42_Superhero_Daniel_Lion_Den_42,Say out loud clearly: PRAY TO GOD EVERY DAY!,speak_d2.webp,audio_d11.mp3,1,Pray To God Every Day,,,,,,Pray To God Every Day,,,,,,,
matching,PP2-CRE-X.42_Superhero_Daniel_Lion_Den_42,Match Daniel's story items!,,,1,,,,,,,,Lion 🦁,1,Pray 🙏,2,Angel 👼,3
matching,PP2-CRE-X.42_Superhero_Daniel_Lion_Den_42,Match prayer and protection symbols!,,,1,,,,,,,,Pray 🙏,1,Shield 🛡️,2,Cross ✝️,3
multiple_choice,PP2-CRE-X.43_Underwater_Reef_Gods_Fish_43,Who created all the fish in the ocean?,urg_q1.webp,audio_u1.mp3,1,GOD,BOATS,DIVERS,,,1,,,,,,,
multiple_choice,PP2-CRE-X.43_Underwater_Reef_Gods_Fish_43,The sea and creatures show God's...?,urg_q2.webp,audio_u2.mp3,1,CREATION,LUCK,WIND,,,1,,,,,,,
multiple_choice,PP2-CRE-X.43_Underwater_Reef_Gods_Fish_43,Who keeps the ocean creatures alive?,urg_q3.webp,audio_u3.mp3,1,GOD,SHIPS,NETS,,,1,,,,,,,
multiple_choice,PP2-CRE-X.43_Underwater_Reef_Gods_Fish_43,Big whales and small fish belong to...?,urg_q4.webp,audio_u4.mp3,1,GOD,SEAS,ROCKS,,,1,,,,,,,
multiple_choice,PP2-CRE-X.43_Underwater_Reef_Gods_Fish_43,We praise God for making blue...?,urg_q5.webp,audio_u5.mp3,1,OCEANS,ROADS,TOWNS,,,1,,,,,,,
multiple_choice,PP2-CRE-X.43_Underwater_Reef_Gods_Fish_43,God made underwater coral reefs so...?,urg_q6.webp,audio_u6.mp3,1,PRETTY,DARK,DRY,,,1,,,,,,,
count_objects,PP2-CRE-X.43_Underwater_Reef_Gods_Fish_43,Count 5 colorful fish swimming for God!,urg_count1.webp,audio_u7.mp3,1,5,3,4,,🐟,5,,,,,,,
count_objects,PP2-CRE-X.43_Underwater_Reef_Gods_Fish_43,Count 3 friendly octopuses created by God!,urg_count2.webp,audio_u8.mp3,1,3,2,4,,🐙,3,,,,,,,
count_objects,PP2-CRE-X.43_Underwater_Reef_Gods_Fish_43,Count 4 sea turtles praising God underwater!,urg_count3.webp,audio_u9.mp3,1,4,2,5,,🐢,4,,,,,,,
speak_repeat,PP2-CRE-X.43_Underwater_Reef_Gods_Fish_43,Say out loud clearly: GOD MADE THE OCEAN CREATURES!,speak_u1.webp,audio_u10.mp3,1,God Made The Ocean Creatures,,,,,,God Made The Ocean Creatures,,,,,,,
speak_repeat,PP2-CRE-X.43_Underwater_Reef_Gods_Fish_43,Say out loud clearly: PRAISE GOD FOR SEA LIFE!,speak_u2.webp,audio_u11.mp3,1,Praise God For Sea Life,,,,,,Praise God For Sea Life,,,,,,,
matching,PP2-CRE-X.43_Underwater_Reef_Gods_Fish_43,Match God's underwater creations!,,,1,,,,,,,,Fish 🐟,1,Turtle 🐢,2,Whale 🐳,3
matching,PP2-CRE-X.43_Underwater_Reef_Gods_Fish_43,Match ocean world elements!,,,1,,,,,,,,Octopus 🐙,1,Water 🌊,2,Coral 🪸,3
multiple_choice,PP2-CRE-X.44_Underwater_Jonah_and_Whale_44,Who told Jonah to go and preach?,ujw_q1.webp,audio_u1.mp3,1,GOD,KINGS,SAILORS,,,1,,,,,,,
multiple_choice,PP2-CRE-X.44_Underwater_Jonah_and_Whale_44,What big creature swallowed Jonah in the sea?,ujw_q2.webp,audio_u2.mp3,1,WHALE,SHARK,CRAB,,,1,,,,,,,
multiple_choice,PP2-CRE-X.44_Underwater_Jonah_and_Whale_44,What did Jonah do inside the big whale?,ujw_q3.webp,audio_u3.mp3,1,PRAY,SLEEP,SING,,,1,,,,,,,
multiple_choice,PP2-CRE-X.44_Underwater_Jonah_and_Whale_44,How many days was Jonah in the whale?,ujw_q4.webp,audio_u4.mp3,1,3,1,5,,,1,,,,,,,
multiple_choice,PP2-CRE-X.44_Underwater_Jonah_and_Whale_44,What must we do when God speaks to us?,ujw_q5.webp,audio_u5.mp3,1,OBEY,RUN,HIDE,,,1,,,,,,,
multiple_choice,PP2-CRE-X.44_Underwater_Jonah_and_Whale_44,Who saved Jonah out of the ocean?,ujw_q6.webp,audio_u6.mp3,1,GOD,FISH,NETS,,,1,,,,,,,
count_objects,PP2-CRE-X.44_Underwater_Jonah_and_Whale_44,Count 1 giant whale sent by God!,ujw_count1.webp,audio_u7.mp3,1,1,2,3,,🐳,1,,,,,,,
count_objects,PP2-CRE-X.44_Underwater_Jonah_and_Whale_44,Count 3 days Jonah prayed underwater!,ujw_count2.webp,audio_u8.mp3,1,3,2,4,,🙏,3,,,,,,,
count_objects,PP2-CRE-X.44_Underwater_Jonah_and_Whale_44,Count 4 boats in the big sea storm!,ujw_count3.webp,audio_u9.mp3,1,4,3,5,,⛵,4,,,,,,,
speak_repeat,PP2-CRE-X.44_Underwater_Jonah_and_Whale_44,Say out loud clearly: I WILL LISTEN AND OBEY GOD!,speak_u1.webp,audio_u10.mp3,1,I Will Listen And Obey God,,,,,,I Will Listen And Obey God,,,,,,,
speak_repeat,PP2-CRE-X.44_Underwater_Jonah_and_Whale_44,Say out loud clearly: GOD SAVED JONAH FROM THE WHALE!,speak_u2.webp,audio_u11.mp3,1,God Saved Jonah From The Whale,,,,,,God Saved Jonah From The Whale,,,,,,,
matching,PP2-CRE-X.44_Underwater_Jonah_and_Whale_44,Match Jonah's ocean story items!,,,1,,,,,,,,Whale 🐳,1,Pray 🙏,2,Boat ⛵,3
matching,PP2-CRE-X.44_Underwater_Jonah_and_Whale_44,Match obedience and prayer symbols!,,,1,,,,,,,,Pray 🙏,1,Heart ❤️,2,Cross ✝️,3
multiple_choice,PP2-CRE-X.45_Safari_Animal_Creation_Praise_45,Who made all the wild safari animals?,sac_q1.webp,audio_s1.mp3,1,GOD,HUNTERS,TREES,,,1,,,,,,,
multiple_choice,PP2-CRE-X.45_Safari_Animal_Creation_Praise_45,What creature has a long trunk made by God?,sac_q2.webp,audio_s2.mp3,1,ELEPHANT,LION,ZEBRA,,,1,,,,,,,
multiple_choice,PP2-CRE-X.45_Safari_Animal_Creation_Praise_45,Who created the roaring lion in the wild?,sac_q3.webp,audio_s3.mp3,1,GOD,ROCKS,CLOUDS,,,1,,,,,,,
multiple_choice,PP2-CRE-X.45_Safari_Animal_Creation_Praise_45,Why did God make all the beautiful animals?,sac_q4.webp,audio_s4.mp3,1,GLORY,FEAR,NOISE,,,1,,,,,,,
multiple_choice,PP2-CRE-X.45_Safari_Animal_Creation_Praise_45,We praise God when we see His wild...?,sac_q5.webp,audio_s5.mp3,1,ANIMALS,CARS,TOYS,,,1,,,,,,,
multiple_choice,PP2-CRE-X.45_Safari_Animal_Creation_Praise_45,God cares for every animal on the...?,sac_q6.webp,audio_s6.mp3,1,SAFARI,ROAD,STREET,,,1,,,,,,,
count_objects,PP2-CRE-X.45_Safari_Animal_Creation_Praise_45,Count 3 mighty lions praising God!,sac_count1.webp,audio_s7.mp3,1,3,2,4,,🦁,3,,,,,,,
count_objects,PP2-CRE-X.45_Safari_Animal_Creation_Praise_45,Count 5 striped zebras in God's safari!,sac_count2.webp,audio_s8.mp3,1,5,3,4,,🦓,5,,,,,,,
count_objects,PP2-CRE-X.45_Safari_Animal_Creation_Praise_45,Count 2 tall giraffes reaching to heaven!,sac_count3.webp,audio_s9.mp3,1,2,1,3,,🦒,2,,,,,,,
speak_repeat,PP2-CRE-X.45_Safari_Animal_Creation_Praise_45,Say out loud clearly: PRAISE GOD FOR SAFARI ANIMALS!,speak_s1.webp,audio_s10.mp3,1,Praise God For Safari Animals,,,,,,Praise God For Safari Animals,,,,,,,
speak_repeat,PP2-CRE-X.45_Safari_Animal_Creation_Praise_45,Say out loud clearly: GOD CREATED EVERY LIVING THING!,speak_s2.webp,audio_s11.mp3,1,God Created Every Living Thing,,,,,,God Created Every Living Thing,,,,,,,
matching,PP2-CRE-X.45_Safari_Animal_Creation_Praise_45,Match God's wild safari creations!,,,1,,,,,,,,Lion 🦁,1,Elephant 🐘,2,Giraffe 🦒,3
matching,PP2-CRE-X.45_Safari_Animal_Creation_Praise_45,Match safari praise items!,,,1,,,,,,,,Zebra 🦓,1,Tree 🌴,2,Sun ☀️,3
multiple_choice,PP2-CRE-X.46_Dinosaur_Gods_Creation_Safari_46,Who created the giant dinosaurs in nature?,dgc_q1.webp,audio_d1.mp3,1,GOD,STORM,WIND,,,1,,,,,,,
multiple_choice,PP2-CRE-X.46_Dinosaur_Gods_Creation_Safari_46,God made big dinosaurs to show His great...?,dgc_q2.webp,audio_d2.mp3,1,POWER,FEAR,ANGER,,,1,,,,,,,
multiple_choice,PP2-CRE-X.46_Dinosaur_Gods_Creation_Safari_46,Who made the trees and grass for dinosaurs?,dgc_q3.webp,audio_d3.mp3,1,GOD,RAIN,ROCKS,,,1,,,,,,,
multiple_choice,PP2-CRE-X.46_Dinosaur_Gods_Creation_Safari_46,When we look at nature we praise...?,dgc_q4.webp,audio_d4.mp3,1,GOD,TOYS,SHOES,,,1,,,,,,,
multiple_choice,PP2-CRE-X.46_Dinosaur_Gods_Creation_Safari_46,God made all big and small things in...?,dgc_q5.webp,audio_d5.mp3,1,NATURE,HOUSE,CARS,,,1,,,,,,,
multiple_choice,PP2-CRE-X.46_Dinosaur_Gods_Creation_Safari_46,Everything created by God is very...?,dgc_q6.webp,audio_d6.mp3,1,GOOD,BAD,DARK,,,1,,,,,,,
count_objects,PP2-CRE-X.46_Dinosaur_Gods_Creation_Safari_46,Count 4 giant green dinosaurs!,dgc_count1.webp,audio_d7.mp3,1,4,2,5,,🦕,4,,,,,,,
count_objects,PP2-CRE-X.46_Dinosaur_Gods_Creation_Safari_46,Count 3 creation palm trees in nature!,dgc_count2.webp,audio_d8.mp3,1,3,1,4,,🌴,3,,,,,,,
count_objects,PP2-CRE-X.46_Dinosaur_Gods_Creation_Safari_46,Count 2 flying pterodactyls in God's sky!,dgc_count3.webp,audio_d9.mp3,1,2,1,3,,🦅,2,,,,,,,
speak_repeat,PP2-CRE-X.46_Dinosaur_Gods_Creation_Safari_46,Say out loud clearly: GOD MADE THE BIG DINOSAURS!,speak_d1.webp,audio_d10.mp3,1,God Made The Big Dinosaurs,,,,,,God Made The Big Dinosaurs,,,,,,,
speak_repeat,PP2-CRE-X.46_Dinosaur_Gods_Creation_Safari_46,Say out loud clearly: GOD'S CREATION IS WONDERFUL!,speak_d2.webp,audio_d11.mp3,1,God's Creation Is Wonderful,,,,,,God's Creation Is Wonderful,,,,,,,
matching,PP2-CRE-X.46_Dinosaur_Gods_Creation_Safari_46,Match creation in nature!,,,1,,,,,,,,Dino 🦕,1,Tree 🌴,2,Sun ☀️,3
matching,PP2-CRE-X.46_Dinosaur_Gods_Creation_Safari_46,Match God's giant creations!,,,1,,,,,,,,T-Rex 🦖,1,Leaf 🍃,2,Star ⭐,3
multiple_choice,PP2-CRE-X.47_Dinosaur_Ark_Animal_Pairs_47,How many of each animal went into the ark?,dap_q1.webp,audio_d1.mp3,1,PAIRS,ALONE,FAST,,,1,,,,,,,
multiple_choice,PP2-CRE-X.47_Dinosaur_Ark_Animal_Pairs_47,Who told Noah to collect animal pairs?,dap_q2.webp,audio_d2.mp3,1,GOD,KINGS,GUARDS,,,1,,,,,,,
multiple_choice,PP2-CRE-X.47_Dinosaur_Ark_Animal_Pairs_47,Why did God bring pairs of animals to the ark?,dap_q3.webp,audio_d3.mp3,1,SAFETY,RACING,PLAY,,,1,,,,,,,
multiple_choice,PP2-CRE-X.47_Dinosaur_Ark_Animal_Pairs_47,Who closed the door of the ark safely?,dap_q4.webp,audio_d4.mp3,1,GOD,NOAH,WIND,,,1,,,,,,,
multiple_choice,PP2-CRE-X.47_Dinosaur_Ark_Animal_Pairs_47,God saved two by two to protect His...?,dap_q5.webp,audio_d5.mp3,1,CREATION,STORM,RAIN,,,1,,,,,,,
multiple_choice,PP2-CRE-X.47_Dinosaur_Ark_Animal_Pairs_47,We praise God for keeping creation...?,dap_q6.webp,audio_d6.mp3,1,SAFE,LOST,COLD,,,1,,,,,,,
count_objects,PP2-CRE-X.47_Dinosaur_Ark_Animal_Pairs_47,Count 2 paired birds flying to Noah's ark!,dap_count1.webp,audio_d7.mp3,1,2,1,3,,🕊️,2,,,,,,,
count_objects,PP2-CRE-X.47_Dinosaur_Ark_Animal_Pairs_47,Count 4 animal pairs walking together!,dap_count2.webp,audio_d8.mp3,1,4,2,5,,🐘,4,,,,,,,
count_objects,PP2-CRE-X.47_Dinosaur_Ark_Animal_Pairs_47,Count 2 lions walking into the ark!,dap_count3.webp,audio_d9.mp3,1,2,3,1,,🦁,2,,,,,,,
speak_repeat,PP2-CRE-X.47_Dinosaur_Ark_Animal_Pairs_47,Say out loud clearly: GOD SAVED ANIMALS TWO BY TWO!,speak_d1.webp,audio_d10.mp3,1,God Saved Animals Two By Two,,,,,,God Saved Animals Two By Two,,,,,,,
speak_repeat,PP2-CRE-X.47_Dinosaur_Ark_Animal_Pairs_47,Say out loud clearly: THANK YOU GOD FOR THE ARK!,speak_d2.webp,audio_d11.mp3,1,Thank You God For The Ark,,,,,,Thank You God For The Ark,,,,,,,
matching,PP2-CRE-X.47_Dinosaur_Ark_Animal_Pairs_47,Match animal pairs in the ark!,,,1,,,,,,,,Ark ⛵,1,Dove 🕊️,2,Rainbow 🌈,3
matching,PP2-CRE-X.47_Dinosaur_Ark_Animal_Pairs_47,Match Noah's safe journey items!,,,1,,,,,,,,Lion 🦁,1,Ark ⛵,2,Cross ✝️,3
multiple_choice,PP2-CRE-X.48_Pirate_Bible_Map_Treasure_48,What book acts as our treasure map to God?,pbm_q1.webp,audio_p1.mp3,1,BIBLE,PAPER,CHART,,,1,,,,,,,
multiple_choice,PP2-CRE-X.48_Pirate_Bible_Map_Treasure_48,God's word shows us the way to...?,pbm_q2.webp,audio_p2.mp3,1,HEAVEN,GOLD,ISLANDS,,,1,,,,,,,
multiple_choice,PP2-CRE-X.48_Pirate_Bible_Map_Treasure_48,Which treasure lasts forever in our hearts?,pbm_q3.webp,audio_p3.mp3,1,TRUTH,COINS,SHIPS,,,1,,,,,,,
multiple_choice,PP2-CRE-X.48_Pirate_Bible_Map_Treasure_48,Who gives us the Holy Bible map?,pbm_q4.webp,audio_p4.mp3,1,GOD,PIRATES,CAPTAINS,,,1,,,,,,,
multiple_choice,PP2-CRE-X.48_Pirate_Bible_Map_Treasure_48,Thy word is a lamp unto my...?,pbm_q5.webp,audio_p5.mp3,1,FEET,HANDS,HEAD,,,1,,,,,,,
multiple_choice,PP2-CRE-X.48_Pirate_Bible_Map_Treasure_48,Reading the Bible makes us wise and...?,pbm_q6.webp,audio_p6.mp3,1,HAPPY,LOST,SAD,,,1,,,,,,,
count_objects,PP2-CRE-X.48_Pirate_Bible_Map_Treasure_48,Count 3 Holy Bible maps leading to truth!,pbm_count1.webp,audio_p7.mp3,1,3,2,4,,🗺️,3,,,,,,,
count_objects,PP2-CRE-X.48_Pirate_Bible_Map_Treasure_48,Count 5 holy treasure Bibles!,pbm_count2.webp,audio_p8.mp3,1,5,3,4,,📖,5,,,,,,,
count_objects,PP2-CRE-X.48_Pirate_Bible_Map_Treasure_48,Count 2 shining cross lights!,pbm_count3.webp,audio_p9.mp3,1,2,1,3,,✝️,2,,,,,,,
speak_repeat,PP2-CRE-X.48_Pirate_Bible_Map_Treasure_48,Say out loud clearly: THE BIBLE IS MY GUIDING MAP!,speak_p1.webp,audio_p10.mp3,1,The Bible Is My Guiding Map,,,,,,The Bible Is My Guiding Map,,,,,,,
speak_repeat,PP2-CRE-X.48_Pirate_Bible_Map_Treasure_48,Say out loud clearly: GOD'S WORD IS GREATER THAN GOLD!,speak_p2.webp,audio_p11.mp3,1,God's Word Is Greater Than Gold,,,,,,God's Word Is Greater Than Gold,,,,,,,
matching,PP2-CRE-X.48_Pirate_Bible_Map_Treasure_48,Match Bible map treasures!,,,1,,,,,,,,Map 🗺️,1,Bible 📖,2,Cross ✝️,3
matching,PP2-CRE-X.48_Pirate_Bible_Map_Treasure_48,Match spiritual treasure symbols!,,,1,,,,,,,,Bible 📖,1,Light 💡,2,Heart ❤️,3
multiple_choice,PP2-CRE-X.49_Pirate_Courage_David_Goliath_49,Who was the brave shepherd boy who trusted God?,pcd_q1.webp,audio_p1.mp3,1,DAVID,GOLIATH,SAUL,,,1,,,,,,,
multiple_choice,PP2-CRE-X.49_Pirate_Courage_David_Goliath_49,David defeated Goliath not by sword but by God's...?,pcd_q2.webp,audio_p2.mp3,1,NAME,ARMOR,SIZE,,,1,,,,,,,
multiple_choice,PP2-CRE-X.49_Pirate_Courage_David_Goliath_49,Who gives us courage when we face big troubles?,pcd_q3.webp,audio_p3.mp3,1,GOD,WEAPONS,SHIPS,,,1,,,,,,,
multiple_choice,PP2-CRE-X.49_Pirate_Courage_David_Goliath_49,What did David use to throw the smooth stone?,pcd_q4.webp,audio_p4.mp3,1,SLING,SPEAR,BOW,,,1,,,,,,,
multiple_choice,PP2-CRE-X.49_Pirate_Courage_David_Goliath_49,David said: The Lord is my...?,pcd_q5.webp,audio_p5.mp3,1,STRENGTH,FEAR,DOUBT,,,1,,,,,,,
multiple_choice,PP2-CRE-X.49_Pirate_Courage_David_Goliath_49,Trusting God makes us brave like...?,pcd_q6.webp,audio_p6.mp3,1,DAVID,GIANTS,GUARDS,,,1,,,,,,,
count_objects,PP2-CRE-X.49_Pirate_Courage_David_Goliath_49,Count 5 smooth stones David gathered!,pcd_count1.webp,audio_p7.mp3,1,5,3,4,,🪨,5,,,,,,,
count_objects,PP2-CRE-X.49_Pirate_Courage_David_Goliath_49,Count 1 brave shepherd crown for David!,pcd_count2.webp,audio_p8.mp3,1,1,2,3,,👑,1,,,,,,,
count_objects,PP2-CRE-X.49_Pirate_Courage_David_Goliath_49,Count 3 brave hearts trusting in the Lord!,pcd_count3.webp,audio_p9.mp3,1,3,2,4,,❤️,3,,,,,,,
speak_repeat,PP2-CRE-X.49_Pirate_Courage_David_Goliath_49,Say out loud clearly: THE LORD IS MY STRENGTH AND SHIELD!,speak_p1.webp,audio_p10.mp3,1,The Lord Is My Strength And Shield,,,,,,The Lord Is My Strength And Shield,,,,,,,
speak_repeat,PP2-CRE-X.49_Pirate_Courage_David_Goliath_49,Say out loud clearly: GOD MAKES ME BRAVE AND STRONG!,speak_p2.webp,audio_p11.mp3,1,God Makes Me Brave And Strong,,,,,,God Makes Me Brave And Strong,,,,,,,
matching,PP2-CRE-X.49_Pirate_Courage_David_Goliath_49,Match David's brave symbols!,,,1,,,,,,,,Stone 🪨,1,Crown 👑,2,Heart ❤️,3
matching,PP2-CRE-X.49_Pirate_Courage_David_Goliath_49,Match faith and strength items!,,,1,,,,,,,,Sling 🎯,1,Shield 🛡️,2,Cross ✝️,3
multiple_choice,PP2-CRE-X.50_Space_Starry_Heavenly_Lights_50,Who created the sun to shine in the day?,ssh_q1.webp,audio_s1.mp3,1,GOD,ROCKETS,STARS,,,1,,,,,,,
multiple_choice,PP2-CRE-X.50_Space_Starry_Heavenly_Lights_50,God put the moon and stars to light up the...?,ssh_q2.webp,audio_s2.mp3,1,NIGHT,WATER,GROUND,,,1,,,,,,,
multiple_choice,PP2-CRE-X.50_Space_Starry_Heavenly_Lights_50,The heavenly lights declare the glory of...?,ssh_q3.webp,audio_s3.mp3,1,GOD,PLANETS,CLOUDS,,,1,,,,,,,
multiple_choice,PP2-CRE-X.50_Space_Starry_Heavenly_Lights_50,Who keeps all stars glowing in space?,ssh_q4.webp,audio_s4.mp3,1,GOD,PILOTS,WINDS,,,1,,,,,,,
multiple_choice,PP2-CRE-X.50_Space_Starry_Heavenly_Lights_50,God calls every single star by its own...?,ssh_q5.webp,audio_s5.mp3,1,NAME,NUMBER,COLOR,,,1,,,,,,,
multiple_choice,PP2-CRE-X.50_Space_Starry_Heavenly_Lights_50,We praise God for making heavenly...?,ssh_q6.webp,audio_s6.mp3,1,LIGHTS,ROCKS,DUST,,,1,,,,,,,
count_objects,PP2-CRE-X.50_Space_Starry_Heavenly_Lights_50,Count 4 bright stars shining for God!,ssh_count1.webp,audio_s7.mp3,1,4,2,5,,⭐,4,,,,,,,
count_objects,PP2-CRE-X.50_Space_Starry_Heavenly_Lights_50,Count 1 warm sun made by God!,ssh_count2.webp,audio_s8.mp3,1,1,2,3,,☀️,1,,,,,,,
count_objects,PP2-CRE-X.50_Space_Starry_Heavenly_Lights_50,Count 3 glowing moons in the night sky!,ssh_count3.webp,audio_s9.mp3,1,3,1,4,,🌙,3,,,,,,,
speak_repeat,PP2-CRE-X.50_Space_Starry_Heavenly_Lights_50,Say out loud clearly: GOD CREATED THE HEAVENLY LIGHTS!,speak_s1.webp,audio_s10.mp3,1,God Created The Heavenly Lights,,,,,,God Created The Heavenly Lights,,,,,,,
speak_repeat,PP2-CRE-X.50_Space_Starry_Heavenly_Lights_50,Say out loud clearly: THE HEAVENS DECLARE GOD'S GLORY!,speak_s2.webp,audio_s11.mp3,1,The Heavens Declare God's Glory,,,,,,The Heavens Declare God's Glory,,,,,,,
matching,PP2-CRE-X.50_Space_Starry_Heavenly_Lights_50,Match God's heavenly lights!,,,1,,,,,,,,Sun ☀️,1,Moon 🌙,2,Star ⭐,3
matching,PP2-CRE-X.50_Space_Starry_Heavenly_Lights_50,Match space creation elements!,,,1,,,,,,,,Star 🌟,1,Planet 🪐,2,Sky ☁️,3
multiple_choice,PP2-CRE-X.51_Space_Praise_and_Worship_51,Why do we sing praise and worship to God?,spw_q1.webp,audio_s1.mp3,1,LOVE,ANGER,FEAR,,,1,,,,,,,
multiple_choice,PP2-CRE-X.51_Space_Praise_and_Worship_51,God inhabits the praises of His...?,spw_q2.webp,audio_s2.mp3,1,PEOPLE,TREES,STARS,,,1,,,,,,,
multiple_choice,PP2-CRE-X.51_Space_Praise_and_Worship_51,We raise our hands to worship...?,spw_q3.webp,audio_s3.mp3,1,GOD,CLOUDS,WALLS,,,1,,,,,,,
multiple_choice,PP2-CRE-X.51_Space_Praise_and_Worship_51,Worshiping God brings peace to our...?,spw_q4.webp,audio_s4.mp3,1,HEART,HANDS,FEET,,,1,,,,,,,
multiple_choice,PP2-CRE-X.51_Space_Praise_and_Worship_51,Who is worthy of all our worship?,spw_q5.webp,audio_s5.mp3,1,GOD,KINGS,HEROES,,,1,,,,,,,
multiple_choice,PP2-CRE-X.51_Space_Praise_and_Worship_51,Let everything that has breath praise the...?,spw_q6.webp,audio_s6.mp3,1,LORD,WIND,RAIN,,,1,,,,,,,
count_objects,PP2-CRE-X.51_Space_Praise_and_Worship_51,Count 3 harps of praise for God!,spw_count1.webp,audio_s7.mp3,1,3,2,4,,🪕,3,,,,,,,
count_objects,PP2-CRE-X.51_Space_Praise_and_Worship_51,Count 5 musical notes praising the Lord!,spw_count2.webp,audio_s8.mp3,1,5,3,4,,🎵,5,,,,,,,
count_objects,PP2-CRE-X.51_Space_Praise_and_Worship_51,Count 2 joyful worshipping hearts!,spw_count3.webp,audio_s9.mp3,1,2,1,3,,💕,2,,,,,,,
speak_repeat,PP2-CRE-X.51_Space_Praise_and_Worship_51,Say out loud clearly: I PRAISE AND WORSHIP THE LORD!,speak_s1.webp,audio_s10.mp3,1,I Praise And Worship The Lord,,,,,,I Praise And Worship The Lord,,,,,,,
speak_repeat,PP2-CRE-X.51_Space_Praise_and_Worship_51,Say out loud clearly: GOD IS WORTHY OF ALL PRAISE!,speak_s2.webp,audio_s11.mp3,1,God Is Worthy Of All Praise,,,,,,God Is Worthy Of All Praise,,,,,,,
matching,PP2-CRE-X.51_Space_Praise_and_Worship_51,Match praise and worship items!,,,1,,,,,,,,Note 🎵,1,Heart ❤️,2,Cross ✝️,3
matching,PP2-CRE-X.51_Space_Praise_and_Worship_51,Match joyful music symbols!,,,1,,,,,,,,Music 🎶,1,Bell 🔔,2,Crown 👑,3
multiple_choice,PP2-CRE-X.52_Circus_Clown_Kindness_52,What should we do with our toys and snacks?,cck_q1.webp,audio_c1.mp3,1,SHARE,HIDE,BREAK,,,1,,,,,,,
multiple_choice,PP2-CRE-X.52_Circus_Clown_Kindness_52,Sharing with others shows God's...?,cck_q2.webp,audio_c2.mp3,1,LOVE,ANGER,PRIDE,,,1,,,,,,,
multiple_choice,PP2-CRE-X.52_Circus_Clown_Kindness_52,When we share with friends we bring...?,cck_q3.webp,audio_c3.mp3,1,JOY,TEARS,FIGHTS,,,1,,,,,,,
multiple_choice,PP2-CRE-X.52_Circus_Clown_Kindness_52,Who wants us to be kind and share?,cck_q4.webp,audio_c4.mp3,1,GOD,NONE,NOBODY,,,1,,,,,,,
multiple_choice,PP2-CRE-X.52_Circus_Clown_Kindness_52,A cheerful giver makes God...?,cck_q5.webp,audio_c5.mp3,1,GLAD,SAD,UPSET,,,1,,,,,,,
multiple_choice,PP2-CRE-X.52_Circus_Clown_Kindness_52,Sharing toys is an act of Christian...?,cck_q6.webp,audio_c6.mp3,1,KINDNESS,GREED,HATE,,,1,,,,,,,
count_objects,PP2-CRE-X.52_Circus_Clown_Kindness_52,Count 4 shared gift boxes full of joy!,cck_count1.webp,audio_c7.mp3,1,4,2,3,,🎁,4,,,,,,,
count_objects,PP2-CRE-X.52_Circus_Clown_Kindness_52,Count 3 balloons shared with friends!,cck_count2.webp,audio_c8.mp3,1,3,1,4,,🎈,3,,,,,,,
count_objects,PP2-CRE-X.52_Circus_Clown_Kindness_52,Count 5 happy smiling kids sharing toys!,cck_count3.webp,audio_c9.mp3,1,5,4,2,,👧,5,,,,,,,
speak_repeat,PP2-CRE-X.52_Circus_Clown_Kindness_52,Say out loud clearly: SHARING TOYS BRINGS GOD'S JOY!,speak_c1.webp,audio_c10.mp3,1,Sharing Toys Brings God's Joy,,,,,,Sharing Toys Brings God's Joy,,,,,,,
speak_repeat,PP2-CRE-X.52_Circus_Clown_Kindness_52,Say out loud clearly: GOD LOVES A CHEERFUL GIVER!,speak_c2.webp,audio_c11.mp3,1,God Loves A Cheerful Giver,,,,,,God Loves A Cheerful Giver,,,,,,,
matching,PP2-CRE-X.52_Circus_Clown_Kindness_52,Match kindness and sharing items!,,,1,,,,,,,,Gift 🎁,1,Balloon 🎈,2,Heart ❤️,3
matching,PP2-CRE-X.52_Circus_Clown_Kindness_52,Match Christian joy symbols!,,,1,,,,,,,,Smile 😊,1,Toys 🧸,2,Cross ✝️,3
multiple_choice,PP2-CRE-X.53_Circus_Good_Samaritan_53,What did the Good Samaritan do?,cgs_q1.webp,audio_c1.mp3,1,HELPED,RAN AWAY,IGNORED,,,1,,,,,,,
multiple_choice,PP2-CRE-X.53_Circus_Good_Samaritan_53,Jesus wants us to love our...?,cgs_q2.webp,audio_c2.mp3,1,NEIGHBOR,TOYS,PETS,,,1,,,,,,,
multiple_choice,PP2-CRE-X.53_Circus_Good_Samaritan_53,Helping someone in need shows God's...?,cgs_q3.webp,audio_c3.mp3,1,LOVE,FEAR,ANGER,,,1,,,,,,,
multiple_choice,PP2-CRE-X.53_Circus_Good_Samaritan_53,Who is pleased when we help others?,cgs_q4.webp,audio_c4.mp3,1,GOD,NOBODY,BAD,,,1,,,,,,,
multiple_choice,PP2-CRE-X.53_Circus_Good_Samaritan_53,When someone falls down we should...?,cgs_q5.webp,audio_c5.mp3,1,HELP,LAUGH,WALK,,,1,,,,,,,
multiple_choice,PP2-CRE-X.53_Circus_Good_Samaritan_53,The Good Samaritan was very...?,cgs_q6.webp,audio_c6.mp3,1,KIND,MEAN,RUDE,,,1,,,,,,,
count_objects,PP2-CRE-X.53_Circus_Good_Samaritan_53,Count 3 helping hands showing God's love!,cgs_count1.webp,audio_c7.mp3,1,3,2,4,,🤝,3,,,,,,,
count_objects,PP2-CRE-X.53_Circus_Good_Samaritan_53,Count 4 bandages used to help the hurt!,cgs_count2.webp,audio_c8.mp3,1,4,3,5,,🩹,4,,,,,,,
count_objects,PP2-CRE-X.53_Circus_Good_Samaritan_53,Count 2 loving hearts helping neighbors!,cgs_count3.webp,audio_c9.mp3,1,2,1,3,,❤️,2,,,,,,,
speak_repeat,PP2-CRE-X.53_Circus_Good_Samaritan_53,Say out loud clearly: LOVE YOUR NEIGHBOR AS YOURSELF!,speak_c1.webp,audio_c10.mp3,1,Love Your Neighbor As Yourself,,,,,,Love Your Neighbor As Yourself,,,,,,,
speak_repeat,PP2-CRE-X.53_Circus_Good_Samaritan_53,Say out loud clearly: I WILL HELP OTHERS WITH LOVE!,speak_c2.webp,audio_c11.mp3,1,I Will Help Others With Love,,,,,,I Will Help Others With Love,,,,,,,
matching,PP2-CRE-X.53_Circus_Good_Samaritan_53,Match helping and caring symbols!,,,1,,,,,,,,Hand 🤝,1,Heart ❤️,2,Bandage 🩹,3
matching,PP2-CRE-X.53_Circus_Good_Samaritan_53,Match Good Samaritan love items!,,,1,,,,,,,,Cross ✝️,1,Smile 😊,2,Heart 💕,3
multiple_choice,PP2-CRE-X.54_Superhero_Armor_of_God_54,What is our shield in God's armor?,sag_q1.webp,audio_s1.mp3,1,FAITH,FEAR,DOUBT,,,1,,,,,,,
multiple_choice,PP2-CRE-X.54_Superhero_Armor_of_God_54,Who gives us spiritual armor to stand?,sag_q2.webp,audio_s2.mp3,1,GOD,KINGS,HEROES,,,1,,,,,,,
multiple_choice,PP2-CRE-X.54_Superhero_Armor_of_God_54,The helmet of salvation protects our...?,sag_q3.webp,audio_s3.mp3,1,HEAD,FEET,HANDS,,,1,,,,,,,
multiple_choice,PP2-CRE-X.54_Superhero_Armor_of_God_54,God's armor keeps us safe from...?,sag_q4.webp,audio_s4.mp3,1,EVIL,JOY,LOVE,,,1,,,,,,,
multiple_choice,PP2-CRE-X.54_Superhero_Armor_of_God_54,The belt of truth is made of God's...?,sag_q5.webp,audio_s5.mp3,1,TRUTH,LIES,LUCK,,,1,,,,,,,
multiple_choice,PP2-CRE-X.54_Superhero_Armor_of_God_54,With God's shield of faith we are...?,sag_q6.webp,audio_s6.mp3,1,SAFE,LOST,WEAK,,,1,,,,,,,
count_objects,PP2-CRE-X.54_Superhero_Armor_of_God_54,Count 3 shields of faith given by God!,sag_count1.webp,audio_s7.mp3,1,3,2,4,,🛡️,3,,,,,,,
count_objects,PP2-CRE-X.54_Superhero_Armor_of_God_54,Count 4 helmets of salvation!,sag_count2.webp,audio_s8.mp3,1,4,3,5,,🪖,4,,,,,,,
count_objects,PP2-CRE-X.54_Superhero_Armor_of_God_54,Count 2 swords of the Spirit (God's word)!,sag_count3.webp,audio_s9.mp3,1,2,1,3,,⚔️,2,,,,,,,
speak_repeat,PP2-CRE-X.54_Superhero_Armor_of_God_54,Say out loud clearly: PUT ON THE FULL ARMOR OF GOD!,speak_s1.webp,audio_s10.mp3,1,Put On The Full Armor Of God,,,,,,Put On The Full Armor Of God,,,,,,,
speak_repeat,PP2-CRE-X.54_Superhero_Armor_of_God_54,Say out loud clearly: FAITH IS MY STRONG SHIELD!,speak_s2.webp,audio_s11.mp3,1,Faith Is My Strong Shield,,,,,,Faith Is My Strong Shield,,,,,,,
matching,PP2-CRE-X.54_Superhero_Armor_of_God_54,Match God's holy armor parts!,,,1,,,,,,,,Shield 🛡️,1,Helmet 🪖,2,Sword ⚔️,3
matching,PP2-CRE-X.54_Superhero_Armor_of_God_54,Match spiritual armor symbols!,,,1,,,,,,,,Shield 🛡️,1,Cross ✝️,2,Heart ❤️,3
multiple_choice,PP2-CRE-X.55_Superhero_Brave_Daniel_55,Who prayed to God three times a day?,sbd_q1.webp,audio_d1.mp3,1,DANIEL,KINGS,GUARDS,,,1,,,,,,,
multiple_choice,PP2-CRE-X.55_Superhero_Brave_Daniel_55,Where was brave Daniel thrown into?,sbd_q2.webp,audio_d2.mp3,1,LION DEN,PIT,SEA,,,1,,,,,,,
multiple_choice,PP2-CRE-X.55_Superhero_Brave_Daniel_55,Who sent an angel to shut lions' mouths?,sbd_q3.webp,audio_d3.mp3,1,GOD,KING,SOLDIER,,,1,,,,,,,
multiple_choice,PP2-CRE-X.55_Superhero_Brave_Daniel_55,Why was Daniel safe in the lions' den?,sbd_q4.webp,audio_d4.mp3,1,PRAYER,RUNNING,HIDING,,,1,,,,,,,
multiple_choice,PP2-CRE-X.55_Superhero_Brave_Daniel_55,Daniel trusted God and was not...?,sbd_q5.webp,audio_d5.mp3,1,AFRAID,HAPPY,KIND,,,1,,,,,,,
multiple_choice,PP2-CRE-X.55_Superhero_Brave_Daniel_55,God protects those who faithfully...?,sbd_q6.webp,audio_d6.mp3,1,PRAY,SLEEP,FIGHT,,,1,,,,,,,
count_objects,PP2-CRE-X.55_Superhero_Brave_Daniel_55,Count 4 wild lions God kept quiet!,sbd_count1.webp,audio_d7.mp3,1,4,2,3,,🦁,4,,,,,,,
count_objects,PP2-CRE-X.55_Superhero_Brave_Daniel_55,Count 2 praying hands of brave Daniel!,sbd_count2.webp,audio_d8.mp3,1,2,1,3,,🙏,2,,,,,,,
count_objects,PP2-CRE-X.55_Superhero_Brave_Daniel_55,Count 1 shining angel protecting Daniel!,sbd_count3.webp,audio_d9.mp3,1,1,2,3,,👼,1,,,,,,,
speak_repeat,PP2-CRE-X.55_Superhero_Brave_Daniel_55,Say out loud clearly: GOD PROTECTED DANIEL FROM LIONS!,speak_d1.webp,audio_d10.mp3,1,God Protected Daniel From Lions,,,,,,God Protected Daniel From Lions,,,,,,,
speak_repeat,PP2-CRE-X.55_Superhero_Brave_Daniel_55,Say out loud clearly: PRAY TO GOD EVERY DAY!,speak_d2.webp,audio_d11.mp3,1,Pray To God Every Day,,,,,,Pray To God Every Day,,,,,,,
matching,PP2-CRE-X.55_Superhero_Brave_Daniel_55,Match Daniel's story items!,,,1,,,,,,,,Lion 🦁,1,Pray 🙏,2,Angel 👼,3
matching,PP2-CRE-X.55_Superhero_Brave_Daniel_55,Match prayer and protection symbols!,,,1,,,,,,,,Pray 🙏,1,Shield 🛡️,2,Cross ✝️,3
multiple_choice,PP2-CRE-X.56_Underwater_Gods_Ocean_56,Who created all the fish in the ocean?,ugo_q1.webp,audio_u1.mp3,1,GOD,BOATS,DIVERS,,,1,,,,,,,
multiple_choice,PP2-CRE-X.56_Underwater_Gods_Ocean_56,The sea and creatures show God's...?,ugo_q2.webp,audio_u2.mp3,1,CREATION,LUCK,WIND,,,1,,,,,,,
multiple_choice,PP2-CRE-X.56_Underwater_Gods_Ocean_56,Who keeps the ocean creatures alive?,ugo_q3.webp,audio_u3.mp3,1,GOD,SHIPS,NETS,,,1,,,,,,,
multiple_choice,PP2-CRE-X.56_Underwater_Gods_Ocean_56,Big whales and small fish belong to...?,ugo_q4.webp,audio_u4.mp3,1,GOD,SEAS,ROCKS,,,1,,,,,,,
multiple_choice,PP2-CRE-X.56_Underwater_Gods_Ocean_56,We praise God for making blue...?,ugo_q5.webp,audio_u5.mp3,1,OCEANS,ROADS,TOWNS,,,1,,,,,,,
multiple_choice,PP2-CRE-X.56_Underwater_Gods_Ocean_56,God made underwater coral reefs so...?,ugo_q6.webp,audio_u6.mp3,1,PRETTY,DARK,DRY,,,1,,,,,,,
count_objects,PP2-CRE-X.56_Underwater_Gods_Ocean_56,Count 5 colorful fish swimming for God!,ugo_count1.webp,audio_u7.mp3,1,5,3,4,,🐟,5,,,,,,,
count_objects,PP2-CRE-X.56_Underwater_Gods_Ocean_56,Count 3 friendly octopuses created by God!,ugo_count2.webp,audio_u8.mp3,1,3,2,4,,🐙,3,,,,,,,
count_objects,PP2-CRE-X.56_Underwater_Gods_Ocean_56,Count 4 sea turtles praising God underwater!,ugo_count3.webp,audio_u9.mp3,1,4,2,5,,🐢,4,,,,,,,
speak_repeat,PP2-CRE-X.56_Underwater_Gods_Ocean_56,Say out loud clearly: GOD MADE THE OCEAN CREATURES!,speak_u1.webp,audio_u10.mp3,1,God Made The Ocean Creatures,,,,,,God Made The Ocean Creatures,,,,,,,
speak_repeat,PP2-CRE-X.56_Underwater_Gods_Ocean_56,Say out loud clearly: PRAISE GOD FOR SEA LIFE!,speak_u2.webp,audio_u11.mp3,1,Praise God For Sea Life,,,,,,Praise God For Sea Life,,,,,,,
matching,PP2-CRE-X.56_Underwater_Gods_Ocean_56,Match God's underwater creations!,,,1,,,,,,,,Fish 🐟,1,Turtle 🐢,2,Whale 🐳,3
matching,PP2-CRE-X.56_Underwater_Gods_Ocean_56,Match ocean world elements!,,,1,,,,,,,,Octopus 🐙,1,Water 🌊,2,Coral 🪸,3
multiple_choice,PP2-CRE-X.57_Underwater_Jonah_Forgiveness_57,Who told Jonah to go and preach?,ujf_q1.webp,audio_u1.mp3,1,GOD,KINGS,SAILORS,,,1,,,,,,,
multiple_choice,PP2-CRE-X.57_Underwater_Jonah_Forgiveness_57,What big creature swallowed Jonah in the sea?,ujf_q2.webp,audio_u2.mp3,1,WHALE,SHARK,CRAB,,,1,,,,,,,
multiple_choice,PP2-CRE-X.57_Underwater_Jonah_Forgiveness_57,What did Jonah do inside the big whale?,ujf_q3.webp,audio_u3.mp3,1,PRAY,SLEEP,SING,,,1,,,,,,,
multiple_choice,PP2-CRE-X.57_Underwater_Jonah_Forgiveness_57,How many days was Jonah in the whale?,ujf_q4.webp,audio_u4.mp3,1,3,1,5,,,1,,,,,,,
multiple_choice,PP2-CRE-X.57_Underwater_Jonah_Forgiveness_57,What must we do when God speaks to us?,ujf_q5.webp,audio_u5.mp3,1,OBEY,RUN,HIDE,,,1,,,,,,,
multiple_choice,PP2-CRE-X.57_Underwater_Jonah_Forgiveness_57,Who saved Jonah out of the ocean?,ujf_q6.webp,audio_u6.mp3,1,GOD,FISH,NETS,,,1,,,,,,,
count_objects,PP2-CRE-X.57_Underwater_Jonah_Forgiveness_57,Count 1 giant whale sent by God!,ujf_count1.webp,audio_u7.mp3,1,1,2,3,,🐳,1,,,,,,,
count_objects,PP2-CRE-X.57_Underwater_Jonah_Forgiveness_57,Count 3 days Jonah prayed underwater!,ujf_count2.webp,audio_u8.mp3,1,3,2,4,,🙏,3,,,,,,,
count_objects,PP2-CRE-X.57_Underwater_Jonah_Forgiveness_57,Count 4 boats in the big sea storm!,ujf_count3.webp,audio_u9.mp3,1,4,3,5,,⛵,4,,,,,,,
speak_repeat,PP2-CRE-X.57_Underwater_Jonah_Forgiveness_57,Say out loud clearly: I WILL LISTEN AND OBEY GOD!,speak_u1.webp,audio_u10.mp3,1,I Will Listen And Obey God,,,,,,I Will Listen And Obey God,,,,,,,
speak_repeat,PP2-CRE-X.57_Underwater_Jonah_Forgiveness_57,Say out loud clearly: GOD SAVED JONAH FROM THE WHALE!,speak_u2.webp,audio_u11.mp3,1,God Saved Jonah From The Whale,,,,,,God Saved Jonah From The Whale,,,,,,,
matching,PP2-CRE-X.57_Underwater_Jonah_Forgiveness_57,Match Jonah's ocean story items!,,,1,,,,,,,,Whale 🐳,1,Pray 🙏,2,Boat ⛵,3
matching,PP2-CRE-X.57_Underwater_Jonah_Forgiveness_57,Match obedience and prayer symbols!,,,1,,,,,,,,Pray 🙏,1,Heart ❤️,2,Cross ✝️,3
multiple_choice,PP2-CRE-X.58_Safari_Creation_Praise_58,Who made all the wild safari animals?,scp_q1.webp,audio_s1.mp3,1,GOD,HUNTERS,TREES,,,1,,,,,,,
multiple_choice,PP2-CRE-X.58_Safari_Creation_Praise_58,What creature has a long trunk made by God?,scp_q2.webp,audio_s2.mp3,1,ELEPHANT,LION,ZEBRA,,,1,,,,,,,
multiple_choice,PP2-CRE-X.58_Safari_Creation_Praise_58,Who created the roaring lion in the wild?,scp_q3.webp,audio_s3.mp3,1,GOD,ROCKS,CLOUDS,,,1,,,,,,,
multiple_choice,PP2-CRE-X.58_Safari_Creation_Praise_58,Why did God make all the beautiful animals?,scp_q4.webp,audio_s4.mp3,1,GLORY,FEAR,NOISE,,,1,,,,,,,
multiple_choice,PP2-CRE-X.58_Safari_Creation_Praise_58,We praise God when we see His wild...?,scp_q5.webp,audio_s5.mp3,1,ANIMALS,CARS,TOYS,,,1,,,,,,,
multiple_choice,PP2-CRE-X.58_Safari_Creation_Praise_58,God cares for every animal on the...?,scp_q6.webp,audio_s6.mp3,1,SAFARI,ROAD,STREET,,,1,,,,,,,
count_objects,PP2-CRE-X.58_Safari_Creation_Praise_58,Count 3 mighty lions praising God!,scp_count1.webp,audio_s7.mp3,1,3,2,4,,🦁,3,,,,,,,
count_objects,PP2-CRE-X.58_Safari_Creation_Praise_58,Count 5 striped zebras in God's safari!,scp_count2.webp,audio_s8.mp3,1,5,3,4,,🦓,5,,,,,,,
count_objects,PP2-CRE-X.58_Safari_Creation_Praise_58,Count 2 tall giraffes reaching to heaven!,scp_count3.webp,audio_s9.mp3,1,2,1,3,,🦒,2,,,,,,,
speak_repeat,PP2-CRE-X.58_Safari_Creation_Praise_58,Say out loud clearly: PRAISE GOD FOR SAFARI ANIMALS!,speak_s1.webp,audio_s10.mp3,1,Praise God For Safari Animals,,,,,,Praise God For Safari Animals,,,,,,,
speak_repeat,PP2-CRE-X.58_Safari_Creation_Praise_58,Say out loud clearly: GOD CREATED EVERY LIVING THING!,speak_s2.webp,audio_s11.mp3,1,God Created Every Living Thing,,,,,,God Created Every Living Thing,,,,,,,
matching,PP2-CRE-X.58_Safari_Creation_Praise_58,Match God's wild safari creations!,,,1,,,,,,,,Lion 🦁,1,Elephant 🐘,2,Giraffe 🦒,3
matching,PP2-CRE-X.58_Safari_Creation_Praise_58,Match safari praise items!,,,1,,,,,,,,Zebra 🦓,1,Tree 🌴,2,Sun ☀️,3
multiple_choice,PP2-CRE-X.59_Dinosaur_Ark_Safari_59,Who told Noah to build the giant ark?,das_q1.webp,audio_d1.mp3,1,GOD,KINGS,SAILORS,,,1,,,,,,,
multiple_choice,PP2-CRE-X.59_Dinosaur_Ark_Safari_59,How did the animals go into Noah's ark?,das_q2.webp,audio_d2.mp3,1,PAIRS,ALONE,FAST,,,1,,,,,,,
multiple_choice,PP2-CRE-X.59_Dinosaur_Ark_Safari_59,What saved the animals from the big rain?,das_q3.webp,audio_d3.mp3,1,ARK,CAR,HOUSE,,,1,,,,,,,
multiple_choice,PP2-CRE-X.59_Dinosaur_Ark_Safari_59,Who kept Noah and the animals safe inside?,das_q4.webp,audio_d4.mp3,1,GOD,STORM,WIND,,,1,,,,,,,
multiple_choice,PP2-CRE-X.59_Dinosaur_Ark_Safari_59,What promise sign did God put in the sky?,das_q5.webp,audio_d5.mp3,1,RAINBOW,CLOUDS,MOON,,,1,,,,,,,
multiple_choice,PP2-CRE-X.59_Dinosaur_Ark_Safari_59,We thank God for keeping us safe like...?,das_q6.webp,audio_d6.mp3,1,NOAH,FEAR,RAIN,,,1,,,,,,,
count_objects,PP2-CRE-X.59_Dinosaur_Ark_Safari_59,Count 2 giraffes going into Noah's ark!,das_count1.webp,audio_d7.mp3,1,2,1,3,,🦒,2,,,,,,,
count_objects,PP2-CRE-X.59_Dinosaur_Ark_Safari_59,Count 4 elephants saved on the ark!,das_count2.webp,audio_d8.mp3,1,4,2,5,,🐘,4,,,,,,,
count_objects,PP2-CRE-X.59_Dinosaur_Ark_Safari_59,Count 3 lions resting inside the ark!,das_count3.webp,audio_d9.mp3,1,3,1,4,,🦁,3,,,,,,,
speak_repeat,PP2-CRE-X.59_Dinosaur_Ark_Safari_59,Say out loud clearly: GOD KEPT NOAH SAFE!,speak_d1.webp,audio_d10.mp3,1,God Kept Noah Safe,,,,,,God Kept Noah Safe,,,,,,,
speak_repeat,PP2-CRE-X.59_Dinosaur_Ark_Safari_59,Say out loud clearly: THANK YOU GOD FOR THE ARK!,speak_d2.webp,audio_d11.mp3,1,Thank You God For The Ark,,,,,,Thank You God For The Ark,,,,,,,
matching,PP2-CRE-X.59_Dinosaur_Ark_Safari_59,Match the animals saved in the ark!,,,1,,,,,,,,Ark ⛵,1,Giraffe 🦒,2,Lion 🦁,3
matching,PP2-CRE-X.59_Dinosaur_Ark_Safari_59,Match God's safe creation items!,,,1,,,,,,,,Ark ⛵,1,Rainbow 🌈,2,Dove 🕊️,3
multiple_choice,PP2-CRE-X.60_Pirate_Bible_Treasure_60,What is God's Holy Bible to us?,pbt_q1.webp,audio_p1.mp3,1,TREASURE,TOY,COIN,,,1,,,,,,,
multiple_choice,PP2-CRE-X.60_Pirate_Bible_Treasure_60,Where do we read God's true words?,pbt_q2.webp,audio_p2.mp3,1,BIBLE,MAP,PAPER,,,1,,,,,,,
multiple_choice,PP2-CRE-X.60_Pirate_Bible_Treasure_60,God's word guides us like a bright...?,pbt_q3.webp,audio_p3.mp3,1,LIGHT,DARK,FOG,,,1,,,,,,,
multiple_choice,PP2-CRE-X.60_Pirate_Bible_Treasure_60,What is better than gold and silver?,pbt_q4.webp,audio_p4.mp3,1,BIBLE,ROCKS,SAND,,,1,,,,,,,
multiple_choice,PP2-CRE-X.60_Pirate_Bible_Treasure_60,Who gave us the Holy Bible?,pbt_q5.webp,audio_p5.mp3,1,GOD,PIRATES,SHIPS,,,1,,,,,,,
multiple_choice,PP2-CRE-X.60_Pirate_Bible_Treasure_60,We store God's words inside our...?,pbt_q6.webp,audio_p6.mp3,1,HEART,BOX,BAG,,,1,,,,,,,
count_objects,PP2-CRE-X.60_Pirate_Bible_Treasure_60,Count 3 Holy Bibles full of God's word!,pbt_count1.webp,audio_p7.mp3,1,3,2,4,,📖,3,,,,,,,
count_objects,PP2-CRE-X.60_Pirate_Bible_Treasure_60,Count 4 treasure chests of Bible truth!,pbt_count2.webp,audio_p8.mp3,1,4,3,5,,🏴‍☠️,4,,,,,,,
count_objects,PP2-CRE-X.60_Pirate_Bible_Treasure_60,Count 2 cross lights shining bright!,pbt_count3.webp,audio_p9.mp3,1,2,1,3,,✝️,2,,,,,,,
speak_repeat,PP2-CRE-X.60_Pirate_Bible_Treasure_60,Say out loud clearly: GOD'S WORD IS MY TREASURE!,speak_p1.webp,audio_p10.mp3,1,God's Word Is My Treasure,,,,,,God's Word Is My Treasure,,,,,,,
speak_repeat,PP2-CRE-X.60_Pirate_Bible_Treasure_60,Say out loud clearly: I LOVE THE HOLY BIBLE!,speak_p2.webp,audio_p11.mp3,1,I Love The Holy Bible,,,,,,I Love The Holy Bible,,,,,,,
matching,PP2-CRE-X.60_Pirate_Bible_Treasure_60,Match God's holy treasure items!,,,1,,,,,,,,Bible 📖,1,Light 💡,2,Heart ❤️,3
matching,PP2-CRE-X.60_Pirate_Bible_Treasure_60,Match the Bible praise symbols!,,,1,,,,,,,,Bible 📖,1,Cross ✝️,2,Crown 👑,3
multiple_choice,PP2-CRE-X.61_Space_Gods_Creation_61,Who made the twinkling stars in space?,sgc_q1.webp,audio_s1.mp3,1,GOD,ROCKETS,MOONS,,,1,,,,,,,
multiple_choice,PP2-CRE-X.61_Space_Gods_Creation_61,God created the sun to give us...?,sgc_q2.webp,audio_s2.mp3,1,LIGHT,RAIN,COLD,,,1,,,,,,,
multiple_choice,PP2-CRE-X.61_Space_Gods_Creation_61,Who made the glowing moon at night?,sgc_q3.webp,audio_s3.mp3,1,GOD,CLOUDS,WIND,,,1,,,,,,,
multiple_choice,PP2-CRE-X.61_Space_Gods_Creation_61,The whole world and sky belong to...?,sgc_q4.webp,audio_s4.mp3,1,GOD,STARS,PLANETS,,,1,,,,,,,
multiple_choice,PP2-CRE-X.61_Space_Gods_Creation_61,When we see the sky we praise God's...?,sgc_q5.webp,audio_s5.mp3,1,GLORY,DARK,FEAR,,,1,,,,,,,
multiple_choice,PP2-CRE-X.61_Space_Gods_Creation_61,God counts and knows every single...?,sgc_q6.webp,audio_s6.mp3,1,STAR,ROCK,DUST,,,1,,,,,,,
count_objects,PP2-CRE-X.61_Space_Gods_Creation_61,Count 5 shiny stars created by God!,sgc_count1.webp,audio_s7.mp3,1,5,3,4,,⭐,5,,,,,,,
count_objects,PP2-CRE-X.61_Space_Gods_Creation_61,Count 2 bright moons shining in space!,sgc_count2.webp,audio_s8.mp3,1,2,1,3,,🌙,2,,,,,,,
count_objects,PP2-CRE-X.61_Space_Gods_Creation_61,Count 4 planets God placed in the sky!,sgc_count3.webp,audio_s9.mp3,1,4,2,5,,🪐,4,,,,,,,
speak_repeat,PP2-CRE-X.61_Space_Gods_Creation_61,Say out loud clearly: GOD MADE THE STARS AND MOON!,speak_s1.webp,audio_s10.mp3,1,God Made The Stars And Moon,,,,,,God Made The Stars And Moon,,,,,,,
speak_repeat,PP2-CRE-X.61_Space_Gods_Creation_61,Say out loud clearly: GOD'S WORLD IS WONDERFUL!,speak_s2.webp,audio_s11.mp3,1,God's World Is Wonderful,,,,,,God's World Is Wonderful,,,,,,,
matching,PP2-CRE-X.61_Space_Gods_Creation_61,Match God's heavenly sky creations!,,,1,,,,,,,,Star ⭐,1,Moon 🌙,2,Sun ☀️,3
matching,PP2-CRE-X.61_Space_Gods_Creation_61,Match space world elements!,,,1,,,,,,,,Planet 🪐,1,Star 🌟,2,Earth 🌍,3
multiple_choice,PP2-CRE-X.62_Circus_Sharing_Joy_62,What should we do with our toys?,csj_q1.webp,audio_c1.mp3,1,SHARE,HIDE,BREAK,,,1,,,,,,,
multiple_choice,PP2-CRE-X.62_Circus_Sharing_Joy_62,Sharing with others shows God's...?,csj_q2.webp,audio_c2.mp3,1,LOVE,ANGER,PRIDE,,,1,,,,,,,
multiple_choice,PP2-CRE-X.62_Circus_Sharing_Joy_62,When we share with friends we bring...?,csj_q3.webp,audio_c3.mp3,1,JOY,TEARS,FIGHTS,,,1,,,,,,,
multiple_choice,PP2-CRE-X.62_Circus_Sharing_Joy_62,Who wants us to be kind and share?,csj_q4.webp,audio_c4.mp3,1,GOD,NONE,NOBODY,,,1,,,,,,,
multiple_choice,PP2-CRE-X.62_Circus_Sharing_Joy_62,A cheerful giver makes God...?,csj_q5.webp,audio_c5.mp3,1,GLAD,SAD,UPSET,,,1,,,,,,,
multiple_choice,PP2-CRE-X.62_Circus_Sharing_Joy_62,Sharing toys is an act of Christian...?,csj_q6.webp,audio_c6.mp3,1,KINDNESS,GREED,HATE,,,1,,,,,,,
count_objects,PP2-CRE-X.62_Circus_Sharing_Joy_62,Count 4 shared gift boxes full of joy!,csj_count1.webp,audio_c7.mp3,1,4,2,3,,🎁,4,,,,,,,
count_objects,PP2-CRE-X.62_Circus_Sharing_Joy_62,Count 3 balloons shared with friends!,csj_count2.webp,audio_c8.mp3,1,3,1,4,,🎈,3,,,,,,,
count_objects,PP2-CRE-X.62_Circus_Sharing_Joy_62,Count 5 happy smiling kids sharing toys!,csj_count3.webp,audio_c9.mp3,1,5,4,2,,👧,5,,,,,,,
speak_repeat,PP2-CRE-X.62_Circus_Sharing_Joy_62,Say out loud clearly: SHARING TOYS BRINGS GOD'S JOY!,speak_c1.webp,audio_c10.mp3,1,Sharing Toys Brings God's Joy,,,,,,Sharing Toys Brings God's Joy,,,,,,,
speak_repeat,PP2-CRE-X.62_Circus_Sharing_Joy_62,Say out loud clearly: GOD LOVES A CHEERFUL GIVER!,speak_c2.webp,audio_c11.mp3,1,God Loves A Cheerful Giver,,,,,,God Loves A Cheerful Giver,,,,,,,
matching,PP2-CRE-X.62_Circus_Sharing_Joy_62,Match kindness and sharing items!,,,1,,,,,,,,Gift 🎁,1,Balloon 🎈,2,Heart ❤️,3
matching,PP2-CRE-X.62_Circus_Sharing_Joy_62,Match Christian joy symbols!,,,1,,,,,,,,Smile 😊,1,Toys 🧸,2,Cross ✝️,3
multiple_choice,PP2-CRE-X.63_Superhero_Faith_Shield_63,What is our shield in God's armor?,sfs_q1.webp,audio_s1.mp3,1,FAITH,FEAR,DOUBT,,,1,,,,,,,
multiple_choice,PP2-CRE-X.63_Superhero_Faith_Shield_63,Who gives us spiritual armor to stand?,sfs_q2.webp,audio_s2.mp3,1,GOD,KINGS,HEROES,,,1,,,,,,,
multiple_choice,PP2-CRE-X.63_Superhero_Faith_Shield_63,The helmet of salvation protects our...?,sfs_q3.webp,audio_s3.mp3,1,HEAD,FEET,HANDS,,,1,,,,,,,
multiple_choice,PP2-CRE-X.63_Superhero_Faith_Shield_63,God's armor keeps us safe from...?,sfs_q4.webp,audio_s4.mp3,1,EVIL,JOY,LOVE,,,1,,,,,,,
multiple_choice,PP2-CRE-X.63_Superhero_Faith_Shield_63,The belt of truth is made of God's...?,sfs_q5.webp,audio_s5.mp3,1,TRUTH,LIES,LUCK,,,1,,,,,,,
multiple_choice,PP2-CRE-X.63_Superhero_Faith_Shield_63,With God's shield of faith we are...?,sfs_q6.webp,audio_s6.mp3,1,SAFE,LOST,WEAK,,,1,,,,,,,
count_objects,PP2-CRE-X.63_Superhero_Faith_Shield_63,Count 3 shields of faith given by God!,sfs_count1.webp,audio_s7.mp3,1,3,2,4,,🛡️,3,,,,,,,
count_objects,PP2-CRE-X.63_Superhero_Faith_Shield_63,Count 4 helmets of salvation!,sfs_count2.webp,audio_s8.mp3,1,4,3,5,,🪖,4,,,,,,,
count_objects,PP2-CRE-X.63_Superhero_Faith_Shield_63,Count 2 swords of the Spirit (God's word)!,sfs_count3.webp,audio_s9.mp3,1,2,1,3,,⚔️,2,,,,,,,
speak_repeat,PP2-CRE-X.63_Superhero_Faith_Shield_63,Say out loud clearly: PUT ON THE FULL ARMOR OF GOD!,speak_s1.webp,audio_s10.mp3,1,Put On The Full Armor Of God,,,,,,Put On The Full Armor Of God,,,,,,,
speak_repeat,PP2-CRE-X.63_Superhero_Faith_Shield_63,Say out loud clearly: FAITH IS MY STRONG SHIELD!,speak_s2.webp,audio_s11.mp3,1,Faith Is My Strong Shield,,,,,,Faith Is My Strong Shield,,,,,,,
matching,PP2-CRE-X.63_Superhero_Faith_Shield_63,Match God's holy armor parts!,,,1,,,,,,,,Shield 🛡️,1,Helmet 🪖,2,Sword ⚔️,3
matching,PP2-CRE-X.63_Superhero_Faith_Shield_63,Match spiritual armor symbols!,,,1,,,,,,,,Shield 🛡️,1,Cross ✝️,2,Heart ❤️,3
multiple_choice,PP2-CRE-X.64_Underwater_Sea_Creation_64,Who created all the fish in the ocean?,usc_q1.webp,audio_u1.mp3,1,GOD,BOATS,DIVERS,,,1,,,,,,,
multiple_choice,PP2-CRE-X.64_Underwater_Sea_Creation_64,The sea and creatures show God's...?,usc_q2.webp,audio_u2.mp3,1,CREATION,LUCK,WIND,,,1,,,,,,,
multiple_choice,PP2-CRE-X.64_Underwater_Sea_Creation_64,Who keeps the ocean creatures alive?,usc_q3.webp,audio_u3.mp3,1,GOD,SHIPS,NETS,,,1,,,,,,,
multiple_choice,PP2-CRE-X.64_Underwater_Sea_Creation_64,Big whales and small fish belong to...?,usc_q4.webp,audio_u4.mp3,1,GOD,SEAS,ROCKS,,,1,,,,,,,
multiple_choice,PP2-CRE-X.64_Underwater_Sea_Creation_64,We praise God for making blue...?,usc_q5.webp,audio_u5.mp3,1,OCEANS,ROADS,TOWNS,,,1,,,,,,,
multiple_choice,PP2-CRE-X.64_Underwater_Sea_Creation_64,God made underwater coral reefs so...?,usc_q6.webp,audio_u6.mp3,1,PRETTY,DARK,DRY,,,1,,,,,,,
count_objects,PP2-CRE-X.64_Underwater_Sea_Creation_64,Count 5 colorful fish swimming for God!,usc_count1.webp,audio_u7.mp3,1,5,3,4,,🐟,5,,,,,,,
count_objects,PP2-CRE-X.64_Underwater_Sea_Creation_64,Count 3 friendly octopuses created by God!,usc_count2.webp,audio_u8.mp3,1,3,2,4,,🐙,3,,,,,,,
count_objects,PP2-CRE-X.64_Underwater_Sea_Creation_64,Count 4 sea turtles praising God underwater!,usc_count3.webp,audio_u9.mp3,1,4,2,5,,🐢,4,,,,,,,
speak_repeat,PP2-CRE-X.64_Underwater_Sea_Creation_64,Say out loud clearly: GOD MADE THE OCEAN CREATURES!,speak_u1.webp,audio_u10.mp3,1,God Made The Ocean Creatures,,,,,,God Made The Ocean Creatures,,,,,,,
speak_repeat,PP2-CRE-X.64_Underwater_Sea_Creation_64,Say out loud clearly: PRAISE GOD FOR SEA LIFE!,speak_u2.webp,audio_u11.mp3,1,Praise God For Sea Life,,,,,,Praise God For Sea Life,,,,,,,
matching,PP2-CRE-X.64_Underwater_Sea_Creation_64,Match God's underwater creations!,,,1,,,,,,,,Fish 🐟,1,Turtle 🐢,2,Whale 🐳,3
matching,PP2-CRE-X.64_Underwater_Sea_Creation_64,Match ocean world elements!,,,1,,,,,,,,Octopus 🐙,1,Water 🌊,2,Coral 🪸,3
multiple_choice,PP2-CRE-X.65_Safari_Praise_Safari_65,Why do we sing praise songs to God?,sps_q1.webp,audio_s1.mp3,1,JOY,ANGER,FEAR,,,1,,,,,,,
multiple_choice,PP2-CRE-X.65_Safari_Praise_Safari_65,Who loves to hear our happy praise?,sps_q2.webp,audio_s2.mp3,1,GOD,BIRDS,TREES,,,1,,,,,,,
multiple_choice,PP2-CRE-X.65_Safari_Praise_Safari_65,We clap our hands when we sing to...?,sps_q3.webp,audio_s3.mp3,1,GOD,ROADS,DOORS,,,1,,,,,,,
multiple_choice,PP2-CRE-X.65_Safari_Praise_Safari_65,Praise songs fill our hearts with...?,sps_q4.webp,audio_s4.mp3,1,LOVE,SADNESS,NOISE,,,1,,,,,,,
multiple_choice,PP2-CRE-X.65_Safari_Praise_Safari_65,Who created our voices to sing?,sps_q5.webp,audio_s5.mp3,1,GOD,TOYS,BELLS,,,1,,,,,,,
multiple_choice,PP2-CRE-X.65_Safari_Praise_Safari_65,Singing praise to God makes us...?,sps_q6.webp,audio_s6.mp3,1,HAPPY,TIRED,CROSS,,,1,,,,,,,
count_objects,PP2-CRE-X.65_Safari_Praise_Safari_65,Count 3 musical notes of praise to God!,sps_count1.webp,audio_s7.mp3,1,3,2,4,,🎵,3,,,,,,,
count_objects,PP2-CRE-X.65_Safari_Praise_Safari_65,Count 5 happy smiling faces singing!,sps_count2.webp,audio_s8.mp3,1,5,3,4,,😀,5,,,,,,,
count_objects,PP2-CRE-X.65_Safari_Praise_Safari_65,Count 2 harps played to praise God!,sps_count3.webp,audio_s9.mp3,1,2,1,3,,🪕,2,,,,,,,
speak_repeat,PP2-CRE-X.65_Safari_Praise_Safari_65,Say out loud clearly: I SING PRAISE TO GOD WITH JOY!,speak_s1.webp,audio_s10.mp3,1,I Sing Praise To God With Joy,,,,,,I Sing Praise To God With Joy,,,,,,,
speak_repeat,PP2-CRE-X.65_Safari_Praise_Safari_65,Say out loud clearly: PRAISE THE LORD WITH JOYFUL NOISE!,speak_s2.webp,audio_s11.mp3,1,Praise The Lord With Joyful Noise,,,,,,Praise The Lord With Joyful Noise,,,,,,,
matching,PP2-CRE-X.65_Safari_Praise_Safari_65,Match music praise symbols!,,,1,,,,,,,,Note 🎵,1,Bell 🔔,2,Heart ❤️,3
matching,PP2-CRE-X.65_Safari_Praise_Safari_65,Match joyful praise items!,,,1,,,,,,,,Music 🎶,1,Smile 😊,2,Cross ✝️,3
multiple_choice,PP2-CRE-X.66_PP2_CRE_Curriculum_Review_66,Who created the sky, earth, and ocean?,cr66_q1.webp,audio_c1.mp3,1,GOD,PEOPLE,WINDS,,,1,,,,,,,
multiple_choice,PP2-CRE-X.66_PP2_CRE_Curriculum_Review_66,Who is the Good Shepherd who loves us?,cr66_q2.webp,audio_c2.mp3,1,JESUS,KINGS,GUARDS,,,1,,,,,,,
multiple_choice,PP2-CRE-X.66_PP2_CRE_Curriculum_Review_66,What holy book guides our path to God?,cr66_q3.webp,audio_c3.mp3,1,BIBLE,PAPER,MAP,,,1,,,,,,,
multiple_choice,PP2-CRE-X.66_PP2_CRE_Curriculum_Review_66,Talking to God morning, noon, and night is...?,cr66_q4.webp,audio_c4.mp3,1,PRAYER,SLEEPING,RUNNING,,,1,,,,,,,
multiple_choice,PP2-CRE-X.66_PP2_CRE_Curriculum_Review_66,Jesus taught us to love our...?,cr66_q5.webp,audio_c5.mp3,1,NEIGHBOR,TOYS,CARS,,,1,,,,,,,
multiple_choice,PP2-CRE-X.66_PP2_CRE_Curriculum_Review_66,God protects us day and...?,cr66_q6.webp,audio_c6.mp3,1,NIGHT,RAIN,STORM,,,1,,,,,,,
count_objects,PP2-CRE-X.66_PP2_CRE_Curriculum_Review_66,Count 5 Bible review crowns!,cr66_count1.webp,audio_c7.mp3,1,5,3,4,,👑,5,,,,,,,
count_objects,PP2-CRE-X.66_PP2_CRE_Curriculum_Review_66,Count 4 praying hands!,cr66_count2.webp,audio_c8.mp3,1,4,2,3,,🙏,4,,,,,,,
count_objects,PP2-CRE-X.66_PP2_CRE_Curriculum_Review_66,Count 3 holy crosses!,cr66_count3.webp,audio_c9.mp3,1,3,1,5,,✝️,3,,,,,,,
speak_repeat,PP2-CRE-X.66_PP2_CRE_Curriculum_Review_66,Say out loud clearly: PP2 CRE CURRICULUM REVIEW SUCCESS!,speak_c1.webp,audio_c10.mp3,1,PP2 CRE Curriculum Review Success,,,,,,PP2 CRE Curriculum Review Success,,,,,,,
speak_repeat,PP2-CRE-X.66_PP2_CRE_Curriculum_Review_66,Say out loud clearly: GOD IS GOOD ALL THE TIME!,speak_c2.webp,audio_c11.mp3,1,God Is Good All The Time,,,,,,God Is Good All The Time,,,,,,,
matching,PP2-CRE-X.66_PP2_CRE_Curriculum_Review_66,Match review domains!,,,1,,,,,,,,Creator,GOD,Shepherd,JESUS,Word,BIBLE
matching,PP2-CRE-X.66_PP2_CRE_Curriculum_Review_66,Match review symbols!,,,1,,,,,,,,Crown 👑,1,Cross ✝️,2,Pray 🙏,3
multiple_choice,PP2-CRE-X.67_PP2_CRE_Ultimate_Challenge_67,Who saved Noah and animals in the ark?,uc67_q1.webp,audio_u1.mp3,1,GOD,KINGS,SAILORS,,,1,,,,,,,
multiple_choice,PP2-CRE-X.67_PP2_CRE_Ultimate_Challenge_67,Who protected Daniel in the lion's den?,uc67_q2.webp,audio_u2.mp3,1,GOD,GUARDS,SOLDIERS,,,1,,,,,,,
multiple_choice,PP2-CRE-X.67_PP2_CRE_Ultimate_Challenge_67,Who gives young David courage against giants?,uc67_q3.webp,audio_u3.mp3,1,GOD,ARMOR,SWORDS,,,1,,,,,,,
multiple_choice,PP2-CRE-X.67_PP2_CRE_Ultimate_Challenge_67,What shield protects us in the armor of God?,uc67_q4.webp,audio_u4.mp3,1,FAITH,FEAR,DOUBT,,,1,,,,,,,
multiple_choice,PP2-CRE-X.67_PP2_CRE_Ultimate_Challenge_67,Where do we gather on Sunday to worship God?,uc67_q5.webp,audio_u5.mp3,1,CHURCH,MARKET,PARK,,,1,,,,,,,
multiple_choice,PP2-CRE-X.67_PP2_CRE_Ultimate_Challenge_67,Who performs miracles and calms sea storms?,uc67_q6.webp,audio_u6.mp3,1,JESUS,PILATE,HEROD,,,1,,,,,,,
count_objects,PP2-CRE-X.67_PP2_CRE_Ultimate_Challenge_67,Count 5 ultimate challenge gold medals!,uc67_count1.webp,audio_u7.mp3,1,5,3,4,,🥇,5,,,,,,,
count_objects,PP2-CRE-X.67_PP2_CRE_Ultimate_Challenge_67,Count 3 star trophies of faith!,uc67_count2.webp,audio_u8.mp3,1,3,1,4,,🏆,3,,,,,,,
count_objects,PP2-CRE-X.67_PP2_CRE_Ultimate_Challenge_67,Count 4 victory shields!,uc67_count3.webp,audio_u9.mp3,1,4,2,5,,🛡️,4,,,,,,,
speak_repeat,PP2-CRE-X.67_PP2_CRE_Ultimate_Challenge_67,Say out loud clearly: I PASSED THE ULTIMATE CRE CHALLENGE!,speak_u1.webp,audio_u10.mp3,1,I Passed The Ultimate CRE Challenge,,,,,,I Passed The Ultimate CRE Challenge,,,,,,,
speak_repeat,PP2-CRE-X.67_PP2_CRE_Ultimate_Challenge_67,Say out loud clearly: TRUST AND OBEY GOD EVERY DAY!,speak_u2.webp,audio_u11.mp3,1,Trust And Obey God Every Day,,,,,,Trust And Obey God Every Day,,,,,,,
matching,PP2-CRE-X.67_PP2_CRE_Ultimate_Challenge_67,Match ultimate heroes!,,,1,,,,,,,,Noah ⛵,1,Daniel 🦁,2,David 🪨,3
matching,PP2-CRE-X.67_PP2_CRE_Ultimate_Challenge_67,Match ultimate symbols!,,,1,,,,,,,,Shield 🛡️,1,Cross ✝️,2,Trophy 🏆,3
multiple_choice,PP2-CRE-X.68_PP2_CRE_Grand_Champion_68,Who created all big and small things in heaven and earth?,gc68_q1.webp,audio_g1.mp3,1,GOD,KINGS,PEOPLE,,,1,,,,,,,
multiple_choice,PP2-CRE-X.68_PP2_CRE_Grand_Champion_68,Who is our Savior, Teacher, and Best Friend?,gc68_q2.webp,audio_g2.mp3,1,JESUS,GUARDS,SOLDIERS,,,1,,,,,,,
multiple_choice,PP2-CRE-X.68_PP2_CRE_Grand_Champion_68,What holy book teaches us God's true words?,gc68_q3.webp,audio_g3.mp3,1,BIBLE,PAPER,MAP,,,1,,,,,,,
multiple_choice,PP2-CRE-X.68_PP2_CRE_Grand_Champion_68,How do we speak to God with love every day?,gc68_q4.webp,audio_g4.mp3,1,PRAYER,SLEEPING,RUNNING,,,1,,,,,,,
multiple_choice,PP2-CRE-X.68_PP2_CRE_Grand_Champion_68,Love, kindness, and sharing bring glory to...?,gc68_q5.webp,audio_g5.mp3,1,GOD,NOBODY,BAD,,,1,,,,,,,
multiple_choice,PP2-CRE-X.68_PP2_CRE_Grand_Champion_68,We praise God now and forever because God is...?,gc68_q6.webp,audio_g6.mp3,1,LOVE,FEAR,SADNESS,,,1,,,,,,,
count_objects,PP2-CRE-X.68_PP2_CRE_Grand_Champion_68,Count 5 grand champion star trophies!,gc68_count1.webp,audio_g7.mp3,1,5,3,4,,🏆,5,,,,,,,
count_objects,PP2-CRE-X.68_PP2_CRE_Grand_Champion_68,Count 4 grand champion gold medals!,gc68_count2.webp,audio_g8.mp3,1,4,2,5,,🥇,4,,,,,,,
count_objects,PP2-CRE-X.68_PP2_CRE_Grand_Champion_68,Count 3 grand champion crowns!,gc68_count3.webp,audio_g9.mp3,1,3,1,4,,👑,3,,,,,,,
speak_repeat,PP2-CRE-X.68_PP2_CRE_Grand_Champion_68,Say out loud clearly: I AM A PP2 CRE GRAND CHAMPION SIXTYEIGHT!,speak_g1.webp,audio_g10.mp3,1,I Am A PP2 CRE Grand Champion Sixtyeight,,,,,,I Am A PP2 CRE Grand Champion Sixtyeight,,,,,,,
speak_repeat,PP2-CRE-X.68_PP2_CRE_Grand_Champion_68,Say out loud clearly: SIXTYEIGHT MISSIONS OF CRE SUCCESS!,speak_g2.webp,audio_g11.mp3,1,Sixtyeight Missions Of CRE Success,,,,,,Sixtyeight Missions Of CRE Success,,,,,,,
matching,PP2-CRE-X.68_PP2_CRE_Grand_Champion_68,Match grand champion domains!,,,1,,,,,,,,God,CREATOR,Jesus,SHEPHERD,Bible,WORD
matching,PP2-CRE-X.68_PP2_CRE_Grand_Champion_68,Match grand champion graduation symbols!,,,1,,,,,,,,Trophy 🏆,CHAMPION,Medal 🥇,WINNER,Crown 👑,GRADUATION
multiple_choice,PP2-CRE-X.69_PP2_CRE_Grand_Champion_69,Who created all big and small things in heaven and earth?,gc69_q1.webp,audio_g1.mp3,1,GOD,KINGS,PEOPLE,,,1,,,,,,,
multiple_choice,PP2-CRE-X.69_PP2_CRE_Grand_Champion_69,Who is our Savior, Teacher, and Best Friend?,gc69_q2.webp,audio_g2.mp3,1,JESUS,GUARDS,SOLDIERS,,,1,,,,,,,
multiple_choice,PP2-CRE-X.69_PP2_CRE_Grand_Champion_69,What holy book teaches us God's true words?,gc69_q3.webp,audio_g3.mp3,1,BIBLE,PAPER,MAP,,,1,,,,,,,
multiple_choice,PP2-CRE-X.69_PP2_CRE_Grand_Champion_69,How do we speak to God with love every day?,gc69_q4.webp,audio_g4.mp3,1,PRAYER,SLEEPING,RUNNING,,,1,,,,,,,
multiple_choice,PP2-CRE-X.69_PP2_CRE_Grand_Champion_69,Love, kindness, and sharing bring glory to...?,gc69_q5.webp,audio_g5.mp3,1,GOD,NOBODY,BAD,,,1,,,,,,,
multiple_choice,PP2-CRE-X.69_PP2_CRE_Grand_Champion_69,We praise God now and forever because God is...?,gc69_q6.webp,audio_g6.mp3,1,LOVE,FEAR,SADNESS,,,1,,,,,,,
count_objects,PP2-CRE-X.69_PP2_CRE_Grand_Champion_69,Count 5 grand champion star trophies!,gc69_count1.webp,audio_g7.mp3,1,5,3,4,,🏆,5,,,,,,,
count_objects,PP2-CRE-X.69_PP2_CRE_Grand_Champion_69,Count 4 grand champion gold medals!,gc69_count2.webp,audio_g8.mp3,1,4,2,5,,🥇,4,,,,,,,
count_objects,PP2-CRE-X.69_PP2_CRE_Grand_Champion_69,Count 3 grand champion crowns!,gc69_count3.webp,audio_g9.mp3,1,3,1,4,,👑,3,,,,,,,
speak_repeat,PP2-CRE-X.69_PP2_CRE_Grand_Champion_69,Say out loud clearly: I AM A PP2 CRE GRAND CHAMPION SIXTYNINE!,speak_g1.webp,audio_g10.mp3,1,I Am A PP2 CRE Grand Champion Sixtynine,,,,,,I Am A PP2 CRE Grand Champion Sixtynine,,,,,,,
speak_repeat,PP2-CRE-X.69_PP2_CRE_Grand_Champion_69,Say out loud clearly: SIXTYNINE MISSIONS OF CRE SUCCESS!,speak_g2.webp,audio_g11.mp3,1,Sixtynine Missions Of CRE Success,,,,,,Sixtynine Missions Of CRE Success,,,,,,,
matching,PP2-CRE-X.69_PP2_CRE_Grand_Champion_69,Match grand champion domains!,,,1,,,,,,,,God,CREATOR,Jesus,SHEPHERD,Bible,WORD
matching,PP2-CRE-X.69_PP2_CRE_Grand_Champion_69,Match grand champion graduation symbols!,,,1,,,,,,,,Trophy 🏆,CHAMPION,Medal 🥇,WINNER,Crown 👑,GRADUATION
multiple_choice,PP2-CRE-X.70_PP2_CRE_Grand_Champion_70,Who created all big and small things in heaven and earth?,gc70_q1.webp,audio_g1.mp3,1,GOD,KINGS,PEOPLE,,,1,,,,,,,
multiple_choice,PP2-CRE-X.70_PP2_CRE_Grand_Champion_70,Who is our Savior, Teacher, and Best Friend?,gc70_q2.webp,audio_g2.mp3,1,JESUS,GUARDS,SOLDIERS,,,1,,,,,,,
multiple_choice,PP2-CRE-X.70_PP2_CRE_Grand_Champion_70,What holy book teaches us God's true words?,gc70_q3.webp,audio_g3.mp3,1,BIBLE,PAPER,MAP,,,1,,,,,,,
multiple_choice,PP2-CRE-X.70_PP2_CRE_Grand_Champion_70,How do we speak to God with love every day?,gc70_q4.webp,audio_g4.mp3,1,PRAYER,SLEEPING,RUNNING,,,1,,,,,,,
multiple_choice,PP2-CRE-X.70_PP2_CRE_Grand_Champion_70,Love, kindness, and sharing bring glory to...?,gc70_q5.webp,audio_g5.mp3,1,GOD,NOBODY,BAD,,,1,,,,,,,
multiple_choice,PP2-CRE-X.70_PP2_CRE_Grand_Champion_70,We praise God now and forever because God is...?,gc70_q6.webp,audio_g6.mp3,1,LOVE,FEAR,SADNESS,,,1,,,,,,,
count_objects,PP2-CRE-X.70_PP2_CRE_Grand_Champion_70,Count 5 grand champion star trophies!,gc70_count1.webp,audio_g7.mp3,1,5,3,4,,🏆,5,,,,,,,
count_objects,PP2-CRE-X.70_PP2_CRE_Grand_Champion_70,Count 4 grand champion gold medals!,gc70_count2.webp,audio_g8.mp3,1,4,2,5,,🥇,4,,,,,,,
count_objects,PP2-CRE-X.70_PP2_CRE_Grand_Champion_70,Count 3 grand champion crowns!,gc70_count3.webp,audio_g9.mp3,1,3,1,4,,👑,3,,,,,,,
speak_repeat,PP2-CRE-X.70_PP2_CRE_Grand_Champion_70,Say out loud clearly: I AM A PP2 CRE FINAL GRADUATION GRAND CHAMPION!,speak_g1.webp,audio_g10.mp3,1,I Am A PP2 CRE Final Graduation Grand Champion,,,,,,I Am A PP2 CRE Final Graduation Grand Champion,,,,,,,
speak_repeat,PP2-CRE-X.70_PP2_CRE_Grand_Champion_70,Say out loud clearly: SEVENTY MISSIONS OF CRE GRADUATION SUCCESS!,speak_g2.webp,audio_g11.mp3,1,Seventy Missions Of CRE Graduation Success,,,,,,Seventy Missions Of CRE Graduation Success,,,,,,,
matching,PP2-CRE-X.70_PP2_CRE_Grand_Champion_70,Match final grand champion domains!,,,1,,,,,,,,God,CREATOR,Jesus,SHEPHERD,Bible,WORD
matching,PP2-CRE-X.70_PP2_CRE_Grand_Champion_70,Match final graduation symbols!,,,1,,,,,,,,Trophy 🏆,CHAMPION,Medal 🥇,WINNER,Crown 👑,GRADUATION



question_type,lesson_title,prompt,prompt_image,prompt_audio,correct_answer,option_1,option_2,option_3,option_4,count_emoji_or_image,target_count,target_word,pair_1_left,pair_1_right,pair_2_left,pair_2_right,pair_3_left,pair_3_right
multiple_choice,PP2-ENG-1.1.1_AT_Word_Family_Safari,Which word belongs to the -at family and meows?,at_q1.webp,audio_at1.mp3,1,CAT,DOG,PIG,,,1,,,,,,,
multiple_choice,PP2-ENG-1.1.1_AT_Word_Family_Safari,Which word belongs to the -at family and wears on a head?,at_q2.webp,audio_at2.mp3,1,HAT,VAN,MOP,,,1,,,,,,,
multiple_choice,PP2-ENG-1.1.1_AT_Word_Family_Safari,Spell the -at family word for a floor mat!,at_q3.webp,audio_at3.mp3,1,MAT,BAT,RAT,,,1,,,,,,,
multiple_choice,PP2-ENG-1.1.1_AT_Word_Family_Safari,Which flying creature belongs to the -at family?,at_q4.webp,audio_at4.mp3,1,BAT,BUG,PEN,,,1,,,,,,,
multiple_choice,PP2-ENG-1.1.1_AT_Word_Family_Safari,Which small rodent belongs to the -at family?,at_q5.webp,audio_at5.mp3,1,RAT,FOX,HEN,,,1,,,,,,,
multiple_choice,PP2-ENG-1.1.1_AT_Word_Family_Safari,Cat, Hat, Mat, and Bat all end with...?,at_q6.webp,audio_at6.mp3,1,-AT,-AN,-IG,,,1,,,,,,,
count_objects,PP2-ENG-1.1.1_AT_Word_Family_Safari,Count 4 friendly cats in the -at family!,at_count1.webp,audio_at7.mp3,1,4,2,3,,🐱,4,,,,,,,
count_objects,PP2-ENG-1.1.1_AT_Word_Family_Safari,Count 3 hats on safari!,at_count2.webp,audio_at8.mp3,1,3,1,5,,👒,3,,,,,,,
count_objects,PP2-ENG-1.1.1_AT_Word_Family_Safari,Count 5 flying bats at sunset!,at_count3.webp,audio_at9.mp3,1,5,3,4,,🦇,5,,,,,,,
speak_repeat,PP2-ENG-1.1.1_AT_Word_Family_Safari,Say out loud clearly: CAT HAT MAT BAT RAT ALL RHYME WITH AT!,speak_at1.webp,audio_at10.mp3,1,Cat Hat Mat Bat Rat All Rhyme With At,,,,,,Cat Hat Mat Bat Rat All Rhyme With At,,,,,,,
speak_repeat,PP2-ENG-1.1.1_AT_Word_Family_Safari,Say out loud clearly: THE CAT SAT ON THE MAT WITH A HAT!,speak_at2.webp,audio_at11.mp3,1,The Cat Sat On The Mat With A Hat,,,,,,The Cat Sat On The Mat With A Hat,,,,,,,
matching,PP2-ENG-1.1.1_AT_Word_Family_Safari,Match -at family rhyming words!,,,1,,,,,,,,Cat 🐱,HAT,Mat 🪵,BAT,Rat 🐀,RAT
matching,PP2-ENG-1.1.1_AT_Word_Family_Safari,Match -at words to pictures!,,,1,,,,,,,,Cat,🐱,Hat,👒,Bat,🦇
multiple_choice,PP2-ENG-1.1.2_AN_Word_Family_Fan_Van_Man,Which word belongs to the -an family and blows cool air?,an_q1.webp,audio_an1.mp3,1,FAN,PIN,MOP,,,1,,,,,,,
multiple_choice,PP2-ENG-1.1.2_AN_Word_Family_Fan_Van_Man,Which vehicle word belongs to the -an family?,an_q2.webp,audio_an2.mp3,1,VAN,BUS,CAR,,,1,,,,,,,
multiple_choice,PP2-ENG-1.1.2_AN_Word_Family_Fan_Van_Man,Which grown-up person word belongs to the -an family?,an_q3.webp,audio_an3.mp3,1,MAN,BOY,GIRL,,,1,,,,,,,
multiple_choice,PP2-ENG-1.1.2_AN_Word_Family_Fan_Van_Man,Which cooking tool belongs to the -an family?,an_q4.webp,audio_an4.mp3,1,PAN,POT,CUP,,,1,,,,,,,
multiple_choice,PP2-ENG-1.1.2_AN_Word_Family_Fan_Van_Man,Which metal drink container belongs to the -an family?,an_q5.webp,audio_an5.mp3,1,CAN,BOX,JAR,,,1,,,,,,,
multiple_choice,PP2-ENG-1.1.2_AN_Word_Family_Fan_Van_Man,Fan, Van, Man, and Pan all end with...?,an_q6.webp,audio_an6.mp3,1,-AN,-AT,-UG,,,1,,,,,,,
count_objects,PP2-ENG-1.1.2_AN_Word_Family_Fan_Van_Man,Count 3 cooling fans in the -an family!,an_count1.webp,audio_an7.mp3,1,3,2,4,,🪭,3,,,,,,,
count_objects,PP2-ENG-1.1.2_AN_Word_Family_Fan_Van_Man,Count 4 safari vans on the road!,an_count2.webp,audio_an8.mp3,1,4,2,5,,🚐,4,,,,,,,
count_objects,PP2-ENG-1.1.2_AN_Word_Family_Fan_Van_Man,Count 2 cooking pans!,an_count3.webp,audio_an9.mp3,1,2,1,3,,🍳,2,,,,,,,
speak_repeat,PP2-ENG-1.1.2_AN_Word_Family_Fan_Van_Man,Say out loud clearly: FAN VAN MAN PAN CAN ALL RHYME WITH AN!,speak_an1.webp,audio_an10.mp3,1,Fan Van Man Pan Can All Rhyme With An,,,,,,Fan Van Man Pan Can All Rhyme With An,,,,,,,
speak_repeat,PP2-ENG-1.1.2_AN_Word_Family_Fan_Van_Man,Say out loud clearly: THE MAN DROVE A VAN WITH A FAN!,speak_an2.webp,audio_an11.mp3,1,The Man Drove A Van With A Fan,,,,,,The Man Drove A Van With A Fan,,,,,,,
matching,PP2-ENG-1.1.2_AN_Word_Family_Fan_Van_Man,Match -an family rhyming words!,,,1,,,,,,,,Fan 🪭,VAN,Man 👨,PAN,Can 🥫,CAN
matching,PP2-ENG-1.1.2_AN_Word_Family_Fan_Van_Man,Match -an words to pictures!,,,1,,,,,,,,Fan,🪭,Van,🚐,Pan,🍳
multiple_choice,PP2-ENG-1.1.3_IN_Word_Family_Pin_Win_Bin,Which word belongs to the -in family and fastens clothes?,in_q1.webp,audio_in1.mp3,1,PIN,PAN,PEN,,,1,,,,,,,
multiple_choice,PP2-ENG-1.1.3_IN_Word_Family_Pin_Win_Bin,Which word means coming first in a race?,in_q2.webp,audio_in2.mp3,1,WIN,RUN,HOP,,,1,,,,,,,
multiple_choice,PP2-ENG-1.1.3_IN_Word_Family_Pin_Win_Bin,Which container for rubbish belongs to the -in family?,in_q3.webp,audio_in3.mp3,1,BIN,BOX,POT,,,1,,,,,,,
multiple_choice,PP2-ENG-1.1.3_IN_Word_Family_Pin_Win_Bin,Which fish body part belongs to the -in family?,in_q4.webp,audio_in4.mp3,1,FIN,TAIL,LEG,,,1,,,,,,,
multiple_choice,PP2-ENG-1.1.3_IN_Word_Family_Pin_Win_Bin,Which metal can word belongs to the -in family?,in_q5.webp,audio_in5.mp3,1,TIN,CAN,JAR,,,1,,,,,,,
multiple_choice,PP2-ENG-1.1.3_IN_Word_Family_Pin_Win_Bin,Pin, Win, Bin, and Fin all end with...?,in_q6.webp,audio_in6.mp3,1,-IN,-AN,-OP,,,1,,,,,,,
count_objects,PP2-ENG-1.1.3_IN_Word_Family_Pin_Win_Bin,Count 5 safety pins in the -in family!,in_count1.webp,audio_in7.mp3,1,5,3,4,,📌,5,,,,,,,
count_objects,PP2-ENG-1.1.3_IN_Word_Family_Pin_Win_Bin,Count 3 dustbins on the path!,in_count2.webp,audio_in8.mp3,1,3,2,4,,🗑️,3,,,,,,,
count_objects,PP2-ENG-1.1.3_IN_Word_Family_Pin_Win_Bin,Count 2 fish fins in the water!,in_count3.webp,audio_in9.mp3,1,2,1,4,,🐟,2,,,,,,,
speak_repeat,PP2-ENG-1.1.3_IN_Word_Family_Pin_Win_Bin,Say out loud clearly: PIN WIN BIN FIN TIN ALL RHYME WITH IN!,speak_in1.webp,audio_in10.mp3,1,Pin Win Bin Fin Tin All Rhyme With In,,,,,,Pin Win Bin Fin Tin All Rhyme With In,,,,,,,
speak_repeat,PP2-ENG-1.1.3_IN_Word_Family_Pin_Win_Bin,Say out loud clearly: PUT THE TIN IN THE BIN TO WIN!,speak_in2.webp,audio_in11.mp3,1,Put The Tin In The Bin To Win,,,,,,Put The Tin In The Bin To Win,,,,,,,
matching,PP2-ENG-1.1.3_IN_Word_Family_Pin_Win_Bin,Match -in family rhyming words!,,,1,,,,,,,,Pin 📌,WIN,Bin 🗑️,TIN,Fin 🐟,FIN
matching,PP2-ENG-1.1.3_IN_Word_Family_Pin_Win_Bin,Match -in words to pictures!,,,1,,,,,,,,Pin,📌,Bin,🗑️,Fin,🐟
multiple_choice,PP2-ENG-1.1.4_OP_Word_Family_Mop_Top_Hop,Which word belongs to the -op family and cleans the floor?,op_q1.webp,audio_op1.mp3,1,MOP,MAP,MUG,,,1,,,,,,,
multiple_choice,PP2-ENG-1.1.4_OP_Word_Family_Mop_Top_Hop,Which spinning toy belongs to the -op family?,op_q2.webp,audio_op2.mp3,1,TOP,BALL,KITE,,,1,,,,,,,
multiple_choice,PP2-ENG-1.1.4_OP_Word_Family_Mop_Top_Hop,Which jumping action belongs to the -op family?,op_q3.webp,audio_op3.mp3,1,HOP,RUN,WALK,,,1,,,,,,,
multiple_choice,PP2-ENG-1.1.4_OP_Word_Family_Mop_Top_Hop,Which word describes a balloon bursting sound?,op_q4.webp,audio_op4.mp3,1,POP,BANG,SNAP,,,1,,,,,,,
multiple_choice,PP2-ENG-1.1.4_OP_Word_Family_Mop_Top_Hop,Which police officer word belongs to the -op family?,op_q5.webp,audio_op5.mp3,1,COP,MAN,GUARD,,,1,,,,,,,
multiple_choice,PP2-ENG-1.1.4_OP_Word_Family_Mop_Top_Hop,Mop, Top, Hop, and Pop all end with...?,op_q6.webp,audio_op6.mp3,1,-OP,-OT,-UG,,,1,,,,,,,
count_objects,PP2-ENG-1.1.4_OP_Word_Family_Mop_Top_Hop,Count 3 floor mops in the -op family!,op_count1.webp,audio_op7.mp3,1,3,2,4,,🧹,3,,,,,,,
count_objects,PP2-ENG-1.1.4_OP_Word_Family_Mop_Top_Hop,Count 4 spinning tops!,op_count2.webp,audio_op8.mp3,1,4,3,5,,🪀,4,,,,,,,
count_objects,PP2-ENG-1.1.4_OP_Word_Family_Mop_Top_Hop,Count 2 frogs hopping!,op_count3.webp,audio_op9.mp3,1,2,1,3,,🐸,2,,,,,,,
speak_repeat,PP2-ENG-1.1.4_OP_Word_Family_Mop_Top_Hop,Say out loud clearly: MOP TOP HOP POP COP ALL RHYME WITH OP!,speak_op1.webp,audio_op10.mp3,1,Mop Top Hop Pop Cop All Rhyme With Op,,,,,,Mop Top Hop Pop Cop All Rhyme With Op,,,,,,,
speak_repeat,PP2-ENG-1.1.4_OP_Word_Family_Mop_Top_Hop,Say out loud clearly: HOP TO THE TOP WITH A MOP!,speak_op2.webp,audio_op11.mp3,1,Hop To The Top With A Mop,,,,,,Hop To The Top With A Mop,,,,,,,
matching,PP2-ENG-1.1.4_OP_Word_Family_Mop_Top_Hop,Match -op family rhyming words!,,,1,,,,,,,,Mop 🧹,TOP,Hop 🐸,POP,Cop 👮,MOP
matching,PP2-ENG-1.1.4_OP_Word_Family_Mop_Top_Hop,Match -op words to pictures!,,,1,,,,,,,,Mop,🧹,Top,🪀,Hop,🐸
multiple_choice,PP2-ENG-1.1.5_UG_Word_Family_Bug_Mug_Rug,Which word belongs to the -ug family and crawls on leaves?,ug_q1.webp,audio_ug1.mp3,1,BUG,BIG,BAG,,,1,,,,,,,
multiple_choice,PP2-ENG-1.1.5_UG_Word_Family_Bug_Mug_Rug,Which drink cup belongs to the -ug family?,ug_q2.webp,audio_ug2.mp3,1,MUG,CUP,PAN,,,1,,,,,,,
multiple_choice,PP2-ENG-1.1.5_UG_Word_Family_Bug_Mug_Rug,Which floor mat word belongs to the -ug family?,ug_q3.webp,audio_ug3.mp3,1,RUG,MAT,BOX,,,1,,,,,,,
multiple_choice,PP2-ENG-1.1.5_UG_Word_Family_Bug_Mug_Rug,Which warm embrace word belongs to the -ug family?,ug_q4.webp,audio_ug4.mp3,1,HUG,LOVE,KISS,,,1,,,,,,,
multiple_choice,PP2-ENG-1.1.5_UG_Word_Family_Bug_Mug_Rug,Which water pitcher belongs to the -ug family?,ug_q5.webp,audio_ug5.mp3,1,JUG,JAR,POT,,,1,,,,,,,
multiple_choice,PP2-ENG-1.1.5_UG_Word_Family_Bug_Mug_Rug,Bug, Mug, Rug, and Hug all end with...?,ug_q6.webp,audio_ug6.mp3,1,-UG,-UT,-OP,,,1,,,,,,,
count_objects,PP2-ENG-1.1.5_UG_Word_Family_Bug_Mug_Rug,Count 5 small bugs in the -ug family!,ug_count1.webp,audio_ug7.mp3,1,5,3,4,,🐛,5,,,,,,,
count_objects,PP2-ENG-1.1.5_UG_Word_Family_Bug_Mug_Rug,Count 3 warm coffee mugs!,ug_count2.webp,audio_ug8.mp3,1,3,2,4,,☕,3,,,,,,,
count_objects,PP2-ENG-1.1.5_UG_Word_Family_Bug_Mug_Rug,Count 2 floor rugs!,ug_count3.webp,audio_ug9.mp3,1,2,1,3,,🪵,2,,,,,,,
speak_repeat,PP2-ENG-1.1.5_UG_Word_Family_Bug_Mug_Rug,Say out loud clearly: BUG MUG RUG HUG JUG ALL RHYME WITH UG!,speak_ug1.webp,audio_ug10.mp3,1,Bug Mug Rug Hug Jug All Rhyme With Ug,,,,,,Bug Mug Rug Hug Jug All Rhyme With Ug,,,,,,,
speak_repeat,PP2-ENG-1.1.5_UG_Word_Family_Bug_Mug_Rug,Say out loud clearly: A BUG ON A MUG ON A RUG!,speak_ug2.webp,audio_ug11.mp3,1,A Bug On A Mug On A Rug,,,,,,A Bug On A Mug On A Rug,,,,,,,
matching,PP2-ENG-1.1.5_UG_Word_Family_Bug_Mug_Rug,Match -ug family rhyming words!,,,1,,,,,,,,Bug 🐛,MUG,Rug 🪵,HUG,Jug 🏺,BUG
matching,PP2-ENG-1.1.5_UG_Word_Family_Bug_Mug_Rug,Match -ug words to pictures!,,,1,,,,,,,,Bug,🐛,Mug,☕,Rug,🪵
multiple_choice,PP2-ENG-1.1.6_SH_Digraph_Shop_Ship_Fish,Which digraph letters make the /sh/ sound?,sh_q1.webp,audio_sh1.mp3,1,SH,CH,TH,,,1,,,,,,,
multiple_choice,PP2-ENG-1.1.6_SH_Digraph_Shop_Ship_Fish,Which word starts with SH sound and sells goods?,sh_q2.webp,audio_sh2.mp3,1,SHOP,CHIP,THIN,,,1,,,,,,,
multiple_choice,PP2-ENG-1.1.6_SH_Digraph_Shop_Ship_Fish,Which large boat word starts with SH?,sh_q3.webp,audio_sh3.mp3,1,SHIP,BOAT,VAN,,,1,,,,,,,
multiple_choice,PP2-ENG-1.1.6_SH_Digraph_Shop_Ship_Fish,Which swimming animal ends with SH sound?,sh_q4.webp,audio_sh4.mp3,1,FISH,CAT,DOG,,,1,,,,,,,
multiple_choice,PP2-ENG-1.1.6_SH_Digraph_Shop_Ship_Fish,Which food plate word ends with SH sound?,sh_q5.webp,audio_sh5.mp3,1,DISH,CUP,POT,,,1,,,,,,,
multiple_choice,PP2-ENG-1.1.6_SH_Digraph_Shop_Ship_Fish,Which sea object starts with SH sound?,sh_q6.webp,audio_sh6.mp3,1,SHELL,ROCK,SAND,,,1,,,,,,,
count_objects,PP2-ENG-1.1.6_SH_Digraph_Shop_Ship_Fish,Count 3 big ships sailing the sea!,sh_count1.webp,audio_sh7.mp3,1,3,2,4,,🚢,3,,,,,,,
count_objects,PP2-ENG-1.1.6_SH_Digraph_Shop_Ship_Fish,Count 5 swimming fish with SH sound!,sh_count2.webp,audio_sh8.mp3,1,5,3,4,,🐟,5,,,,,,,
count_objects,PP2-ENG-1.1.6_SH_Digraph_Shop_Ship_Fish,Count 4 sea shells on the beach!,sh_count3.webp,audio_sh9.mp3,1,4,2,5,,🐚,4,,,,,,,
speak_repeat,PP2-ENG-1.1.6_SH_Digraph_Shop_Ship_Fish,Say out loud clearly: SH SAYS /sh/ LIKE IN SHOP SHIP AND FISH!,speak_sh1.webp,audio_sh10.mp3,1,SH Says /sh/ Like In Shop Ship And Fish,,,,,,SH Says /sh/ Like In Shop Ship And Fish,,,,,,,
speak_repeat,PP2-ENG-1.1.6_SH_Digraph_Shop_Ship_Fish,Say out loud clearly: A FISH AND A SHELL ON A BIG SHIP!,speak_sh2.webp,audio_sh11.mp3,1,A Fish And A Shell On A Big Ship,,,,,,A Fish And A Shell On A Big Ship,,,,,,,
matching,PP2-ENG-1.1.6_SH_Digraph_Shop_Ship_Fish,Match SH digraph words!,,,1,,,,,,,,Shop 🏪,SHOP,Ship 🚢,SHIP,Fish 🐟,FISH
matching,PP2-ENG-1.1.6_SH_Digraph_Shop_Ship_Fish,Match SH digraph pictures!,,,1,,,,,,,,Ship,🚢,Fish,🐟,Shell,🐚
multiple_choice,PP2-ENG-1.1.7_CH_Digraph_Chip_Chop_Bench,Which digraph letters make the /ch/ sound?,ch_q1.webp,audio_ch1.mp3,1,CH,SH,TH,,,1,,,,,,,
multiple_choice,PP2-ENG-1.1.7_CH_Digraph_Chip_Chop_Bench,Which snack word starts with CH sound?,ch_q2.webp,audio_ch2.mp3,1,CHIP,SHOP,THIN,,,1,,,,,,,
multiple_choice,PP2-ENG-1.1.7_CH_Digraph_Chip_Chop_Bench,Which action word for cutting wood starts with CH?,ch_q3.webp,audio_ch3.mp3,1,CHOP,CUT,RUN,,,1,,,,,,,
multiple_choice,PP2-ENG-1.1.7_CH_Digraph_Chip_Chop_Bench,Which seat word ends with CH sound?,ch_q4.webp,audio_ch4.mp3,1,BENCH,CHAIR,DESK,,,1,,,,,,,
multiple_choice,PP2-ENG-1.1.7_CH_Digraph_Chip_Chop_Bench,Which seat word starts with CH sound?,ch_q5.webp,audio_ch5.mp3,1,CHAIR,BENCH,TABLE,,,1,,,,,,,
multiple_choice,PP2-ENG-1.1.7_CH_Digraph_Chip_Chop_Bench,Which face body part below the mouth starts with CH?,ch_q6.webp,audio_ch6.mp3,1,CHIN,NOSE,EYE,,,1,,,,,,,
count_objects,PP2-ENG-1.1.7_CH_Digraph_Chip_Chop_Bench,Count 4 crunchy chips!,ch_count1.webp,audio_ch7.mp3,1,4,2,5,,🍟,4,,,,,,,
count_objects,PP2-ENG-1.1.7_CH_Digraph_Chip_Chop_Bench,Count 2 park benches with CH sound!,ch_count2.webp,audio_ch8.mp3,1,2,1,3,,🪑,2,,,,,,,
count_objects,PP2-ENG-1.1.7_CH_Digraph_Chip_Chop_Bench,Count 3 wooden chairs!,ch_count3.webp,audio_ch9.mp3,1,3,2,4,,🪑,3,,,,,,,
speak_repeat,PP2-ENG-1.1.7_CH_Digraph_Chip_Chop_Bench,Say out loud clearly: CH SAYS /ch/ LIKE IN CHIP CHOP AND BENCH!,speak_ch1.webp,audio_ch10.mp3,1,CH Says /ch/ Like In Chip Chop And Bench,,,,,,CH Says /ch/ Like In Chip Chop And Bench,,,,,,,
speak_repeat,PP2-ENG-1.1.7_CH_Digraph_Chip_Chop_Bench,Say out loud clearly: CHOP THE WOOD AND SIT ON THE BENCH!,speak_ch2.webp,audio_ch11.mp3,1,Chop The Wood And Sit On The Bench,,,,,,Chop The Wood And Sit On The Bench,,,,,,,
matching,PP2-ENG-1.1.7_CH_Digraph_Chip_Chop_Bench,Match CH digraph words!,,,1,,,,,,,,Chip 🍟,CHIP,Chair 🪑,CHAIR,Bench 🪑,BENCH
matching,PP2-ENG-1.1.7_CH_Digraph_Chip_Chop_Bench,Match CH digraph pictures!,,,1,,,,,,,,Chip,🍟,Chair,🪑,Bench,🪑
multiple_choice,PP2-ENG-1.1.8_TH_Digraph_Thin_Thick_Path,Which digraph letters make the /th/ sound?,th_q1.webp,audio_th1.mp3,1,TH,SH,CH,,,1,,,,,,,
multiple_choice,PP2-ENG-1.1.8_TH_Digraph_Thin_Thick_Path,Which opposite word for fat starts with TH?,th_q2.webp,audio_th2.mp3,1,THIN,FAT,BIG,,,1,,,,,,,
multiple_choice,PP2-ENG-1.1.8_TH_Digraph_Thin_Thick_Path,Which opposite word for thin starts with TH?,th_q3.webp,audio_th3.mp3,1,THICK,SLIM,SMALL,,,1,,,,,,,
multiple_choice,PP2-ENG-1.1.8_TH_Digraph_Thin_Thick_Path,Which walking trail word ends with TH sound?,th_q4.webp,audio_th4.mp3,1,PATH,ROAD,WAY,,,1,,,,,,,
multiple_choice,PP2-ENG-1.1.8_TH_Digraph_Thin_Thick_Path,Which washing tub word ends with TH sound?,th_q5.webp,audio_th5.mp3,1,BATH,TUB,POND,,,1,,,,,,,
multiple_choice,PP2-ENG-1.1.8_TH_Digraph_Thin_Thick_Path,Which night insect word ends with TH sound?,th_q6.webp,audio_th6.mp3,1,MOTH,BUG,FLY,,,1,,,,,,,
count_objects,PP2-ENG-1.1.8_TH_Digraph_Thin_Thick_Path,Count 3 walking paths with TH sound!,th_count1.webp,audio_th7.mp3,1,3,2,4,,🛤️,3,,,,,,,
count_objects,PP2-ENG-1.1.8_TH_Digraph_Thin_Thick_Path,Count 2 bath tubs!,th_count2.webp,audio_th8.mp3,1,2,1,3,,🛁,2,,,,,,,
count_objects,PP2-ENG-1.1.8_TH_Digraph_Thin_Thick_Path,Count 4 night moths flying!,th_count3.webp,audio_th9.mp3,1,4,2,5,,🦋,4,,,,,,,
speak_repeat,PP2-ENG-1.1.8_TH_Digraph_Thin_Thick_Path,Say out loud clearly: TH SAYS /th/ LIKE IN THIN THICK AND PATH!,speak_th1.webp,audio_th10.mp3,1,TH Says /th/ Like In Thin Thick And Path,,,,,,TH Says /th/ Like In Thin Thick And Path,,,,,,,
speak_repeat,PP2-ENG-1.1.8_TH_Digraph_Thin_Thick_Path,Say out loud clearly: WALK ON THE PATH TO TAKE A BATH!,speak_th2.webp,audio_th11.mp3,1,Walk On The Path To Take A Bath,,,,,,Walk On The Path To Take A Bath,,,,,,,
matching,PP2-ENG-1.1.8_TH_Digraph_Thin_Thick_Path,Match TH digraph words!,,,1,,,,,,,,Thin 📏,THIN,Path 🛤️,PATH,Moth 🦋,MOTH
matching,PP2-ENG-1.1.8_TH_Digraph_Thin_Thick_Path,Match TH digraph pictures!,,,1,,,,,,,,Thin,📏,Path,🛤️,Moth,🦋
multiple_choice,PP2-ENG-1.1.9_Consonant_Blends_ST_SP_SK,Which letters blend together in STOP?,bl_q1.webp,audio_bl1.mp3,1,ST,SP,SK,,,1,,,,,,,
multiple_choice,PP2-ENG-1.1.9_Consonant_Blends_ST_SP_SK,Which letters blend together in SPOON?,bl_q2.webp,audio_bl2.mp3,1,SP,ST,SK,,,1,,,,,,,
multiple_choice,PP2-ENG-1.1.9_Consonant_Blends_ST_SP_SK,Which letters blend together in SKY?,bl_q3.webp,audio_bl3.mp3,1,SK,ST,SP,,,1,,,,,,,
multiple_choice,PP2-ENG-1.1.9_Consonant_Blends_ST_SP_SK,Which word starts with ST blend and means halt?,bl_q4.webp,audio_bl4.mp3,1,STOP,GO,RUN,,,1,,,,,,,
multiple_choice,PP2-ENG-1.1.9_Consonant_Blends_ST_SP_SK,Which eating utensil starts with SP blend?,bl_q5.webp,audio_bl5.mp3,1,SPOON,FORK,CUP,,,1,,,,,,,
multiple_choice,PP2-ENG-1.1.9_Consonant_Blends_ST_SP_SK,Which blue space above starts with SK blend?,bl_q6.webp,audio_bl6.mp3,1,SKY,SUN,MOON,,,1,,,,,,,
count_objects,PP2-ENG-1.1.9_Consonant_Blends_ST_SP_SK,Count 3 red STOP signs!,bl_count1.webp,audio_bl7.mp3,1,3,2,4,,🛑,3,,,,,,,
count_objects,PP2-ENG-1.1.9_Consonant_Blends_ST_SP_SK,Count 4 eating spoons with SP blend!,bl_count2.webp,audio_bl8.mp3,1,4,2,5,,🥄,4,,,,,,,
count_objects,PP2-ENG-1.1.9_Consonant_Blends_ST_SP_SK,Count 2 starry sky scenes!,bl_count3.webp,audio_bl9.mp3,1,2,1,3,,🌌,2,,,,,,,
speak_repeat,PP2-ENG-1.1.9_Consonant_Blends_ST_SP_SK,Say out loud clearly: ST FOR STOP SP FOR SPOON SK FOR SKY!,speak_bl1.webp,audio_bl10.mp3,1,ST For Stop SP For Spoon SK For Sky,,,,,,ST For Stop SP For Spoon SK For Sky,,,,,,,
speak_repeat,PP2-ENG-1.1.9_Consonant_Blends_ST_SP_SK,Say out loud clearly: CONSONANT BLENDS ST SP AND SK!,speak_bl2.webp,audio_bl11.mp3,1,Consonant Blends ST SP And SK,,,,,,Consonant Blends ST SP And SK,,,,,,,
matching,PP2-ENG-1.1.9_Consonant_Blends_ST_SP_SK,Match consonant blends!,,,1,,,,,,,,Stop 🛑,ST,Spoon 🥄,SP,Sky 🌌,SK
matching,PP2-ENG-1.1.9_Consonant_Blends_ST_SP_SK,Match blend words!,,,1,,,,,,,,Stop,STOP,Spoon,SPOON,Sky,SKY
multiple_choice,PP2-ENG-1.1.10_Phonics_Digraphs_Grand_Master,Which digraph makes the /sh/ sound in SHOP?,dgm_q1.webp,audio_dg1.mp3,1,SH,CH,TH,,,1,,,,,,,
multiple_choice,PP2-ENG-1.1.10_Phonics_Digraphs_Grand_Master,Which digraph makes the /ch/ sound in CHIP?,dgm_q2.webp,audio_dg2.mp3,1,CH,SH,TH,,,1,,,,,,,
multiple_choice,PP2-ENG-1.1.10_Phonics_Digraphs_Grand_Master,Which digraph makes the /th/ sound in THIN?,dgm_q3.webp,audio_dg3.mp3,1,TH,SH,CH,,,1,,,,,,,
multiple_choice,PP2-ENG-1.1.10_Phonics_Digraphs_Grand_Master,Which blend starts the word STOP?,dgm_q4.webp,audio_dg4.mp3,1,ST,SP,SK,,,1,,,,,,,
multiple_choice,PP2-ENG-1.1.10_Phonics_Digraphs_Grand_Master,SH, CH, and TH are two letters that make one...?,dgm_q5.webp,audio_dg5.mp3,1,SOUND,LETTER,NUMBER,,,1,,,,,,,
multiple_choice,PP2-ENG-1.1.10_Phonics_Digraphs_Grand_Master,Mastering digraphs makes reading words...?,dgm_q6.webp,audio_dg6.mp3,1,EASY,HARD,DARK,,,1,,,,,,,
count_objects,PP2-ENG-1.1.10_Phonics_Digraphs_Grand_Master,Count 5 digraph grand master star trophies!,dgm_count1.webp,audio_dg7.mp3,1,5,3,4,,🏆,5,,,,,,,
count_objects,PP2-ENG-1.1.10_Phonics_Digraphs_Grand_Master,Count 4 digraph sound cards!,dgm_count2.webp,audio_dg8.mp3,1,4,2,3,,🃏,4,,,,,,,
count_objects,PP2-ENG-1.1.10_Phonics_Digraphs_Grand_Master,Count 3 winner medals!,dgm_count3.webp,audio_dg9.mp3,1,3,1,5,,🥇,3,,,,,,,
speak_repeat,PP2-ENG-1.1.10_Phonics_Digraphs_Grand_Master,Say out loud clearly: I AM A PHONICS DIGRAPHS GRAND MASTER!,speak_dg1.webp,audio_dg10.mp3,1,I Am A Phonics Digraphs Grand Master,,,,,,I Am A Phonics Digraphs Grand Master,,,,,,,
speak_repeat,PP2-ENG-1.1.10_Phonics_Digraphs_Grand_Master,Say out loud clearly: SH CH AND TH DIGRAPHS SOUNDS ARE EASY!,speak_dg2.webp,audio_dg11.mp3,1,SH CH And TH Digraphs Sounds Are Easy,,,,,,SH CH And TH Digraphs Sounds Are Easy,,,,,,,
matching,PP2-ENG-1.1.10_Phonics_Digraphs_Grand_Master,Match digraph sounds!,,,1,,,,,,,,Shop 🏪,SH,Chip 🍟,CH,Thin 📏,TH
matching,PP2-ENG-1.1.10_Phonics_Digraphs_Grand_Master,Match master digraph words!,,,1,,,,,,,,Ship,SHIP,Bench,BENCH,Path,PATH
multiple_choice,PP2-ENG-2.1.11_Sight_Words_Level_3_Boost,Find the sight word CAN: I CAN run.,sw3_q1.webp,audio_sw1.mp3,1,CAN,SEE,LIKE,,,1,,,,,,,
multiple_choice,PP2-ENG-2.1.11_Sight_Words_Level_3_Boost,Find the sight word SEE: I SEE a cat.,sw3_q2.webp,audio_sw2.mp3,1,SEE,CAN,GO,,,1,,,,,,,
multiple_choice,PP2-ENG-2.1.11_Sight_Words_Level_3_Boost,Find the sight word LIKE: I LIKE apples.,sw3_q3.webp,audio_sw3.mp3,1,LIKE,SEE,WE,,,1,,,,,,,
multiple_choice,PP2-ENG-2.1.11_Sight_Words_Level_3_Boost,Find the sight word GO: We GO to school.,sw3_q4.webp,audio_sw4.mp3,1,GO,MY,LIKE,,,1,,,,,,,
multiple_choice,PP2-ENG-2.1.11_Sight_Words_Level_3_Boost,Find the sight word WE: WE play together.,sw3_q5.webp,audio_sw5.mp3,1,WE,MY,GO,,,1,,,,,,,
multiple_choice,PP2-ENG-2.1.11_Sight_Words_Level_3_Boost,Find the sight word MY: MY red hat.,sw3_q6.webp,audio_sw6.mp3,1,MY,WE,CAN,,,1,,,,,,,
count_objects,PP2-ENG-2.1.11_Sight_Words_Level_3_Boost,Count 4 sight word CAN cards!,sw3_count1.webp,audio_sw7.mp3,1,4,2,3,,🃏,4,,,,,,,
count_objects,PP2-ENG-2.1.11_Sight_Words_Level_3_Boost,Count 3 sight word SEE cards!,sw3_count2.webp,audio_sw8.mp3,1,3,1,5,,🃏,3,,,,,,,
count_objects,PP2-ENG-2.1.11_Sight_Words_Level_3_Boost,Count 5 sight word LIKE cards!,sw3_count3.webp,audio_sw9.mp3,1,5,3,4,,🃏,5,,,,,,,
speak_repeat,PP2-ENG-2.1.11_Sight_Words_Level_3_Boost,Say out loud clearly: SIGHT WORDS CAN SEE LIKE GO WE MY!,speak_sw1.webp,audio_sw10.mp3,1,Sight Words CAN SEE LIKE GO WE MY,,,,,,Sight Words CAN SEE LIKE GO WE MY,,,,,,,
speak_repeat,PP2-ENG-2.1.11_Sight_Words_Level_3_Boost,Say out loud clearly: I CAN SEE MY CAT AND I LIKE IT!,speak_sw2.webp,audio_sw11.mp3,1,I Can See My Cat And I Like It,,,,,,I Can See My Cat And I Like It,,,,,,,
matching,PP2-ENG-2.1.11_Sight_Words_Level_3_Boost,Match sight words Level 3!,,,1,,,,,,,,C-A-N,CAN,S-E-E,SEE,L-I-K-E,LIKE
matching,PP2-ENG-2.1.11_Sight_Words_Level_3_Boost,Match more Level 3 sight words!,,,1,,,,,,,,G-O,GO,W-E,WE,M-Y,MY
multiple_choice,PP2-ENG-2.1.12_Sentence_Building_Subject_Verb,Complete sentence: THE DOG CAN ___.,sb_q1.webp,audio_sb1.mp3,1,RUN,HAT,RED,,,1,,,,,,,
multiple_choice,PP2-ENG-2.1.12_Sentence_Building_Subject_Verb,Complete sentence: I SEE A ___.,sb_q2.webp,audio_sb2.mp3,1,CAT,FLY,RUN,,,1,,,,,,,
multiple_choice,PP2-ENG-2.1.12_Sentence_Building_Subject_Verb,Complete sentence: WE CAN ___ MUSIC.,sb_q3.webp,audio_sb3.mp3,1,SING,BALL,DOG,,,1,,,,,,,
multiple_choice,PP2-ENG-2.1.12_Sentence_Building_Subject_Verb,Which word begins a sentence with a big letter?,sb_q4.webp,audio_sb4.mp3,1,THE,the,tHE,,,1,,,,,,,
multiple_choice,PP2-ENG-2.1.12_Sentence_Building_Subject_Verb,What punctuation mark goes at the end of a sentence?,sb_q5.webp,audio_sb5.mp3,1,PERIOD,COMMA,SPACE,,,1,,,,,,,
multiple_choice,PP2-ENG-2.1.12_Sentence_Building_Subject_Verb,Sentences combine subject and...?,sb_q6.webp,audio_sb6.mp3,1,VERB,NUMBER,COLOR,,,1,,,,,,,
count_objects,PP2-ENG-2.1.12_Sentence_Building_Subject_Verb,Count 3 sentence building blocks!,sb_count1.webp,audio_sb7.mp3,1,3,2,4,,🧱,3,,,,,,,
count_objects,PP2-ENG-2.1.12_Sentence_Building_Subject_Verb,Count 4 complete sentence cards!,sb_count2.webp,audio_sb8.mp3,1,4,2,5,,📝,4,,,,,,,
count_objects,PP2-ENG-2.1.12_Sentence_Building_Subject_Verb,Count 2 reader star medals!,sb_count3.webp,audio_sb9.mp3,1,2,1,3,,🥇,2,,,,,,,
speak_repeat,PP2-ENG-2.1.12_Sentence_Building_Subject_Verb,Say out loud clearly: THE DOG CAN RUN AND I SEE A CAT!,speak_sb1.webp,audio_sb10.mp3,1,The Dog Can Run And I See A Cat,,,,,,The Dog Can Run And I See A Cat,,,,,,,
speak_repeat,PP2-ENG-2.1.12_Sentence_Building_Subject_Verb,Say out loud clearly: SENTENCES START WITH CAPITAL AND END WITH PERIOD!,speak_sb2.webp,audio_sb11.mp3,1,Sentences Start With Capital And End With Period,,,,,,Sentences Start With Capital And End With Period,,,,,,,
matching,PP2-ENG-2.1.12_Sentence_Building_Subject_Verb,Match sentence parts!,,,1,,,,,,,,The dog,CAN RUN,I see,A CAT,We can,SING
matching,PP2-ENG-2.1.12_Sentence_Building_Subject_Verb,Match sentence rules!,,,1,,,,,,,,Start,CAPITAL,End,PERIOD,Words,SPACE
multiple_choice,PP2-ENG-2.1.13_Grammar_Plural_Nouns_Adding_S,What is the plural form of one CAT?,pn_q1.webp,audio_pn1.mp3,1,CATS,CAT,CATES,,,1,,,,,,,
multiple_choice,PP2-ENG-2.1.13_Grammar_Plural_Nouns_Adding_S,What is the plural form of one DOG?,pn_q2.webp,audio_pn2.mp3,1,DOGS,DOG,DOGES,,,1,,,,,,,
multiple_choice,PP2-ENG-2.1.13_Grammar_Plural_Nouns_Adding_S,What is the plural form of one BOOK?,pn_q3.webp,audio_pn3.mp3,1,BOOKS,BOOK,BOOKES,,,1,,,,,,,
multiple_choice,PP2-ENG-2.1.13_Grammar_Plural_Nouns_Adding_S,What is the plural form of one PEN?,pn_q4.webp,audio_pn4.mp3,1,PENS,PEN,PENES,,,1,,,,,,,
multiple_choice,PP2-ENG-2.1.13_Grammar_Plural_Nouns_Adding_S,Adding letter -S to a noun means there are...?,pn_q5.webp,audio_pn5.mp3,1,MORE THAN ONE,ONLY ONE,NONE,,,1,,,,,,,
multiple_choice,PP2-ENG-2.1.13_Grammar_Plural_Nouns_Adding_S,One hat, two...?,pn_q6.webp,audio_pn6.mp3,1,HATS,HAT,HATES,,,1,,,,,,,
count_objects,PP2-ENG-2.1.13_Grammar_Plural_Nouns_Adding_S,Count 4 plural CATS!,pn_count1.webp,audio_pn7.mp3,1,4,2,3,,🐱,4,,,,,,,
count_objects,PP2-ENG-2.1.13_Grammar_Plural_Nouns_Adding_S,Count 5 plural DOGS!,pn_count2.webp,audio_pn8.mp3,1,5,3,4,,🐶,5,,,,,,,
count_objects,PP2-ENG-2.1.13_Grammar_Plural_Nouns_Adding_S,Count 3 plural BOOKS!,pn_count3.webp,audio_pn9.mp3,1,3,1,4,,📚,3,,,,,,,
speak_repeat,PP2-ENG-2.1.13_Grammar_Plural_Nouns_Adding_S,Say out loud clearly: ADD LETTER S TO MAKE PLURAL NOUNS CATS DOGS BOOKS PENS!,speak_pn1.webp,audio_pn10.mp3,1,Add Letter S To Make Plural Nouns Cats Dogs Books Pens,,,,,,Add Letter S To Make Plural Nouns Cats Dogs Books Pens,,,,,,,
speak_repeat,PP2-ENG-2.1.13_Grammar_Plural_Nouns_Adding_S,Say out loud clearly: ONE CAT MANY CATS ONE BOOK MANY BOOKS!,speak_pn2.webp,audio_pn11.mp3,1,One Cat Many Cats One Book Many Books,,,,,,One Cat Many Cats One Book Many Books,,,,,,,
matching,PP2-ENG-2.1.13_Grammar_Plural_Nouns_Adding_S,Match singular and plural nouns!,,,1,,,,,,,,One Cat 🐱,CATS,One Dog 🐶,DOGS,One Book 📚,BOOKS
matching,PP2-ENG-2.1.13_Grammar_Plural_Nouns_Adding_S,Match plural -s words!,,,1,,,,,,,,Cat,CATS,Dog,DOGS,Pen,PENS
multiple_choice,PP2-ENG-2.1.14_Grammar_Pronouns_He_She_They,Which pronoun replaces a boy's name like Leo?,prn_q1.webp,audio_pr1.mp3,1,HE,SHE,THEY,,,1,,,,,,,
multiple_choice,PP2-ENG-2.1.14_Grammar_Pronouns_He_She_They,Which pronoun replaces a girl's name like Pam?,prn_q2.webp,audio_pr2.mp3,1,SHE,HE,IT,,,1,,,,,,,
multiple_choice,PP2-ENG-2.1.14_Grammar_Pronouns_He_She_They,Which pronoun replaces many people or children?,prn_q3.webp,audio_pr3.mp3,1,THEY,HE,SHE,,,1,,,,,,,
multiple_choice,PP2-ENG-2.1.14_Grammar_Pronouns_He_She_They,Which pronoun replaces a thing or animal like a ball or cat?,prn_q4.webp,audio_pr4.mp3,1,IT,HE,SHE,,,1,,,,,,,
multiple_choice,PP2-ENG-2.1.14_Grammar_Pronouns_He_She_They,Pronouns take the place of...?,prn_q5.webp,audio_pr5.mp3,1,NOUNS,VERBS,COLORS,,,1,,,,,,,
multiple_choice,PP2-ENG-2.1.14_Grammar_Pronouns_He_She_They,The boy is happy = ___ is happy.,prn_q6.webp,audio_pr6.mp3,1,HE,SHE,IT,,,1,,,,,,,
count_objects,PP2-ENG-2.1.14_Pronouns_He_She_They,Count 3 boys represented by pronoun HE!,prn_count1.webp,audio_pr7.mp3,1,3,1,4,,👦,3,,,,,,,
count_objects,PP2-ENG-2.1.14_Pronouns_He_She_They,Count 4 girls represented by pronoun SHE!,prn_count2.webp,audio_pr8.mp3,1,4,2,5,,👧,4,,,,,,,
count_objects,PP2-ENG-2.1.14_Pronouns_He_She_They,Count 5 children represented by pronoun THEY!,prn_count3.webp,audio_pr9.mp3,1,5,3,4,,👧,5,,,,,,,
speak_repeat,PP2-ENG-2.1.14_Grammar_Pronouns_He_She_They,Say out loud clearly: PRONOUNS HE FOR BOY SHE FOR GIRL THEY FOR MANY IT FOR THING!,speak_pr1.webp,audio_pr10.mp3,1,Pronouns HE For Boy SHE For Girl THEY For Many IT For Thing,,,,,,Pronouns HE For Boy SHE For Girl THEY For Many IT For Thing,,,,,,,
speak_repeat,PP2-ENG-2.1.14_Grammar_Pronouns_He_She_They,Say out loud clearly: HE RUNS SHE SINGS THEY PLAY!,speak_pr2.webp,audio_pr11.mp3,1,He Runs She Sings They Play,,,,,,He Runs She Sings They Play,,,,,,,
matching,PP2-ENG-2.1.14_Grammar_Pronouns_He_She_They,Match pronouns to nouns!,,,1,,,,,,,,Boy 👦,HE,Girl 👧,SHE,Children 👧,THEY
matching,PP2-ENG-2.1.14_Grammar_Pronouns_He_She_They,Match pronouns to examples!,,,1,,,,,,,,Leo,HE,Pam,SHE,Cat,IT
multiple_choice,PP2-ENG-2.1.15_Grammar_Prepositions_In_On_Under,Where is cat inside box?,prep_q1.webp,audio_pr1.mp3,1,IN,ON,UNDER,,,1,,,,,,,
multiple_choice,PP2-ENG-2.1.15_Grammar_Prepositions_In_On_Under,Where is book resting on top of table?,prep_q2.webp,audio_pr2.mp3,1,ON,IN,UNDER,,,1,,,,,,,
multiple_choice,PP2-ENG-2.1.15_Grammar_Prepositions_In_On_Under,Where is ball below chair?,prep_q3.webp,audio_pr3.mp3,1,UNDER,IN,ON,,,1,,,,,,,
multiple_choice,PP2-ENG-2.1.15_Grammar_Prepositions_In_On_Under,Where is puppy hiding at back of tree?,prep_q4.webp,audio_pr4.mp3,1,BEHIND,IN,ON,,,1,,,,,,,
multiple_choice,PP2-ENG-2.1.15_Grammar_Prepositions_In_On_Under,Where is chair placed beside desk?,prep_q5.webp,audio_pr5.mp3,1,NEXT TO,UNDER,IN,,,1,,,,,,,
multiple_choice,PP2-ENG-2.1.15_Grammar_Prepositions_In_On_Under,Prepositions tell us position and...?,prep_q6.webp,audio_pr6.mp3,1,LOCATION,ACTION,COLOR,,,1,,,,,,,
count_objects,PP2-ENG-2.1.15_Grammar_Prepositions_In_On_Under,Count 3 items IN the basket!,prep_count1.webp,audio_pr7.mp3,1,3,2,4,,🧺,3,,,,,,,
count_objects,PP2-ENG-2.1.15_Grammar_Prepositions_In_On_Under,Count 2 hats ON the shelf!,prep_count2.webp,audio_pr8.mp3,1,2,1,4,,👒,2,,,,,,,
count_objects,PP2-ENG-2.1.15_Grammar_Prepositions_In_On_Under,Count 4 balls UNDER the table!,prep_count3.webp,audio_pr9.mp3,1,4,2,5,,⚽,4,,,,,,,
speak_repeat,PP2-ENG-2.1.15_Grammar_Prepositions_In_On_Under,Say out loud clearly: PREPOSITIONS IN ON UNDER BEHIND NEXT TO!,speak_pr1.webp,audio_pr10.mp3,1,Prepositions IN ON UNDER BEHIND NEXT TO,,,,,,Prepositions IN ON UNDER BEHIND NEXT TO,,,,,,,
speak_repeat,PP2-ENG-2.1.15_Grammar_Prepositions_In_On_Under,Say out loud clearly: THE CAT IS IN THE BOX AND ON THE MAT!,speak_pr2.webp,audio_pr11.mp3,1,The Cat Is In The Box And On The Mat,,,,,,The Cat Is In The Box And On The Mat,,,,,,,
matching,PP2-ENG-2.1.15_Grammar_Prepositions_In_On_Under,Match preposition positions!,,,1,,,,,,,,Inside,IN,Top,ON,Below,UNDER
matching,PP2-ENG-2.1.15_Grammar_Prepositions_In_On_Under,Match preposition words!,,,1,,,,,,,,In,IN,On,ON,Under,UNDER
multiple_choice,PP2-ENG-2.1.16_Grammar_Question_Words_Who_What_Where,Which question word asks about a PERSON?,qw_q1.webp,audio_qw1.mp3,1,WHO,WHAT,WHERE,,,1,,,,,,,
multiple_choice,PP2-ENG-2.1.16_Grammar_Question_Words_Who_What_Where,Which question word asks about a THING?,qw_q2.webp,audio_qw2.mp3,1,WHAT,WHO,WHERE,,,1,,,,,,,
multiple_choice,PP2-ENG-2.1.16_Grammar_Question_Words_Who_What_Where,Which question word asks about a PLACE?,qw_q3.webp,audio_qw3.mp3,1,WHERE,WHO,WHAT,,,1,,,,,,,
multiple_choice,PP2-ENG-2.1.16_Grammar_Question_Words_Who_What_Where,Which question word asks about TIME?,qw_q4.webp,audio_qw4.mp3,1,WHEN,WHO,WHAT,,,1,,,,,,,
multiple_choice,PP2-ENG-2.1.16_Grammar_Question_Words_Who_What_Where,___ is teaching the class? Answer: Teacher.,qw_q5.webp,audio_qw5.mp3,1,WHO,WHAT,WHERE,,,1,,,,,,,
multiple_choice,PP2-ENG-2.1.16_Grammar_Question_Words_Who_What_Where,___ is the dog going? Answer: To the park.,qw_q6.webp,audio_qw6.mp3,1,WHERE,WHO,WHAT,,,1,,,,,,,
count_objects,PP2-ENG-2.1.16_Grammar_Question_Words_Who_What_Where,Count 4 question mark cards?,qw_count1.webp,audio_qw7.mp3,1,4,2,3,,❓,4,,,,,,,
count_objects,PP2-ENG-2.1.16_Grammar_Question_Words_Who_What_Where,Count 3 WHO question cards!,qw_count2.webp,audio_qw8.mp3,1,3,1,5,,❓,3,,,,,,,
count_objects,PP2-ENG-2.1.16_Grammar_Question_Words_Who_What_Where,Count 2 WHERE question map signs!,qw_count3.webp,audio_qw9.mp3,1,2,1,4,,🗺️,2,,,,,,,
speak_repeat,PP2-ENG-2.1.16_Grammar_Question_Words_Who_What_Where,Say out loud clearly: QUESTION WORDS WHO WHAT WHERE WHEN!,speak_qw1.webp,audio_qw10.mp3,1,Question Words WHO WHAT WHERE WHEN,,,,,,Question Words WHO WHAT WHERE WHEN,,,,,,,
speak_repeat,PP2-ENG-2.1.16_Grammar_Question_Words_Who_What_Where,Say out loud clearly: ASK QUESTIONS TO LEARN NEW THINGS!,speak_qw2.webp,audio_qw11.mp3,1,Ask Questions To Learn New Things,,,,,,Ask Questions To Learn New Things,,,,,,,
matching,PP2-ENG-2.1.16_Grammar_Question_Words_Who_What_Where,Match question words!,,,1,,,,,,,,Person,WHO,Thing,WHAT,Place,WHERE
matching,PP2-ENG-2.1.16_Grammar_Question_Words_Who_What_Where,Match question meanings!,,,1,,,,,,,,Who,WHO,What,WHAT,When,WHEN
multiple_choice,PP2-ENG-2.1.17_Classic_Story_Tortoise_and_Hare,Who won the race by moving slow and steady?,th_q1.webp,audio_th1.mp3,1,TORTOISE,HARE,FOX,,,1,,,,,,,
multiple_choice,PP2-ENG-2.1.17_Classic_Story_Tortoise_and_Hare,Why did the fast Hare lose the race?,th_q2.webp,audio_th2.mp3,1,FELL ASLEEP,RAN FAST,LOST WAY,,,1,,,,,,,
multiple_choice,PP2-ENG-2.1.17_Classic_Story_Tortoise_and_Hare,What moral lesson does the story teach us?,th_q3.webp,audio_th3.mp3,1,PERSEVERANCE,LAZINESS,PRIDE,,,1,,,,,,,
multiple_choice,PP2-ENG-2.1.17_Classic_Story_Tortoise_and_Hare,Slow and steady wins the...?,th_q4.webp,audio_th4.mp3,1,RACE,GAME,TOY,,,1,,,,,,,
multiple_choice,PP2-ENG-2.1.17_Classic_Story_Tortoise_and_Hare,Never give up even when things seem...?,th_q5.webp,audio_th5.mp3,1,SLOW,FAST,EASY,,,1,,,,,,,
multiple_choice,PP2-ENG-2.1.17_Classic_Story_Tortoise_and_Hare,The Tortoise showed patience and...?,th_q6.webp,audio_th6.mp3,1,PERSEVERANCE,ANGER,SPEED,,,1,,,,,,,
count_objects,PP2-ENG-2.1.17_Classic_Story_Tortoise_and_Hare,Count 1 patient Tortoise!,th_count1.webp,audio_th7.mp3,1,1,2,3,,🐢,1,,,,,,,
count_objects,PP2-ENG-2.1.17_Classic_Story_Tortoise_and_Hare,Count 1 fast Hare!,th_count2.webp,audio_th8.mp3,1,1,2,3,,🐇,1,,,,,,,
count_objects,PP2-ENG-2.1.17_Classic_Story_Tortoise_and_Hare,Count 3 winner trophies of perseverance!,th_count3.webp,audio_th9.mp3,1,3,1,4,,🏆,3,,,,,,,
speak_repeat,PP2-ENG-2.1.17_Classic_Story_Tortoise_and_Hare,Say out loud clearly: SLOW AND STEADY WINS THE RACE!,speak_th1.webp,audio_th10.mp3,1,Slow And Steady Wins The Race,,,,,,Slow And Steady Wins The Race,,,,,,,
speak_repeat,PP2-ENG-2.1.17_Classic_Story_Tortoise_and_Hare,Say out loud clearly: PERSEVERANCE MEANS NEVER GIVING UP!,speak_th2.webp,audio_th11.mp3,1,Perseverance Means Never Giving Up,,,,,,Perseverance Means Never Giving Up,,,,,,,
matching,PP2-ENG-2.1.17_Classic_Story_Tortoise_and_Hare,Match story characters!,,,1,,,,,,,,Tortoise 🐢,STEADY,Hare 🐇,FAST,Trophy 🏆,WINNER
matching,PP2-ENG-2.1.17_Classic_Story_Tortoise_and_Hare,Match story lessons!,,,1,,,,,,,,Persevere,WIN,Patience,STEADY,Race,RACE
multiple_choice,PP2-ENG-2.1.18_Classic_Story_Three_Little_Pigs,Which pig built the strong house of bricks?,pigs_q1.webp,audio_p1.mp3,1,THIRD PIG,FIRST PIG,SECOND PIG,,,1,,,,,,,
multiple_choice,PP2-ENG-2.1.18_Classic_Story_Three_Little_Pigs,What bad animal tried to huff and puff the houses down?,pigs_q2.webp,audio_p2.mp3,1,WOLF,FOX,BEAR,,,1,,,,,,,
multiple_choice,PP2-ENG-2.1.18_Classic_Story_Three_Little_Pigs,Why couldn't the wolf blow down the brick house?,pigs_q3.webp,audio_p3.mp3,1,STRONG BRICKS,WEAK STRAW,WOOD,,,1,,,,,,,
multiple_choice,PP2-ENG-2.1.18_Classic_Story_Three_Little_Pigs,What moral lesson does the story teach us?,pigs_q4.webp,audio_p4.mp3,1,HARD WORK,LAZINESS,PLAY,,,1,,,,,,,
multiple_choice,PP2-ENG-2.1.18_Classic_Story_Three_Little_Pigs,Doing things well with hard work keeps us...?,pigs_q5.webp,audio_p5.mp3,1,SAFE,AFRAID,LOST,,,1,,,,,,,
multiple_choice,PP2-ENG-2.1.18_Classic_Story_Three_Little_Pigs,I'll huff and I'll puff and I'll blow your house...?,pigs_q6.webp,audio_p6.mp3,1,DOWN,UP,IN,,,1,,,,,,,
count_objects,PP2-ENG-2.1.18_Classic_Story_Three_Little_Pigs,Count 3 little pigs!,pigs_count1.webp,audio_p7.mp3,1,3,2,4,,🐖,3,,,,,,,
count_objects,PP2-ENG-2.1.18_Classic_Story_Three_Little_Pigs,Count 1 wolf!,pigs_count2.webp,audio_p8.mp3,1,1,2,3,,🐺,1,,,,,,,
count_objects,PP2-ENG-2.1.18_Classic_Story_Three_Little_Pigs,Count 3 houses made of straw, wood, and brick!,pigs_count3.webp,audio_p9.mp3,1,3,2,4,,🛖,3,,,,,,,
speak_repeat,PP2-ENG-2.1.18_Classic_Story_Three_Little_Pigs,Say out loud clearly: HARD WORK BUILDS A STRONG HOUSE OF BRICKS!,speak_p1.webp,audio_p10.mp3,1,Hard Work Builds A Strong House Of Bricks,,,,,,Hard Work Builds A Strong House Of Bricks,,,,,,,
speak_repeat,PP2-ENG-2.1.18_Classic_Story_Three_Little_Pigs,Say out loud clearly: WORK HARD AND DO YOUR BEST EVERY DAY!,speak_p2.webp,audio_p11.mp3,1,Work Hard And Do Your Best Every Day,,,,,,Work Hard And Do Your Best Every Day,,,,,,,
matching,PP2-ENG-2.1.18_Classic_Story_Three_Little_Pigs,Match house materials!,,,1,,,,,,,,Straw 🌾,WEAK,Wood 🪵,MEDIUM,Brick 🧱,STRONG
matching,PP2-ENG-2.1.18_Classic_Story_Three_Little_Pigs,Match story lessons!,,,1,,,,,,,,Hard work,SAFE,Lazy,WEAK,Brick,STRONG
multiple_choice,PP2-ENG-2.1.19_Writing_Letter_Tracing_CVC_Words,Trace the CVC word for a meowing animal: C-A-T makes...?,wt_q1.webp,audio_w1.mp3,1,CAT,DOG,PIG,,,1,,,,,,,
multiple_choice,PP2-ENG-2.1.19_Writing_Letter_Tracing_CVC_Words,Trace the CVC word for a barking animal: D-O-G makes...?,wt_q2.webp,audio_w2.mp3,1,DOG,CAT,HAT,,,1,,,,,,,
multiple_choice,PP2-ENG-2.1.19_Writing_Letter_Tracing_CVC_Words,Trace the CVC word for a pink farm animal: P-I-G makes...?,wt_q3.webp,audio_w3.mp3,1,PIG,BUG,HEN,,,1,,,,,,,
multiple_choice,PP2-ENG-2.1.19_Writing_Letter_Tracing_CVC_Words,Trace the CVC word for a crawling insect: B-U-G makes...?,wt_q4.webp,audio_w4.mp3,1,BUG,RUG,MUG,,,1,,,,,,,
multiple_choice,PP2-ENG-2.1.19_Writing_Letter_Tracing_CVC_Words,Trace the digraph word for a sea creature: F-I-S-H makes...?,wt_q5.webp,audio_w5.mp3,1,FISH,SHIP,SHOP,,,1,,,,,,,
multiple_choice,PP2-ENG-2.1.19_Writing_Letter_Tracing_CVC_Words,Tracing letters builds neat handwriting...?,wt_q6.webp,audio_w6.mp3,1,SKILLS,SPEED,NOISE,,,1,,,,,,,
count_objects,PP2-ENG-2.1.19_Writing_Letter_Tracing_CVC_Words,Count 5 tracing pencils!,wt_count1.webp,audio_w7.mp3,1,5,3,4,,✏️,5,,,,,,,
count_objects,PP2-ENG-2.1.19_Writing_Letter_Tracing_CVC_Words,Count 4 CVC word tracing slates!,wt_count2.webp,audio_w8.mp3,1,4,2,3,,📝,4,,,,,,,
count_objects,PP2-ENG-2.1.19_Writing_Letter_Tracing_CVC_Words,Count 3 handwriting medals!,wt_count3.webp,audio_w9.mp3,1,3,1,5,,🥇,3,,,,,,,
speak_repeat,PP2-ENG-2.1.19_Writing_Letter_Tracing_CVC_Words,Say out loud clearly: TRACING CVC WORDS CAT DOG PIG BUG FISH!,speak_w1.webp,audio_w10.mp3,1,Tracing CVC Words Cat Dog Pig Bug Fish,,,,,,Tracing CVC Words Cat Dog Pig Bug Fish,,,,,,,
speak_repeat,PP2-ENG-2.1.19_Writing_Letter_Tracing_CVC_Words,Say out loud clearly: HOLD PENCIL NEATLY AND TRACE THE WORDS!,speak_w2.webp,audio_w11.mp3,1,Hold Pencil Neatly And Trace The Words,,,,,,Hold Pencil Neatly And Trace The Words,,,,,,,
matching,PP2-ENG-2.1.19_Writing_Letter_Tracing_CVC_Words,Match CVC words to pictures!,,,1,,,,,,,,C-A-T,🐱,D-O-G,🐶,P-I-G,🐖
matching,PP2-ENG-2.1.19_Writing_Letter_Tracing_CVC_Words,Match tracing practice!,,,1,,,,,,,,Cat,CAT,Dog,DOG,Fish,FISH
multiple_choice,PP2-ENG-2.1.20_Reading_Fluency_Grand_Master,Which word belongs to the -at CVC family?,rfm_q1.webp,audio_r1.mp3,1,CAT,PIG,BUG,,,1,,,,,,,
multiple_choice,PP2-ENG-2.1.20_Reading_Fluency_Grand_Master,Which digraph makes /sh/ sound in SHOP?,rfm_q2.webp,audio_r2.mp3,1,SH,CH,TH,,,1,,,,,,,
multiple_choice,PP2-ENG-2.1.20_Reading_Fluency_Grand_Master,Which sight word completes: I ___ a red car?,rfm_q3.webp,audio_r3.mp3,1,SEE,GO,WE,,,1,,,,,,,
multiple_choice,PP2-ENG-2.1.20_Reading_Fluency_Grand_Master,Which plural noun adds -s to CAT?,rfm_q4.webp,audio_r4.mp3,1,CATS,CAT,CATON,,,1,,,,,,,
multiple_choice,PP2-ENG-2.1.20_Reading_Fluency_Grand_Master,Which pronoun replaces a boy's name?,rfm_q5.webp,audio_r5.mp3,1,HE,SHE,THEY,,,1,,,,,,,
multiple_choice,PP2-ENG-2.1.20_Reading_Fluency_Grand_Master,Reading fluency makes us confident PP2...?,rfm_q6.webp,audio_r6.mp3,1,READERS,RUNNERS,SINGERS,,,1,,,,,,,
count_objects,PP2-ENG-2.1.20_Reading_Fluency_Grand_Master,Count 5 reading master star trophies!,rfm_count1.webp,audio_r7.mp3,1,5,3,4,,🏆,5,,,,,,,
count_objects,PP2-ENG-2.1.20_Reading_Fluency_Grand_Master,Count 4 open storybooks!,rfm_count2.webp,audio_r8.mp3,1,4,2,3,,📖,4,,,,,,,
count_objects,PP2-ENG-2.1.20_Reading_Fluency_Grand_Master,Count 3 winner gold medals!,rfm_count3.webp,audio_r9.mp3,1,3,1,5,,🥇,3,,,,,,,
speak_repeat,PP2-ENG-2.1.20_Reading_Fluency_Grand_Master,Say out loud clearly: I AM A PP2 READING FLUENCY GRAND MASTER!,speak_r1.webp,audio_r10.mp3,1,I Am A PP2 Reading Fluency Grand Master,,,,,,I Am A PP2 Reading Fluency Grand Master,,,,,,,
speak_repeat,PP2-ENG-2.1.20_Reading_Fluency_Grand_Master,Say out loud clearly: READ PHONICS CVC SIGHT WORDS AND STORIES WITH JOY!,speak_r2.webp,audio_r11.mp3,1,Read Phonics CVC Sight Words And Stories With Joy,,,,,,Read Phonics CVC Sight Words And Stories With Joy,,,,,,,
matching,PP2-ENG-2.1.20_Reading_Fluency_Grand_Master,Match reading fluency domains!,,,1,,,,,,,,Phonics,SH,CVC,CAT,Sight word,SEE
matching,PP2-ENG-2.1.20_Reading_Fluency_Grand_Master,Match master symbols!,,,1,,,,,,,,Trophy 🏆,MASTER,Medal 🥇,WINNER,Crown 👑,CHAMPION
multiple_choice,PP2-ENG-X.21_Dinosaur_Phonics_AT_Family_Safari,Which dinosaur CVC word belongs to the -at family and meows?,dat_q1.webp,audio_d1.mp3,1,CAT,DOG,PIG,,,1,,,,,,,
multiple_choice,PP2-ENG-X.21_Dinosaur_Phonics_AT_Family_Safari,Which dinosaur CVC word belongs to -at family and wears on head?,dat_q2.webp,audio_d2.mp3,1,HAT,VAN,MOP,,,1,,,,,,,
multiple_choice,PP2-ENG-X.21_Dinosaur_Phonics_AT_Family_Safari,Spell the -at family word for a floor mat on dino island!,dat_q3.webp,audio_d3.mp3,1,MAT,BAT,RAT,,,1,,,,,,,
multiple_choice,PP2-ENG-X.21_Dinosaur_Phonics_AT_Family_Safari,Which flying creature belongs to the -at family?,dat_q4.webp,audio_d4.mp3,1,BAT,BUG,PEN,,,1,,,,,,,
multiple_choice,PP2-ENG-X.21_Dinosaur_Phonics_AT_Family_Safari,Which small rodent belongs to the -at family?,dat_q5.webp,audio_d5.mp3,1,RAT,FOX,HEN,,,1,,,,,,,
multiple_choice,PP2-ENG-X.21_Dinosaur_Phonics_AT_Family_Safari,Cat, Hat, Mat, and Bat all end with...?,dat_q6.webp,audio_d6.mp3,1,-AT,-AN,-IG,,,1,,,,,,,
count_objects,PP2-ENG-X.21_Dinosaur_Phonics_AT_Family_Safari,Count 4 friendly cats on dino safari!,dat_count1.webp,audio_d7.mp3,1,4,2,3,,🐱,4,,,,,,,
count_objects,PP2-ENG-X.21_Dinosaur_Phonics_AT_Family_Safari,Count 3 hats on dino tracks!,dat_count2.webp,audio_d8.mp3,1,3,1,5,,👒,3,,,,,,,
count_objects,PP2-ENG-X.21_Dinosaur_Phonics_AT_Family_Safari,Count 5 flying bats over dino nest!,dat_count3.webp,audio_d9.mp3,1,5,3,4,,🦇,5,,,,,,,
speak_repeat,PP2-ENG-X.21_Dinosaur_Phonics_AT_Family_Safari,Say out loud clearly: DINOSAUR PHONICS AT FAMILY SAFARI CAT HAT MAT BAT!,speak_d1.webp,audio_d10.mp3,1,Dinosaur Phonics AT Family Safari Cat Hat Mat Bat,,,,,,Dinosaur Phonics AT Family Safari Cat Hat Mat Bat,,,,,,,
speak_repeat,PP2-ENG-X.21_Dinosaur_Phonics_AT_Family_Safari,Say out loud clearly: READ THREE LETTER AT WORDS ON DINOSAUR SAFARI!,speak_d2.webp,audio_d11.mp3,1,Read Three Letter AT Words On Dinosaur Safari,,,,,,Read Three Letter AT Words On Dinosaur Safari,,,,,,,
matching,PP2-ENG-X.21_Dinosaur_Phonics_AT_Family_Safari,Match dino -at family rhyming words!,,,1,,,,,,,,Cat 🐱,HAT,Mat 🪵,BAT,Rat 🐀,RAT
matching,PP2-ENG-X.21_Dinosaur_Phonics_AT_Family_Safari,Match dino -at words to pictures!,,,1,,,,,,,,Cat,🐱,Hat,👒,Bat,🦇
multiple_choice,PP2-ENG-X.22_Dinosaur_CVC_Blends_Showdown,Which blend starts the word STOP on dino trail?,dcb_q1.webp,audio_db1.mp3,1,ST,SP,SK,,,1,,,,,,,
multiple_choice,PP2-ENG-X.22_Dinosaur_CVC_Blends_Showdown,Which blend starts the word SPOON on dino island?,dcb_q2.webp,audio_db2.mp3,1,SP,ST,SK,,,1,,,,,,,
multiple_choice,PP2-ENG-X.22_Dinosaur_CVC_Blends_Showdown,Which blend starts the word SKY over dino nest?,dcb_q3.webp,audio_db3.mp3,1,SK,ST,SP,,,1,,,,,,,
multiple_choice,PP2-ENG-X.22_Dinosaur_CVC_Blends_Showdown,ST, SP, and SK are consonant...?,dcb_q4.webp,audio_db4.mp3,1,BLENDS,DIGRAPHS,VOWELS,,,1,,,,,,,
multiple_choice,PP2-ENG-X.22_Dinosaur_CVC_Blends_Showdown,Blending two consonants makes reading...?,dcb_q5.webp,audio_db5.mp3,1,POWER,FEAR,DARK,,,1,,,,,,,
multiple_choice,PP2-ENG-X.22_Dinosaur_CVC_Blends_Showdown,Which word starts with ST blend and means halt?,dcb_q6.webp,audio_db6.mp3,1,STOP,GO,RUN,,,1,,,,,,,
count_objects,PP2-ENG-X.22_Dinosaur_CVC_Blends_Showdown,Count 3 red STOP signs on dino track!,dcb_count1.webp,audio_db7.mp3,1,3,2,4,,🛑,3,,,,,,,
count_objects,PP2-ENG-X.22_Dinosaur_CVC_Blends_Showdown,Count 4 eating spoons with SP blend!,dcb_count2.webp,audio_db8.mp3,1,4,2,5,,🥄,4,,,,,,,
count_objects,PP2-ENG-X.22_Dinosaur_CVC_Blends_Showdown,Count 2 starry sky scenes!,dcb_count3.webp,audio_db9.mp3,1,2,1,3,,🌌,2,,,,,,,
speak_repeat,PP2-ENG-X.22_Dinosaur_CVC_Blends_Showdown,Say out loud clearly: DINOSAUR CVC CONSONANT BLENDS ST SP AND SK!,speak_db1.webp,audio_db10.mp3,1,Dinosaur CVC Consonant Blends ST SP And SK,,,,,,Dinosaur CVC Consonant Blends ST SP And SK,,,,,,,
speak_repeat,PP2-ENG-X.22_Dinosaur_CVC_Blends_Showdown,Say out loud clearly: ST FOR STOP SP FOR SPOON SK FOR SKY!,speak_db2.webp,audio_db11.mp3,1,ST For Stop SP For Spoon SK For Sky,,,,,,ST For Stop SP For Spoon SK For Sky,,,,,,,
matching,PP2-ENG-X.22_Dinosaur_CVC_Blends_Showdown,Match dino consonant blends!,,,1,,,,,,,,Stop 🛑,ST,Spoon 🥄,SP,Sky 🌌,SK
matching,PP2-ENG-X.22_Dinosaur_CVC_Blends_Showdown,Match blend words!,,,1,,,,,,,,Stop,STOP,Spoon,SPOON,Sky,SKY
multiple_choice,PP2-ENG-X.23_Pirate_Cove_SH_Digraph_Treasure,Which digraph letters make /sh/ sound in pirate cove?,psh_q1.webp,audio_p1.mp3,1,SH,CH,TH,,,1,,,,,,,
multiple_choice,PP2-ENG-X.23_Pirate_Cove_SH_Digraph_Treasure,Which word starts with SH sound and sells goods?,psh_q2.webp,audio_p2.mp3,1,SHOP,CHIP,THIN,,,1,,,,,,,
multiple_choice,PP2-ENG-X.23_Pirate_Cove_SH_Digraph_Treasure,Which large boat word starts with SH?,psh_q3.webp,audio_p3.mp3,1,SHIP,BOAT,VAN,,,1,,,,,,,
multiple_choice,PP2-ENG-X.23_Pirate_Cove_SH_Digraph_Treasure,Which swimming animal ends with SH sound?,psh_q4.webp,audio_p4.mp3,1,FISH,CAT,DOG,,,1,,,,,,,
multiple_choice,PP2-ENG-X.23_Pirate_Cove_SH_Digraph_Treasure,Which sea object starts with SH sound?,psh_q5.webp,audio_p5.mp3,1,SHELL,ROCK,SAND,,,1,,,,,,,
multiple_choice,PP2-ENG-X.23_Pirate_Cove_SH_Digraph_Treasure,SH makes the quiet hushing sound...?,psh_q6.webp,audio_p6.mp3,1,/SH/,/CH/,/TH/,,,1,,,,,,,
count_objects,PP2-ENG-X.23_Pirate_Cove_SH_Digraph_Treasure,Count 3 big pirate ships sailing!,psh_count1.webp,audio_p7.mp3,1,3,2,4,,🚢,3,,,,,,,
count_objects,PP2-ENG-X.23_Pirate_Cove_SH_Digraph_Treasure,Count 5 swimming fish with SH sound!,psh_count2.webp,audio_p8.mp3,1,5,3,4,,🐟,5,,,,,,,
count_objects,PP2-ENG-X.23_Pirate_Cove_SH_Digraph_Treasure,Count 4 sea shells on pirate beach!,psh_count3.webp,audio_p9.mp3,1,4,2,5,,🐚,4,,,,,,,
speak_repeat,PP2-ENG-X.23_Pirate_Cove_SH_Digraph_Treasure,Say out loud clearly: PIRATE COVE SH DIGRAPH TREASURE SHOP SHIP FISH!,speak_p1.webp,audio_p10.mp3,1,Pirate Cove SH Digraph Treasure Shop Ship Fish,,,,,,Pirate Cove SH Digraph Treasure Shop Ship Fish,,,,,,,
speak_repeat,PP2-ENG-X.23_Pirate_Cove_SH_Digraph_Treasure,Say out loud clearly: SH SAYS /sh/ ON THE PIRATE SHIP!,speak_p2.webp,audio_p11.mp3,1,SH Says /sh/ On The Pirate Ship,,,,,,SH Says /sh/ On The Pirate Ship,,,,,,,
matching,PP2-ENG-X.23_Pirate_Cove_SH_Digraph_Treasure,Match pirate SH digraph words!,,,1,,,,,,,,Shop 🏪,SHOP,Ship 🚢,SHIP,Fish 🐟,FISH
matching,PP2-ENG-X.23_Pirate_Cove_SH_Digraph_Treasure,Match SH digraph pictures!,,,1,,,,,,,,Ship,🚢,Fish,🐟,Shell,🐚
multiple_choice,PP2-ENG-X.24_Pirate_Cove_Sight_Words_Map,Find the sight word CAN on pirate map: I CAN find gold.,psw_q1.webp,audio_p1.mp3,1,CAN,SEE,LIKE,,,1,,,,,,,
multiple_choice,PP2-ENG-X.24_Pirate_Cove_Sight_Words_Map,Find the sight word SEE on pirate map: I SEE treasure.,psw_q2.webp,audio_p2.mp3,1,SEE,CAN,GO,,,1,,,,,,,
multiple_choice,PP2-ENG-X.24_Pirate_Cove_Sight_Words_Map,Find the sight word LIKE: I LIKE gold coins.,psw_q3.webp,audio_p3.mp3,1,LIKE,SEE,WE,,,1,,,,,,,
multiple_choice,PP2-ENG-X.24_Pirate_Cove_Sight_Words_Map,Find the sight word GO: We GO on ship.,psw_q4.webp,audio_p4.mp3,1,GO,MY,LIKE,,,1,,,,,,,
multiple_choice,PP2-ENG-X.24_Pirate_Cove_Sight_Words_Map,Find the sight word WE: WE sail sea.,psw_q5.webp,audio_p5.mp3,1,WE,MY,GO,,,1,,,,,,,
multiple_choice,PP2-ENG-X.24_Pirate_Cove_Sight_Words_Map,Find the sight word MY: MY treasure chest.,psw_q6.webp,audio_p6.mp3,1,MY,WE,CAN,,,1,,,,,,,
count_objects,PP2-ENG-X.24_Pirate_Cove_Sight_Words_Map,Count 4 pirate sight word CAN cards!,psw_count1.webp,audio_p7.mp3,1,4,2,3,,🃏,4,,,,,,,
count_objects,PP2-ENG-X.24_Pirate_Cove_Sight_Words_Map,Count 3 pirate sight word SEE maps!,psw_count2.webp,audio_p8.mp3,1,3,1,5,,🗺️,3,,,,,,,
count_objects,PP2-ENG-X.24_Pirate_Cove_Sight_Words_Map,Count 5 sight word LIKE coins!,psw_count3.webp,audio_p9.mp3,1,5,3,4,,🪙,5,,,,,,,
speak_repeat,PP2-ENG-X.24_Pirate_Cove_Sight_Words_Map,Say out loud clearly: PIRATE COVE SIGHT WORDS MAP CAN SEE LIKE GO WE MY!,speak_p1.webp,audio_p10.mp3,1,Pirate Cove Sight Words Map CAN SEE LIKE GO WE MY,,,,,,Pirate Cove Sight Words Map CAN SEE LIKE GO WE MY,,,,,,,
speak_repeat,PP2-ENG-X.24_Pirate_Cove_Sight_Words_Map,Say out loud clearly: READ THE SIGHT WORD MAP TO FIND TREASURE!,speak_p2.webp,audio_p11.mp3,1,Read The Sight Word Map To Find Treasure,,,,,,Read The Sight Word Map To Find Treasure,,,,,,,
matching,PP2-ENG-X.24_Pirate_Cove_Sight_Words_Map,Match pirate sight words!,,,1,,,,,,,,C-A-N,CAN,S-E-E,SEE,L-I-K-E,LIKE
matching,PP2-ENG-X.24_Pirate_Cove_Sight_Words_Map,Match more pirate sight words!,,,1,,,,,,,,G-O,GO,W-E,WE,M-Y,MY
multiple_choice,PP2-ENG-X.25_Space_Galaxy_CH_Digraph_Search,Which digraph letters make /ch/ sound in galaxy?,sch_q1.webp,audio_s1.mp3,1,CH,SH,TH,,,1,,,,,,,
multiple_choice,PP2-ENG-X.25_Space_Galaxy_CH_Digraph_Search,Which snack word starts with CH in space?,sch_q2.webp,audio_s2.mp3,1,CHIP,SHOP,THIN,,,1,,,,,,,
multiple_choice,PP2-ENG-X.25_Space_Galaxy_CH_Digraph_Search,Which seat word ends with CH sound?,sch_q3.webp,audio_s3.mp3,1,BENCH,CHAIR,DESK,,,1,,,,,,,
multiple_choice,PP2-ENG-X.25_Space_Galaxy_CH_Digraph_Search,Which seat word starts with CH sound?,sch_q4.webp,audio_s4.mp3,1,CHAIR,BENCH,TABLE,,,1,,,,,,,
multiple_choice,PP2-ENG-X.25_Space_Galaxy_CH_Digraph_Search,Which action word for cutting wood starts with CH?,sch_q5.webp,audio_s5.mp3,1,CHOP,CUT,RUN,,,1,,,,,,,
multiple_choice,PP2-ENG-X.25_Space_Galaxy_CH_Digraph_Search,Which face part below mouth starts with CH?,sch_q6.webp,audio_s6.mp3,1,CHIN,NOSE,EYE,,,1,,,,,,,
count_objects,PP2-ENG-X.25_Space_Galaxy_CH_Digraph_Search,Count 4 space chips with CH sound!,sch_count1.webp,audio_s7.mp3,1,4,2,5,,🍟,4,,,,,,,
count_objects,PP2-ENG-X.25_Space_Galaxy_CH_Digraph_Search,Count 2 space benches!,sch_count2.webp,audio_s8.mp3,1,2,1,3,,🪑,2,,,,,,,
count_objects,PP2-ENG-X.25_Space_Galaxy_CH_Digraph_Search,Count 3 astronaut chairs!,sch_count3.webp,audio_s9.mp3,1,3,2,4,,🪑,3,,,,,,,
speak_repeat,PP2-ENG-X.25_Space_Galaxy_CH_Digraph_Search,Say out loud clearly: SPACE GALAXY CH DIGRAPH SEARCH CHIP CHAIR BENCH!,speak_s1.webp,audio_s10.mp3,1,Space Galaxy CH Digraph Search Chip Chair Bench,,,,,,Space Galaxy CH Digraph Search Chip Chair Bench,,,,,,,
speak_repeat,PP2-ENG-X.25_Space_Galaxy_CH_Digraph_Search,Say out loud clearly: CH SAYS /ch/ IN THE SPACE GALAXY!,speak_s2.webp,audio_s11.mp3,1,CH Says /ch/ In The Space Galaxy,,,,,,CH Says /ch/ In The Space Galaxy,,,,,,,
matching,PP2-ENG-X.25_Space_Galaxy_CH_Digraph_Search,Match space CH digraph words!,,,1,,,,,,,,Chip 🍟,CHIP,Chair 🪑,CHAIR,Bench 🪑,BENCH
matching,PP2-ENG-X.25_Space_Galaxy_CH_Digraph_Search,Match CH digraph pictures!,,,1,,,,,,,,Chip,🍟,Chair,🪑,Bench,🪑
multiple_choice,PP2-ENG-X.26_Space_Starry_Sentence_Building,Complete space sentence: THE ROCKET CAN ___.,ssb_q1.webp,audio_s1.mp3,1,FLY,HAT,RED,,,1,,,,,,,
multiple_choice,PP2-ENG-X.26_Space_Starry_Sentence_Building,Complete space sentence: I SEE A ___.,ssb_q2.webp,audio_s2.mp3,1,STAR,RUN,HOP,,,1,,,,,,,
multiple_choice,PP2-ENG-X.26_Space_Starry_Sentence_Building,Complete space sentence: WE CAN GO TO THE ___.,ssb_q3.webp,audio_s3.mp3,1,MOON,SING,JUMP,,,1,,,,,,,
multiple_choice,PP2-ENG-X.26_Space_Starry_Sentence_Building,Which capital word starts a space sentence?,ssb_q4.webp,audio_s4.mp3,1,THE,the,tHE,,,1,,,,,,,
multiple_choice,PP2-ENG-X.26_Space_Starry_Sentence_Building,What mark ends a space sentence?,ssb_q5.webp,audio_s5.mp3,1,PERIOD,COMMA,SPACE,,,1,,,,,,,
multiple_choice,PP2-ENG-X.26_Space_Starry_Sentence_Building,Building sentences combines words into complete...?,ssb_q6.webp,audio_s6.mp3,1,THOUGHTS,LETTERS,NUMBERS,,,1,,,,,,,
count_objects,PP2-ENG-X.26_Space_Starry_Sentence_Building,Count 3 space rockets flying high!,ssb_count1.webp,audio_s7.mp3,1,3,2,4,,🚀,3,,,,,,,
count_objects,PP2-ENG-X.26_Space_Starry_Sentence_Building,Count 5 starry sentence cards!,ssb_count2.webp,audio_s8.mp3,1,5,3,4,,📝,5,,,,,,,
count_objects,PP2-ENG-X.26_Space_Starry_Sentence_Building,Count 2 moon sentence targets!,ssb_count3.webp,audio_s9.mp3,1,2,1,3,,🌙,2,,,,,,,
speak_repeat,PP2-ENG-X.26_Space_Starry_Sentence_Building,Say out loud clearly: SPACE STARRY SENTENCE BUILDING THE ROCKET CAN FLY!,speak_s1.webp,audio_s10.mp3,1,Space Starry Sentence Building The Rocket Can Fly,,,,,,Space Starry Sentence Building The Rocket Can Fly,,,,,,,
speak_repeat,PP2-ENG-X.26_Space_Starry_Sentence_Building,Say out loud clearly: BUILD STARRY SENTENCES IN THE GALAXY!,speak_s2.webp,audio_s11.mp3,1,Build Starry Sentences In The Galaxy,,,,,,Build Starry Sentences In The Galaxy,,,,,,,
matching,PP2-ENG-X.26_Space_Starry_Sentence_Building,Match space sentence parts!,,,1,,,,,,,,The rocket,CAN FLY,I see,A STAR,We can go,TO MOON
matching,PP2-ENG-X.26_Space_Starry_Sentence_Building,Match space sentence rules!,,,1,,,,,,,,Start,CAPITAL,End,PERIOD,Words,SPACE
multiple_choice,PP2-ENG-X.27_Circus_Clown_TH_Digraph_Juggle,Which digraph letters make /th/ sound in circus juggle?,ctj_q1.webp,audio_c1.mp3,1,TH,SH,CH,,,1,,,,,,,
multiple_choice,PP2-ENG-X.27_Circus_Clown_TH_Digraph_Juggle,Which opposite of fat starts with TH in clown juggle?,ctj_q2.webp,audio_c2.mp3,1,THIN,FAT,BIG,,,1,,,,,,,
multiple_choice,PP2-ENG-X.27_Circus_Clown_TH_Digraph_Juggle,Which opposite of thin starts with TH in clown juggle?,ctj_q3.webp,audio_c3.mp3,1,THICK,SLIM,SMALL,,,1,,,,,,,
multiple_choice,PP2-ENG-X.27_Circus_Clown_TH_Digraph_Juggle,Which walking trail word ends with TH sound?,ctj_q4.webp,audio_c4.mp3,1,PATH,ROAD,WAY,,,1,,,,,,,
multiple_choice,PP2-ENG-X.27_Circus_Clown_TH_Digraph_Juggle,Which washing tub word ends with TH sound?,ctj_q5.webp,audio_c5.mp3,1,BATH,TUB,POND,,,1,,,,,,,
multiple_choice,PP2-ENG-X.27_Circus_Clown_TH_Digraph_Juggle,Which night insect ends with TH sound?,ctj_q6.webp,audio_c6.mp3,1,MOTH,BUG,FLY,,,1,,,,,,,
count_objects,PP2-ENG-X.27_Circus_Clown_TH_Digraph_Juggle,Count 6 juggling TH digraph balls!,ctj_count1.webp,audio_c7.mp3,1,6,3,5,,🤹,6,,,,,,,
count_objects,PP2-ENG-X.27_Circus_Clown_TH_Digraph_Juggle,Count 3 walking paths on circus map!,ctj_count2.webp,audio_c8.mp3,1,3,1,4,,🛤️,3,,,,,,,
count_objects,PP2-ENG-X.27_Circus_Clown_TH_Digraph_Juggle,Count 4 circus moths flying!,ctj_count3.webp,audio_c9.mp3,1,4,2,5,,🦋,4,,,,,,,
speak_repeat,PP2-ENG-X.27_Circus_Clown_TH_Digraph_Juggle,Say out loud clearly: CIRCUS CLOWN TH DIGRAPH JUGGLE THIN THICK PATH!,speak_c1.webp,audio_c10.mp3,1,Circus Clown TH Digraph Juggle Thin Thick Path,,,,,,Circus Clown TH Digraph Juggle Thin Thick Path,,,,,,,
speak_repeat,PP2-ENG-X.27_Circus_Clown_TH_Digraph_Juggle,Say out loud clearly: TH SAYS /th/ IN THE CIRCUS JUGGLE!,speak_c2.webp,audio_c11.mp3,1,TH Says /th/ In The Circus Juggle,,,,,,TH Says /th/ In The Circus Juggle,,,,,,,
matching,PP2-ENG-X.27_Circus_Clown_TH_Digraph_Juggle,Match circus TH digraph words!,,,1,,,,,,,,Thin 📏,THIN,Path 🛤️,PATH,Moth 🦋,MOTH
matching,PP2-ENG-X.27_Circus_Clown_TH_Digraph_Juggle,Match TH digraph pictures!,,,1,,,,,,,,Thin,📏,Path,🛤️,Moth,🦋
multiple_choice,PP2-ENG-X.28_Circus_Plural_Nouns_Adding_S,What is the plural form of one CAT at circus?,cpn_q1.webp,audio_c1.mp3,1,CATS,CAT,CATON,,,1,,,,,,,
multiple_choice,PP2-ENG-X.28_Circus_Plural_Nouns_Adding_S,What is the plural form of one DOG at circus?,cpn_q2.webp,audio_c2.mp3,1,DOGS,DOG,DOGES,,,1,,,,,,,
multiple_choice,PP2-ENG-X.28_Circus_Plural_Nouns_Adding_S,What is the plural form of one BOOK at circus?,cpn_q3.webp,audio_c3.mp3,1,BOOKS,BOOK,BOOKES,,,1,,,,,,,
multiple_choice,PP2-ENG-X.28_Circus_Plural_Nouns_Adding_S,What is the plural form of one PEN at circus?,cpn_q4.webp,audio_c4.mp3,1,PENS,PEN,PENES,,,1,,,,,,,
multiple_choice,PP2-ENG-X.28_Circus_Plural_Nouns_Adding_S,Adding letter -S to a noun means there are...?,cpn_q5.webp,audio_c5.mp3,1,MORE THAN ONE,ONLY ONE,NONE,,,1,,,,,,,
multiple_choice,PP2-ENG-X.28_Circus_Plural_Nouns_Adding_S,One circus hat, two...?,cpn_q6.webp,audio_c6.mp3,1,HATS,HAT,HATES,,,1,,,,,,,
count_objects,PP2-ENG-X.28_Circus_Plural_Nouns_Adding_S,Count 4 plural circus CATS!,cpn_count1.webp,audio_c7.mp3,1,4,2,3,,🐱,4,,,,,,,
count_objects,PP2-ENG-X.28_Circus_Plural_Nouns_Adding_S,Count 5 plural circus DOGS!,cpn_count2.webp,audio_c8.mp3,1,5,3,4,,🐶,5,,,,,,,
count_objects,PP2-ENG-X.28_Circus_Plural_Nouns_Adding_S,Count 3 plural circus HATS!,cpn_count3.webp,audio_c9.mp3,1,3,1,4,,🎪,3,,,,,,,
speak_repeat,PP2-ENG-X.28_Circus_Plural_Nouns_Adding_S,Say out loud clearly: CIRCUS PLURAL NOUNS ADDING S CATS DOGS BOOKS HATS!,speak_c1.webp,audio_c10.mp3,1,Circus Plural Nouns Adding S Cats Dogs Books Hats,,,,,,Circus Plural Nouns Adding S Cats Dogs Books Hats,,,,,,,
speak_repeat,PP2-ENG-X.28_Circus_Plural_Nouns_Adding_S,Say out loud clearly: ADD S TO MAKE MORE THAN ONE AT CIRCUS!,speak_c2.webp,audio_c11.mp3,1,Add S To Make More Than One At Circus,,,,,,Add S To Make More Than One At Circus,,,,,,,
matching,PP2-ENG-X.28_Circus_Plural_Nouns_Adding_S,Match singular and plural circus nouns!,,,1,,,,,,,,One Cat 🐱,CATS,One Dog 🐶,DOGS,One Hat 🎪,HATS
matching,PP2-ENG-X.28_Circus_Plural_Nouns_Adding_S,Match plural -s words!,,,1,,,,,,,,Cat,CATS,Dog,DOGS,Hat,HATS
multiple_choice,PP2-ENG-X.29_Superhero_Consonant_Blends_ST,Which letters blend together in superhero STOP?,sbl_q1.webp,audio_sb1.mp3,1,ST,SP,SK,,,1,,,,,,,
multiple_choice,PP2-ENG-X.29_Superhero_Consonant_Blends_ST,Which letters blend together in superhero SPOON?,sbl_q2.webp,audio_sb2.mp3,1,SP,ST,SK,,,1,,,,,,,
multiple_choice,PP2-ENG-X.29_Superhero_Consonant_Blends_ST,Which letters blend together in superhero SKY?,sbl_q3.webp,audio_sb3.mp3,1,SK,ST,SP,,,1,,,,,,,
multiple_choice,PP2-ENG-X.29_Superhero_Consonant_Blends_ST,Which word starts with ST blend and means halt?,sbl_q4.webp,audio_sb4.mp3,1,STOP,GO,RUN,,,1,,,,,,,
multiple_choice,PP2-ENG-X.29_Superhero_Consonant_Blends_ST,Which eating utensil starts with SP blend?,sbl_q5.webp,audio_sb5.mp3,1,SPOON,FORK,CUP,,,1,,,,,,,
multiple_choice,PP2-ENG-X.29_Superhero_Consonant_Blends_ST,Which blue space above starts with SK blend?,sbl_q6.webp,audio_sb6.mp3,1,SKY,SUN,MOON,,,1,,,,,,,
count_objects,PP2-ENG-X.29_Superhero_Consonant_Blends_ST,Count 3 red STOP signs for superhero!,sbl_count1.webp,audio_sb7.mp3,1,3,2,4,,🛑,3,,,,,,,
count_objects,PP2-ENG-X.29_Superhero_Consonant_Blends_ST,Count 4 power spoons with SP blend!,sbl_count2.webp,audio_sb8.mp3,1,4,2,5,,🥄,4,,,,,,,
count_objects,PP2-ENG-X.29_Superhero_Consonant_Blends_ST,Count 2 superhero sky scenes!,sbl_count3.webp,audio_sb9.mp3,1,2,1,3,,🌌,2,,,,,,,
speak_repeat,PP2-ENG-X.29_Superhero_Consonant_Blends_ST,Say out loud clearly: SUPERHERO CONSONANT BLENDS ST SP AND SK!,speak_sb1.webp,audio_sb10.mp3,1,Superhero Consonant Blends ST SP And SK,,,,,,Superhero Consonant Blends ST SP And SK,,,,,,,
speak_repeat,PP2-ENG-X.29_Superhero_Consonant_Blends_ST,Say out loud clearly: ST FOR STOP SP FOR SPOON SK FOR SKY!,speak_sb2.webp,audio_sb11.mp3,1,ST For Stop SP For Spoon SK For Sky,,,,,,ST For Stop SP For Spoon SK For Sky,,,,,,,
matching,PP2-ENG-X.29_Superhero_Consonant_Blends_ST,Match superhero consonant blends!,,,1,,,,,,,,Stop 🛑,ST,Spoon 🥄,SP,Sky 🌌,SK
matching,PP2-ENG-X.29_Superhero_Consonant_Blends_ST,Match blend words!,,,1,,,,,,,,Stop,STOP,Spoon,SPOON,Sky,SKY
multiple_choice,PP2-ENG-X.30_Superhero_Pronouns_He_She_They,Which pronoun replaces a male superhero name?,spn_q1.webp,audio_sp1.mp3,1,HE,SHE,THEY,,,1,,,,,,,
multiple_choice,PP2-ENG-X.30_Superhero_Pronouns_He_She_They,Which pronoun replaces a female superhero name?,spn_q2.webp,audio_sp2.mp3,1,SHE,HE,IT,,,1,,,,,,,
multiple_choice,PP2-ENG-X.30_Superhero_Pronouns_He_She_They,Which pronoun replaces a group of superheroes?,spn_q3.webp,audio_sp3.mp3,1,THEY,HE,SHE,,,1,,,,,,,
multiple_choice,PP2-ENG-X.30_Superhero_Pronouns_He_She_They,Which pronoun replaces a superhero car or shield?,spn_q4.webp,audio_sp4.mp3,1,IT,HE,SHE,,,1,,,,,,,
multiple_choice,PP2-ENG-X.30_Superhero_Pronouns_He_She_They,The superhero boy is strong = ___ is strong.,spn_q5.webp,audio_sp5.mp3,1,HE,SHE,IT,,,1,,,,,,,
multiple_choice,PP2-ENG-X.30_Superhero_Pronouns_He_She_They,Pronouns replace superhero...?,spn_q6.webp,audio_sp6.mp3,1,NOUNS,VERBS,COLORS,,,1,,,,,,,
count_objects,PP2-ENG-X.30_Superhero_Pronouns_He_She_They,Count 3 male superheroes represented by HE!,spn_count1.webp,audio_sp7.mp3,1,3,1,4,,🦸‍♂️,3,,,,,,,
count_objects,PP2-ENG-X.30_Superhero_Pronouns_He_She_They,Count 4 female superheroes represented by SHE!,spn_count2.webp,audio_sp8.mp3,1,4,2,5,,🦸‍♀️,4,,,,,,,
count_objects,PP2-ENG-X.30_Superhero_Pronouns_He_She_They,Count 5 superheroes represented by THEY!,spn_count3.webp,audio_sp9.mp3,1,5,3,4,,🦸,5,,,,,,,
speak_repeat,PP2-ENG-X.30_Superhero_Pronouns_He_She_They,Say out loud clearly: SUPERHERO PRONOUNS HE SHE THEY AND IT!,speak_sp1.webp,audio_sp10.mp3,1,Superhero Pronouns HE SHE THEY And IT,,,,,,Superhero Pronouns HE SHE THEY And IT,,,,,,,
speak_repeat,PP2-ENG-X.30_Superhero_Pronouns_He_She_They,Say out loud clearly: HE FLIES SHE SAVES THEY WIN!,speak_sp2.webp,audio_sp11.mp3,1,He Flies She Saves They Win,,,,,,He Flies She Saves They Win,,,,,,,
matching,PP2-ENG-X.30_Superhero_Pronouns_He_She_They,Match superhero pronouns!,,,1,,,,,,,,Male 🦸‍♂️,HE,Female 🦸‍♀️,SHE,Group 🦸,THEY
matching,PP2-ENG-X.30_Superhero_Pronouns_He_She_They,Match pronoun examples!,,,1,,,,,,,,Hero,HE,Heroine,SHE,Shield,IT


question_type,lesson_title,prompt,prompt_image,prompt_audio,correct_answer,option_1,option_2,option_3,option_4,count_emoji_or_image,target_count,target_word,pair_1_left,pair_1_right,pair_2_left,pair_2_right,pair_3_left,pair_3_right
multiple_choice,PP2-ENG-X.31_Underwater_Reef_Phonics_Blending,Which letters blend together to make the CVC word CAT underwater?,u31_q1.webp,audio_u31_1.mp3,1,CAT,DOG,PIG,,,1,,,,,,,
multiple_choice,PP2-ENG-X.31_Underwater_Reef_Phonics_Blending,Blend the reef sounds /f/ /i/ /sh/ together to make...?,u31_q2.webp,audio_u31_2.mp3,1,FISH,DISH,SHIP,,,1,,,,,,,
multiple_choice,PP2-ENG-X.31_Underwater_Reef_Phonics_Blending,Blend the reef sounds /s/ /u/ /n/ together to make...?,u31_q3.webp,audio_u31_3.mp3,1,SUN,RUN,FUN,,,1,,,,,,,
multiple_choice,PP2-ENG-X.31_Underwater_Reef_Phonics_Blending,Which word blends /p/ /i/ /g/ on the coral reef?,u31_q4.webp,audio_u31_4.mp3,1,PIG,BUG,PEN,,,1,,,,,,,
multiple_choice,PP2-ENG-X.31_Underwater_Reef_Phonics_Blending,Blend the sounds /b/ /u/ /g/ on the sea floor!,u31_q5.webp,audio_u31_5.mp3,1,BUG,RUG,MUG,,,1,,,,,,,
multiple_choice,PP2-ENG-X.31_Underwater_Reef_Phonics_Blending,Blending sounds helps us read words in the ocean...?,u31_q6.webp,audio_u31_6.mp3,1,REEF,DARK,ROAD,,,1,,,,,,,
count_objects,PP2-ENG-X.31_Underwater_Reef_Phonics_Blending,Count 4 swimming fish on the reef!,u31_count1.webp,audio_u31_7.mp3,1,4,2,5,,🐟,4,,,,,,,
count_objects,PP2-ENG-X.31_Underwater_Reef_Phonics_Blending,Count 3 sea shells on the coral!,u31_count2.webp,audio_u31_8.mp3,1,3,1,4,,🐚,3,,,,,,,
count_objects,PP2-ENG-X.31_Underwater_Reef_Phonics_Blending,Count 5 sea bubbles floating up!,u31_count3.webp,audio_u31_9.mp3,1,5,3,4,,🫧,5,,,,,,,
speak_repeat,PP2-ENG-X.31_Underwater_Reef_Phonics_Blending,Say out loud clearly: BLEND PHONICS SOUNDS TO READ UNDERWATER!,speak_u31_1.webp,audio_u31_10.mp3,1,Blend Phonics Sounds To Read Underwater,,,,,,Blend Phonics Sounds To Read Underwater,,,,,,,
speak_repeat,PP2-ENG-X.31_Underwater_Reef_Phonics_Blending,Say out loud clearly: FISH AND SUN ON THE OCEAN REEF!,speak_u31_2.webp,audio_u31_11.mp3,1,Fish And Sun On The Ocean Reef,,,,,,Fish And Sun On The Ocean Reef,,,,,,,
matching,PP2-ENG-X.31_Underwater_Reef_Phonics_Blending,Match underwater blended words!,,,1,,,,,,,,Fish 🐟,FISH,Sun ☀️,SUN,Pig 🐖,PIG
matching,PP2-ENG-X.31_Underwater_Reef_Phonics_Blending,Match reef blend sounds!,,,1,,,,,,,,/f//i//sh/,FISH,/s//u//n/,SUN,/p//i//g/,PIG
multiple_choice,PP2-ENG-X.32_Underwater_Prepositions_In_On,Where is the fish swimming IN the coral reef?,u32_q1.webp,audio_u32_1.mp3,1,IN,ON,UNDER,,,1,,,,,,,
multiple_choice,PP2-ENG-X.32_Underwater_Prepositions_In_On,Where is the crab resting ON top of the rock?,u32_q2.webp,audio_u32_2.mp3,1,ON,IN,UNDER,,,1,,,,,,,
multiple_choice,PP2-ENG-X.32_Underwater_Prepositions_In_On,Where is the starfish resting UNDER the shell?,u32_q3.webp,audio_u32_3.mp3,1,UNDER,IN,ON,,,1,,,,,,,
multiple_choice,PP2-ENG-X.32_Underwater_Prepositions_In_On,The pearl is ___ the clam shell.,u32_q4.webp,audio_u32_4.mp3,1,IN,ON,UNDER,,,1,,,,,,,
multiple_choice,PP2-ENG-X.32_Underwater_Prepositions_In_On,The submarine rests ___ the sand.,u32_q5.webp,audio_u32_5.mp3,1,ON,IN,UNDER,,,1,,,,,,,
multiple_choice,PP2-ENG-X.32_Underwater_Prepositions_In_On,The turtle swims ___ the boat.,u32_q6.webp,audio_u32_6.mp3,1,UNDER,IN,ON,,,1,,,,,,,
count_objects,PP2-ENG-X.32_Underwater_Prepositions_In_On,Count 3 pearls IN clam shells!,u32_count1.webp,audio_u32_7.mp3,1,3,2,4,,🦪,3,,,,,,,
count_objects,PP2-ENG-X.32_Underwater_Prepositions_In_On,Count 4 crabs ON rocks!,u32_count2.webp,audio_u32_8.mp3,1,4,2,5,,🦀,4,,,,,,,
count_objects,PP2-ENG-X.32_Underwater_Prepositions_In_On,Count 2 starfish UNDER water!,u32_count3.webp,audio_u32_9.mp3,1,2,1,3,,⭐,2,,,,,,,
speak_repeat,PP2-ENG-X.32_Underwater_Prepositions_In_On,Say out loud clearly: PREPOSITIONS IN ON AND UNDER UNDERWATER!,speak_u32_1.webp,audio_u32_10.mp3,1,Prepositions In On And Under Underwater,,,,,,Prepositions In On And Under Underwater,,,,,,,
speak_repeat,PP2-ENG-X.32_Underwater_Prepositions_In_On,Say out loud clearly: FISH IN WATER AND CRAB ON ROCK!,speak_u32_2.webp,audio_u32_11.mp3,1,Fish In Water And Crab On Rock,,,,,,Fish In Water And Crab On Rock,,,,,,,
matching,PP2-ENG-X.32_Underwater_Prepositions_In_On,Match underwater positions!,,,1,,,,,,,,Inside 🦪,IN,Top 🦀,ON,Below ⭐,UNDER
matching,PP2-ENG-X.32_Underwater_Prepositions_In_On,Match preposition words!,,,1,,,,,,,,In,IN,On,ON,Under,UNDER
multiple_choice,PP2-ENG-X.33_Safari_Animal_Digraphs_Showdown,Which digraph letters make /sh/ in safari SHIP?,s33_q1.webp,audio_s33_1.mp3,1,SH,CH,TH,,,1,,,,,,,
multiple_choice,PP2-ENG-X.33_Safari_Animal_Digraphs_Showdown,Which digraph letters make /ch/ in safari CHIP?,s33_q2.webp,audio_s33_2.mp3,1,CH,SH,TH,,,1,,,,,,,
multiple_choice,PP2-ENG-X.33_Safari_Animal_Digraphs_Showdown,Which digraph letters make /th/ in safari PATH?,s33_q3.webp,audio_s33_3.mp3,1,TH,SH,CH,,,1,,,,,,,
multiple_choice,PP2-ENG-X.33_Safari_Animal_Digraphs_Showdown,Which animal word ends with SH sound?,s33_q4.webp,audio_s33_4.mp3,1,FISH,CAT,LION,,,1,,,,,,,
multiple_choice,PP2-ENG-X.33_Safari_Animal_Digraphs_Showdown,Which safari bird word starts with CH sound?,s33_q5.webp,audio_s33_5.mp3,1,CHICK,DUCK,HEN,,,1,,,,,,,
multiple_choice,PP2-ENG-X.33_Safari_Animal_Digraphs_Showdown,SH, CH, and TH are safari animal...?,s33_q6.webp,audio_s33_6.mp3,1,DIGRAPHS,NUMBERS,COLORS,,,1,,,,,,,
count_objects,PP2-ENG-X.33_Safari_Animal_Digraphs_Showdown,Count 4 swimming fish with SH sound!,s33_count1.webp,audio_s33_7.mp3,1,4,2,5,,🐟,4,,,,,,,
count_objects,PP2-ENG-X.33_Safari_Animal_Digraphs_Showdown,Count 3 baby chicks with CH sound!,s33_count2.webp,audio_s33_8.mp3,1,3,1,4,,🐥,3,,,,,,,
count_objects,PP2-ENG-X.33_Safari_Animal_Digraphs_Showdown,Count 2 safari paths with TH sound!,s33_count3.webp,audio_s33_9.mp3,1,2,1,3,,🛤️,2,,,,,,,
speak_repeat,PP2-ENG-X.33_Safari_Animal_Digraphs_Showdown,Say out loud clearly: SAFARI ANIMAL DIGRAPHS SH CH AND TH!,speak_s33_1.webp,audio_s33_10.mp3,1,Safari Animal Digraphs SH CH And TH,,,,,,Safari Animal Digraphs SH CH And TH,,,,,,,
speak_repeat,PP2-ENG-X.33_Safari_Animal_Digraphs_Showdown,Say out loud clearly: FISH CHICK AND PATH ARE SAFARI DIGRAPH WORDS!,speak_s33_2.webp,audio_s33_11.mp3,1,Fish Chick And Path Are Safari Digraph Words,,,,,,Fish Chick And Path Are Safari Digraph Words,,,,,,,
matching,PP2-ENG-X.33_Safari_Animal_Digraphs_Showdown,Match safari digraph words!,,,1,,,,,,,,Fish 🐟,SH,Chick 🐥,CH,Path 🛤️,TH
matching,PP2-ENG-X.33_Safari_Animal_Digraphs_Showdown,Match digraph sounds!,,,1,,,,,,,,/sh/,SH,/ch/,CH,/th/,TH
multiple_choice,PP2-ENG-X.34_Safari_Story_Tortoise_and_Hare,Who won the safari race by moving slow and steady?,s34_q1.webp,audio_s34_1.mp3,1,TORTOISE,HARE,LION,,,1,,,,,,,
multiple_choice,PP2-ENG-X.34_Safari_Story_Tortoise_and_Hare,Why did the fast Hare lose the safari race?,s34_q2.webp,audio_s34_2.mp3,1,FELL ASLEEP,RAN FAST,LOST WAY,,,1,,,,,,,
multiple_choice,PP2-ENG-X.34_Safari_Story_Tortoise_and_Hare,What moral lesson does the story teach us?,s34_q3.webp,audio_s34_3.mp3,1,PERSEVERANCE,LAZINESS,PRIDE,,,1,,,,,,,
multiple_choice,PP2-ENG-X.34_Safari_Story_Tortoise_and_Hare,Slow and steady wins the...?,s34_q4.webp,audio_s34_4.mp3,1,RACE,GAME,TOY,,,1,,,,,,,
multiple_choice,PP2-ENG-X.34_Safari_Story_Tortoise_and_Hare,The Tortoise never gave up because he had...?,s34_q5.webp,audio_s34_5.mp3,1,PATIENCE,ANGER,SPEED,,,1,,,,,,,
multiple_choice,PP2-ENG-X.34_Safari_Story_Tortoise_and_Hare,The Hare was boastful about his...?,s34_q6.webp,audio_s34_6.mp3,1,SPEED,SLEEP,TOYS,,,1,,,,,,,
count_objects,PP2-ENG-X.34_Safari_Story_Tortoise_and_Hare,Count 1 patient Tortoise on safari!,s34_count1.webp,audio_s34_7.mp3,1,1,2,3,,🐢,1,,,,,,,
count_objects,PP2-ENG-X.34_Safari_Story_Tortoise_and_Hare,Count 1 fast Hare on safari!,s34_count2.webp,audio_s34_8.mp3,1,1,2,3,,🐇,1,,,,,,,
count_objects,PP2-ENG-X.34_Safari_Story_Tortoise_and_Hare,Count 3 winner trophies of perseverance!,s34_count3.webp,audio_s34_9.mp3,1,3,1,4,,🏆,3,,,,,,,
speak_repeat,PP2-ENG-X.34_Safari_Story_Tortoise_and_Hare,Say out loud clearly: SLOW AND STEADY WINS THE RACE ON SAFARI!,speak_s34_1.webp,audio_s34_10.mp3,1,Slow And Steady Wins The Race On Safari,,,,,,Slow And Steady Wins The Race On Safari,,,,,,,
speak_repeat,PP2-ENG-X.34_Safari_Story_Tortoise_and_Hare,Say out loud clearly: PERSEVERANCE MEANS NEVER GIVING UP!,speak_s34_2.webp,audio_s34_11.mp3,1,Perseverance Means Never Giving Up,,,,,,Perseverance Means Never Giving Up,,,,,,,
matching,PP2-ENG-X.34_Safari_Story_Tortoise_and_Hare,Match safari story characters!,,,1,,,,,,,,Tortoise 🐢,STEADY,Hare 🐇,FAST,Trophy 🏆,WINNER
matching,PP2-ENG-X.34_Safari_Story_Tortoise_and_Hare,Match story moral terms!,,,1,,,,,,,,Persevere,WIN,Patience,STEADY,Race,RACE
multiple_choice,PP2-ENG-X.35_Nursery_Rhyme_CVC_Song_35,Which CVC word in the song rhymes with CAT?,n35_q1.webp,audio_n35_1.mp3,1,HAT,DOG,PIG,,,1,,,,,,,
multiple_choice,PP2-ENG-X.35_Nursery_Rhyme_CVC_Song_35,Which CVC word in the song rhymes with MAN?,n35_q2.webp,audio_n35_2.mp3,1,VAN,CAT,BUG,,,1,,,,,,,
multiple_choice,PP2-ENG-X.35_Nursery_Rhyme_CVC_Song_35,Which CVC word in the song rhymes with PIG?,n35_q3.webp,audio_n35_3.mp3,1,DIG,HAT,HOP,,,1,,,,,,,
multiple_choice,PP2-ENG-X.35_Nursery_Rhyme_CVC_Song_35,Which CVC word in the song rhymes with HOP?,n35_q4.webp,audio_n35_4.mp3,1,POP,MAN,PEN,,,1,,,,,,,
multiple_choice,PP2-ENG-X.35_Nursery_Rhyme_CVC_Song_35,Which CVC word in the song rhymes with BUG?,n35_q5.webp,audio_n35_5.mp3,1,RUG,PIG,CAT,,,1,,,,,,,
multiple_choice,PP2-ENG-X.35_Nursery_Rhyme_CVC_Song_35,Singing CVC rhyming songs makes reading...?,n35_q6.webp,audio_n35_6.mp3,1,FUN,HARD,DARK,,,1,,,,,,,
count_objects,PP2-ENG-X.35_Nursery_Rhyme_CVC_Song_35,Count 5 musical notes in the CVC song!,n35_count1.webp,audio_n35_7.mp3,1,5,3,4,,🎵,5,,,,,,,
count_objects,PP2-ENG-X.35_Nursery_Rhyme_CVC_Song_35,Count 4 happy singing kids!,n35_count2.webp,audio_n35_8.mp3,1,4,2,3,,😃,4,,,,,,,
count_objects,PP2-ENG-X.35_Nursery_Rhyme_CVC_Song_35,Count 3 rhyming word cards!,n35_count3.webp,audio_n35_9.mp3,1,3,1,5,,🃏,3,,,,,,,
speak_repeat,PP2-ENG-X.35_Nursery_Rhyme_CVC_Song_35,Say out loud clearly: NURSERY RHYME CVC WORD SONG FUN!,speak_n35_1.webp,audio_n35_10.mp3,1,Nursery Rhyme CVC Word Song Fun,,,,,,Nursery Rhyme CVC Word Song Fun,,,,,,,
speak_repeat,PP2-ENG-X.35_Nursery_Rhyme_CVC_Song_35,Say out loud clearly: CAT HAT MAN VAN PIG DIG HOP POP!,speak_n35_2.webp,audio_n35_11.mp3,1,Cat Hat Man Van Pig Dig Hop Pop,,,,,,Cat Hat Man Van Pig Dig Hop Pop,,,,,,,
matching,PP2-ENG-X.35_Nursery_Rhyme_CVC_Song_35,Match nursery rhyme CVC words!,,,1,,,,,,,,Cat 🐱,HAT,Man 👨,VAN,Pig 🐖,DIG
matching,PP2-ENG-X.35_Nursery_Rhyme_CVC_Song_35,Match CVC song rhyming words!,,,1,,,,,,,,Hop 🐸,POP,Bug 🐛,RUG,Hen 🐔,PEN
multiple_choice,PP2-ENG-X.36_Phonics_Mastery_CVC_Words_36,Which word belongs to the -at family in mastery?,pm36_q1.webp,audio_p36_1.mp3,1,CAT,PIG,BUG,,,1,,,,,,,
multiple_choice,PP2-ENG-X.36_Phonics_Mastery_CVC_Words_36,Which word belongs to the -an family in mastery?,pm36_q2.webp,audio_p36_2.mp3,1,MAN,CAT,HOP,,,1,,,,,,,
multiple_choice,PP2-ENG-X.36_Phonics_Mastery_CVC_Words_36,Which word belongs to the -ig family in mastery?,pm36_q3.webp,audio_p36_3.mp3,1,PIG,BUG,HEN,,,1,,,,,,,
multiple_choice,PP2-ENG-X.36_Phonics_Mastery_CVC_Words_36,Which word belongs to the -op family in mastery?,pm36_q4.webp,audio_p36_4.mp3,1,HOP,CAT,MAN,,,1,,,,,,,
multiple_choice,PP2-ENG-X.36_Phonics_Mastery_CVC_Words_36,Which word belongs to the -ug family in mastery?,pm36_q5.webp,audio_p36_5.mp3,1,BUG,PIG,HEN,,,1,,,,,,,
multiple_choice,PP2-ENG-X.36_Phonics_Mastery_CVC_Words_36,Which word belongs to the -en family in mastery?,pm36_q6.webp,audio_p36_6.mp3,1,HEN,MAP,DOG,,,1,,,,,,,
count_objects,PP2-ENG-X.36_Phonics_Mastery_CVC_Words_36,Count 5 CVC word mastery cards!,pm36_count1.webp,audio_p36_7.mp3,1,5,3,4,,🃏,5,,,,,,,
count_objects,PP2-ENG-X.36_Phonics_Mastery_CVC_Words_36,Count 4 CVC rhyming blocks!,pm36_count2.webp,audio_p36_8.mp3,1,4,2,3,,🧱,4,,,,,,,
count_objects,PP2-ENG-X.36_Phonics_Mastery_CVC_Words_36,Count 3 master trophies!,pm36_count3.webp,audio_p36_9.mp3,1,3,1,5,,🏆,3,,,,,,,
speak_repeat,PP2-ENG-X.36_Phonics_Mastery_CVC_Words_36,Say out loud clearly: PHONICS CVC WORD FAMILY MASTERY!,speak_p36_1.webp,audio_p36_10.mp3,1,Phonics CVC Word Family Mastery,,,,,,Phonics CVC Word Family Mastery,,,,,,,
speak_repeat,PP2-ENG-X.36_Phonics_Mastery_CVC_Words_36,Say out loud clearly: READ ALL THREE LETTER CVC WORDS WITH EASE!,speak_p36_2.webp,audio_p36_11.mp3,1,Read All Three Letter CVC Words With Ease,,,,,,Read All Three Letter CVC Words With Ease,,,,,,,
matching,PP2-ENG-X.36_Phonics_Mastery_CVC_Words_36,Match CVC word families!,,,1,,,,,,,,Cat 🐱,-AT,Man 👨,-AN,Pig 🐖,-IG
matching,PP2-ENG-X.36_Phonics_Mastery_CVC_Words_36,Match more CVC families!,,,1,,,,,,,,Hop 🐸,-OP,Bug 🐛,-UG,Hen 🐔,-EN
multiple_choice,PP2-ENG-X.37_Sentence_Mastery_Prepositions_37,Where is the cat in sentence: The cat is IN the box?,sm37_q1.webp,audio_s37_1.mp3,1,IN,ON,UNDER,,,1,,,,,,,
multiple_choice,PP2-ENG-X.37_Sentence_Mastery_Prepositions_37,Where is the hat in sentence: The hat is ON the mat?,sm37_q2.webp,audio_s37_2.mp3,1,ON,IN,UNDER,,,1,,,,,,,
multiple_choice,PP2-ENG-X.37_Sentence_Mastery_Prepositions_37,Where is the dog in sentence: The dog is UNDER the bed?,sm37_q3.webp,audio_s37_3.mp3,1,UNDER,IN,ON,,,1,,,,,,,
multiple_choice,PP2-ENG-X.37_Sentence_Mastery_Prepositions_37,Where is the puppy hiding: The puppy is BEHIND the tree?,sm37_q4.webp,audio_s37_4.mp3,1,BEHIND,IN,ON,,,1,,,,,,,
multiple_choice,PP2-ENG-X.37_Sentence_Mastery_Prepositions_37,Where is the chair: The chair is NEXT TO the desk?,sm37_q5.webp,audio_s37_5.mp3,1,NEXT TO,UNDER,IN,,,1,,,,,,,
multiple_choice,PP2-ENG-X.37_Sentence_Mastery_Prepositions_37,Preposition words tell us location in a...?,sm37_q6.webp,audio_s37_6.mp3,1,SENTENCE,COLOR,NUMBER,,,1,,,,,,,
count_objects,PP2-ENG-X.37_Sentence_Mastery_Prepositions_37,Count 4 sentence cards with prepositions!,sm37_count1.webp,audio_s37_7.mp3,1,4,2,3,,📝,4,,,,,,,
count_objects,PP2-ENG-X.37_Sentence_Mastery_Prepositions_37,Count 3 preposition location blocks!,sm37_count2.webp,audio_s37_8.mp3,1,3,1,5,,🧱,3,,,,,,,
count_objects,PP2-ENG-X.37_Sentence_Mastery_Prepositions_37,Count 2 reader star medals!,sm37_count3.webp,audio_s37_9.mp3,1,2,1,3,,🥇,2,,,,,,,
speak_repeat,PP2-ENG-X.37_Sentence_Mastery_Prepositions_37,Say out loud clearly: SENTENCE MASTERY WITH PREPOSITIONS IN ON UNDER!,speak_s37_1.webp,audio_s37_10.mp3,1,Sentence Mastery With Prepositions In On Under,,,,,,Sentence Mastery With Prepositions In On Under,,,,,,,
speak_repeat,PP2-ENG-X.37_Sentence_Mastery_Prepositions_37,Say out loud clearly: PREPOSITIONS SHOW WHERE NOUNS ARE IN SENTENCES!,speak_s37_2.webp,audio_s37_11.mp3,1,Prepositions Show Where Nouns Are In Sentences,,,,,,Prepositions Show Where Nouns Are In Sentences,,,,,,,
matching,PP2-ENG-X.37_Sentence_Mastery_Prepositions_37,Match preposition sentence locations!,,,1,,,,,,,,In box,IN,On mat,ON,Under bed,UNDER
matching,PP2-ENG-X.37_Sentence_Mastery_Prepositions_37,Match preposition words!,,,1,,,,,,,,Behind,BEHIND,Next to,NEXT TO,In,IN
multiple_choice,PP2-ENG-X.38_Storybook_Three_Little_Pigs_38,Which pig built the strong house of bricks?,s38_q1.webp,audio_s38_1.mp3,1,THIRD PIG,FIRST PIG,SECOND PIG,,,1,,,,,,,
multiple_choice,PP2-ENG-X.38_Storybook_Three_Little_Pigs_38,What bad animal tried to blow the houses down?,s38_q2.webp,audio_s38_2.mp3,1,WOLF,FOX,BEAR,,,1,,,,,,,
multiple_choice,PP2-ENG-X.38_Storybook_Three_Little_Pigs_38,Why couldn't the wolf blow down the brick house?,s38_q3.webp,audio_s38_3.mp3,1,STRONG BRICKS,WEAK STRAW,WOOD,,,1,,,,,,,
multiple_choice,PP2-ENG-X.38_Storybook_Three_Little_Pigs_38,What moral lesson does the story teach us?,s38_q4.webp,audio_s38_4.mp3,1,HARD WORK,LAZINESS,PLAY,,,1,,,,,,,
multiple_choice,PP2-ENG-X.38_Storybook_Three_Little_Pigs_38,Building with hard work keeps us...?,s38_q5.webp,audio_s38_5.mp3,1,SAFE,AFRAID,LOST,,,1,,,,,,,
multiple_choice,PP2-ENG-X.38_Storybook_Three_Little_Pigs_38,I'll huff and I'll puff and I'll blow your house...?,s38_q6.webp,audio_s38_6.mp3,1,DOWN,UP,IN,,,1,,,,,,,
count_objects,PP2-ENG-X.38_Storybook_Three_Little_Pigs_38,Count 3 little pigs in the storybook!,s38_count1.webp,audio_s38_7.mp3,1,3,2,4,,🐖,3,,,,,,,
count_objects,PP2-ENG-X.38_Storybook_Three_Little_Pigs_38,Count 1 wolf in the storybook!,s38_count2.webp,audio_s38_8.mp3,1,1,2,3,,🐺,1,,,,,,,
count_objects,PP2-ENG-X.38_Storybook_Three_Little_Pigs_38,Count 3 houses made of straw, wood, and brick!,s38_count3.webp,audio_s38_9.mp3,1,3,2,4,,🛖,3,,,,,,,
speak_repeat,PP2-ENG-X.38_Storybook_Three_Little_Pigs_38,Say out loud clearly: THREE LITTLE PIGS STORYBOOK COMPREHENSION!,speak_s38_1.webp,audio_s38_10.mp3,1,Three Little Pigs Storybook Comprehension,,,,,,Three Little Pigs Storybook Comprehension,,,,,,,
speak_repeat,PP2-ENG-X.38_Storybook_Three_Little_Pigs_38,Say out loud clearly: HARD WORK BUILDS A STRONG HOUSE OF BRICKS!,speak_s38_2.webp,audio_s38_11.mp3,1,Hard Work Builds A Strong House Of Bricks,,,,,,Hard Work Builds A Strong House Of Bricks,,,,,,,
matching,PP2-ENG-X.38_Storybook_Three_Little_Pigs_38,Match house materials!,,,1,,,,,,,,Straw 🌾,WEAK,Wood 🪵,MEDIUM,Brick 🧱,STRONG
matching,PP2-ENG-X.38_Storybook_Three_Little_Pigs_38,Match story lessons!,,,1,,,,,,,,Hard work,SAFE,Lazy,WEAK,Brick,STRONG
multiple_choice,PP2-ENG-X.39_Letter_Tracing_CVC_Mastery_39,Trace the CVC word for a meowing animal: C-A-T makes...?,lt39_q1.webp,audio_l39_1.mp3,1,CAT,DOG,PIG,,,1,,,,,,,
multiple_choice,PP2-ENG-X.39_Letter_Tracing_CVC_Mastery_39,Trace the CVC word for a barking animal: D-O-G makes...?,lt39_q2.webp,audio_l39_2.mp3,1,DOG,CAT,HAT,,,1,,,,,,,
multiple_choice,PP2-ENG-X.39_Letter_Tracing_CVC_Mastery_39,Trace the CVC word for a pink farm animal: P-I-G makes...?,lt39_q3.webp,audio_l39_3.mp3,1,PIG,BUG,HEN,,,1,,,,,,,
multiple_choice,PP2-ENG-X.39_Letter_Tracing_CVC_Mastery_39,Trace the CVC word for a crawling insect: B-U-G makes...?,lt39_q4.webp,audio_l39_4.mp3,1,BUG,RUG,MUG,,,1,,,,,,,
multiple_choice,PP2-ENG-X.39_Letter_Tracing_CVC_Mastery_39,Trace the CVC word for a farm bird: H-E-N makes...?,lt39_q5.webp,audio_l39_5.mp3,1,HEN,PEN,TEN,,,1,,,,,,,
multiple_choice,PP2-ENG-X.39_Letter_Tracing_CVC_Mastery_39,Tracing CVC words builds neat handwriting...?,lt39_q6.webp,audio_l39_6.mp3,1,SKILLS,SPEED,NOISE,,,1,,,,,,,
count_objects,PP2-ENG-X.39_Letter_Tracing_CVC_Mastery_39,Count 5 tracing pencils!,lt39_count1.webp,audio_l39_7.mp3,1,5,3,4,,✏️,5,,,,,,,
count_objects,PP2-ENG-X.39_Letter_Tracing_CVC_Mastery_39,Count 4 CVC word tracing slates!,lt39_count2.webp,audio_l39_8.mp3,1,4,2,3,,📝,4,,,,,,,
count_objects,PP2-ENG-X.39_Letter_Tracing_CVC_Mastery_39,Count 3 handwriting medals!,lt39_count3.webp,audio_l39_9.mp3,1,3,1,5,,🥇,3,,,,,,,
speak_repeat,PP2-ENG-X.39_Letter_Tracing_CVC_Mastery_39,Say out loud clearly: WRITING LETTER TRACING CVC MASTERY!,speak_l39_1.webp,audio_l39_10.mp3,1,Writing Letter Tracing CVC Mastery,,,,,,Writing Letter Tracing CVC Mastery,,,,,,,
speak_repeat,PP2-ENG-X.39_Letter_Tracing_CVC_Mastery_39,Say out loud clearly: TRACE THREE LETTER CVC WORDS NEATLY!,speak_l39_2.webp,audio_l39_11.mp3,1,Trace Three Letter CVC Words Neatly,,,,,,Trace Three Letter CVC Words Neatly,,,,,,,
matching,PP2-ENG-X.39_Letter_Tracing_CVC_Mastery_39,Match CVC words to pictures!,,,1,,,,,,,,C-A-T,🐱,D-O-G,🐶,P-I-G,🐖
matching,PP2-ENG-X.39_Letter_Tracing_CVC_Mastery_39,Match tracing practice!,,,1,,,,,,,,Cat,CAT,Dog,DOG,Bug,BUG
multiple_choice,PP2-ENG-X.40_PP2_English_Midway_Master_40,Which CVC word belongs to the -at family at Midway 40?,em40_q1.webp,audio_e40_1.mp3,1,CAT,PIG,BUG,,,1,,,,,,,
multiple_choice,PP2-ENG-X.40_PP2_English_Midway_Master_40,Which digraph makes the /sh/ sound in SHOP?,em40_q2.webp,audio_e40_2.mp3,1,SH,CH,TH,,,1,,,,,,,
multiple_choice,PP2-ENG-X.40_PP2_English_Midway_Master_40,Which sight word completes: I ___ a red car?,em40_q3.webp,audio_e40_3.mp3,1,SEE,GO,WE,,,1,,,,,,,
multiple_choice,PP2-ENG-X.40_PP2_English_Midway_Master_40,Which plural noun adds -s to CAT?,em40_q4.webp,audio_e40_4.mp3,1,CATS,CAT,CATON,,,1,,,,,,,
multiple_choice,PP2-ENG-X.40_PP2_English_Midway_Master_40,Which pronoun replaces a boy's name?,em40_q5.webp,audio_e40_5.mp3,1,HE,SHE,THEY,,,1,,,,,,,
multiple_choice,PP2-ENG-X.40_PP2_English_Midway_Master_40,What milestone level is reached at Mission 40?,em40_q6.webp,audio_e40_6.mp3,1,MIDWAY MASTER,BEGINNER,STARTER,,,1,,,,,,,
count_objects,PP2-ENG-X.40_PP2_English_Midway_Master_40,Count 20 midway master star trophies!,em40_count1.webp,audio_e40_7.mp3,1,20,18,19,,🏆,20,,,,,,,
count_objects,PP2-ENG-X.40_PP2_English_Midway_Master_40,Count 15 midway master medals!,em40_count2.webp,audio_e40_8.mp3,1,15,12,18,,🥇,15,,,,,,,
count_objects,PP2-ENG-X.40_PP2_English_Midway_Master_40,Count 10 midway master crowns!,em40_count3.webp,audio_e40_9.mp3,1,10,8,12,,👑,10,,,,,,,
speak_repeat,PP2-ENG-X.40_PP2_English_Midway_Master_40,Say out loud clearly: I AM A PP2 ENGLISH MIDWAY MASTER!,speak_e40_1.webp,audio_e40_10.mp3,1,I Am A PP2 English Midway Master,,,,,,I Am A PP2 English Midway Master,,,,,,,
speak_repeat,PP2-ENG-X.40_PP2_English_Midway_Master_40,Say out loud clearly: FORTY MISSIONS OF PP2 ENGLISH SUCCESS!,speak_e40_2.webp,audio_e40_11.mp3,1,Forty Missions Of PP2 English Success,,,,,,Forty Missions Of PP2 English Success,,,,,,,
matching,PP2-ENG-X.40_PP2_English_Midway_Master_40,Match midway english domains!,,,1,,,,,,,,Phonics,SH,CVC,CAT,Sight word,SEE
matching,PP2-ENG-X.40_PP2_English_Midway_Master_40,Match midway master symbols!,,,1,,,,,,,,Trophy 🏆,MASTER,Medal 🥇,WINNER,Crown 👑,MIDWAY
multiple_choice,PP2-ENG-X.41_Dinosaur_Phonics_UG_Family_41,Which dinosaur CVC word belongs to the -ug family and crawls?,dug_q1.webp,audio_d41_1.mp3,1,BUG,BIG,BAG,,,1,,,,,,,
multiple_choice,PP2-ENG-X.41_Dinosaur_Phonics_UG_Family_41,Which dinosaur CVC word belongs to -ug family and holds water?,dug_q2.webp,audio_d41_2.mp3,1,MUG,CUP,PAN,,,1,,,,,,,
multiple_choice,PP2-ENG-X.41_Dinosaur_Phonics_UG_Family_41,Which floor mat word belongs to the -ug family on dino island?,dug_q3.webp,audio_d41_3.mp3,1,RUG,MAT,BOX,,,1,,,,,,,
multiple_choice,PP2-ENG-X.41_Dinosaur_Phonics_UG_Family_41,Which warm cuddle word belongs to the -ug family?,dug_q4.webp,audio_d41_4.mp3,1,HUG,RUN,HOP,,,1,,,,,,,
multiple_choice,PP2-ENG-X.41_Dinosaur_Phonics_UG_Family_41,Which water pitcher belongs to the -ug family?,dug_q5.webp,audio_d41_5.mp3,1,JUG,JAR,POT,,,1,,,,,,,
multiple_choice,PP2-ENG-X.41_Dinosaur_Phonics_UG_Family_41,Bug, Mug, Rug, and Hug all end with...?,dug_q6.webp,audio_d41_6.mp3,1,-UG,-UT,-OP,,,1,,,,,,,
count_objects,PP2-ENG-X.41_Dinosaur_Phonics_UG_Family_41,Count 5 small bugs on dino island!,dug_count1.webp,audio_d41_7.mp3,1,5,3,4,,🐛,5,,,,,,,
count_objects,PP2-ENG-X.41_Dinosaur_Phonics_UG_Family_41,Count 3 coffee mugs near dino nest!,dug_count2.webp,audio_d41_8.mp3,1,3,2,4,,☕,3,,,,,,,
count_objects,PP2-ENG-X.41_Dinosaur_Phonics_UG_Family_41,Count 2 rugs on dino trail!,dug_count3.webp,audio_d41_9.mp3,1,2,1,3,,🪵,2,,,,,,,
speak_repeat,PP2-ENG-X.41_Dinosaur_Phonics_UG_Family_41,Say out loud clearly: DINOSAUR PHONICS UG FAMILY BUG MUG RUG HUG JUG!,speak_d41_1.webp,audio_d41_10.mp3,1,Dinosaur Phonics UG Family Bug Mug Rug Hug Jug,,,,,,Dinosaur Phonics UG Family Bug Mug Rug Hug Jug,,,,,,,
speak_repeat,PP2-ENG-X.41_Dinosaur_Phonics_UG_Family_41,Say out loud clearly: A BUG ON A MUG ON A RUG ON DINOSAUR ISLAND!,speak_d41_2.webp,audio_d41_11.mp3,1,A Bug On A Mug On A Rug On Dinosaur Island,,,,,,A Bug On A Mug On A Rug On Dinosaur Island,,,,,,,
matching,PP2-ENG-X.41_Dinosaur_Phonics_UG_Family_41,Match dino -ug family rhyming words!,,,1,,,,,,,,Bug 🐛,MUG,Rug 🪵,HUG,Jug 🏺,BUG
matching,PP2-ENG-X.41_Dinosaur_Phonics_UG_Family_41,Match dino -ug words to pictures!,,,1,,,,,,,,Bug,🐛,Mug,☕,Rug,🪵
multiple_choice,PP2-ENG-X.42_Dinosaur_Grammar_Pronouns_42,Which pronoun replaces a boy dinosaur name?,dpr_q1.webp,audio_d42_1.mp3,1,HE,SHE,THEY,,,1,,,,,,,
multiple_choice,PP2-ENG-X.42_Dinosaur_Grammar_Pronouns_42,Which pronoun replaces a girl dinosaur name?,dpr_q2.webp,audio_d42_2.mp3,1,SHE,HE,IT,,,1,,,,,,,
multiple_choice,PP2-ENG-X.42_Dinosaur_Grammar_Pronouns_42,Which pronoun replaces a herd of dinosaurs?,dpr_q3.webp,audio_d42_3.mp3,1,THEY,HE,SHE,,,1,,,,,,,
multiple_choice,PP2-ENG-X.42_Dinosaur_Grammar_Pronouns_42,Which pronoun replaces a dino egg or rock?,dpr_q4.webp,audio_d42_4.mp3,1,IT,HE,SHE,,,1,,,,,,,
multiple_choice,PP2-ENG-X.42_Dinosaur_Grammar_Pronouns_42,The T-Rex is big = ___ is big.,dpr_q5.webp,audio_d42_5.mp3,1,HE,SHE,IT,,,1,,,,,,,
multiple_choice,PP2-ENG-X.42_Dinosaur_Grammar_Pronouns_42,Pronouns take the place of dinosaur...?,dpr_q6.webp,audio_d42_6.mp3,1,NOUNS,VERBS,COLORS,,,1,,,,,,,
count_objects,PP2-ENG-X.42_Dinosaur_Grammar_Pronouns_42,Count 3 boy dinosaurs represented by HE!,dpr_count1.webp,audio_d42_7.mp3,1,3,1,4,,🦕,3,,,,,,,
count_objects,PP2-ENG-X.42_Dinosaur_Grammar_Pronouns_42,Count 4 girl dinosaurs represented by SHE!,dpr_count2.webp,audio_d42_8.mp3,1,4,2,5,,🦖,4,,,,,,,
count_objects,PP2-ENG-X.42_Dinosaur_Grammar_Pronouns_42,Count 5 dinosaurs represented by THEY!,dpr_count3.webp,audio_d42_9.mp3,1,5,3,4,,🦕,5,,,,,,,
speak_repeat,PP2-ENG-X.42_Dinosaur_Grammar_Pronouns_42,Say out loud clearly: DINOSAUR PRONOUNS HE SHE THEY AND IT!,speak_d42_1.webp,audio_d42_10.mp3,1,Dinosaur Pronouns HE SHE THEY And IT,,,,,,Dinosaur Pronouns HE SHE THEY And IT,,,,,,,
speak_repeat,PP2-ENG-X.42_Dinosaur_Grammar_Pronouns_42,Say out loud clearly: HE ROARS SHE RUNS THEY ROAM ON DINOSAUR ISLAND!,speak_d42_2.webp,audio_d42_11.mp3,1,He Roars She Runs They Roam On Dinosaur Island,,,,,,He Roars She Runs They Roam On Dinosaur Island,,,,,,,
matching,PP2-ENG-X.42_Dinosaur_Grammar_Pronouns_42,Match dino pronouns to nouns!,,,1,,,,,,,,Boy Dino 🦕,HE,Girl Dino 🦖,SHE,Dino Herd 🦕,THEY
matching,PP2-ENG-X.42_Dinosaur_Grammar_Pronouns_42,Match dino pronouns!,,,1,,,,,,,,T-Rex,HE,Triceratops,SHE,Egg,IT
multiple_choice,PP2-ENG-X.43_Pirate_Cove_CH_Digraph_43,Which digraph letters make /ch/ sound in pirate cove?,pch_q1.webp,audio_p43_1.mp3,1,CH,SH,TH,,,1,,,,,,,
multiple_choice,PP2-ENG-X.43_Pirate_Cove_CH_Digraph_43,Which snack word starts with CH in pirate cove?,pch_q2.webp,audio_p43_2.mp3,1,CHIP,SHOP,THIN,,,1,,,,,,,
multiple_choice,PP2-ENG-X.43_Pirate_Cove_CH_Digraph_43,Which seat word ends with CH sound?,pch_q3.webp,audio_p43_3.mp3,1,BENCH,CHAIR,DESK,,,1,,,,,,,
multiple_choice,PP2-ENG-X.43_Pirate_Cove_CH_Digraph_43,Which seat word starts with CH sound on ship?,pch_q4.webp,audio_p43_4.mp3,1,CHAIR,BENCH,TABLE,,,1,,,,,,,
multiple_choice,PP2-ENG-X.43_Pirate_Cove_CH_Digraph_43,Which action word for cutting wood starts with CH?,pch_q5.webp,audio_p43_5.mp3,1,CHOP,CUT,RUN,,,1,,,,,,,
multiple_choice,PP2-ENG-X.43_Pirate_Cove_CH_Digraph_43,Which face part below mouth starts with CH?,pch_q6.webp,audio_p43_6.mp3,1,CHIN,NOSE,EYE,,,1,,,,,,,
count_objects,PP2-ENG-X.43_Pirate_Cove_CH_Digraph_43,Count 4 pirate chips with CH sound!,pch_count1.webp,audio_p43_7.mp3,1,4,2,5,,🍟,4,,,,,,,
count_objects,PP2-ENG-X.43_Pirate_Cove_CH_Digraph_43,Count 2 pirate benches on deck!,pch_count2.webp,audio_p43_8.mp3,1,2,1,3,,🪑,2,,,,,,,
count_objects,PP2-ENG-X.43_Pirate_Cove_CH_Digraph_43,Count 3 captain chairs!,pch_count3.webp,audio_p43_9.mp3,1,3,2,4,,🪑,3,,,,,,,
speak_repeat,PP2-ENG-X.43_Pirate_Cove_CH_Digraph_43,Say out loud clearly: PIRATE COVE CH DIGRAPH TREASURE CHIP CHAIR BENCH!,speak_p43_1.webp,audio_p43_10.mp3,1,Pirate Cove CH Digraph Treasure Chip Chair Bench,,,,,,Pirate Cove CH Digraph Treasure Chip Chair Bench,,,,,,,
speak_repeat,PP2-ENG-X.43_Pirate_Cove_CH_Digraph_43,Say out loud clearly: CH SAYS /ch/ ON THE PIRATE SHIP!,speak_p43_2.webp,audio_p43_11.mp3,1,CH Says /ch/ On The Pirate Ship,,,,,,CH Says /ch/ On The Pirate Ship,,,,,,,
matching,PP2-ENG-X.43_Pirate_Cove_CH_Digraph_43,Match pirate CH digraph words!,,,1,,,,,,,,Chip 🍟,CHIP,Chair 🪑,CHAIR,Bench 🪑,BENCH
matching,PP2-ENG-X.43_Pirate_Cove_CH_Digraph_43,Match CH digraph pictures!,,,1,,,,,,,,Chip,🍟,Chair,🪑,Bench,🪑
multiple_choice,PP2-ENG-X.44_Pirate_Prepositions_Under_44,Where is the treasure chest buried UNDER the sand?,ppu_q1.webp,audio_p44_1.mp3,1,UNDER,IN,ON,,,1,,,,,,,
multiple_choice,PP2-ENG-X.44_Pirate_Prepositions_Under_44,Where is the pirate flag ON top of the ship mast?,ppu_q2.webp,audio_p44_2.mp3,1,ON,IN,UNDER,,,1,,,,,,,
multiple_choice,PP2-ENG-X.44_Pirate_Prepositions_Under_44,Where is the gold coin IN the treasure chest?,ppu_q3.webp,audio_p44_3.mp3,1,IN,ON,UNDER,,,1,,,,,,,
multiple_choice,PP2-ENG-X.44_Pirate_Prepositions_Under_44,Where is the parrot sitting ON the captain's shoulder?,ppu_q4.webp,audio_p44_4.mp3,1,ON,IN,UNDER,,,1,,,,,,,
multiple_choice,PP2-ENG-X.44_Pirate_Prepositions_Under_44,Where is the anchor resting UNDER the sea water?,ppu_q5.webp,audio_p44_5.mp3,1,UNDER,IN,ON,,,1,,,,,,,
multiple_choice,PP2-ENG-X.44_Pirate_Prepositions_Under_44,Preposition words show pirate map...?,ppu_q6.webp,audio_p6.mp3,1,LOCATION,ACTION,COLOR,,,1,,,,,,,
count_objects,PP2-ENG-X.44_Pirate_Prepositions_Under_44,Count 3 chests buried UNDER sand!,ppu_count1.webp,audio_p44_7.mp3,1,3,2,4,,🏴‍☠️,3,,,,,,,
count_objects,PP2-ENG-X.44_Pirate_Prepositions_Under_44,Count 4 flags ON ship masts!,ppu_count2.webp,audio_p44_8.mp3,1,4,2,5,,🚩,4,,,,,,,
count_objects,PP2-ENG-X.44_Pirate_Prepositions_Under_44,Count 5 coins IN treasure box!,ppu_count3.webp,audio_p44_9.mp3,1,5,3,4,,🪙,5,,,,,,,
speak_repeat,PP2-ENG-X.44_Pirate_Prepositions_Under_44,Say out loud clearly: PIRATE PREPOSITIONS UNDER IN AND ON!,speak_p44_1.webp,audio_p44_10.mp3,1,Pirate Prepositions Under In And On,,,,,,Pirate Prepositions Under In And On,,,,,,,
speak_repeat,PP2-ENG-X.44_Pirate_Prepositions_Under_44,Say out loud clearly: TREASURE UNDER SAND AND FLAG ON SHIP!,speak_p44_2.webp,audio_p44_11.mp3,1,Treasure Under Sand And Flag On Ship,,,,,,Treasure Under Sand And Flag On Ship,,,,,,,
matching,PP2-ENG-X.44_Pirate_Prepositions_Under_44,Match pirate preposition locations!,,,1,,,,,,,,Below sand,UNDER,Inside chest,IN,Top mast,ON
matching,PP2-ENG-X.44_Pirate_Prepositions_Under_44,Match preposition words!,,,1,,,,,,,,Under,UNDER,In,IN,On,ON
multiple_choice,PP2-ENG-X.45_Space_Alien_TH_Digraph_45,Which digraph letters make /th/ sound in space search?,sth_q1.webp,audio_s45_1.mp3,1,TH,SH,CH,,,1,,,,,,,
multiple_choice,PP2-ENG-X.45_Space_Alien_TH_Digraph_45,Which opposite word for fat starts with TH in space?,sth_q2.webp,audio_s45_2.mp3,1,THIN,FAT,BIG,,,1,,,,,,,
multiple_choice,PP2-ENG-X.45_Space_Alien_TH_Digraph_45,Which opposite word for thin starts with TH in space?,sth_q3.webp,audio_s45_3.mp3,1,THICK,SLIM,SMALL,,,1,,,,,,,
multiple_choice,PP2-ENG-X.45_Space_Alien_TH_Digraph_45,Which walking trail word ends with TH sound on alien moon?,sth_q4.webp,audio_s45_4.mp3,1,PATH,ROAD,WAY,,,1,,,,,,,
multiple_choice,PP2-ENG-X.45_Space_Alien_TH_Digraph_45,Which washing tub word ends with TH sound?,sth_q5.webp,audio_s45_5.mp3,1,BATH,TUB,POND,,,1,,,,,,,
multiple_choice,PP2-ENG-X.45_Space_Alien_TH_Digraph_45,Which night insect word ends with TH sound?,sth_q6.webp,audio_s45_6.mp3,1,MOTH,BUG,FLY,,,1,,,,,,,
count_objects,PP2-ENG-X.45_Space_Alien_TH_Digraph_45,Count 3 moon paths with TH sound!,sth_count1.webp,audio_s45_7.mp3,1,3,2,4,,🛤️,3,,,,,,,
count_objects,PP2-ENG-X.45_Space_Alien_TH_Digraph_45,Count 2 space bath tubs!,sth_count2.webp,audio_s45_8.mp3,1,2,1,3,,🛁,2,,,,,,,
count_objects,PP2-ENG-X.45_Space_Alien_TH_Digraph_45,Count 4 space moths flying in galaxy!,sth_count3.webp,audio_s45_9.mp3,1,4,2,5,,🦋,4,,,,,,,
speak_repeat,PP2-ENG-X.45_Space_Alien_TH_Digraph_45,Say out loud clearly: SPACE ALIEN TH DIGRAPH SEARCH THIN THICK PATH!,speak_s45_1.webp,audio_s45_10.mp3,1,Space Alien TH Digraph Search Thin Thick Path,,,,,,Space Alien TH Digraph Search Thin Thick Path,,,,,,,
speak_repeat,PP2-ENG-X.45_Space_Alien_TH_Digraph_45,Say out loud clearly: TH SAYS /th/ IN THE SPACE GALAXY!,speak_s45_2.webp,audio_s45_11.mp3,1,TH Says /th/ In The Space Galaxy,,,,,,TH Says /th/ In The Space Galaxy,,,,,,,
matching,PP2-ENG-X.45_Space_Alien_TH_Digraph_45,Match space TH digraph words!,,,1,,,,,,,,Thin 📏,THIN,Path 🛤️,PATH,Moth 🦋,MOTH
matching,PP2-ENG-X.45_Space_Alien_TH_Digraph_45,Match TH digraph pictures!,,,1,,,,,,,,Thin,📏,Path,🛤️,Moth,🦋
multiple_choice,PP2-ENG-X.46_Space_Plural_Nouns_Adding_S_46,What is the plural form of one ROCKET in space?,spn_q1.webp,audio_s46_1.mp3,1,ROCKETS,ROCKET,ROCKETES,,,1,,,,,,,
multiple_choice,PP2-ENG-X.46_Space_Plural_Nouns_Adding_S_46,What is the plural form of one STAR in space?,spn_q2.webp,audio_s46_2.mp3,1,STARS,STAR,STARES,,,1,,,,,,,
multiple_choice,PP2-ENG-X.46_Space_Plural_Nouns_Adding_S_46,What is the plural form of one MOON in galaxy?,spn_q3.webp,audio_s46_3.mp3,1,MOONS,MOON,MOONES,,,1,,,,,,,
multiple_choice,PP2-ENG-X.46_Space_Plural_Nouns_Adding_S_46,What is the plural form of one PLANET in galaxy?,spn_q4.webp,audio_s46_4.mp3,1,PLANETS,PLANET,PLANETES,,,1,,,,,,,
multiple_choice,PP2-ENG-X.46_Space_Plural_Nouns_Adding_S_46,Adding letter -S to a space noun means there are...?,spn_q5.webp,audio_s46_5.mp3,1,MORE THAN ONE,ONLY ONE,NONE,,,1,,,,,,,
multiple_choice,PP2-ENG-X.46_Space_Plural_Nouns_Adding_S_46,One alien, two...?,spn_q6.webp,audio_s46_6.mp3,1,ALIENS,ALIEN,ALIENES,,,1,,,,,,,
count_objects,PP2-ENG-X.46_Space_Plural_Nouns_Adding_S_46,Count 4 plural space ROCKETS!,spn_count1.webp,audio_s46_7.mp3,1,4,2,3,,🚀,4,,,,,,,
count_objects,PP2-ENG-X.46_Space_Plural_Nouns_Adding_S_46,Count 5 plural space STARS!,spn_count2.webp,audio_s46_8.mp3,1,5,3,4,,⭐,5,,,,,,,
count_objects,PP2-ENG-X.46_Space_Plural_Nouns_Adding_S_46,Count 3 plural space PLANETS!,spn_count3.webp,audio_s46_9.mp3,1,3,1,4,,🪐,3,,,,,,,
speak_repeat,PP2-ENG-X.46_Space_Plural_Nouns_Adding_S_46,Say out loud clearly: SPACE PLURAL NOUNS ADDING S ROCKETS STARS MOONS PLANETS!,speak_s46_1.webp,audio_s46_10.mp3,1,Space Plural Nouns Adding S Rockets Stars Moons Planets,,,,,,Space Plural Nouns Adding S Rockets Stars Moons Planets,,,,,,,
speak_repeat,PP2-ENG-X.46_Space_Plural_Nouns_Adding_S_46,Say out loud clearly: ADD S TO MAKE MORE THAN ONE IN THE GALAXY!,speak_s46_2.webp,audio_s46_11.mp3,1,Add S To Make More Than One In The Galaxy,,,,,,Add S To Make More Than One In The Galaxy,,,,,,,
matching,PP2-ENG-X.46_Space_Plural_Nouns_Adding_S_46,Match singular and plural space nouns!,,,1,,,,,,,,One Rocket 🚀,ROCKETS,One Star ⭐,STARS,One Planet 🪐,PLANETS
matching,PP2-ENG-X.46_Space_Plural_Nouns_Adding_S_46,Match plural -s words!,,,1,,,,,,,,Rocket,ROCKETS,Star,STARS,Moon,MOONS
multiple_choice,PP2-ENG-X.47_Circus_Clown_Consonant_Blends_47,Which letters blend together in circus STOP sign?,ccb_q1.webp,audio_c47_1.mp3,1,ST,SP,SK,,,1,,,,,,,
multiple_choice,PP2-ENG-X.47_Circus_Clown_Consonant_Blends_47,Which letters blend together in circus SPOON prop?,ccb_q2.webp,audio_c47_2.mp3,1,SP,ST,SK,,,1,,,,,,,
multiple_choice,PP2-ENG-X.47_Circus_Clown_Consonant_Blends_47,Which letters blend together in circus SKY tent?,ccb_q3.webp,audio_c47_3.mp3,1,SK,ST,SP,,,1,,,,,,,
multiple_choice,PP2-ENG-X.47_Circus_Clown_Consonant_Blends_47,Which word starts with ST blend and means halt?,ccb_q4.webp,audio_c47_4.mp3,1,STOP,GO,RUN,,,1,,,,,,,
multiple_choice,PP2-ENG-X.47_Circus_Clown_Consonant_Blends_47,Which eating utensil starts with SP blend?,ccb_q5.webp,audio_c47_5.mp3,1,SPOON,FORK,CUP,,,1,,,,,,,
multiple_choice,PP2-ENG-X.47_Circus_Clown_Consonant_Blends_47,Which blue sky above circus starts with SK blend?,ccb_q6.webp,audio_c47_6.mp3,1,SKY,SUN,MOON,,,1,,,,,,,
count_objects,PP2-ENG-X.47_Circus_Clown_Consonant_Blends_47,Count 3 red STOP signs at circus!,ccb_count1.webp,audio_c47_7.mp3,1,3,2,4,,🛑,3,,,,,,,
count_objects,PP2-ENG-X.47_Circus_Clown_Consonant_Blends_47,Count 4 circus spoons with SP blend!,ccb_count2.webp,audio_c47_8.mp3,1,4,2,5,,🥄,4,,,,,,,
count_objects,PP2-ENG-X.47_Circus_Clown_Consonant_Blends_47,Count 2 circus sky scenes!,ccb_count3.webp,audio_c47_9.mp3,1,2,1,3,,🌌,2,,,,,,,
speak_repeat,PP2-ENG-X.47_Circus_Clown_Consonant_Blends_47,Say out loud clearly: CIRCUS CLOWN CONSONANT BLENDS ST SP AND SK!,speak_c47_1.webp,audio_c47_10.mp3,1,Circus Clown Consonant Blends ST SP And SK,,,,,,Circus Clown Consonant Blends ST SP And SK,,,,,,,
speak_repeat,PP2-ENG-X.47_Circus_Clown_Consonant_Blends_47,Say out loud clearly: ST FOR STOP SP FOR SPOON SK FOR SKY AT CIRCUS!,speak_c47_2.webp,audio_c47_11.mp3,1,ST For Stop SP For Spoon SK For Sky At Circus,,,,,,ST For Stop SP For Spoon SK For Sky At Circus,,,,,,,
matching,PP2-ENG-X.47_Circus_Clown_Consonant_Blends_47,Match circus consonant blends!,,,1,,,,,,,,Stop 🛑,ST,Spoon 🥄,SP,Sky 🌌,SK
matching,PP2-ENG-X.47_Circus_Clown_Consonant_Blends_47,Match blend words!,,,1,,,,,,,,Stop,STOP,Spoon,SPOON,Sky,SKY
multiple_choice,PP2-ENG-X.48_Circus_Question_Words_Who_Where_48,Which question word asks about a circus PERSON?,cqw_q1.webp,audio_c48_1.mp3,1,WHO,WHAT,WHERE,,,1,,,,,,,
multiple_choice,PP2-ENG-X.48_Circus_Question_Words_Who_Where_48,Which question word asks about a circus THING?,cqw_q2.webp,audio_c48_2.mp3,1,WHAT,WHO,WHERE,,,1,,,,,,,
multiple_choice,PP2-ENG-X.48_Circus_Question_Words_Who_Where_48,Which question word asks about a circus PLACE?,cqw_q3.webp,audio_c48_3.mp3,1,WHERE,WHO,WHAT,,,1,,,,,,,
multiple_choice,PP2-ENG-X.48_Circus_Question_Words_Who_Where_48,Which question word asks about TIME?,cqw_q4.webp,audio_c48_4.mp3,1,WHEN,WHO,WHAT,,,1,,,,,,,
multiple_choice,PP2-ENG-X.48_Circus_Question_Words_Who_Where_48,___ is juggling the balls? Answer: The clown.,cqw_q5.webp,audio_c48_5.mp3,1,WHO,WHAT,WHERE,,,1,,,,,,,
multiple_choice,PP2-ENG-X.48_Circus_Question_Words_Who_Where_48,___ is the circus tent? Answer: At the park.,cqw_q6.webp,audio_c48_6.mp3,1,WHERE,WHO,WHAT,,,1,,,,,,,
count_objects,PP2-ENG-X.48_Circus_Question_Words_Who_Where_48,Count 4 question mark cards at circus!,cqw_count1.webp,audio_c48_7.mp3,1,4,2,3,,❓,4,,,,,,,
count_objects,PP2-ENG-X.48_Circus_Question_Words_Who_Where_48,Count 3 WHO question cards!,cqw_count2.webp,audio_c48_8.mp3,1,3,1,5,,❓,3,,,,,,,
count_objects,PP2-ENG-X.48_Circus_Question_Words_Who_Where_48,Count 2 WHERE question map signs!,cqw_count3.webp,audio_c48_9.mp3,1,2,1,4,,🗺️,2,,,,,,,
speak_repeat,PP2-ENG-X.48_Circus_Question_Words_Who_Where_48,Say out loud clearly: CIRCUS QUESTION WORDS WHO WHERE WHAT WHEN!,speak_c48_1.webp,audio_c48_10.mp3,1,Circus Question Words WHO WHERE WHAT WHEN,,,,,,Circus Question Words WHO WHERE WHAT WHEN,,,,,,,
speak_repeat,PP2-ENG-X.48_Circus_Question_Words_Who_Where_48,Say out loud clearly: ASK QUESTIONS TO LEARN AT THE CIRCUS!,speak_c48_2.webp,audio_c48_11.mp3,1,Ask Questions To Learn At The Circus,,,,,,Ask Questions To Learn At The Circus,,,,,,,
matching,PP2-ENG-X.48_Circus_Question_Words_Who_Where_48,Match circus question words!,,,1,,,,,,,,Clown,WHO,Popcorn,WHAT,Tent,WHERE
matching,PP2-ENG-X.48_Circus_Question_Words_Who_Where_48,Match question meanings!,,,1,,,,,,,,Person,WHO,Thing,WHAT,Place,WHERE
multiple_choice,PP2-ENG-X.49_Superhero_Sight_Words_Boost_49,Find superhero sight word CAN: I CAN fly.,ssw_q1.webp,audio_s49_1.mp3,1,CAN,SEE,LIKE,,,1,,,,,,,
multiple_choice,PP2-ENG-X.49_Superhero_Sight_Words_Boost_49,Find superhero sight word SEE: I SEE danger.,ssw_q2.webp,audio_s49_2.mp3,1,SEE,CAN,GO,,,1,,,,,,,
multiple_choice,PP2-ENG-X.49_Superhero_Sight_Words_Boost_49,Find superhero sight word LIKE: I LIKE saving the day.,ssw_q3.webp,audio_s49_3.mp3,1,LIKE,SEE,WE,,,1,,,,,,,
multiple_choice,PP2-ENG-X.49_Superhero_Sight_Words_Boost_49,Find superhero sight word GO: We GO fast.,ssw_q4.webp,audio_s49_4.mp3,1,GO,MY,LIKE,,,1,,,,,,,
multiple_choice,PP2-ENG-X.49_Superhero_Sight_Words_Boost_49,Find superhero sight word WE: WE are heroes.,ssw_q5.webp,audio_s49_5.mp3,1,WE,MY,GO,,,1,,,,,,,
multiple_choice,PP2-ENG-X.49_Superhero_Sight_Words_Boost_49,Find superhero sight word MY: MY power shield.,ssw_q6.webp,audio_s49_6.mp3,1,MY,WE,CAN,,,1,,,,,,,
count_objects,PP2-ENG-X.49_Superhero_Sight_Words_Boost_49,Count 4 superhero sight word CAN shields!,ssw_count1.webp,audio_s49_7.mp3,1,4,2,3,,🛡️,4,,,,,,,
count_objects,PP2-ENG-X.49_Superhero_Sight_Words_Boost_49,Count 3 superhero sight word SEE badges!,ssw_count2.webp,audio_s49_8.mp3,1,3,1,5,,🥇,3,,,,,,,
count_objects,PP2-ENG-X.49_Superhero_Sight_Words_Boost_49,Count 5 sight word LIKE stars!,ssw_count3.webp,audio_s49_9.mp3,1,5,3,4,,⭐,5,,,,,,,
speak_repeat,PP2-ENG-X.49_Superhero_Sight_Words_Boost_49,Say out loud clearly: SUPERHERO SIGHT WORDS BOOST CAN SEE LIKE GO WE MY!,speak_s49_1.webp,audio_s49_10.mp3,1,Superhero Sight Words Boost CAN SEE LIKE GO WE MY,,,,,,Superhero Sight Words Boost CAN SEE LIKE GO WE MY,,,,,,,
speak_repeat,PP2-ENG-X.49_Superhero_Sight_Words_Boost_49,Say out loud clearly: READ SIGHT WORDS WITH SUPERHERO POWER!,speak_s49_2.webp,audio_s49_11.mp3,1,Read Sight Words With Superhero Power,,,,,,Read Sight Words With Superhero Power,,,,,,,
matching,PP2-ENG-X.49_Superhero_Sight_Words_Boost_49,Match superhero sight words!,,,1,,,,,,,,C-A-N,CAN,S-E-E,SEE,L-I-K-E,LIKE
matching,PP2-ENG-X.49_Superhero_Sight_Words_Boost_49,Match more superhero sight words!,,,1,,,,,,,,G-O,GO,W-E,WE,M-Y,MY
multiple_choice,PP2-ENG-X.50_Superhero_Sentence_Building_50,Complete superhero sentence: THE HERO CAN ___.,ssb_q1.webp,audio_s50_1.mp3,1,FLY,HAT,RED,,,1,,,,,,,
multiple_choice,PP2-ENG-X.50_Superhero_Sentence_Building_50,Complete superhero sentence: I SEE A ___.,ssb_q2.webp,audio_s50_2.mp3,1,SHIELD,RUN,HOP,,,1,,,,,,,
multiple_choice,PP2-ENG-X.50_Superhero_Sentence_Building_50,Complete superhero sentence: WE CAN SAVE THE ___.,ssb_q3.webp,audio_s50_3.mp3,1,CITY,SING,JUMP,,,1,,,,,,,
multiple_choice,PP2-ENG-X.50_Superhero_Sentence_Building_50,Which capital word starts superhero sentence?,ssb_q4.webp,audio_s50_4.mp3,1,THE,the,tHE,,,1,,,,,,,
multiple_choice,PP2-ENG-X.50_Superhero_Sentence_Building_50,What mark ends superhero sentence?,ssb_q5.webp,audio_s50_5.mp3,1,PERIOD,COMMA,SPACE,,,1,,,,,,,
multiple_choice,PP2-ENG-X.50_Superhero_Sentence_Building_50,Building sentences gives us reading...?,ssb_q6.webp,audio_s50_6.mp3,1,POWER,FEAR,NOISE,,,1,,,,,,,
count_objects,PP2-ENG-X.50_Superhero_Sentence_Building_50,Count 3 superhero power sentence cards!,ssb_count1.webp,audio_s50_7.mp3,1,3,2,4,,📝,3,,,,,,,
count_objects,PP2-ENG-X.50_Superhero_Sentence_Building_50,Count 5 sentence building shields!,ssb_count2.webp,audio_s50_8.mp3,1,5,3,4,,🛡️,5,,,,,,,
count_objects,PP2-ENG-X.50_Superhero_Sentence_Building_50,Count 2 hero power medals!,ssb_count3.webp,audio_s50_9.mp3,1,2,1,3,,🥇,2,,,,,,,
speak_repeat,PP2-ENG-X.50_Superhero_Sentence_Building_50,Say out loud clearly: SUPERHERO SENTENCE BUILDING POWER THE HERO CAN FLY!,speak_s50_1.webp,audio_s50_10.mp3,1,Superhero Sentence Building Power The Hero Can Fly,,,,,,Superhero Sentence Building Power The Hero Can Fly,,,,,,,
speak_repeat,PP2-ENG-X.50_Superhero_Sentence_Building_50,Say out loud clearly: BUILD SENTENCES WITH CAPITAL AND PERIOD!,speak_s50_2.webp,audio_s50_11.mp3,1,Build Sentences With Capital And Period,,,,,,Build Sentences With Capital And Period,,,,,,,
matching,PP2-ENG-X.50_Superhero_Sentence_Building_50,Match superhero sentence parts!,,,1,,,,,,,,The hero,CAN FLY,I see,A SHIELD,We can save,THE CITY
matching,PP2-ENG-X.50_Superhero_Sentence_Building_50,Match sentence rules!,,,1,,,,,,,,Start,CAPITAL,End,PERIOD,Words,SPACE
multiple_choice,PP2-ENG-X.51_Underwater_SH_Digraph_Ship_51,Which digraph letters make /sh/ sound on underwater ship?,ush_q1.webp,audio_u51_1.mp3,1,SH,CH,TH,,,1,,,,,,,
multiple_choice,PP2-ENG-X.51_Underwater_SH_Digraph_Ship_51,Which large boat word starts with SH underwater?,ush_q2.webp,audio_u51_2.mp3,1,SHIP,BOAT,VAN,,,1,,,,,,,
multiple_choice,PP2-ENG-X.51_Underwater_SH_Digraph_Ship_51,Which swimming animal ends with SH sound underwater?,ush_q3.webp,audio_u51_3.mp3,1,FISH,CAT,DOG,,,1,,,,,,,
multiple_choice,PP2-ENG-X.51_Underwater_SH_Digraph_Ship_51,Which sea object starts with SH sound on reef?,ush_q4.webp,audio_u51_4.mp3,1,SHELL,ROCK,SAND,,,1,,,,,,,
multiple_choice,PP2-ENG-X.51_Underwater_SH_Digraph_Ship_51,Which shop word starts with SH sound?,ush_q5.webp,audio_u51_5.mp3,1,SHOP,CHIP,THIN,,,1,,,,,,,
multiple_choice,PP2-ENG-X.51_Underwater_SH_Digraph_Ship_51,SH digraph makes quiet hushing sound...?,ush_q6.webp,audio_u51_6.mp3,1,/SH/,/CH/,/TH/,,,1,,,,,,,
count_objects,PP2-ENG-X.51_Underwater_SH_Digraph_Ship_51,Count 3 underwater ships!,ush_count1.webp,audio_u51_7.mp3,1,3,2,4,,🚢,3,,,,,,,
count_objects,PP2-ENG-X.51_Underwater_SH_Digraph_Ship_51,Count 5 swimming fish with SH sound!,ush_count2.webp,audio_u51_8.mp3,1,5,3,4,,🐟,5,,,,,,,
count_objects,PP2-ENG-X.51_Underwater_SH_Digraph_Ship_51,Count 4 sea shells on ocean reef!,ush_count3.webp,audio_u51_9.mp3,1,4,2,5,,🐚,4,,,,,,,
speak_repeat,PP2-ENG-X.51_Underwater_SH_Digraph_Ship_51,Say out loud clearly: UNDERWARER SH DIGRAPH SHIP SHIP FISH SHELL!,speak_u51_1.webp,audio_u51_10.mp3,1,Underwater SH Digraph Ship Ship Fish Shell,,,,,,Underwater SH Digraph Ship Ship Fish Shell,,,,,,,
speak_repeat,PP2-ENG-X.51_Underwater_SH_Digraph_Ship_51,Say out loud clearly: SH SAYS /sh/ ON THE UNDERWATER SHIP!,speak_u51_2.webp,audio_u51_11.mp3,1,SH Says /sh/ On The Underwater Ship,,,,,,SH Says /sh/ On The Underwater Ship,,,,,,,
matching,PP2-ENG-X.51_Underwater_SH_Digraph_Ship_51,Match underwater SH digraph words!,,,1,,,,,,,,Ship 🚢,SHIP,Fish 🐟,FISH,Shell 🐚,SHELL
matching,PP2-ENG-X.51_Underwater_SH_Digraph_Ship_51,Match SH digraph pictures!,,,1,,,,,,,,Ship,🚢,Fish,🐟,Shell,🐚
multiple_choice,PP2-ENG-X.52_Underwater_Story_Three_Little_Pigs_52,Which pig built the strong house of bricks in underwater story?,usp_q1.webp,audio_u52_1.mp3,1,THIRD PIG,FIRST PIG,SECOND PIG,,,1,,,,,,,
multiple_choice,PP2-ENG-X.52_Underwater_Story_Three_Little_Pigs_52,What bad animal tried to huff and puff houses down?,usp_q2.webp,audio_u52_2.mp3,1,WOLF,FOX,BEAR,,,1,,,,,,,
multiple_choice,PP2-ENG-X.52_Underwater_Story_Three_Little_Pigs_52,Why couldn't the wolf blow down brick house?,usp_q3.webp,audio_u52_3.mp3,1,STRONG BRICKS,WEAK STRAW,WOOD,,,1,,,,,,,
multiple_choice,PP2-ENG-X.52_Underwater_Story_Three_Little_Pigs_52,What moral lesson does the story teach us?,usp_q4.webp,audio_u52_4.mp3,1,HARD WORK,LAZINESS,PLAY,,,1,,,,,,,
multiple_choice,PP2-ENG-X.52_Underwater_Story_Three_Little_Pigs_52,Working hard keeps us safe and...?,usp_q5.webp,audio_u52_5.mp3,1,PROTECTED,AFRAID,LOST,,,1,,,,,,,
multiple_choice,PP2-ENG-X.52_Underwater_Story_Three_Little_Pigs_52,The third pig showed wisdom and...?,usp_q6.webp,audio_u52_6.mp3,1,HARD WORK,LAZINESS,FEAR,,,1,,,,,,,
count_objects,PP2-ENG-X.52_Underwater_Story_Three_Little_Pigs_52,Count 3 little pigs underwater!,usp_count1.webp,audio_u52_7.mp3,1,3,2,4,,🐖,3,,,,,,,
count_objects,PP2-ENG-X.52_Underwater_Story_Three_Little_Pigs_52,Count 1 wolf in the story!,usp_count2.webp,audio_u52_8.mp3,1,1,2,3,,🐺,1,,,,,,,
count_objects,PP2-ENG-X.52_Underwater_Story_Three_Little_Pigs_52,Count 3 houses made of straw, wood, and brick!,usp_count3.webp,audio_u52_9.mp3,1,3,2,4,,🛖,3,,,,,,,
speak_repeat,PP2-ENG-X.52_Underwater_Story_Three_Little_Pigs_52,Say out loud clearly: UNDERWATER STORY THREE LITTLE PIGS COMPREHENSION!,speak_u52_1.webp,audio_u52_10.mp3,1,Underwater Story Three Little Pigs Comprehension,,,,,,Underwater Story Three Little Pigs Comprehension,,,,,,,
speak_repeat,PP2-ENG-X.52_Underwater_Story_Three_Little_Pigs_52,Say out loud clearly: HARD WORK BUILDS A STRONG HOUSE OF BRICKS!,speak_u52_2.webp,audio_u52_11.mp3,1,Hard Work Builds A Strong House Of Bricks,,,,,,Hard Work Builds A Strong House Of Bricks,,,,,,,
matching,PP2-ENG-X.52_Underwater_Story_Three_Little_Pigs_52,Match house materials!,,,1,,,,,,,,Straw 🌾,WEAK,Wood 🪵,MEDIUM,Brick 🧱,STRONG
matching,PP2-ENG-X.52_Underwater_Story_Three_Little_Pigs_52,Match story lessons!,,,1,,,,,,,,Hard work,SAFE,Lazy,WEAK,Brick,STRONG
multiple_choice,PP2-ENG-X.53_Safari_CVC_Words_Blending_53,Blend safari sounds /c/ /a/ /t/ together to make...?,scb_q1.webp,audio_s53_1.mp3,1,CAT,DOG,PIG,,,1,,,,,,,
multiple_choice,PP2-ENG-X.53_Safari_CVC_Words_Blending_53,Blend safari sounds /d/ /o/ /g/ together to make...?,scb_q2.webp,audio_s53_2.mp3,1,DOG,CAT,HAT,,,1,,,,,,,
multiple_choice,PP2-ENG-X.53_Safari_CVC_Words_Blending_53,Blend safari sounds /p/ /i/ /g/ together to make...?,scb_q3.webp,audio_s53_3.mp3,1,PIG,BUG,HEN,,,1,,,,,,,
multiple_choice,PP2-ENG-X.53_Safari_CVC_Words_Blending_53,Blend safari sounds /b/ /u/ /g/ together to make...?,scb_q4.webp,audio_s53_4.mp3,1,BUG,RUG,MUG,,,1,,,,,,,
multiple_choice,PP2-ENG-X.53_Safari_CVC_Words_Blending_53,Blend safari sounds /h/ /e/ /n/ together to make...?,scb_q5.webp,audio_s53_5.mp3,1,HEN,PEN,TEN,,,1,,,,,,,
multiple_choice,PP2-ENG-X.53_Safari_CVC_Words_Blending_53,Blending CVC words helps us read on...?,scb_q6.webp,audio_s53_6.mp3,1,SAFARI,WATER,STREET,,,1,,,,,,,
count_objects,PP2-ENG-X.53_Safari_CVC_Words_Blending_53,Count 4 safari CVC word cards!,scb_count1.webp,audio_s53_7.mp3,1,4,2,3,,🃏,4,,,,,,,
count_objects,PP2-ENG-X.53_Safari_CVC_Words_Blending_53,Count 3 safari CVC lions!,scb_count2.webp,audio_s53_8.mp3,1,3,1,5,,🦁,3,,,,,,,
count_objects,PP2-ENG-X.53_Safari_CVC_Words_Blending_53,Count 5 safari CVC track marks!,scb_count3.webp,audio_s53_9.mp3,1,5,2,4,,🐾,5,,,,,,,
speak_repeat,PP2-ENG-X.53_Safari_CVC_Words_Blending_53,Say out loud clearly: SAFARI CVC WORDS BLENDING CAT DOG PIG BUG HEN!,speak_s53_1.webp,audio_s53_10.mp3,1,Safari CVC Words Blending Cat Dog Pig Bug Hen,,,,,,Safari CVC Words Blending Cat Dog Pig Bug Hen,,,,,,,
speak_repeat,PP2-ENG-X.53_Safari_CVC_Words_Blending_53,Say out loud clearly: BLEND THREE LETTER SOUNDS ON SAFARI!,speak_s53_2.webp,audio_s53_11.mp3,1,Blend Three Letter Sounds On Safari,,,,,,Blend Three Letter Sounds On Safari,,,,,,,
matching,PP2-ENG-X.53_Safari_CVC_Words_Blending_53,Match safari CVC blend words!,,,1,,,,,,,,/c//a//t/,CAT,/d//o//g/,DOG,/p//i//g/,PIG
matching,PP2-ENG-X.53_Safari_CVC_Words_Blending_53,Match CVC words to pictures!,,,1,,,,,,,,Cat,🐱,Dog,🐶,Pig,🐖
multiple_choice,PP2-ENG-X.54_Safari_Prepositions_In_On_54,Where is lion sitting IN the safari cave?,sp54_q1.webp,audio_s54_1.mp3,1,IN,ON,UNDER,,,1,,,,,,,
multiple_choice,PP2-ENG-X.54_Safari_Prepositions_In_On_54,Where is monkey sitting ON the tree branch?,sp54_q2.webp,audio_s54_2.mp3,1,ON,IN,UNDER,,,1,,,,,,,
multiple_choice,PP2-ENG-X.54_Safari_Prepositions_In_On_54,Where is snake resting UNDER the tree shade?,sp54_q3.webp,audio_s54_3.mp3,1,UNDER,IN,ON,,,1,,,,,,,
multiple_choice,PP2-ENG-X.54_Safari_Prepositions_In_On_54,Where is bird perched ON top of rock?,sp54_q4.webp,audio_s54_4.mp3,1,ON,IN,UNDER,,,1,,,,,,,
multiple_choice,PP2-ENG-X.54_Safari_Prepositions_In_On_54,Where is zebra resting IN the tall grass?,sp54_q5.webp,audio_s54_5.mp3,1,IN,ON,UNDER,,,1,,,,,,,
multiple_choice,PP2-ENG-X.54_Safari_Prepositions_In_On_54,Preposition words show safari animal...?,sp54_q6.webp,audio_s54_6.mp3,1,LOCATION,COLOR,NUMBER,,,1,,,,,,,
count_objects,PP2-ENG-X.54_Safari_Prepositions_In_On_54,Count 3 lions IN the cave!,sp54_count1.webp,audio_s54_7.mp3,1,3,2,4,,🦁,3,,,,,,,
count_objects,PP2-ENG-X.54_Safari_Prepositions_In_On_54,Count 4 monkeys ON tree branches!,sp54_count2.webp,audio_s54_8.mp3,1,4,2,5,,🐒,4,,,,,,,
count_objects,PP2-ENG-X.54_Safari_Prepositions_In_On_54,Count 2 snakes UNDER shade!,sp54_count3.webp,audio_s54_9.mp3,1,2,1,3,,🐍,2,,,,,,,
speak_repeat,PP2-ENG-X.54_Safari_Prepositions_In_On_54,Say out loud clearly: SAFARI PREPOSITIONS IN ON AND UNDER!,speak_s54_1.webp,audio_s54_10.mp3,1,Safari Prepositions In On And Under,,,,,,Safari Prepositions In On And Under,,,,,,,
speak_repeat,PP2-ENG-X.54_Safari_Prepositions_In_On_54,Say out loud clearly: LION IN CAVE AND MONKEY ON TREE!,speak_s54_2.webp,audio_s54_11.mp3,1,Lion In Cave And Monkey On Tree,,,,,,Lion In Cave And Monkey On Tree,,,,,,,
matching,PP2-ENG-X.54_Safari_Prepositions_In_On_54,Match safari animal locations!,,,1,,,,,,,,In cave,IN,On tree,ON,Under shade,UNDER
matching,PP2-ENG-X.54_Safari_Prepositions_In_On_54,Match preposition words!,,,1,,,,,,,,In,IN,On,ON,Under,UNDER
multiple_choice,PP2-ENG-X.55_Nursery_Rhyme_Plural_Nouns_55,In rhyme, what is plural form of one CAT?,nrp_q1.webp,audio_n55_1.mp3,1,CATS,CAT,CATON,,,1,,,,,,,
multiple_choice,PP2-ENG-X.55_Nursery_Rhyme_Plural_Nouns_55,In rhyme, what is plural form of one DOG?,nrp_q2.webp,audio_n55_2.mp3,1,DOGS,DOG,DOGES,,,1,,,,,,,
multiple_choice,PP2-ENG-X.55_Nursery_Rhyme_Plural_Nouns_55,In rhyme, what is plural form of one BOOK?,nrp_q3.webp,audio_n55_3.mp3,1,BOOKS,BOOK,BOOKES,,,1,,,,,,,
multiple_choice,PP2-ENG-X.55_Nursery_Rhyme_Plural_Nouns_55,In rhyme, what is plural form of one PEN?,nrp_q4.webp,audio_n55_4.mp3,1,PENS,PEN,PENES,,,1,,,,,,,
multiple_choice,PP2-ENG-X.55_Nursery_Rhyme_Plural_Nouns_55,Adding letter -S to a rhyme noun means there are...?,nrp_q5.webp,audio_n55_5.mp3,1,MORE THAN ONE,ONLY ONE,NONE,,,1,,,,,,,
multiple_choice,PP2-ENG-X.55_Nursery_Rhyme_Plural_Nouns_55,One star, two...?,nrp_q6.webp,audio_n55_6.mp3,1,STARS,STAR,STARES,,,1,,,,,,,
count_objects,PP2-ENG-X.55_Nursery_Rhyme_Plural_Nouns_55,Count 4 plural CATS in the rhyme!,nrp_count1.webp,audio_n55_7.mp3,1,4,2,3,,🐱,4,,,,,,,
count_objects,PP2-ENG-X.55_Nursery_Rhyme_Plural_Nouns_55,Count 5 plural DOGS in the rhyme!,nrp_count2.webp,audio_n55_8.mp3,1,5,3,4,,🐶,5,,,,,,,
count_objects,PP2-ENG-X.55_Nursery_Rhyme_Plural_Nouns_55,Count 3 plural STARS!,nrp_count3.webp,audio_n55_9.mp3,1,3,1,4,,⭐,3,,,,,,,
speak_repeat,PP2-ENG-X.55_Nursery_Rhyme_Plural_Nouns_55,Say out loud clearly: NURSERY RHYME PLURAL NOUNS ADDING LETTER S!,speak_n55_1.webp,audio_n55_10.mp3,1,Nursery Rhyme Plural Nouns Adding Letter S,,,,,,Nursery Rhyme Plural Nouns Adding Letter S,,,,,,,
speak_repeat,PP2-ENG-X.55_Nursery_Rhyme_Plural_Nouns_55,Say out loud clearly: CATS DOGS BOOKS PENS AND STARS!,speak_n55_2.webp,audio_n55_11.mp3,1,Cats Dogs Books Pens And Stars,,,,,,Cats Dogs Books Pens And Stars,,,,,,,
matching,PP2-ENG-X.55_Nursery_Rhyme_Plural_Nouns_55,Match singular and plural rhyme nouns!,,,1,,,,,,,,One Cat 🐱,CATS,One Dog 🐶,DOGS,One Star ⭐,STARS
matching,PP2-ENG-X.55_Nursery_Rhyme_Plural_Nouns_55,Match plural -s words!,,,1,,,,,,,,Cat,CATS,Dog,DOGS,Star,STARS
multiple_choice,PP2-ENG-X.56_Phonics_Digraph_Mastery_56,Which digraph makes /sh/ sound in SHOP?,pdm56_q1.webp,audio_p56_1.mp3,1,SH,CH,TH,,,1,,,,,,,
multiple_choice,PP2-ENG-X.56_Phonics_Digraph_Mastery_56,Which digraph makes /ch/ sound in CHIP?,pdm56_q2.webp,audio_p56_2.mp3,1,CH,SH,TH,,,1,,,,,,,
multiple_choice,PP2-ENG-X.56_Phonics_Digraph_Mastery_56,Which digraph makes /th/ sound in THIN?,pdm56_q3.webp,audio_p56_3.mp3,1,TH,SH,CH,,,1,,,,,,,
multiple_choice,PP2-ENG-X.56_Phonics_Digraph_Mastery_56,Which word ends with SH sound?,pdm56_q4.webp,audio_p56_4.mp3,1,FISH,CHIP,PATH,,,1,,,,,,,
multiple_choice,PP2-ENG-X.56_Phonics_Digraph_Mastery_56,Which word ends with CH sound?,pdm56_q5.webp,audio_p56_5.mp3,1,BENCH,SHOP,THIN,,,1,,,,,,,
multiple_choice,PP2-ENG-X.56_Phonics_Digraph_Mastery_56,SH, CH, and TH are digraph...?,pdm56_q6.webp,audio_p56_6.mp3,1,MASTERY,NUMBERS,COLORS,,,1,,,,,,,
count_objects,PP2-ENG-X.56_Phonics_Digraph_Mastery_56,Count 5 digraph master star trophies!,pdm56_count1.webp,audio_p56_7.mp3,1,5,3,4,,🏆,5,,,,,,,
count_objects,PP2-ENG-X.56_Phonics_Digraph_Mastery_56,Count 4 digraph sound cards!,pdm56_count2.webp,audio_p56_8.mp3,1,4,2,3,,🃏,4,,,,,,,
count_objects,PP2-ENG-X.56_Phonics_Digraph_Mastery_56,Count 3 winner medals!,pdm56_count3.webp,audio_p56_9.mp3,1,3,1,5,,🥇,3,,,,,,,
speak_repeat,PP2-ENG-X.56_Phonics_Digraph_Mastery_56,Say out loud clearly: PHONICS DIGRAPH MASTERY SH CH AND TH!,speak_p56_1.webp,audio_p56_10.mp3,1,Phonics Digraph Mastery SH CH And TH,,,,,,Phonics Digraph Mastery SH CH And TH,,,,,,,
speak_repeat,PP2-ENG-X.56_Phonics_Digraph_Mastery_56,Say out loud clearly: SH CH AND TH DIGRAPHS ARE EASY TO READ!,speak_p56_2.webp,audio_p56_11.mp3,1,SH CH And TH Digraphs Are Easy To Read,,,,,,SH CH And TH Digraphs Are Easy To Read,,,,,,,
matching,PP2-ENG-X.56_Phonics_Digraph_Mastery_56,Match digraph sounds!,,,1,,,,,,,,Shop 🏪,SH,Chip 🍟,CH,Thin 📏,TH
matching,PP2-ENG-X.56_Phonics_Digraph_Mastery_56,Match master digraph words!,,,1,,,,,,,,Ship,SHIP,Bench,BENCH,Path,PATH
multiple_choice,PP2-ENG-X.57_Grammar_Pronouns_Mastery_57,Which pronoun replaces a boy's name in grammar mastery?,gpm57_q1.webp,audio_g57_1.mp3,1,HE,SHE,THEY,,,1,,,,,,,
multiple_choice,PP2-ENG-X.57_Grammar_Pronouns_Mastery_57,Which pronoun replaces a girl's name in grammar mastery?,gpm57_q2.webp,audio_g57_2.mp3,1,SHE,HE,IT,,,1,,,,,,,
multiple_choice,PP2-ENG-X.57_Grammar_Pronouns_Mastery_57,Which pronoun replaces many people or children?,gpm57_q3.webp,audio_g57_3.mp3,1,THEY,HE,SHE,,,1,,,,,,,
multiple_choice,PP2-ENG-X.57_Grammar_Pronouns_Mastery_57,Which pronoun replaces a thing or animal?,gpm57_q4.webp,audio_g57_4.mp3,1,IT,HE,SHE,,,1,,,,,,,
multiple_choice,PP2-ENG-X.57_Grammar_Pronouns_Mastery_57,Pronouns take the place of...?,gpm57_q5.webp,audio_g57_5.mp3,1,NOUNS,VERBS,COLORS,,,1,,,,,,,
multiple_choice,PP2-ENG-X.57_Grammar_Pronouns_Mastery_57,Leo runs = ___ runs.,gpm57_q6.webp,audio_g57_6.mp3,1,HE,SHE,IT,,,1,,,,,,,
count_objects,PP2-ENG-X.57_Grammar_Pronouns_Mastery_57,Count 3 boys represented by pronoun HE!,gpm57_count1.webp,audio_g57_7.mp3,1,3,1,4,,👦,3,,,,,,,
count_objects,PP2-ENG-X.57_Grammar_Pronouns_Mastery_57,Count 4 girls represented by pronoun SHE!,gpm57_count2.webp,audio_g57_8.mp3,1,4,2,5,,👧,4,,,,,,,
count_objects,PP2-ENG-X.57_Grammar_Pronouns_Mastery_57,Count 5 children represented by pronoun THEY!,gpm57_count3.webp,audio_g57_9.mp3,1,5,3,4,,👧,5,,,,,,,
speak_repeat,PP2-ENG-X.57_Grammar_Pronouns_Mastery_57,Say out loud clearly: GRAMMAR PRONOUNS MASTERY HE SHE THEY AND IT!,speak_g57_1.webp,audio_g57_10.mp3,1,Grammar Pronouns Mastery HE SHE THEY And IT,,,,,,Grammar Pronouns Mastery HE SHE THEY And IT,,,,,,,
speak_repeat,PP2-ENG-X.57_Grammar_Pronouns_Mastery_57,Say out loud clearly: HE RUNS SHE SINGS THEY PLAY IT FLIES!,speak_g57_2.webp,audio_g57_11.mp3,1,He Runs She Sings They Play It Flies,,,,,,He Runs She Sings They Play It Flies,,,,,,,
matching,PP2-ENG-X.57_Grammar_Pronouns_Mastery_57,Match pronouns to nouns!,,,1,,,,,,,,Boy 👦,HE,Girl 👧,SHE,Children 👧,THEY
matching,PP2-ENG-X.57_Grammar_Pronouns_Mastery_57,Match pronouns to examples!,,,1,,,,,,,,Leo,HE,Pam,SHE,Cat,IT
multiple_choice,PP2-ENG-X.58_Storybook_Tortoise_and_Hare_58,Who won the race in the storybook by moving slow and steady?,sth58_q1.webp,audio_s58_1.mp3,1,TORTOISE,HARE,FOX,,,1,,,,,,,
multiple_choice,PP2-ENG-X.58_Storybook_Tortoise_and_Hare_58,Why did the fast Hare lose the race?,sth58_q2.webp,audio_s58_2.mp3,1,FELL ASLEEP,RAN FAST,LOST WAY,,,1,,,,,,,
multiple_choice,PP2-ENG-X.58_Storybook_Tortoise_and_Hare_58,What moral lesson does the storybook teach us?,sth58_q3.webp,audio_s58_3.mp3,1,PERSEVERANCE,LAZINESS,PRIDE,,,1,,,,,,,
multiple_choice,PP2-ENG-X.58_Storybook_Tortoise_and_Hare_58,Slow and steady wins the...?,sth58_q4.webp,audio_s58_4.mp3,1,RACE,GAME,TOY,,,1,,,,,,,
multiple_choice,PP2-ENG-X.58_Storybook_Tortoise_and_Hare_58,Never give up even when things seem...?,sth58_q5.webp,audio_s58_5.mp3,1,SLOW,FAST,EASY,,,1,,,,,,,
multiple_choice,PP2-ENG-X.58_Storybook_Tortoise_and_Hare_58,The Tortoise showed patience and...?,sth58_q6.webp,audio_s58_6.mp3,1,PERSEVERANCE,ANGER,SPEED,,,1,,,,,,,
count_objects,PP2-ENG-X.58_Storybook_Tortoise_and_Hare_58,Count 1 patient Tortoise!,sth58_count1.webp,audio_s58_7.mp3,1,1,2,3,,🐢,1,,,,,,,
count_objects,PP2-ENG-X.58_Storybook_Tortoise_and_Hare_58,Count 1 fast Hare!,sth58_count2.webp,audio_s58_8.mp3,1,1,2,3,,🐇,1,,,,,,,
count_objects,PP2-ENG-X.58_Storybook_Tortoise_and_Hare_58,Count 3 winner trophies of perseverance!,sth58_count3.webp,audio_s58_9.mp3,1,3,1,4,,🏆,3,,,,,,,
speak_repeat,PP2-ENG-X.58_Storybook_Tortoise_and_Hare_58,Say out loud clearly: STORYBOOK TORTOISE AND HARE COMPREHENSION!,speak_s58_1.webp,audio_s58_10.mp3,1,Storybook Tortoise And Hare Comprehension,,,,,,Storybook Tortoise And Hare Comprehension,,,,,,,
speak_repeat,PP2-ENG-X.58_Storybook_Tortoise_and_Hare_58,Say out loud clearly: SLOW AND STEADY WINS THE RACE!,speak_s58_2.webp,audio_s58_11.mp3,1,Slow And Steady Wins The Race,,,,,,Slow And Steady Wins The Race,,,,,,,
matching,PP2-ENG-X.58_Storybook_Tortoise_and_Hare_58,Match storybook characters!,,,1,,,,,,,,Tortoise 🐢,STEADY,Hare 🐇,FAST,Trophy 🏆,WINNER
matching,PP2-ENG-X.58_Storybook_Tortoise_and_Hare_58,Match storybook lessons!,,,1,,,,,,,,Persevere,WIN,Patience,STEADY,Race,RACE
multiple_choice,PP2-ENG-X.59_Writing_Letter_Tracing_Digraphs_59,Trace the digraph word starting with /sh/: S-H-I-P makes...?,wtd59_q1.webp,audio_w59_1.mp3,1,SHIP,SHOP,FISH,,,1,,,,,,,
multiple_choice,PP2-ENG-X.59_Writing_Letter_Tracing_Digraphs_59,Trace the digraph word starting with /ch/: C-H-I-P makes...?,wtd59_q2.webp,audio_w59_2.mp3,1,CHIP,CHOP,BENCH,,,1,,,,,,,
multiple_choice,PP2-ENG-X.59_Writing_Letter_Tracing_Digraphs_59,Trace the digraph word starting with /th/: T-H-I-N makes...?,wtd59_q3.webp,audio_w59_3.mp3,1,THIN,THICK,PATH,,,1,,,,,,,
multiple_choice,PP2-ENG-X.59_Writing_Letter_Tracing_Digraphs_59,Trace the digraph word ending with /sh/: F-I-S-H makes...?,wtd59_q4.webp,audio_w59_4.mp3,1,FISH,DISH,SHELL,,,1,,,,,,,
multiple_choice,PP2-ENG-X.59_Writing_Letter_Tracing_Digraphs_59,Trace the digraph word ending with /ch/: B-E-N-C-H makes...?,wtd59_q5.webp,audio_w59_5.mp3,1,BENCH,CHAIR,CHIP,,,1,,,,,,,
multiple_choice,PP2-ENG-X.59_Writing_Letter_Tracing_Digraphs_59,Tracing digraph words builds neat handwriting...?,wtd59_q6.webp,audio_w59_6.mp3,1,SKILLS,SPEED,NOISE,,,1,,,,,,,
count_objects,PP2-ENG-X.59_Writing_Letter_Tracing_Digraphs_59,Count 5 tracing pencils!,wtd59_count1.webp,audio_w59_7.mp3,1,5,3,4,,✏️,5,,,,,,,
count_objects,PP2-ENG-X.59_Writing_Letter_Tracing_Digraphs_59,Count 4 digraph word tracing slates!,wtd59_count2.webp,audio_w59_8.mp3,1,4,2,3,,📝,4,,,,,,,
count_objects,PP2-ENG-X.59_Writing_Letter_Tracing_Digraphs_59,Count 3 handwriting medals!,wtd59_count3.webp,audio_w59_9.mp3,1,3,1,5,,🥇,3,,,,,,,
speak_repeat,PP2-ENG-X.59_Writing_Letter_Tracing_Digraphs_59,Say out loud clearly: WRITING LETTER TRACING DIGRAPHS SH CH AND TH!,speak_w59_1.webp,audio_w59_10.mp3,1,Writing Letter Tracing Digraphs SH CH And TH,,,,,,Writing Letter Tracing Digraphs SH CH And TH,,,,,,,
speak_repeat,PP2-ENG-X.59_Writing_Letter_Tracing_Digraphs_59,Say out loud clearly: TRACE DIGRAPH WORDS SHIP CHIP AND THIN NEATLY!,speak_w59_2.webp,audio_w59_11.mp3,1,Trace Digraph Words Ship Chip And Thin Neatly,,,,,,Trace Digraph Words Ship Chip And Thin Neatly,,,,,,,
matching,PP2-ENG-X.59_Writing_Letter_Tracing_Digraphs_59,Match digraph words to pictures!,,,1,,,,,,,,Ship 🚢,SHIP,Chip 🍟,CHIP,Thin 📏,THIN
matching,PP2-ENG-X.59_Writing_Letter_Tracing_Digraphs_59,Match tracing practice!,,,1,,,,,,,,Ship,SHIP,Fish,FISH,Bench,BENCH
multiple_choice,PP2-ENG-X.60_PP2_English_Super_Master_60,Which CVC word belongs to the -at family at Super Master 60?,esm60_q1.webp,audio_e60_1.mp3,1,CAT,PIG,BUG,,,1,,,,,,,
multiple_choice,PP2-ENG-X.60_PP2_English_Super_Master_60,Which digraph makes the /sh/ sound in SHIP?,esm60_q2.webp,audio_e60_2.mp3,1,SH,CH,TH,,,1,,,,,,,
multiple_choice,PP2-ENG-X.60_PP2_English_Super_Master_60,Which sight word completes: I ___ a red car?,esm60_q3.webp,audio_e60_3.mp3,1,SEE,GO,WE,,,1,,,,,,,
multiple_choice,PP2-ENG-X.60_PP2_English_Super_Master_60,Which plural noun adds -s to CAT?,esm60_q4.webp,audio_e60_4.mp3,1,CATS,CAT,CATON,,,1,,,,,,,
multiple_choice,PP2-ENG-X.60_PP2_English_Super_Master_60,Which pronoun replaces a boy's name?,esm60_q5.webp,audio_e60_5.mp3,1,HE,SHE,THEY,,,1,,,,,,,
multiple_choice,PP2-ENG-X.60_PP2_English_Super_Master_60,What milestone level is reached at Mission 60?,esm60_q6.webp,audio_e60_6.mp3,1,SUPER MASTER,BEGINNER,STARTER,,,1,,,,,,,
count_objects,PP2-ENG-X.60_PP2_English_Super_Master_60,Count 20 super master star trophies!,esm60_count1.webp,audio_e60_7.mp3,1,20,18,19,,🏆,20,,,,,,,
count_objects,PP2-ENG-X.60_PP2_English_Super_Master_60,Count 15 super master medals!,esm60_count2.webp,audio_e60_8.mp3,1,15,12,18,,🥇,15,,,,,,,
count_objects,PP2-ENG-X.60_PP2_English_Super_Master_60,Count 10 super master crowns!,esm60_count3.webp,audio_e60_9.mp3,1,10,8,12,,👑,10,,,,,,,
speak_repeat,PP2-ENG-X.60_PP2_English_Super_Master_60,Say out loud clearly: I AM A PP2 ENGLISH SUPER MASTER SIXTY!,speak_e60_1.webp,audio_e60_10.mp3,1,I Am A PP2 English Super Master Sixty,,,,,,I Am A PP2 English Super Master Sixty,,,,,,,
speak_repeat,PP2-ENG-X.60_PP2_English_Super_Master_60,Say out loud clearly: SIXTY MISSIONS OF PP2 ENGLISH SUCCESS!,speak_e60_2.webp,audio_e60_11.mp3,1,Sixty Missions Of PP2 English Success,,,,,,Sixty Missions Of PP2 English Success,,,,,,,
matching,PP2-ENG-X.60_PP2_English_Super_Master_60,Match super master english domains!,,,1,,,,,,,,Phonics,SH,CVC,CAT,Sight word,SEE
matching,PP2-ENG-X.60_PP2_English_Super_Master_60,Match super master symbols!,,,1,,,,,,,,Trophy 🏆,MASTER,Medal 🥇,WINNER,Crown 👑,SUPER MASTER

question_type,lesson_title,prompt,prompt_image,prompt_audio,correct_answer,option_1,option_2,option_3,option_4,count_emoji_or_image,target_count,target_word,pair_1_left,pair_1_right,pair_2_left,pair_2_right,pair_3_left,pair_3_right
multiple_choice,PP2-ENG-X.61_Dinosaur_Phonics_CVC_61,Which dinosaur CVC word belongs to the -at family and meows?,dcv_q1.webp,audio_d61_1.mp3,1,CAT,DOG,PIG,,,1,,,,,,,
multiple_choice,PP2-ENG-X.61_Dinosaur_Phonics_CVC_61,Which dinosaur CVC word belongs to the -an family and drives?,dcv_q2.webp,audio_d61_2.mp3,1,VAN,CAT,BUG,,,1,,,,,,,
multiple_choice,PP2-ENG-X.61_Dinosaur_Phonics_CVC_61,Which dinosaur CVC word belongs to the -ig family and oinks?,dcv_q3.webp,audio_d61_3.mp3,1,PIG,HAT,HOP,,,1,,,,,,,
multiple_choice,PP2-ENG-X.61_Dinosaur_Phonics_CVC_61,Which dinosaur CVC word belongs to the -op family and jumps?,dcv_q4.webp,audio_d61_4.mp3,1,HOP,POP,MAN,,,1,,,,,,,
multiple_choice,PP2-ENG-X.61_Dinosaur_Phonics_CVC_61,Which dinosaur CVC word belongs to the -ug family and crawls?,dcv_q5.webp,audio_d61_5.mp3,1,BUG,RUG,MUG,,,1,,,,,,,
multiple_choice,PP2-ENG-X.61_Dinosaur_Phonics_CVC_61,Three-letter CVC words have a vowel in the...?,dcv_q6.webp,audio_d61_6.mp3,1,MIDDLE,START,END,,,1,,,,,,,
count_objects,PP2-ENG-X.61_Dinosaur_Phonics_CVC_61,Count 4 CVC cats on dinosaur island!,dcv_count1.webp,audio_d61_7.mp3,1,4,2,3,,🐱,4,,,,,,,
count_objects,PP2-ENG-X.61_Dinosaur_Phonics_CVC_61,Count 5 CVC pigs on dinosaur trail!,dcv_count2.webp,audio_d61_8.mp3,1,5,3,4,,🐖,5,,,,,,,
count_objects,PP2-ENG-X.61_Dinosaur_Phonics_CVC_61,Count 3 CVC bugs under dino leaves!,dcv_count3.webp,audio_d61_9.mp3,1,3,1,4,,🐛,3,,,,,,,
speak_repeat,PP2-ENG-X.61_Dinosaur_Phonics_CVC_61,Say out loud clearly: DINOSAUR PHONICS CVC WORD FAMILY CAT DOG PIG BUG!,speak_d61_1.webp,audio_d61_10.mp3,1,Dinosaur Phonics CVC Word Family Cat Dog Pig Bug,,,,,,Dinosaur Phonics CVC Word Family Cat Dog Pig Bug,,,,,,,
speak_repeat,PP2-ENG-X.61_Dinosaur_Phonics_CVC_61,Say out loud clearly: READ THREE LETTER CVC WORDS WITH DINOSAURS!,speak_d61_2.webp,audio_d61_11.mp3,1,Read Three Letter CVC Words With Dinosaurs,,,,,,Read Three Letter CVC Words With Dinosaurs,,,,,,,
matching,PP2-ENG-X.61_Dinosaur_Phonics_CVC_61,Match dinosaur CVC words!,,,1,,,,,,,,Cat 🐱,CAT,Dog 🐶,DOG,Pig 🐖,PIG
matching,PP2-ENG-X.61_Dinosaur_Phonics_CVC_61,Match dino CVC word families!,,,1,,,,,,,,Hop 🐸,-OP,Bug 🐛,-UG,Hen 🐔,-EN
multiple_choice,PP2-ENG-X.62_Dinosaur_Sentence_Building_62,Complete sentence: THE DINO CAN ___.,dsb_q1.webp,audio_d62_1.mp3,1,RUN,HAT,RED,,,1,,,,,,,
multiple_choice,PP2-ENG-X.62_Dinosaur_Sentence_Building_62,Complete sentence: I SEE A ___ DINO.,dsb_q2.webp,audio_d62_2.mp3,1,BIG,FLY,SING,,,1,,,,,,,
multiple_choice,PP2-ENG-X.62_Dinosaur_Sentence_Building_62,Complete sentence: WE CAN GO TO THE ___.,dsb_q3.webp,audio_d62_3.mp3,1,PARK,BLUE,HOP,,,1,,,,,,,
multiple_choice,PP2-ENG-X.62_Dinosaur_Sentence_Building_62,Which word starts a dino sentence with a capital letter?,dsb_q4.webp,audio_d62_4.mp3,1,THE,the,tHE,,,1,,,,,,,
multiple_choice,PP2-ENG-X.62_Dinosaur_Sentence_Building_62,What punctuation mark ends a dino sentence?,dsb_q5.webp,audio_d62_5.mp3,1,PERIOD,COMMA,SPACE,,,1,,,,,,,
multiple_choice,PP2-ENG-X.62_Dinosaur_Sentence_Building_62,Dino sentence building combines words into complete...?,dsb_q6.webp,audio_d62_6.mp3,1,THOUGHTS,LETTERS,NUMBERS,,,1,,,,,,,
count_objects,PP2-ENG-X.62_Dinosaur_Sentence_Building_62,Count 3 dinosaurs running in sentence!,dsb_count1.webp,audio_d62_7.mp3,1,3,2,4,,🦕,3,,,,,,,
count_objects,PP2-ENG-X.62_Dinosaur_Sentence_Building_62,Count 4 sentence cards on dino trail!,dsb_count2.webp,audio_d62_8.mp3,1,4,2,5,,📝,4,,,,,,,
count_objects,PP2-ENG-X.62_Dinosaur_Sentence_Building_62,Count 2 period mark tokens!,dsb_count3.webp,audio_d62_9.mp3,1,2,1,3,,⚫,2,,,,,,,
speak_repeat,PP2-ENG-X.62_Dinosaur_Sentence_Building_62,Say out loud clearly: DINOSAUR SENTENCE BUILDING THE DINO CAN RUN!,speak_d62_1.webp,audio_d62_10.mp3,1,Dinosaur Sentence Building The Dino Can Run,,,,,,Dinosaur Sentence Building The Dino Can Run,,,,,,,
speak_repeat,PP2-ENG-X.62_Dinosaur_Sentence_Building_62,Say out loud clearly: START WITH CAPITAL AND END WITH PERIOD!,speak_d62_2.webp,audio_d62_11.mp3,1,Start With Capital And End With Period,,,,,,Start With Capital And End With Period,,,,,,,
matching,PP2-ENG-X.62_Dinosaur_Sentence_Building_62,Match dino sentence parts!,,,1,,,,,,,,The dino,CAN RUN,I see,A DINO,We can go,TO PARK
matching,PP2-ENG-X.62_Dinosaur_Sentence_Building_62,Match sentence rules!,,,1,,,,,,,,Start,CAPITAL,End,PERIOD,Words,SPACE
multiple_choice,PP2-ENG-X.63_Pirate_Cove_Digraphs_63,Which digraph letters make /sh/ sound in pirate SHIP?,pcd_q1.webp,audio_p63_1.mp3,1,SH,CH,TH,,,1,,,,,,,
multiple_choice,PP2-ENG-X.63_Pirate_Cove_Digraphs_63,Which digraph letters make /ch/ sound in pirate CHIP?,pcd_q2.webp,audio_p63_2.mp3,1,CH,SH,TH,,,1,,,,,,,
multiple_choice,PP2-ENG-X.63_Pirate_Cove_Digraphs_63,Which digraph letters make /th/ sound in pirate PATH?,pcd_q3.webp,audio_p63_3.mp3,1,TH,SH,CH,,,1,,,,,,,
multiple_choice,PP2-ENG-X.63_Pirate_Cove_Digraphs_63,Which swimming animal ends with SH sound?,pcd_q4.webp,audio_p63_4.mp3,1,FISH,CAT,DOG,,,1,,,,,,,
multiple_choice,PP2-ENG-X.63_Pirate_Cove_Digraphs_63,Which seat word ends with CH sound?,pcd_q5.webp,audio_p63_5.mp3,1,BENCH,SHOP,THIN,,,1,,,,,,,
multiple_choice,PP2-ENG-X.63_Pirate_Cove_Digraphs_63,SH, CH, and TH are pirate cove...?,pcd_q6.webp,audio_p63_6.mp3,1,DIGRAPHS,NUMBERS,COLORS,,,1,,,,,,,
count_objects,PP2-ENG-X.63_Pirate_Cove_Digraphs_63,Count 3 pirate ships with SH sound!,pcd_count1.webp,audio_p63_7.mp3,1,3,2,4,,🚢,3,,,,,,,
count_objects,PP2-ENG-X.63_Pirate_Cove_Digraphs_63,Count 4 treasure chips with CH sound!,pcd_count2.webp,audio_p63_8.mp3,1,4,2,5,,🍟,4,,,,,,,
count_objects,PP2-ENG-X.63_Pirate_Cove_Digraphs_63,Count 2 map paths with TH sound!,pcd_count3.webp,audio_p63_9.mp3,1,2,1,3,,🛤️,2,,,,,,,
speak_repeat,PP2-ENG-X.63_Pirate_Cove_Digraphs_63,Say out loud clearly: PIRATE COVE DIGRAPHS SH CH AND TH!,speak_p63_1.webp,audio_p63_10.mp3,1,Pirate Cove Digraphs SH CH And TH,,,,,,Pirate Cove Digraphs SH CH And TH,,,,,,,
speak_repeat,PP2-ENG-X.63_Pirate_Cove_Digraphs_63,Say out loud clearly: SHIP CHIP AND PATH ON PIRATE MAP!,speak_p63_2.webp,audio_p63_11.mp3,1,Ship Chip And Path On Pirate Map,,,,,,Ship Chip And Path On Pirate Map,,,,,,,
matching,PP2-ENG-X.63_Pirate_Cove_Digraphs_63,Match pirate digraph words!,,,1,,,,,,,,Ship 🚢,SH,Chip 🍟,CH,Path 🛤️,TH
matching,PP2-ENG-X.63_Pirate_Cove_Digraphs_63,Match digraph sounds!,,,1,,,,,,,,/sh/,SH,/ch/,CH,/th/,TH
multiple_choice,PP2-ENG-X.64_Pirate_Grammar_Pronouns_64,Which pronoun replaces a male pirate captain?,pgp_q1.webp,audio_p64_1.mp3,1,HE,SHE,THEY,,,1,,,,,,,
multiple_choice,PP2-ENG-X.64_Pirate_Grammar_Pronouns_64,Which pronoun replaces a female pirate?,pgp_q2.webp,audio_p64_2.mp3,1,SHE,HE,IT,,,1,,,,,,,
multiple_choice,PP2-ENG-X.64_Pirate_Grammar_Pronouns_64,Which pronoun replaces a pirate crew?,pgp_q3.webp,audio_p64_3.mp3,1,THEY,HE,SHE,,,1,,,,,,,
multiple_choice,PP2-ENG-X.64_Pirate_Grammar_Pronouns_64,Which pronoun replaces a pirate ship or chest?,pgp_q4.webp,audio_p64_4.mp3,1,IT,HE,SHE,,,1,,,,,,,
multiple_choice,PP2-ENG-X.64_Pirate_Grammar_Pronouns_64,The captain is brave = ___ is brave.,pgp_q5.webp,audio_p64_5.mp3,1,HE,SHE,IT,,,1,,,,,,,
multiple_choice,PP2-ENG-X.64_Pirate_Grammar_Pronouns_64,Pronouns take the place of pirate...?,pgp_q6.webp,audio_p64_6.mp3,1,NOUNS,VERBS,COLORS,,,1,,,,,,,
count_objects,PP2-ENG-X.64_Pirate_Grammar_Pronouns_64,Count 3 male pirates represented by HE!,pgp_count1.webp,audio_p64_7.mp3,1,3,1,4,,🏴‍☠️,3,,,,,,,
count_objects,PP2-ENG-X.64_Pirate_Grammar_Pronouns_64,Count 4 female pirates represented by SHE!,pgp_count2.webp,audio_p64_8.mp3,1,4,2,5,,🏴‍☠️,4,,,,,,,
count_objects,PP2-ENG-X.64_Pirate_Grammar_Pronouns_64,Count 5 crew members represented by THEY!,pgp_count3.webp,audio_p64_9.mp3,1,5,3,4,,🏴‍☠️,5,,,,,,,
speak_repeat,PP2-ENG-X.64_Pirate_Grammar_Pronouns_64,Say out loud clearly: PIRATE PRONOUNS HE SHE THEY AND IT!,speak_p64_1.webp,audio_p64_10.mp3,1,Pirate Pronouns HE SHE THEY And IT,,,,,,Pirate Pronouns HE SHE THEY And IT,,,,,,,
speak_repeat,PP2-ENG-X.64_Pirate_Grammar_Pronouns_64,Say out loud clearly: HE SAILS SHE FINDS THEY WIN!,speak_p64_2.webp,audio_p64_11.mp3,1,He Sails She Finds They Win,,,,,,He Sails She Finds They Win,,,,,,,
matching,PP2-ENG-X.64_Pirate_Grammar_Pronouns_64,Match pirate pronouns to nouns!,,,1,,,,,,,,Captain 🏴‍☠️,HE,Girl Pirate 🏴‍☠️,SHE,Crew 🏴‍☠️,THEY
matching,PP2-ENG-X.64_Pirate_Grammar_Pronouns_64,Match pirate pronouns!,,,1,,,,,,,,Captain,HE,Lady,SHE,Chest,IT
multiple_choice,PP2-ENG-X.65_Space_Sight_Words_65,Find the sight word CAN: I CAN fly rocket.,ssw_q1.webp,audio_s65_1.mp3,1,CAN,SEE,LIKE,,,1,,,,,,,
multiple_choice,PP2-ENG-X.65_Space_Sight_Words_65,Find the sight word SEE: I SEE stars.,ssw_q2.webp,audio_s65_2.mp3,1,SEE,CAN,GO,,,1,,,,,,,
multiple_choice,PP2-ENG-X.65_Space_Sight_Words_65,Find the sight word LIKE: I LIKE space.,ssw_q3.webp,audio_s65_3.mp3,1,LIKE,SEE,WE,,,1,,,,,,,
multiple_choice,PP2-ENG-X.65_Space_Sight_Words_65,Find the sight word GO: We GO to moon.,ssw_q4.webp,audio_s65_4.mp3,1,GO,MY,LIKE,,,1,,,,,,,
multiple_choice,PP2-ENG-X.65_Space_Sight_Words_65,Find the sight word WE: WE are astronauts.,ssw_q5.webp,audio_s65_5.mp3,1,WE,MY,GO,,,1,,,,,,,
multiple_choice,PP2-ENG-X.65_Space_Sight_Words_65,Find the sight word MY: MY red rocket.,ssw_q6.webp,audio_s65_6.mp3,1,MY,WE,CAN,,,1,,,,,,,
count_objects,PP2-ENG-X.65_Space_Sight_Words_65,Count 4 space sight word CAN cards!,ssw_count1.webp,audio_s65_7.mp3,1,4,2,3,,🃏,4,,,,,,,
count_objects,PP2-ENG-X.65_Space_Sight_Words_65,Count 3 space sight word SEE stars!,ssw_count2.webp,audio_s65_8.mp3,1,3,1,5,,⭐,3,,,,,,,
count_objects,PP2-ENG-X.65_Space_Sight_Words_65,Count 5 sight word LIKE rockets!,ssw_count3.webp,audio_s65_9.mp3,1,5,3,4,,🚀,5,,,,,,,
speak_repeat,PP2-ENG-X.65_Space_Sight_Words_65,Say out loud clearly: SPACE SIGHT WORDS LEVEL THREE BOOST CAN SEE LIKE GO WE MY!,speak_s65_1.webp,audio_s65_10.mp3,1,Space Sight Words Level Three Boost CAN SEE LIKE GO WE MY,,,,,,Space Sight Words Level Three Boost CAN SEE LIKE GO WE MY,,,,,,,
speak_repeat,PP2-ENG-X.65_Space_Sight_Words_65,Say out loud clearly: READ SIGHT WORDS IN THE GALAXY!,speak_s65_2.webp,audio_s65_11.mp3,1,Read Sight Words In The Galaxy,,,,,,Read Sight Words In The Galaxy,,,,,,,
matching,PP2-ENG-X.65_Space_Sight_Words_65,Match space sight words!,,,1,,,,,,,,C-A-N,CAN,S-E-E,SEE,L-I-K-E,LIKE
matching,PP2-ENG-X.65_Space_Sight_Words_65,Match more space sight words!,,,1,,,,,,,,G-O,GO,W-E,WE,M-Y,MY
multiple_choice,PP2-ENG-X.66_Space_Prepositions_66,Where is rocket IN the space garage?,sp66_q1.webp,audio_s66_1.mp3,1,IN,ON,UNDER,,,1,,,,,,,
multiple_choice,PP2-ENG-X.66_Space_Prepositions_66,Where is astronaut standing ON the moon?,sp66_q2.webp,audio_s66_2.mp3,1,ON,IN,UNDER,,,1,,,,,,,
multiple_choice,PP2-ENG-X.66_Space_Prepositions_66,Where is planet UNDER the star?,sp66_q3.webp,audio_s66_3.mp3,1,UNDER,IN,ON,,,1,,,,,,,
multiple_choice,PP2-ENG-X.66_Space_Prepositions_66,Where is spaceship hidden BEHIND the cloud?,sp66_q4.webp,audio_s66_4.mp3,1,BEHIND,IN,ON,,,1,,,,,,,
multiple_choice,PP2-ENG-X.66_Space_Prepositions_66,Where is star NEXT TO the moon?,sp66_q5.webp,audio_s66_5.mp3,1,NEXT TO,UNDER,IN,,,1,,,,,,,
multiple_choice,PP2-ENG-X.66_Space_Prepositions_66,Prepositions show space object...?,sp66_q6.webp,audio_s66_6.mp3,1,LOCATION,COLOR,NUMBER,,,1,,,,,,,
count_objects,PP2-ENG-X.66_Space_Prepositions_66,Count 3 rockets IN garage!,sp66_count1.webp,audio_s66_7.mp3,1,3,2,4,,🚀,3,,,,,,,
count_objects,PP2-ENG-X.66_Space_Prepositions_66,Count 4 astronauts ON moon!,sp66_count2.webp,audio_s66_8.mp3,1,4,2,5,,👨‍🚀,4,,,,,,,
count_objects,PP2-ENG-X.66_Space_Prepositions_66,Count 2 stars UNDER planet!,sp66_count3.webp,audio_s66_9.mp3,1,2,1,3,,⭐,2,,,,,,,
speak_repeat,PP2-ENG-X.66_Space_Prepositions_66,Say out loud clearly: SPACE PREPOSITIONS IN ON UNDER BEHIND NEXT TO!,speak_s66_1.webp,audio_s66_10.mp3,1,Space Prepositions IN ON UNDER BEHIND NEXT TO,,,,,,Space Prepositions IN ON UNDER BEHIND NEXT TO,,,,,,,
speak_repeat,PP2-ENG-X.66_Space_Prepositions_66,Say out loud clearly: ROCKET IN GARAGE AND ASTRONAUT ON MOON!,speak_s66_2.webp,audio_s66_11.mp3,1,Rocket In Garage And Astronaut On Moon,,,,,,Rocket In Garage And Astronaut On Moon,,,,,,,
matching,PP2-ENG-X.66_Space_Prepositions_66,Match space prepositions!,,,1,,,,,,,,Inside,IN,Top,ON,Below,UNDER
matching,PP2-ENG-X.66_Space_Prepositions_66,Match space position words!,,,1,,,,,,,,In,IN,On,ON,Behind,BEHIND
multiple_choice,PP2-ENG-X.67_Circus_Phonics_Blending_67,Which letters blend together in circus STOP sign?,cpb_q1.webp,audio_c67_1.mp3,1,ST,SP,SK,,,1,,,,,,,
multiple_choice,PP2-ENG-X.67_Circus_Phonics_Blending_67,Which letters blend together in circus SPOON prop?,cpb_q2.webp,audio_c67_2.mp3,1,SP,ST,SK,,,1,,,,,,,
multiple_choice,PP2-ENG-X.67_Circus_Phonics_Blending_67,Which letters blend together in circus SKY tent?,cpb_q3.webp,audio_c67_3.mp3,1,SK,ST,SP,,,1,,,,,,,
multiple_choice,PP2-ENG-X.67_Circus_Phonics_Blending_67,Which word starts with ST blend and means halt?,cpb_q4.webp,audio_c67_4.mp3,1,STOP,GO,RUN,,,1,,,,,,,
multiple_choice,PP2-ENG-X.67_Circus_Phonics_Blending_67,Which eating utensil starts with SP blend?,cpb_q5.webp,audio_c67_5.mp3,1,SPOON,FORK,CUP,,,1,,,,,,,
multiple_choice,PP2-ENG-X.67_Circus_Phonics_Blending_67,Consonant blends smoothly combine two letter...?,cpb_q6.webp,audio_c67_6.mp3,1,SOUNDS,NUMBERS,COLORS,,,1,,,,,,,
count_objects,PP2-ENG-X.67_Circus_Phonics_Blending_67,Count 3 red STOP signs at circus!,cpb_count1.webp,audio_c67_7.mp3,1,3,2,4,,🛑,3,,,,,,,
count_objects,PP2-ENG-X.67_Circus_Phonics_Blending_67,Count 4 circus spoons with SP blend!,cpb_count2.webp,audio_c67_8.mp3,1,4,2,5,,🥄,4,,,,,,,
count_objects,PP2-ENG-X.67_Circus_Phonics_Blending_67,Count 2 circus sky scenes!,cpb_count3.webp,audio_c67_9.mp3,1,2,1,3,,🌌,2,,,,,,,
speak_repeat,PP2-ENG-X.67_Circus_Phonics_Blending_67,Say out loud clearly: CIRCUS PHONICS CONSONANT BLENDS ST SP AND SK!,speak_c67_1.webp,audio_c67_10.mp3,1,Circus Phonics Consonant Blends ST SP And SK,,,,,,Circus Phonics Consonant Blends ST SP And SK,,,,,,,
speak_repeat,PP2-ENG-X.67_Circus_Phonics_Blending_67,Say out loud clearly: ST FOR STOP SP FOR SPOON SK FOR SKY!,speak_c67_2.webp,audio_c67_11.mp3,1,ST For Stop SP For Spoon SK For Sky,,,,,,ST For Stop SP For Spoon SK For Sky,,,,,,,
matching,PP2-ENG-X.67_Circus_Phonics_Blending_67,Match circus consonant blends!,,,1,,,,,,,,Stop 🛑,ST,Spoon 🥄,SP,Sky 🌌,SK
matching,PP2-ENG-X.67_Circus_Phonics_Blending_67,Match blend words!,,,1,,,,,,,,Stop,STOP,Spoon,SPOON,Sky,SKY
multiple_choice,PP2-ENG-X.68_Circus_Story_Tortoise_Hare_68,Who won the circus race by moving slow and steady?,cst_q1.webp,audio_c68_1.mp3,1,TORTOISE,HARE,CLOWN,,,1,,,,,,,
multiple_choice,PP2-ENG-X.68_Circus_Story_Tortoise_Hare_68,Why did the fast Hare lose the race?,cst_q2.webp,audio_c68_2.mp3,1,FELL ASLEEP,RAN FAST,LOST WAY,,,1,,,,,,,
multiple_choice,PP2-ENG-X.68_Circus_Story_Tortoise_Hare_68,What moral lesson does the story teach us?,cst_q3.webp,audio_c68_3.mp3,1,PERSEVERANCE,LAZINESS,PRIDE,,,1,,,,,,,
multiple_choice,PP2-ENG-X.68_Circus_Story_Tortoise_Hare_68,Slow and steady wins the...?,cst_q4.webp,audio_c68_4.mp3,1,RACE,GAME,TOY,,,1,,,,,,,
multiple_choice,PP2-ENG-X.68_Circus_Story_Tortoise_Hare_68,Never give up even when things seem...?,cst_q5.webp,audio_c68_5.mp3,1,SLOW,FAST,EASY,,,1,,,,,,,
multiple_choice,PP2-ENG-X.68_Circus_Story_Tortoise_Hare_68,The Tortoise showed patience and...?,cst_q6.webp,audio_c68_6.mp3,1,PERSEVERANCE,ANGER,SPEED,,,1,,,,,,,
count_objects,PP2-ENG-X.68_Circus_Story_Tortoise_Hare_68,Count 1 patient Tortoise at circus!,cst_count1.webp,audio_c68_7.mp3,1,1,2,3,,🐢,1,,,,,,,
count_objects,PP2-ENG-X.68_Circus_Story_Tortoise_Hare_68,Count 1 fast Hare at circus!,cst_count2.webp,audio_c68_8.mp3,1,1,2,3,,🐇,1,,,,,,,
count_objects,PP2-ENG-X.68_Circus_Story_Tortoise_Hare_68,Count 3 winner trophies of perseverance!,cst_count3.webp,audio_c68_9.mp3,1,3,1,4,,🏆,3,,,,,,,
speak_repeat,PP2-ENG-X.68_Circus_Story_Tortoise_Hare_68,Say out loud clearly: CIRCUS STORY TORTOISE AND HARE COMPREHENSION!,speak_c68_1.webp,audio_c68_10.mp3,1,Circus Story Tortoise And Hare Comprehension,,,,,,Circus Story Tortoise And Hare Comprehension,,,,,,,
speak_repeat,PP2-ENG-X.68_Circus_Story_Tortoise_Hare_68,Say out loud clearly: SLOW AND STEADY WINS THE RACE!,speak_c68_2.webp,audio_c68_11.mp3,1,Slow And Steady Wins The Race,,,,,,Slow And Steady Wins The Race,,,,,,,
matching,PP2-ENG-X.68_Circus_Story_Tortoise_Hare_68,Match story characters!,,,1,,,,,,,,Tortoise 🐢,STEADY,Hare 🐇,FAST,Trophy 🏆,WINNER
matching,PP2-ENG-X.68_Circus_Story_Tortoise_Hare_68,Match story lessons!,,,1,,,,,,,,Persevere,WIN,Patience,STEADY,Race,RACE
multiple_choice,PP2-ENG-X.69_Superhero_Consonant_Blends_69,Which letters blend together in superhero STOP?,scb69_q1.webp,audio_s69_1.mp3,1,ST,SP,SK,,,1,,,,,,,
multiple_choice,PP2-ENG-X.69_Superhero_Consonant_Blends_69,Which letters blend together in superhero SPOON?,scb69_q2.webp,audio_s69_2.mp3,1,SP,ST,SK,,,1,,,,,,,
multiple_choice,PP2-ENG-X.69_Superhero_Consonant_Blends_69,Which letters blend together in superhero SKY?,scb69_q3.webp,audio_s69_3.mp3,1,SK,ST,SP,,,1,,,,,,,
multiple_choice,PP2-ENG-X.69_Superhero_Consonant_Blends_69,Which word starts with ST blend and means halt?,scb69_q4.webp,audio_s69_4.mp3,1,STOP,GO,RUN,,,1,,,,,,,
multiple_choice,PP2-ENG-X.69_Superhero_Consonant_Blends_69,Which eating utensil starts with SP blend?,scb69_q5.webp,audio_s69_5.mp3,1,SPOON,FORK,CUP,,,1,,,,,,,
multiple_choice,PP2-ENG-X.69_Superhero_Consonant_Blends_69,Blending consonant sounds gives reading...?,scb69_q6.webp,audio_s69_6.mp3,1,POWER,FEAR,NOISE,,,1,,,,,,,
count_objects,PP2-ENG-X.69_Superhero_Consonant_Blends_69,Count 3 red STOP signs for superhero!,scb69_count1.webp,audio_s69_7.mp3,1,3,2,4,,🛑,3,,,,,,,
count_objects,PP2-ENG-X.69_Superhero_Consonant_Blends_69,Count 4 power spoons with SP blend!,scb69_count2.webp,audio_s69_8.mp3,1,4,2,5,,🥄,4,,,,,,,
count_objects,PP2-ENG-X.69_Superhero_Consonant_Blends_69,Count 2 superhero sky scenes!,scb69_count3.webp,audio_s69_9.mp3,1,2,1,3,,🌌,2,,,,,,,
speak_repeat,PP2-ENG-X.69_Superhero_Consonant_Blends_69,Say out loud clearly: SUPERHERO CONSONANT BLENDS ST SP AND SK!,speak_s69_1.webp,audio_s69_10.mp3,1,Superhero Consonant Blends ST SP And SK,,,,,,Superhero Consonant Blends ST SP And SK,,,,,,,
speak_repeat,PP2-ENG-X.69_Superhero_Consonant_Blends_69,Say out loud clearly: ST FOR STOP SP FOR SPOON SK FOR SKY!,speak_s69_2.webp,audio_s69_11.mp3,1,ST For Stop SP For Spoon SK For Sky,,,,,,ST For Stop SP For Spoon SK For Sky,,,,,,,
matching,PP2-ENG-X.69_Superhero_Consonant_Blends_69,Match superhero consonant blends!,,,1,,,,,,,,Stop 🛑,ST,Spoon 🥄,SP,Sky 🌌,SK
matching,PP2-ENG-X.69_Superhero_Consonant_Blends_69,Match blend words!,,,1,,,,,,,,Stop,STOP,Spoon,SPOON,Sky,SKY
multiple_choice,PP2-ENG-X.70_Superhero_Writing_Tracing_70,Trace CVC word for meowing animal: C-A-T makes...?,swt_q1.webp,audio_s70_1.mp3,1,CAT,DOG,PIG,,,1,,,,,,,
multiple_choice,PP2-ENG-X.70_Superhero_Writing_Tracing_70,Trace CVC word for barking animal: D-O-G makes...?,swt_q2.webp,audio_s70_2.mp3,1,DOG,CAT,HAT,,,1,,,,,,,
multiple_choice,PP2-ENG-X.70_Superhero_Writing_Tracing_70,Trace CVC word for pink farm animal: P-I-G makes...?,swt_q3.webp,audio_s70_3.mp3,1,PIG,BUG,HEN,,,1,,,,,,,
multiple_choice,PP2-ENG-X.70_Superhero_Writing_Tracing_70,Trace CVC word for crawling insect: B-U-G makes...?,swt_q4.webp,audio_s70_4.mp3,1,BUG,RUG,MUG,,,1,,,,,,,
multiple_choice,PP2-ENG-X.70_Superhero_Writing_Tracing_70,Trace CVC word for farm bird: H-E-N makes...?,swt_q5.webp,audio_s70_5.mp3,1,HEN,PEN,TEN,,,1,,,,,,,
multiple_choice,PP2-ENG-X.70_Superhero_Writing_Tracing_70,Tracing CVC words builds neat handwriting...?,swt_q6.webp,audio_s70_6.mp3,1,SKILLS,SPEED,NOISE,,,1,,,,,,,
count_objects,PP2-ENG-X.70_Superhero_Writing_Tracing_70,Count 5 tracing pencils!,swt_count1.webp,audio_s70_7.mp3,1,5,3,4,,✏️,5,,,,,,,
count_objects,PP2-ENG-X.70_Superhero_Writing_Tracing_70,Count 4 CVC word tracing slates!,swt_count2.webp,audio_s70_8.mp3,1,4,2,3,,📝,4,,,,,,,
count_objects,PP2-ENG-X.70_Superhero_Writing_Tracing_70,Count 3 handwriting medals!,swt_count3.webp,audio_s70_9.mp3,1,3,1,5,,🥇,3,,,,,,,
speak_repeat,PP2-ENG-X.70_Superhero_Writing_Tracing_70,Say out loud clearly: SUPERHERO WRITING TRACING CVC WORDS!,speak_s70_1.webp,audio_s70_10.mp3,1,Superhero Writing Tracing CVC Words,,,,,,Superhero Writing Tracing CVC Words,,,,,,,
speak_repeat,PP2-ENG-X.70_Superhero_Writing_Tracing_70,Say out loud clearly: TRACE THREE LETTER CVC WORDS WITH SUPERPOWER!,speak_s70_2.webp,audio_s70_11.mp3,1,Trace Three Letter CVC Words With Superpower,,,,,,Trace Three Letter CVC Words With Superpower,,,,,,,
matching,PP2-ENG-X.70_Superhero_Writing_Tracing_70,Match CVC words to pictures!,,,1,,,,,,,,C-A-T,🐱,D-O-G,🐶,P-I-G,🐖
matching,PP2-ENG-X.70_Superhero_Writing_Tracing_70,Match tracing practice!,,,1,,,,,,,,Cat,CAT,Dog,DOG,Bug,BUG
multiple_choice,PP2-ENG-X.71_Underwater_CVC_Words_71,Which CVC word underwater rhymes with CAT?,ucw71_q1.webp,audio_u71_1.mp3,1,HAT,DOG,PIG,,,1,,,,,,,
multiple_choice,PP2-ENG-X.71_Underwater_CVC_Words_71,Which CVC word underwater rhymes with MAN?,ucw71_q2.webp,audio_u71_2.mp3,1,VAN,CAT,BUG,,,1,,,,,,,
multiple_choice,PP2-ENG-X.71_Underwater_CVC_Words_71,Which CVC word underwater rhymes with PIG?,ucw71_q3.webp,audio_u71_3.mp3,1,DIG,HAT,HOP,,,1,,,,,,,
multiple_choice,PP2-ENG-X.71_Underwater_CVC_Words_71,Which CVC word underwater rhymes with HOP?,ucw71_q4.webp,audio_u71_4.mp3,1,POP,MAN,PEN,,,1,,,,,,,
multiple_choice,PP2-ENG-X.71_Underwater_CVC_Words_71,Which CVC word underwater rhymes with BUG?,ucw71_q5.webp,audio_u71_5.mp3,1,RUG,PIG,CAT,,,1,,,,,,,
multiple_choice,PP2-ENG-X.71_Underwater_CVC_Words_71,Which CVC word underwater rhymes with HEN?,ucw71_q6.webp,audio_u71_6.mp3,1,PEN,DOG,RUN,,,1,,,,,,,
count_objects,PP2-ENG-X.71_Underwater_CVC_Words_71,Count 5 CVC word shells underwater!,ucw71_count1.webp,audio_u71_7.mp3,1,5,3,4,,🐚,5,,,,,,,
count_objects,PP2-ENG-X.71_Underwater_CVC_Words_71,Count 3 fish swimming near CVC words!,ucw71_count2.webp,audio_u71_8.mp3,1,3,1,4,,🐠,3,,,,,,,
count_objects,PP2-ENG-X.71_Underwater_CVC_Words_71,Count 2 clam CVC word boxes!,ucw71_count3.webp,audio_u71_9.mp3,1,2,1,3,,🦪,2,,,,,,,
speak_repeat,PP2-ENG-X.71_Underwater_CVC_Words_71,Say out loud clearly: UNDERWATER CVC WORDS RHYMING CAT HAT MAN VAN PIG DIG!,speak_u71_1.webp,audio_u71_10.mp3,1,Underwater CVC Words Rhyming Cat Hat Man Van Pig Dig,,,,,,Underwater CVC Words Rhyming Cat Hat Man Van Pig Dig,,,,,,,
speak_repeat,PP2-ENG-X.71_Underwater_CVC_Words_71,Say out loud clearly: RHYME THREE LETTER CVC WORDS UNDERWATER!,speak_u71_2.webp,audio_u71_11.mp3,1,Rhyme Three Letter CVC Words Underwater,,,,,,Rhyme Three Letter CVC Words Underwater,,,,,,,
matching,PP2-ENG-X.71_Underwater_CVC_Words_71,Match underwater CVC rhyming words!,,,1,,,,,,,,Cat 🐱,HAT,Man 👨,VAN,Pig 🐖,DIG
matching,PP2-ENG-X.71_Underwater_CVC_Words_71,Match more underwater CVC words!,,,1,,,,,,,,Hop 🐸,POP,Bug 🐛,RUG,Hen 🐔,PEN
multiple_choice,PP2-ENG-X.72_Underwater_Question_Words_72,Which question word asks about an underwater PERSON or diver?,uqw_q1.webp,audio_u72_1.mp3,1,WHO,WHAT,WHERE,,,1,,,,,,,
multiple_choice,PP2-ENG-X.72_Underwater_Question_Words_72,Which question word asks about a sea THING or shell?,uqw_q2.webp,audio_u72_2.mp3,1,WHAT,WHO,WHERE,,,1,,,,,,,
multiple_choice,PP2-ENG-X.72_Underwater_Question_Words_72,Which question word asks about an ocean PLACE or reef?,uqw_q3.webp,audio_u72_3.mp3,1,WHERE,WHO,WHAT,,,1,,,,,,,
multiple_choice,PP2-ENG-X.72_Underwater_Question_Words_72,Which question word asks about TIME?,uqw_q4.webp,audio_u72_4.mp3,1,WHEN,WHO,WHAT,,,1,,,,,,,
multiple_choice,PP2-ENG-X.72_Underwater_Question_Words_72,___ is swimming in the reef? Answer: The fish.,uqw_q5.webp,audio_u72_5.mp3,1,WHO,WHAT,WHERE,,,1,,,,,,,
multiple_choice,PP2-ENG-X.72_Underwater_Question_Words_72,___ is the treasure chest? Answer: Under the sea.,uqw_q6.webp,audio_u72_6.mp3,1,WHERE,WHO,WHAT,,,1,,,,,,,
count_objects,PP2-ENG-X.72_Underwater_Question_Words_72,Count 4 question mark bubbles underwater!,uqw_count1.webp,audio_u72_7.mp3,1,4,2,3,,❓,4,,,,,,,
count_objects,PP2-ENG-X.72_Underwater_Question_Words_72,Count 3 WHO question cards!,uqw_count2.webp,audio_u72_8.mp3,1,3,1,5,,❓,3,,,,,,,
count_objects,PP2-ENG-X.72_Underwater_Question_Words_72,Count 2 WHERE question map signs!,uqw_count3.webp,audio_u72_9.mp3,1,2,1,4,,🗺️,2,,,,,,,
speak_repeat,PP2-ENG-X.72_Underwater_Question_Words_72,Say out loud clearly: UNDERWATER QUESTION WORDS WHO WHAT WHERE WHEN!,speak_u72_1.webp,audio_u72_10.mp3,1,Underwater Question Words WHO WHAT WHERE WHEN,,,,,,Underwater Question Words WHO WHAT WHERE WHEN,,,,,,,
speak_repeat,PP2-ENG-X.72_Underwater_Question_Words_72,Say out loud clearly: ASK QUESTIONS TO EXPLORE THE OCEAN REEF!,speak_u72_2.webp,audio_u72_11.mp3,1,Ask Questions To Explore The Ocean Reef,,,,,,Ask Questions To Explore The Ocean Reef,,,,,,,
matching,PP2-ENG-X.72_Underwater_Question_Words_72,Match underwater question words!,,,1,,,,,,,,Diver,WHO,Shell,WHAT,Reef,WHERE
matching,PP2-ENG-X.72_Underwater_Question_Words_72,Match question meanings!,,,1,,,,,,,,Person,WHO,Thing,WHAT,Place,WHERE
multiple_choice,PP2-ENG-X.73_Safari_Plural_Nouns_73,What is the plural form of one safari LION?,spn73_q1.webp,audio_s73_1.mp3,1,LIONS,LION,LIONES,,,1,,,,,,,
multiple_choice,PP2-ENG-X.73_Safari_Plural_Nouns_73,What is the plural form of one safari ZEBRA?,spn73_q2.webp,audio_s73_2.mp3,1,ZEBRAS,ZEBRA,ZEBRAES,,,1,,,,,,,
multiple_choice,PP2-ENG-X.73_Safari_Plural_Nouns_73,What is the plural form of one safari ELEPHANT?,spn73_q3.webp,audio_s73_3.mp3,1,ELEPHANTS,ELEPHANT,ELEPHANTES,,,1,,,,,,,
multiple_choice,PP2-ENG-X.73_Safari_Plural_Nouns_73,What is the plural form of one safari GIRAFFE?,spn73_q4.webp,audio_s73_4.mp3,1,GIRAFFES,GIRAFFE,GIRAFFESES,,,1,,,,,,,
multiple_choice,PP2-ENG-X.73_Safari_Plural_Nouns_73,Adding letter -S to a safari noun means there are...?,spn73_q5.webp,audio_s73_5.mp3,1,MORE THAN ONE,ONLY ONE,NONE,,,1,,,,,,,
multiple_choice,PP2-ENG-X.73_Safari_Plural_Nouns_73,One monkey, two...?,spn73_q6.webp,audio_s73_6.mp3,1,MONKEYS,MONKEY,MONKEYES,,,1,,,,,,,
count_objects,PP2-ENG-X.73_Safari_Plural_Nouns_73,Count 4 plural safari LIONS!,spn73_count1.webp,audio_s73_7.mp3,1,4,2,3,,🦁,4,,,,,,,
count_objects,PP2-ENG-X.73_Safari_Plural_Nouns_73,Count 5 plural safari ZEBRAS!,spn73_count2.webp,audio_s73_8.mp3,1,5,3,4,,🦓,5,,,,,,,
count_objects,PP2-ENG-X.73_Safari_Plural_Nouns_73,Count 3 plural safari ELEPHANTS!,spn73_count3.webp,audio_s73_9.mp3,1,3,1,4,,🐘,3,,,,,,,
speak_repeat,PP2-ENG-X.73_Safari_Plural_Nouns_73,Say out loud clearly: SAFARI PLURAL NOUNS ADDING S LIONS ZEBRAS ELEPHANTS!,speak_s73_1.webp,audio_s73_10.mp3,1,Safari Plural Nouns Adding S Lions Zebras Elephants,,,,,,Safari Plural Nouns Adding S Lions Zebras Elephants,,,,,,,
speak_repeat,PP2-ENG-X.73_Safari_Plural_Nouns_73,Say out loud clearly: ADD S TO MAKE MORE THAN ONE ANIMAL ON SAFARI!,speak_s73_2.webp,audio_s73_11.mp3,1,Add S To Make More Than One Animal On Safari,,,,,,Add S To Make More Than One Animal On Safari,,,,,,,
matching,PP2-ENG-X.73_Safari_Plural_Nouns_73,Match singular and plural safari nouns!,,,1,,,,,,,,One Lion 🦁,LIONS,One Zebra 🦓,ZEBRAS,One Elephant 🐘,ELEPHANTS
matching,PP2-ENG-X.73_Safari_Plural_Nouns_73,Match plural -s words!,,,1,,,,,,,,Lion,LIONS,Zebra,ZEBRAS,Giraffe,GIRAFFES
multiple_choice,PP2-ENG-X.74_Safari_Story_Three_Pigs_74,Which pig built the strong house of bricks in safari story?,s3p_q1.webp,audio_s74_1.mp3,1,THIRD PIG,FIRST PIG,SECOND PIG,,,1,,,,,,,
multiple_choice,PP2-ENG-X.74_Safari_Story_Three_Pigs_74,What bad animal tried to huff and puff houses down?,s3p_q2.webp,audio_s74_2.mp3,1,WOLF,FOX,BEAR,,,1,,,,,,,
multiple_choice,PP2-ENG-X.74_Safari_Story_Three_Pigs_74,Why couldn't the wolf blow down the brick house?,s3p_q3.webp,audio_s74_3.mp3,1,STRONG BRICKS,WEAK STRAW,WOOD,,,1,,,,,,,
multiple_choice,PP2-ENG-X.74_Safari_Story_Three_Pigs_74,What moral lesson does the story teach us?,s3p_q4.webp,audio_s74_4.mp3,1,HARD WORK,LAZINESS,PLAY,,,1,,,,,,,
multiple_choice,PP2-ENG-X.74_Safari_Story_Three_Pigs_74,Working hard keeps us safe and...?,s3p_q5.webp,audio_s74_5.mp3,1,PROTECTED,AFRAID,LOST,,,1,,,,,,,
multiple_choice,PP2-ENG-X.74_Safari_Story_Three_Pigs_74,The third pig showed wisdom and...?,s3p_q6.webp,audio_s74_6.mp3,1,HARD WORK,LAZINESS,FEAR,,,1,,,,,,,
count_objects,PP2-ENG-X.74_Safari_Story_Three_Pigs_74,Count 3 little pigs on safari!,s3p_count1.webp,audio_s74_7.mp3,1,3,2,4,,🐖,3,,,,,,,
count_objects,PP2-ENG-X.74_Safari_Story_Three_Pigs_74,Count 1 wolf in the story!,s3p_count2.webp,audio_s74_8.mp3,1,1,2,3,,🐺,1,,,,,,,
count_objects,PP2-ENG-X.74_Safari_Story_Three_Pigs_74,Count 3 houses made of straw, wood, and brick!,s3p_count3.webp,audio_s74_9.mp3,1,3,2,4,,🛖,3,,,,,,,
speak_repeat,PP2-ENG-X.74_Safari_Story_Three_Pigs_74,Say out loud clearly: SAFARI STORY THREE LITTLE PIGS COMPREHENSION!,speak_s74_1.webp,audio_s74_10.mp3,1,Safari Story Three Little Pigs Comprehension,,,,,,Safari Story Three Little Pigs Comprehension,,,,,,,
speak_repeat,PP2-ENG-X.74_Safari_Story_Three_Pigs_74,Say out loud clearly: HARD WORK BUILDS A STRONG HOUSE OF BRICKS!,speak_s74_2.webp,audio_s74_11.mp3,1,Hard Work Builds A Strong House Of Bricks,,,,,,Hard Work Builds A Strong House Of Bricks,,,,,,,
matching,PP2-ENG-X.74_Safari_Story_Three_Pigs_74,Match house materials!,,,1,,,,,,,,Straw 🌾,WEAK,Wood 🪵,MEDIUM,Brick 🧱,STRONG
matching,PP2-ENG-X.74_Safari_Story_Three_Pigs_74,Match story lessons!,,,1,,,,,,,,Hard work,SAFE,Lazy,WEAK,Brick,STRONG
multiple_choice,PP2-ENG-X.75_Nursery_Rhyme_Digraphs_75,Which digraph in rhyme makes /sh/ sound in SHOP?,nrd_q1.webp,audio_n75_1.mp3,1,SH,CH,TH,,,1,,,,,,,
multiple_choice,PP2-ENG-X.75_Nursery_Rhyme_Digraphs_75,Which digraph in rhyme makes /ch/ sound in CHIP?,nrd_q2.webp,audio_n75_2.mp3,1,CH,SH,TH,,,1,,,,,,,
multiple_choice,PP2-ENG-X.75_Nursery_Rhyme_Digraphs_75,Which digraph in rhyme makes /th/ sound in THIN?,nrd_q3.webp,audio_n75_3.mp3,1,TH,SH,CH,,,1,,,,,,,
multiple_choice,PP2-ENG-X.75_Nursery_Rhyme_Digraphs_75,Which rhyme word ends with SH sound?,nrd_q4.webp,audio_n75_4.mp3,1,FISH,CHIP,PATH,,,1,,,,,,,
multiple_choice,PP2-ENG-X.75_Nursery_Rhyme_Digraphs_75,Which rhyme word ends with CH sound?,nrd_q5.webp,audio_n75_5.mp3,1,BENCH,SHOP,THIN,,,1,,,,,,,
multiple_choice,PP2-ENG-X.75_Nursery_Rhyme_Digraphs_75,Singing digraph rhymes helps us learn...?,nrd_q6.webp,audio_n75_6.mp3,1,SOUNDS,NUMBERS,COLORS,,,1,,,,,,,
count_objects,PP2-ENG-X.75_Nursery_Rhyme_Digraphs_75,Count 5 musical notes in the digraph rhyme!,nrd_count1.webp,audio_n75_7.mp3,1,5,3,4,,🎵,5,,,,,,,
count_objects,PP2-ENG-X.75_Nursery_Rhyme_Digraphs_75,Count 4 digraph sound cards!,nrd_count2.webp,audio_n75_8.mp3,1,4,2,3,,🃏,4,,,,,,,
count_objects,PP2-ENG-X.75_Nursery_Rhyme_Digraphs_75,Count 3 happy kids singing rhymes!,nrd_count3.webp,audio_n75_9.mp3,1,3,1,5,,😃,3,,,,,,,
speak_repeat,PP2-ENG-X.75_Nursery_Rhyme_Digraphs_75,Say out loud clearly: NURSERY RHYME DIGRAPHS SH CH AND TH!,speak_n75_1.webp,audio_n75_10.mp3,1,Nursery Rhyme Digraphs SH CH And TH,,,,,,Nursery Rhyme Digraphs SH CH And TH,,,,,,,
speak_repeat,PP2-ENG-X.75_Nursery_Rhyme_Digraphs_75,Say out loud clearly: SING SH CH AND TH DIGRAPH SONGS WITH JOY!,speak_n75_2.webp,audio_n75_11.mp3,1,Sing SH CH And TH Digraph Songs With Joy,,,,,,Sing SH CH And TH Digraph Songs With Joy,,,,,,,
matching,PP2-ENG-X.75_Nursery_Rhyme_Digraphs_75,Match nursery rhyme digraphs!,,,1,,,,,,,,Shop 🏪,SH,Chip 🍟,CH,Thin 📏,TH
matching,PP2-ENG-X.75_Nursery_Rhyme_Digraphs_75,Match rhyme digraph words!,,,1,,,,,,,,Ship,SHIP,Bench,BENCH,Path,PATH
multiple_choice,PP2-ENG-X.76_Phonics_Blending_Challenge_76,Blend sounds /c/ /a/ /t/ together to make what word?,pbc_q1.webp,audio_p76_1.mp3,1,CAT,DOG,PIG,,,1,,,,,,,
multiple_choice,PP2-ENG-X.76_Phonics_Blending_Challenge_76,Blend sounds /d/ /o/ /g/ together to make what word?,pbc_q2.webp,audio_p76_2.mp3,1,DOG,CAT,HAT,,,1,,,,,,,
multiple_choice,PP2-ENG-X.76_Phonics_Blending_Challenge_76,Blend sounds /p/ /i/ /g/ together to make what word?,pbc_q3.webp,audio_p76_3.mp3,1,PIG,BUG,HEN,,,1,,,,,,,
multiple_choice,PP2-ENG-X.76_Phonics_Blending_Challenge_76,Blend sounds /b/ /u/ /g/ together to make what word?,pbc_q4.webp,audio_p76_4.mp3,1,BUG,RUG,MUG,,,1,,,,,,,
multiple_choice,PP2-ENG-X.76_Phonics_Blending_Challenge_76,Blend sounds /h/ /e/ /n/ together to make what word?,pbc_q5.webp,audio_p76_5.mp3,1,HEN,PEN,TEN,,,1,,,,,,,
multiple_choice,PP2-ENG-X.76_Phonics_Blending_Challenge_76,Blending phonics sounds gives us reading...?,pbc_q6.webp,audio_p76_6.mp3,1,POWER,FEAR,DARK,,,1,,,,,,,
count_objects,PP2-ENG-X.76_Phonics_Blending_Challenge_76,Count 5 phonics blending challenge stars!,pbc_count1.webp,audio_p76_7.mp3,1,5,3,4,,⭐,5,,,,,,,
count_objects,PP2-ENG-X.76_Phonics_Blending_Challenge_76,Count 4 phonics blend cards!,pbc_count2.webp,audio_p76_8.mp3,1,4,2,3,,🃏,4,,,,,,,
count_objects,PP2-ENG-X.76_Phonics_Blending_Challenge_76,Count 3 winner trophies!,pbc_count3.webp,audio_p76_9.mp3,1,3,1,5,,🏆,3,,,,,,,
speak_repeat,PP2-ENG-X.76_Phonics_Blending_Challenge_76,Say out loud clearly: PHONICS BLENDING CHALLENGE CAT DOG PIG BUG HEN!,speak_p76_1.webp,audio_p76_10.mp3,1,Phonics Blending Challenge Cat Dog Pig Bug Hen,,,,,,Phonics Blending Challenge Cat Dog Pig Bug Hen,,,,,,,
speak_repeat,PP2-ENG-X.76_Phonics_Blending_Challenge_76,Say out loud clearly: BLEND THREE LETTER SOUNDS TO READ ANY WORD!,speak_p76_2.webp,audio_p76_11.mp3,1,Blend Three Letter Sounds To Read Any Word,,,,,,Blend Three Letter Sounds To Read Any Word,,,,,,,
matching,PP2-ENG-X.76_Phonics_Blending_Challenge_76,Match blended sounds to words!,,,1,,,,,,,,/c//a//t/,CAT,/d//o//g/,DOG,/p//i//g/,PIG
matching,PP2-ENG-X.76_Phonics_Blending_Challenge_76,Match blend challenge words!,,,1,,,,,,,,/b//u//g/,BUG,/h//e//n/,HEN,/h//o//p/,HOP
multiple_choice,PP2-ENG-X.77_Grammar_Plural_Nouns_Adding_S_77,What is the plural form of one CAT?,gpn_q1.webp,audio_g77_1.mp3,1,CATS,CAT,CATON,,,1,,,,,,,
multiple_choice,PP2-ENG-X.77_Grammar_Plural_Nouns_Adding_S_77,What is the plural form of one DOG?,gpn_q2.webp,audio_g77_2.mp3,1,DOGS,DOG,DOGES,,,1,,,,,,,
multiple_choice,PP2-ENG-X.77_Grammar_Plural_Nouns_Adding_S_77,What is the plural form of one BOOK?,gpn_q3.webp,audio_g77_3.mp3,1,BOOKS,BOOK,BOOKES,,,1,,,,,,,
multiple_choice,PP2-ENG-X.77_Grammar_Plural_Nouns_Adding_S_77,What is the plural form of one PEN?,gpn_q4.webp,audio_g77_4.mp3,1,PENS,PEN,PENES,,,1,,,,,,,
multiple_choice,PP2-ENG-X.77_Grammar_Plural_Nouns_Adding_S_77,Adding letter -S to a noun means there are...?,gpn_q5.webp,audio_g77_5.mp3,1,MORE THAN ONE,ONLY ONE,NONE,,,1,,,,,,,
multiple_choice,PP2-ENG-X.77_Grammar_Plural_Nouns_Adding_S_77,One star, two...?,gpn_q6.webp,audio_g77_6.mp3,1,STARS,STAR,STARES,,,1,,,,,,,
count_objects,PP2-ENG-X.77_Grammar_Plural_Nouns_Adding_S_77,Count 4 plural CATS!,gpn_count1.webp,audio_g77_7.mp3,1,4,2,3,,🐱,4,,,,,,,
count_objects,PP2-ENG-X.77_Grammar_Plural_Nouns_Adding_S_77,Count 5 plural DOGS!,gpn_count2.webp,audio_g77_8.mp3,1,5,3,4,,🐶,5,,,,,,,
count_objects,PP2-ENG-X.77_Grammar_Plural_Nouns_Adding_S_77,Count 3 plural BOOKS!,gpn_count3.webp,audio_g77_9.mp3,1,3,1,4,,📚,3,,,,,,,
speak_repeat,PP2-ENG-X.77_Grammar_Plural_Nouns_Adding_S_77,Say out loud clearly: GRAMMAR PLURAL NOUNS ADDING LETTER S!,speak_g77_1.webp,audio_g77_10.mp3,1,Grammar Plural Nouns Adding Letter S,,,,,,Grammar Plural Nouns Adding Letter S,,,,,,,
speak_repeat,PP2-ENG-X.77_Grammar_Plural_Nouns_Adding_S_77,Say out loud clearly: ADD S TO MAKE MORE THAN ONE IN GRAMMAR!,speak_g77_2.webp,audio_g77_11.mp3,1,Add S To Make More Than One In Grammar,,,,,,Add S To Make More Than One In Grammar,,,,,,,
matching,PP2-ENG-X.77_Grammar_Plural_Nouns_Adding_S_77,Match singular and plural nouns!,,,1,,,,,,,,One Cat 🐱,CATS,One Dog 🐶,DOGS,One Book 📚,BOOKS
matching,PP2-ENG-X.77_Grammar_Plural_Nouns_Adding_S_77,Match plural -s words!,,,1,,,,,,,,Cat,CATS,Dog,DOGS,Pen,PENS
multiple_choice,PP2-ENG-X.78_Prepositions_In_On_Under_78,Where is cat inside box?,pru_q1.webp,audio_p78_1.mp3,1,IN,ON,UNDER,,,1,,,,,,,
multiple_choice,PP2-ENG-X.78_Prepositions_In_On_Under_78,Where is book resting on top of table?,pru_q2.webp,audio_p78_2.mp3,1,ON,IN,UNDER,,,1,,,,,,,
multiple_choice,PP2-ENG-X.78_Prepositions_In_On_Under_78,Where is ball below chair?,pru_q3.webp,audio_p78_3.mp3,1,UNDER,IN,ON,,,1,,,,,,,
multiple_choice,PP2-ENG-X.78_Prepositions_In_On_Under_78,Where is puppy hiding at back of tree?,pru_q4.webp,audio_p78_4.mp3,1,BEHIND,IN,ON,,,1,,,,,,,
multiple_choice,PP2-ENG-X.78_Prepositions_In_On_Under_78,Where is chair placed beside desk?,pru_q5.webp,audio_p78_5.mp3,1,NEXT TO,UNDER,IN,,,1,,,,,,,
multiple_choice,PP2-ENG-X.78_Prepositions_In_On_Under_78,Preposition words tell us location and...?,pru_q6.webp,audio_p78_6.mp3,1,POSITION,ACTION,COLOR,,,1,,,,,,,
count_objects,PP2-ENG-X.78_Prepositions_In_On_Under_78,Count 3 items IN basket!,pru_count1.webp,audio_p78_7.mp3,1,3,2,4,,🧺,3,,,,,,,
count_objects,PP2-ENG-X.78_Prepositions_In_On_Under_78,Count 2 hats ON shelf!,pru_count2.webp,audio_p78_8.mp3,1,2,1,4,,👒,2,,,,,,,
count_objects,PP2-ENG-X.78_Prepositions_In_On_Under_78,Count 4 balls UNDER table!,pru_count3.webp,audio_p78_9.mp3,1,4,2,5,,⚽,4,,,,,,,
speak_repeat,PP2-ENG-X.78_Prepositions_In_On_Under_78,Say out loud clearly: PREPOSITIONS IN ON UNDER BEHIND NEXT TO!,speak_p78_1.webp,audio_p78_10.mp3,1,Prepositions IN ON UNDER BEHIND NEXT TO,,,,,,Prepositions IN ON UNDER BEHIND NEXT TO,,,,,,,
speak_repeat,PP2-ENG-X.78_Prepositions_In_On_Under_78,Say out loud clearly: PREPOSITIONS SHOW WHERE NOUNS ARE LOCATED!,speak_p78_2.webp,audio_p78_11.mp3,1,Prepositions Show Where Nouns Are Located,,,,,,Prepositions Show Where Nouns Are Located,,,,,,,
matching,PP2-ENG-X.78_Prepositions_In_On_Under_78,Match preposition locations!,,,1,,,,,,,,Inside,IN,Top,ON,Below,UNDER
matching,PP2-ENG-X.78_Prepositions_In_On_Under_78,Match preposition words!,,,1,,,,,,,,In,IN,On,ON,Under,UNDER
multiple_choice,PP2-ENG-X.79_Writing_Letter_Tracing_CVC_79,Trace CVC word for meowing animal: C-A-T makes...?,wlt_q1.webp,audio_w79_1.mp3,1,CAT,DOG,PIG,,,1,,,,,,,
multiple_choice,PP2-ENG-X.79_Writing_Letter_Tracing_CVC_79,Trace CVC word for barking animal: D-O-G makes...?,wlt_q2.webp,audio_w79_2.mp3,1,DOG,CAT,HAT,,,1,,,,,,,
multiple_choice,PP2-ENG-X.79_Writing_Letter_Tracing_CVC_79,Trace CVC word for pink farm animal: P-I-G makes...?,wlt_q3.webp,audio_w79_3.mp3,1,PIG,BUG,HEN,,,1,,,,,,,
multiple_choice,PP2-ENG-X.79_Writing_Letter_Tracing_CVC_79,Trace CVC word for crawling insect: B-U-G makes...?,wlt_q4.webp,audio_w79_4.mp3,1,BUG,RUG,MUG,,,1,,,,,,,
multiple_choice,PP2-ENG-X.79_Writing_Letter_Tracing_CVC_79,Trace CVC word for farm bird: H-E-N makes...?,wlt_q5.webp,audio_w79_5.mp3,1,HEN,PEN,TEN,,,1,,,,,,,
multiple_choice,PP2-ENG-X.79_Writing_Letter_Tracing_CVC_79,Tracing CVC words builds neat handwriting...?,wlt_q6.webp,audio_w79_6.mp3,1,SKILLS,SPEED,NOISE,,,1,,,,,,,
count_objects,PP2-ENG-X.79_Writing_Letter_Tracing_CVC_79,Count 5 tracing pencils!,wlt_count1.webp,audio_w79_7.mp3,1,5,3,4,,✏️,5,,,,,,,
count_objects,PP2-ENG-X.79_Writing_Letter_Tracing_CVC_79,Count 4 CVC word tracing slates!,wlt_count2.webp,audio_w79_8.mp3,1,4,2,3,,📝,4,,,,,,,
count_objects,PP2-ENG-X.79_Writing_Letter_Tracing_CVC_79,Count 3 handwriting medals!,wlt_count3.webp,audio_w79_9.mp3,1,3,1,5,,🥇,3,,,,,,,
speak_repeat,PP2-ENG-X.79_Writing_Letter_Tracing_CVC_79,Say out loud clearly: WRITING LETTER TRACING CVC WORDS!,speak_w79_1.webp,audio_w79_10.mp3,1,Writing Letter Tracing CVC Words,,,,,,Writing Letter Tracing CVC Words,,,,,,,
speak_repeat,PP2-ENG-X.79_Writing_Letter_Tracing_CVC_79,Say out loud clearly: TRACE THREE LETTER CVC WORDS NEATLY!,speak_w79_2.webp,audio_w79_11.mp3,1,Trace Three Letter CVC Words Neatly,,,,,,Trace Three Letter CVC Words Neatly,,,,,,,
matching,PP2-ENG-X.79_Writing_Letter_Tracing_CVC_79,Match CVC words to pictures!,,,1,,,,,,,,C-A-T,🐱,D-O-G,🐶,P-I-G,🐖
matching,PP2-ENG-X.79_Writing_Letter_Tracing_CVC_79,Match tracing practice!,,,1,,,,,,,,Cat,CAT,Dog,DOG,Bug,BUG
multiple_choice,PP2-ENG-X.80_PP2_English_Century_Master_80,Which CVC word belongs to the -at family at Century 80?,ecm80_q1.webp,audio_e80_1.mp3,1,CAT,PIG,BUG,,,1,,,,,,,
multiple_choice,PP2-ENG-X.80_PP2_English_Century_Master_80,Which digraph makes the /sh/ sound in SHIP?,ecm80_q2.webp,audio_e80_2.mp3,1,SH,CH,TH,,,1,,,,,,,
multiple_choice,PP2-ENG-X.80_PP2_English_Century_Master_80,Which sight word completes: I ___ a red car?,ecm80_q3.webp,audio_e80_3.mp3,1,SEE,GO,WE,,,1,,,,,,,
multiple_choice,PP2-ENG-X.80_PP2_English_Century_Master_80,Which plural noun adds -s to CAT?,ecm80_q4.webp,audio_e80_4.mp3,1,CATS,CAT,CATON,,,1,,,,,,,
multiple_choice,PP2-ENG-X.80_PP2_English_Century_Master_80,Which pronoun replaces a boy's name?,ecm80_q5.webp,audio_e80_5.mp3,1,HE,SHE,THEY,,,1,,,,,,,
multiple_choice,PP2-ENG-X.80_PP2_English_Century_Master_80,What milestone level is reached at Mission 80?,ecm80_q6.webp,audio_e80_6.mp3,1,CENTURY MASTER,BEGINNER,STARTER,,,1,,,,,,,
count_objects,PP2-ENG-X.80_PP2_English_Century_Master_80,Count 20 century master star trophies!,ecm80_count1.webp,audio_e80_7.mp3,1,20,18,19,,🏆,20,,,,,,,
count_objects,PP2-ENG-X.80_PP2_English_Century_Master_80,Count 15 century master medals!,ecm80_count2.webp,audio_e80_8.mp3,1,15,12,18,,🥇,15,,,,,,,
count_objects,PP2-ENG-X.80_PP2_English_Century_Master_80,Count 10 century master crowns!,ecm80_count3.webp,audio_e80_9.mp3,1,10,8,12,,👑,10,,,,,,,
speak_repeat,PP2-ENG-X.80_PP2_English_Century_Master_80,Say out loud clearly: I AM A PP2 ENGLISH CENTURY MASTER EIGHTY!,speak_e80_1.webp,audio_e80_10.mp3,1,I Am A PP2 English Century Master Eighty,,,,,,I Am A PP2 English Century Master Eighty,,,,,,,
speak_repeat,PP2-ENG-X.80_PP2_English_Century_Master_80,Say out loud clearly: EIGHTY MISSIONS OF PP2 ENGLISH SUCCESS!,speak_e80_2.webp,audio_e80_11.mp3,1,Eighty Missions Of PP2 English Success,,,,,,Eighty Missions Of PP2 English Success,,,,,,,
matching,PP2-ENG-X.80_PP2_English_Century_Master_80,Match century english domains!,,,1,,,,,,,,Phonics,SH,CVC,CAT,Sight word,SEE
matching,PP2-ENG-X.80_PP2_English_Century_Master_80,Match century master symbols!,,,1,,,,,,,,Trophy 🏆,MASTER,Medal 🥇,WINNER,Crown 👑,CENTURY
multiple_choice,PP2-ENG-X.81_Dinosaur_Phonics_AT_Family_81,Which dinosaur CVC word belongs to the -at family and meows?,dat81_q1.webp,audio_d81_1.mp3,1,CAT,DOG,PIG,,,1,,,,,,,
multiple_choice,PP2-ENG-X.81_Dinosaur_Phonics_AT_Family_81,Which dinosaur CVC word belongs to -at family and wears on head?,dat81_q2.webp,audio_d81_2.mp3,1,HAT,VAN,MOP,,,1,,,,,,,
multiple_choice,PP2-ENG-X.81_Dinosaur_Phonics_AT_Family_81,Spell the -at family word for a floor mat on dino island!,dat81_q3.webp,audio_d81_3.mp3,1,MAT,BAT,RAT,,,1,,,,,,,
multiple_choice,PP2-ENG-X.81_Dinosaur_Phonics_AT_Family_81,Which flying creature belongs to the -at family?,dat81_q4.webp,audio_d81_4.mp3,1,BAT,BUG,PEN,,,1,,,,,,,
multiple_choice,PP2-ENG-X.81_Dinosaur_Phonics_AT_Family_81,Which small rodent belongs to the -at family?,dat81_q5.webp,audio_d81_5.mp3,1,RAT,FOX,HEN,,,1,,,,,,,
multiple_choice,PP2-ENG-X.81_Dinosaur_Phonics_AT_Family_81,Cat, Hat, Mat, and Bat all end with...?,dat81_q6.webp,audio_d81_6.mp3,1,-AT,-AN,-IG,,,1,,,,,,,
count_objects,PP2-ENG-X.81_Dinosaur_Phonics_AT_Family_81,Count 4 friendly cats on dino safari!,dat81_count1.webp,audio_d81_7.mp3,1,4,2,3,,🐱,4,,,,,,,
count_objects,PP2-ENG-X.81_Dinosaur_Phonics_AT_Family_81,Count 3 hats on dino tracks!,dat81_count2.webp,audio_d81_8.mp3,1,3,1,5,,👒,3,,,,,,,
count_objects,PP2-ENG-X.81_Dinosaur_Phonics_AT_Family_81,Count 5 flying bats over dino nest!,dat81_count3.webp,audio_d81_9.mp3,1,5,3,4,,🦇,5,,,,,,,
speak_repeat,PP2-ENG-X.81_Dinosaur_Phonics_AT_Family_81,Say out loud clearly: DINOSAUR PHONICS AT FAMILY CAT HAT MAT BAT RAT!,speak_d81_1.webp,audio_d81_10.mp3,1,Dinosaur Phonics AT Family Cat Hat Mat Bat Rat,,,,,,Dinosaur Phonics AT Family Cat Hat Mat Bat Rat,,,,,,,
speak_repeat,PP2-ENG-X.81_Dinosaur_Phonics_AT_Family_81,Say out loud clearly: READ THREE LETTER AT WORDS ON DINOSAUR SAFARI!,speak_d81_2.webp,audio_d81_11.mp3,1,Read Three Letter AT Words On Dinosaur Safari,,,,,,Read Three Letter AT Words On Dinosaur Safari,,,,,,,
matching,PP2-ENG-X.81_Dinosaur_Phonics_AT_Family_81,Match dino -at family rhyming words!,,,1,,,,,,,,Cat 🐱,HAT,Mat 🪵,BAT,Rat 🐀,RAT
matching,PP2-ENG-X.81_Dinosaur_Phonics_AT_Family_81,Match dino -at words to pictures!,,,1,,,,,,,,Cat,🐱,Hat,👒,Bat,🦇
multiple_choice,PP2-ENG-X.82_Dinosaur_CVC_Blends_82,Which blend starts the word STOP on dino trail?,dcb82_q1.webp,audio_d82_1.mp3,1,ST,SP,SK,,,1,,,,,,,
multiple_choice,PP2-ENG-X.82_Dinosaur_CVC_Blends_82,Which blend starts the word SPOON on dino island?,dcb82_q2.webp,audio_d82_2.mp3,1,SP,ST,SK,,,1,,,,,,,
multiple_choice,PP2-ENG-X.82_Dinosaur_CVC_Blends_82,Which blend starts the word SKY over dino nest?,dcb82_q3.webp,audio_d82_3.mp3,1,SK,ST,SP,,,1,,,,,,,
multiple_choice,PP2-ENG-X.82_Dinosaur_CVC_Blends_82,ST, SP, and SK are consonant...?,dcb82_q4.webp,audio_d82_4.mp3,1,BLENDS,DIGRAPHS,VOWELS,,,1,,,,,,,
multiple_choice,PP2-ENG-X.82_Dinosaur_CVC_Blends_82,Blending two consonants makes reading...?,dcb82_q5.webp,audio_d82_5.mp3,1,POWER,FEAR,DARK,,,1,,,,,,,
multiple_choice,PP2-ENG-X.82_Dinosaur_CVC_Blends_82,Which word starts with ST blend and means halt?,dcb82_q6.webp,audio_d82_6.mp3,1,STOP,GO,RUN,,,1,,,,,,,
count_objects,PP2-ENG-X.82_Dinosaur_CVC_Blends_82,Count 3 red STOP signs on dino track!,dcb82_count1.webp,audio_d82_7.mp3,1,3,2,4,,🛑,3,,,,,,,
count_objects,PP2-ENG-X.82_Dinosaur_CVC_Blends_82,Count 4 eating spoons with SP blend!,dcb82_count2.webp,audio_d82_8.mp3,1,4,2,5,,🥄,4,,,,,,,
count_objects,PP2-ENG-X.82_Dinosaur_CVC_Blends_82,Count 2 starry sky scenes!,dcb82_count3.webp,audio_d82_9.mp3,1,2,1,3,,🌌,2,,,,,,,
speak_repeat,PP2-ENG-X.82_Dinosaur_CVC_Blends_82,Say out loud clearly: DINOSAUR CVC CONSONANT BLENDS ST SP AND SK!,speak_d82_1.webp,audio_d82_10.mp3,1,Dinosaur CVC Consonant Blends ST SP And SK,,,,,,Dinosaur CVC Consonant Blends ST SP And SK,,,,,,,
speak_repeat,PP2-ENG-X.82_Dinosaur_CVC_Blends_82,Say out loud clearly: ST FOR STOP SP FOR SPOON SK FOR SKY!,speak_d82_2.webp,audio_d82_11.mp3,1,ST For Stop SP For Spoon SK For Sky,,,,,,ST For Stop SP For Spoon SK For Sky,,,,,,,
matching,PP2-ENG-X.82_Dinosaur_CVC_Blends_82,Match dino consonant blends!,,,1,,,,,,,,Stop 🛑,ST,Spoon 🥄,SP,Sky 🌌,SK
matching,PP2-ENG-X.82_Dinosaur_CVC_Blends_82,Match blend words!,,,1,,,,,,,,Stop,STOP,Spoon,SPOON,Sky,SKY
multiple_choice,PP2-ENG-X.83_Pirate_Cove_SH_Digraph_83,Which digraph letters make /sh/ sound in pirate cove?,psh83_q1.webp,audio_p83_1.mp3,1,SH,CH,TH,,,1,,,,,,,
multiple_choice,PP2-ENG-X.83_Pirate_Cove_SH_Digraph_83,Which word starts with SH sound and sells goods?,psh83_q2.webp,audio_p83_2.mp3,1,SHOP,CHIP,THIN,,,1,,,,,,,
multiple_choice,PP2-ENG-X.83_Pirate_Cove_SH_Digraph_83,Which large boat word starts with SH?,psh83_q3.webp,audio_p83_3.mp3,1,SHIP,BOAT,VAN,,,1,,,,,,,
multiple_choice,PP2-ENG-X.83_Pirate_Cove_SH_Digraph_83,Which swimming animal ends with SH sound?,psh83_q4.webp,audio_p83_4.mp3,1,FISH,CAT,DOG,,,1,,,,,,,
multiple_choice,PP2-ENG-X.83_Pirate_Cove_SH_Digraph_83,Which sea object starts with SH sound?,psh83_q5.webp,audio_p83_5.mp3,1,SHELL,ROCK,SAND,,,1,,,,,,,
multiple_choice,PP2-ENG-X.83_Pirate_Cove_SH_Digraph_83,SH makes the quiet hushing sound...?,psh83_q6.webp,audio_p83_6.mp3,1,/SH/,/CH/,/TH/,,,1,,,,,,,
count_objects,PP2-ENG-X.83_Pirate_Cove_SH_Digraph_83,Count 3 big pirate ships sailing!,psh83_count1.webp,audio_p83_7.mp3,1,3,2,4,,🚢,3,,,,,,,
count_objects,PP2-ENG-X.83_Pirate_Cove_SH_Digraph_83,Count 5 swimming fish with SH sound!,psh83_count2.webp,audio_p83_8.mp3,1,5,3,4,,🐟,5,,,,,,,
count_objects,PP2-ENG-X.83_Pirate_Cove_SH_Digraph_83,Count 4 sea shells on pirate beach!,psh83_count3.webp,audio_p83_9.mp3,1,4,2,5,,🐚,4,,,,,,,
speak_repeat,PP2-ENG-X.83_Pirate_Cove_SH_Digraph_83,Say out loud clearly: PIRATE COVE SH DIGRAPH HUNT SHOP SHIP FISH!,speak_p83_1.webp,audio_p83_10.mp3,1,Pirate Cove SH Digraph Hunt Shop Ship Fish,,,,,,Pirate Cove SH Digraph Hunt Shop Ship Fish,,,,,,,
speak_repeat,PP2-ENG-X.83_Pirate_Cove_SH_Digraph_83,Say out loud clearly: SH SAYS /sh/ ON THE PIRATE SHIP!,speak_p83_2.webp,audio_p83_11.mp3,1,SH Says /sh/ On The Pirate Ship,,,,,,SH Says /sh/ On The Pirate Ship,,,,,,,
matching,PP2-ENG-X.83_Pirate_Cove_SH_Digraph_83,Match pirate SH digraph words!,,,1,,,,,,,,Shop 🏪,SHOP,Ship 🚢,SHIP,Fish 🐟,FISH
matching,PP2-ENG-X.83_Pirate_Cove_SH_Digraph_83,Match SH digraph pictures!,,,1,,,,,,,,Ship,🚢,Fish,🐟,Shell,🐚
multiple_choice,PP2-ENG-X.84_Pirate_Sight_Words_84,Find the sight word CAN on pirate map: I CAN find gold.,psw84_q1.webp,audio_p84_1.mp3,1,CAN,SEE,LIKE,,,1,,,,,,,
multiple_choice,PP2-ENG-X.84_Pirate_Sight_Words_84,Find the sight word SEE on pirate map: I SEE treasure.,psw84_q2.webp,audio_p84_2.mp3,1,SEE,CAN,GO,,,1,,,,,,,
multiple_choice,PP2-ENG-X.84_Pirate_Sight_Words_84,Find the sight word LIKE: I LIKE gold coins.,psw84_q3.webp,audio_p84_3.mp3,1,LIKE,SEE,WE,,,1,,,,,,,
multiple_choice,PP2-ENG-X.84_Pirate_Sight_Words_84,Find the sight word GO: We GO on ship.,psw84_q4.webp,audio_p84_4.mp3,1,GO,MY,LIKE,,,1,,,,,,,
multiple_choice,PP2-ENG-X.84_Pirate_Sight_Words_84,Find the sight word WE: WE sail sea.,psw84_q5.webp,audio_p84_5.mp3,1,WE,MY,GO,,,1,,,,,,,
multiple_choice,PP2-ENG-X.84_Pirate_Sight_Words_84,Find the sight word MY: MY treasure chest.,psw84_q6.webp,audio_p84_6.mp3,1,MY,WE,CAN,,,1,,,,,,,
count_objects,PP2-ENG-X.84_Pirate_Sight_Words_84,Count 4 pirate sight word CAN cards!,psw84_count1.webp,audio_p84_7.mp3,1,4,2,3,,🃏,4,,,,,,,
count_objects,PP2-ENG-X.84_Pirate_Sight_Words_84,Count 3 pirate sight word SEE maps!,psw84_count2.webp,audio_p84_8.mp3,1,3,1,5,,🗺️,3,,,,,,,
count_objects,PP2-ENG-X.84_Pirate_Sight_Words_84,Count 5 sight word LIKE coins!,psw84_count3.webp,audio_p84_9.mp3,1,5,3,4,,🪙,5,,,,,,,
speak_repeat,PP2-ENG-X.84_Pirate_Sight_Words_84,Say out loud clearly: PIRATE SIGHT WORDS TREASURE CAN SEE LIKE GO WE MY!,speak_p84_1.webp,audio_p84_10.mp3,1,Pirate Sight Words Treasure CAN SEE LIKE GO WE MY,,,,,,Pirate Sight Words Treasure CAN SEE LIKE GO WE MY,,,,,,,
speak_repeat,PP2-ENG-X.84_Pirate_Sight_Words_84,Say out loud clearly: READ SIGHT WORDS TO FIND PIRATE TREASURE!,speak_p84_2.webp,audio_p84_11.mp3,1,Read Sight Words To Find Pirate Treasure,,,,,,Read Sight Words To Find Pirate Treasure,,,,,,,
matching,PP2-ENG-X.84_Pirate_Sight_Words_84,Match pirate sight words!,,,1,,,,,,,,C-A-N,CAN,S-E-E,SEE,L-I-K-E,LIKE
matching,PP2-ENG-X.84_Pirate_Sight_Words_84,Match more pirate sight words!,,,1,,,,,,,,G-O,GO,W-E,WE,M-Y,MY
multiple_choice,PP2-ENG-X.85_Space_CH_Digraph_85,Which digraph letters make /ch/ sound in space?,sch85_q1.webp,audio_s85_1.mp3,1,CH,SH,TH,,,1,,,,,,,
multiple_choice,PP2-ENG-X.85_Space_CH_Digraph_85,Which snack word starts with CH in space?,sch85_q2.webp,audio_s85_2.mp3,1,CHIP,SHOP,THIN,,,1,,,,,,,
multiple_choice,PP2-ENG-X.85_Space_CH_Digraph_85,Which seat word ends with CH sound?,sch85_q3.webp,audio_s85_3.mp3,1,BENCH,CHAIR,DESK,,,1,,,,,,,
multiple_choice,PP2-ENG-X.85_Space_CH_Digraph_85,Which seat word starts with CH sound on ship?,sch85_q4.webp,audio_s85_4.mp3,1,CHAIR,BENCH,TABLE,,,1,,,,,,,
multiple_choice,PP2-ENG-X.85_Space_CH_Digraph_85,Which action word for cutting wood starts with CH?,sch85_q5.webp,audio_s85_5.mp3,1,CHOP,CUT,RUN,,,1,,,,,,,
multiple_choice,PP2-ENG-X.85_Space_CH_Digraph_85,Which face part below mouth starts with CH?,sch85_q6.webp,audio_s85_6.mp3,1,CHIN,NOSE,EYE,,,1,,,,,,,
count_objects,PP2-ENG-X.85_Space_CH_Digraph_85,Count 4 space chips with CH sound!,sch85_count1.webp,audio_s85_7.mp3,1,4,2,5,,🍟,4,,,,,,,
count_objects,PP2-ENG-X.85_Space_CH_Digraph_85,Count 2 space benches!,sch85_count2.webp,audio_s85_8.mp3,1,2,1,3,,🪑,2,,,,,,,
count_objects,PP2-ENG-X.85_Space_CH_Digraph_85,Count 3 astronaut chairs!,sch85_count3.webp,audio_s85_9.mp3,1,3,2,4,,🪑,3,,,,,,,
speak_repeat,PP2-ENG-X.85_Space_CH_Digraph_85,Say out loud clearly: SPACE CH DIGRAPH SEARCH CHIP CHAIR BENCH!,speak_s85_1.webp,audio_s85_10.mp3,1,Space CH Digraph Search Chip Chair Bench,,,,,,Space CH Digraph Search Chip Chair Bench,,,,,,,
speak_repeat,PP2-ENG-X.85_Space_CH_Digraph_85,Say out loud clearly: CH SAYS /ch/ IN THE SPACE GALAXY!,speak_s85_2.webp,audio_s85_11.mp3,1,CH Says /ch/ In The Space Galaxy,,,,,,CH Says /ch/ In The Space Galaxy,,,,,,,
matching,PP2-ENG-X.85_Space_CH_Digraph_85,Match space CH digraph words!,,,1,,,,,,,,Chip 🍟,CHIP,Chair 🪑,CHAIR,Bench 🪑,BENCH
matching,PP2-ENG-X.85_Space_CH_Digraph_85,Match CH digraph pictures!,,,1,,,,,,,,Chip,🍟,Chair,🪑,Bench,🪑
multiple_choice,PP2-ENG-X.86_Space_Sentence_Building_86,Complete space sentence: THE ROCKET CAN ___.,ssb86_q1.webp,audio_s86_1.mp3,1,FLY,HAT,RED,,,1,,,,,,,
multiple_choice,PP2-ENG-X.86_Space_Sentence_Building_86,Complete space sentence: I SEE A ___.,ssb86_q2.webp,audio_s86_2.mp3,1,STAR,RUN,HOP,,,1,,,,,,,
multiple_choice,PP2-ENG-X.86_Space_Sentence_Building_86,Complete space sentence: WE CAN GO TO THE ___.,ssb86_q3.webp,audio_s86_3.mp3,1,MOON,SING,JUMP,,,1,,,,,,,
multiple_choice,PP2-ENG-X.86_Space_Sentence_Building_86,Which capital word starts a space sentence?,ssb86_q4.webp,audio_s86_4.mp3,1,THE,the,tHE,,,1,,,,,,,
multiple_choice,PP2-ENG-X.86_Space_Sentence_Building_86,What mark ends a space sentence?,ssb86_q5.webp,audio_s86_5.mp3,1,PERIOD,COMMA,SPACE,,,1,,,,,,,
multiple_choice,PP2-ENG-X.86_Space_Sentence_Building_86,Building sentences combines words into complete...?,ssb86_q6.webp,audio_s86_6.mp3,1,THOUGHTS,LETTERS,NUMBERS,,,1,,,,,,,
count_objects,PP2-ENG-X.86_Space_Sentence_Building_86,Count 3 space rockets flying high!,ssb86_count1.webp,audio_s86_7.mp3,1,3,2,4,,🚀,3,,,,,,,
count_objects,PP2-ENG-X.86_Space_Sentence_Building_86,Count 5 starry sentence cards!,ssb86_count2.webp,audio_s86_8.mp3,1,5,3,4,,📝,5,,,,,,,
count_objects,PP2-ENG-X.86_Space_Sentence_Building_86,Count 2 moon sentence targets!,ssb86_count3.webp,audio_s86_9.mp3,1,2,1,3,,🌙,2,,,,,,,
speak_repeat,PP2-ENG-X.86_Space_Sentence_Building_86,Say out loud clearly: SPACE SENTENCE BUILDING THE ROCKET CAN FLY!,speak_s86_1.webp,audio_s86_10.mp3,1,Space Sentence Building The Rocket Can Fly,,,,,,Space Sentence Building The Rocket Can Fly,,,,,,,
speak_repeat,PP2-ENG-X.86_Space_Sentence_Building_86,Say out loud clearly: BUILD STARRY SENTENCES IN THE GALAXY!,speak_s86_2.webp,audio_s86_11.mp3,1,Build Starry Sentences In The Galaxy,,,,,,Build Starry Sentences In The Galaxy,,,,,,,
matching,PP2-ENG-X.86_Space_Sentence_Building_86,Match space sentence parts!,,,1,,,,,,,,The rocket,CAN FLY,I see,A STAR,We can go,TO MOON
matching,PP2-ENG-X.86_Space_Sentence_Building_86,Match space sentence rules!,,,1,,,,,,,,Start,CAPITAL,End,PERIOD,Words,SPACE
multiple_choice,PP2-ENG-X.87_Circus_TH_Digraph_87,Which digraph letters make /th/ sound in circus juggle?,ctj87_q1.webp,audio_c87_1.mp3,1,TH,SH,CH,,,1,,,,,,,
multiple_choice,PP2-ENG-X.87_Circus_TH_Digraph_87,Which opposite of fat starts with TH in clown juggle?,ctj87_q2.webp,audio_c87_2.mp3,1,THIN,FAT,BIG,,,1,,,,,,,
multiple_choice,PP2-ENG-X.87_Circus_TH_Digraph_87,Which opposite of thin starts with TH in clown juggle?,ctj87_q3.webp,audio_c87_3.mp3,1,THICK,SLIM,SMALL,,,1,,,,,,,
multiple_choice,PP2-ENG-X.87_Circus_TH_Digraph_87,Which walking trail word ends with TH sound?,ctj87_q4.webp,audio_c87_4.mp3,1,PATH,ROAD,WAY,,,1,,,,,,,
multiple_choice,PP2-ENG-X.87_Circus_TH_Digraph_87,Which washing tub word ends with TH sound?,ctj87_q5.webp,audio_c87_5.mp3,1,BATH,TUB,POND,,,1,,,,,,,
multiple_choice,PP2-ENG-X.87_Circus_TH_Digraph_87,Which night insect ends with TH sound?,ctj87_q6.webp,audio_c87_6.mp3,1,MOTH,BUG,FLY,,,1,,,,,,,
count_objects,PP2-ENG-X.87_Circus_TH_Digraph_87,Count 6 juggling TH digraph balls!,ctj87_count1.webp,audio_c87_7.mp3,1,6,3,5,,🤹,6,,,,,,,
count_objects,PP2-ENG-X.87_Circus_TH_Digraph_87,Count 3 walking paths on circus map!,ctj87_count2.webp,audio_c87_8.mp3,1,3,1,4,,🛤️,3,,,,,,,
count_objects,PP2-ENG-X.87_Circus_TH_Digraph_87,Count 4 circus moths flying!,ctj87_count3.webp,audio_c87_9.mp3,1,4,2,5,,🦋,4,,,,,,,
speak_repeat,PP2-ENG-X.87_Circus_TH_Digraph_87,Say out loud clearly: CIRCUS TH DIGRAPH JUGGLE THIN THICK PATH!,speak_c87_1.webp,audio_c87_10.mp3,1,Circus TH Digraph Juggle Thin Thick Path,,,,,,Circus TH Digraph Juggle Thin Thick Path,,,,,,,
speak_repeat,PP2-ENG-X.87_Circus_TH_Digraph_87,Say out loud clearly: TH SAYS /th/ IN THE CIRCUS JUGGLE!,speak_c87_2.webp,audio_c87_11.mp3,1,TH Says /th/ In The Circus Juggle,,,,,,TH Says /th/ In The Circus Juggle,,,,,,,
matching,PP2-ENG-X.87_Circus_TH_Digraph_87,Match circus TH digraph words!,,,1,,,,,,,,Thin 📏,THIN,Path 🛤️,PATH,Moth 🦋,MOTH
matching,PP2-ENG-X.87_Circus_TH_Digraph_87,Match TH digraph pictures!,,,1,,,,,,,,Thin,📏,Path,🛤️,Moth,🦋
multiple_choice,PP2-ENG-X.88_Circus_Plural_Nouns_88,What is the plural form of one CAT at circus?,cpn88_q1.webp,audio_c88_1.mp3,1,CATS,CAT,CATON,,,1,,,,,,,
multiple_choice,PP2-ENG-X.88_Circus_Plural_Nouns_88,What is the plural form of one DOG at circus?,cpn88_q2.webp,audio_c88_2.mp3,1,DOGS,DOG,DOGES,,,1,,,,,,,
multiple_choice,PP2-ENG-X.88_Circus_Plural_Nouns_88,What is the plural form of one BOOK at circus?,cpn88_q3.webp,audio_c88_3.mp3,1,BOOKS,BOOK,BOOKES,,,1,,,,,,,
multiple_choice,PP2-ENG-X.88_Circus_Plural_Nouns_88,What is the plural form of one PEN at circus?,cpn88_q4.webp,audio_c88_4.mp3,1,PENS,PEN,PENES,,,1,,,,,,,
multiple_choice,PP2-ENG-X.88_Circus_Plural_Nouns_88,Adding letter -S to a noun means there are...?,cpn88_q5.webp,audio_c88_5.mp3,1,MORE THAN ONE,ONLY ONE,NONE,,,1,,,,,,,
multiple_choice,PP2-ENG-X.88_Circus_Plural_Nouns_88,One circus hat, two...?,cpn88_q6.webp,audio_c88_6.mp3,1,HATS,HAT,HATES,,,1,,,,,,,
count_objects,PP2-ENG-X.88_Circus_Plural_Nouns_88,Count 4 plural circus CATS!,cpn88_count1.webp,audio_c88_7.mp3,1,4,2,3,,🐱,4,,,,,,,
count_objects,PP2-ENG-X.88_Circus_Plural_Nouns_88,Count 5 plural circus DOGS!,cpn88_count2.webp,audio_c88_8.mp3,1,5,3,4,,🐶,5,,,,,,,
count_objects,PP2-ENG-X.88_Circus_Plural_Nouns_88,Count 3 plural circus HATS!,cpn88_count3.webp,audio_c88_9.mp3,1,3,1,4,,🎪,3,,,,,,,
speak_repeat,PP2-ENG-X.88_Circus_Plural_Nouns_88,Say out loud clearly: CIRCUS PLURAL NOUNS ADDING S CATS DOGS BOOKS HATS!,speak_c88_1.webp,audio_c88_10.mp3,1,Circus Plural Nouns Adding S Cats Dogs Books Hats,,,,,,Circus Plural Nouns Adding S Cats Dogs Books Hats,,,,,,,
speak_repeat,PP2-ENG-X.88_Circus_Plural_Nouns_88,Say out loud clearly: ADD S TO MAKE MORE THAN ONE AT CIRCUS!,speak_c88_2.webp,audio_c88_11.mp3,1,Add S To Make More Than One At Circus,,,,,,Add S To Make More Than One At Circus,,,,,,,
matching,PP2-ENG-X.88_Circus_Plural_Nouns_88,Match singular and plural circus nouns!,,,1,,,,,,,,One Cat 🐱,CATS,One Dog 🐶,DOGS,One Hat 🎪,HATS
matching,PP2-ENG-X.88_Circus_Plural_Nouns_88,Match plural -s words!,,,1,,,,,,,,Cat,CATS,Dog,DOGS,Hat,HATS
multiple_choice,PP2-ENG-X.89_Superhero_Consonant_Blends_89,Which letters blend together in superhero STOP?,sbl89_q1.webp,audio_s89_1.mp3,1,ST,SP,SK,,,1,,,,,,,
multiple_choice,PP2-ENG-X.89_Superhero_Consonant_Blends_89,Which letters blend together in superhero SPOON?,sbl89_q2.webp,audio_s89_2.mp3,1,SP,ST,SK,,,1,,,,,,,
multiple_choice,PP2-ENG-X.89_Superhero_Consonant_Blends_89,Which letters blend together in superhero SKY?,sbl89_q3.webp,audio_s89_3.mp3,1,SK,ST,SP,,,1,,,,,,,
multiple_choice,PP2-ENG-X.89_Superhero_Consonant_Blends_89,Which word starts with ST blend and means halt?,sbl89_q4.webp,audio_s89_4.mp3,1,STOP,GO,RUN,,,1,,,,,,,
multiple_choice,PP2-ENG-X.89_Superhero_Consonant_Blends_89,Which eating utensil starts with SP blend?,sbl89_q5.webp,audio_s89_5.mp3,1,SPOON,FORK,CUP,,,1,,,,,,,
multiple_choice,PP2-ENG-X.89_Superhero_Consonant_Blends_89,Blending consonant sounds gives reading...?,sbl89_q6.webp,audio_s89_6.mp3,1,POWER,FEAR,NOISE,,,1,,,,,,,
count_objects,PP2-ENG-X.89_Superhero_Consonant_Blends_89,Count 3 red STOP signs for superhero!,sbl89_count1.webp,audio_s89_7.mp3,1,3,2,4,,🛑,3,,,,,,,
count_objects,PP2-ENG-X.89_Superhero_Consonant_Blends_89,Count 4 power spoons with SP blend!,sbl89_count2.webp,audio_s89_8.mp3,1,4,2,5,,🥄,4,,,,,,,
count_objects,PP2-ENG-X.89_Superhero_Consonant_Blends_89,Count 2 superhero sky scenes!,sbl89_count3.webp,audio_s89_9.mp3,1,2,1,3,,🌌,2,,,,,,,
speak_repeat,PP2-ENG-X.89_Superhero_Consonant_Blends_89,Say out loud clearly: SUPERHERO CONSONANT BLENDS ST SP AND SK!,speak_s89_1.webp,audio_s89_10.mp3,1,Superhero Consonant Blends ST SP And SK,,,,,,Superhero Consonant Blends ST SP And SK,,,,,,,
speak_repeat,PP2-ENG-X.89_Superhero_Consonant_Blends_89,Say out loud clearly: ST FOR STOP SP FOR SPOON SK FOR SKY!,speak_s89_2.webp,audio_s89_11.mp3,1,ST For Stop SP For Spoon SK For Sky,,,,,,ST For Stop SP For Spoon SK For Sky,,,,,,,
matching,PP2-ENG-X.89_Superhero_Consonant_Blends_89,Match superhero consonant blends!,,,1,,,,,,,,Stop 🛑,ST,Spoon 🥄,SP,Sky 🌌,SK
matching,PP2-ENG-X.89_Superhero_Consonant_Blends_89,Match blend words!,,,1,,,,,,,,Stop,STOP,Spoon,SPOON,Sky,SKY
multiple_choice,PP2-ENG-X.90_Superhero_Pronouns_90,Which pronoun replaces a male superhero name?,spn90_q1.webp,audio_s90_1.mp3,1,HE,SHE,THEY,,,1,,,,,,,
multiple_choice,PP2-ENG-X.90_Superhero_Pronouns_90,Which pronoun replaces a female superhero name?,spn90_q2.webp,audio_s90_2.mp3,1,SHE,HE,IT,,,1,,,,,,,
multiple_choice,PP2-ENG-X.90_Superhero_Pronouns_90,Which pronoun replaces a group of superheroes?,spn90_q3.webp,audio_s90_3.mp3,1,THEY,HE,SHE,,,1,,,,,,,
multiple_choice,PP2-ENG-X.90_Superhero_Pronouns_90,Which pronoun replaces a superhero car or shield?,spn90_q4.webp,audio_s90_4.mp3,1,IT,HE,SHE,,,1,,,,,,,
multiple_choice,PP2-ENG-X.90_Superhero_Pronouns_90,The superhero boy is strong = ___ is strong.,spn90_q5.webp,audio_s90_5.mp3,1,HE,SHE,IT,,,1,,,,,,,
multiple_choice,PP2-ENG-X.90_Superhero_Pronouns_90,Pronouns replace superhero...?,spn90_q6.webp,audio_s90_6.mp3,1,NOUNS,VERBS,COLORS,,,1,,,,,,,
count_objects,PP2-ENG-X.90_Superhero_Pronouns_90,Count 3 male superheroes represented by HE!,spn90_count1.webp,audio_s90_7.mp3,1,3,1,4,,🦸‍♂️,3,,,,,,,
count_objects,PP2-ENG-X.90_Superhero_Pronouns_90,Count 4 female superheroes represented by SHE!,spn90_count2.webp,audio_s90_8.mp3,1,4,2,5,,🦸‍♀️,4,,,,,,,
count_objects,PP2-ENG-X.90_Superhero_Pronouns_90,Count 5 superheroes represented by THEY!,spn90_count3.webp,audio_s90_9.mp3,1,5,3,4,,🦸,5,,,,,,,
speak_repeat,PP2-ENG-X.90_Superhero_Pronouns_90,Say out loud clearly: SUPERHERO PRONOUNS HE SHE THEY AND IT!,speak_s90_1.webp,audio_s90_10.mp3,1,Superhero Pronouns HE SHE THEY And IT,,,,,,Superhero Pronouns HE SHE THEY And IT,,,,,,,
speak_repeat,PP2-ENG-X.90_Superhero_Pronouns_90,Say out loud clearly: HE FLIES SHE SAVES THEY WIN!,speak_s90_2.webp,audio_s90_11.mp3,1,He Flies She Saves They Win,,,,,,He Flies She Saves They Win,,,,,,,
matching,PP2-ENG-X.90_Superhero_Pronouns_90,Match superhero pronouns!,,,1,,,,,,,,Male 🦸‍♂️,HE,Female 🦸‍♀️,SHE,Group 🦸,THEY
matching,PP2-ENG-X.90_Superhero_Pronouns_90,Match pronoun examples!,,,1,,,,,,,,Hero,HE,Heroine,SHE,Shield,IT


question_type,lesson_title,prompt,prompt_image,prompt_audio,correct_answer,option_1,option_2,option_3,option_4,count_emoji_or_image,target_count,target_word,pair_1_left,pair_1_right,pair_2_left,pair_2_right,pair_3_left,pair_3_right
multiple_choice,PP2-ENG-X.91_Underwater_Phonics_Blending_91,Which word is formed when you blend /f/ /i/ /sh/ together?,u91_q1.webp,audio_u91_1.mp3,1,FISH,SHIP,DISH,,,1,,,,,,,
multiple_choice,PP2-ENG-X.91_Underwater_Phonics_Blending_91,Blend the sea sounds /c/ /a/ /t/ together!,u91_q2.webp,audio_u91_2.mp3,1,CAT,HAT,MAT,,,1,,,,,,,
multiple_choice,PP2-ENG-X.91_Underwater_Phonics_Blending_91,Blend the reef sounds /s/ /u/ /n/ together!,u91_q3.webp,audio_u91_3.mp3,1,SUN,RUN,FUN,,,1,,,,,,,
multiple_choice,PP2-ENG-X.91_Underwater_Phonics_Blending_91,Which word blends /p/ /i/ /g/ in the ocean sand?,u91_q4.webp,audio_u91_4.mp3,1,PIG,DIG,BIG,,,1,,,,,,,
multiple_choice,PP2-ENG-X.91_Underwater_Phonics_Blending_91,Blend the sounds /b/ /u/ /g/ on the seabed!,u91_q5.webp,audio_u91_5.mp3,1,BUG,RUG,MUG,,,1,,,,,,,
multiple_choice,PP2-ENG-X.91_Underwater_Phonics_Blending_91,Which word blends /h/ /e/ /n/ near the coral?,u91_q6.webp,audio_u91_6.mp3,1,HEN,PEN,TEN,,,1,,,,,,,
count_objects,PP2-ENG-X.91_Underwater_Phonics_Blending_91,Count 4 swimming fish on the reef!,u91_count1.webp,audio_u91_7.mp3,1,4,2,5,,🐟,4,,,,,,,
count_objects,PP2-ENG-X.91_Underwater_Phonics_Blending_91,Count 3 sea shells on the coral!,u91_count2.webp,audio_u91_8.mp3,1,3,1,4,,🐚,3,,,,,,,
count_objects,PP2-ENG-X.91_Underwater_Phonics_Blending_91,Count 5 sea bubbles floating up!,u91_count3.webp,audio_u91_9.mp3,1,5,3,4,,🫧,5,,,,,,,
speak_repeat,PP2-ENG-X.91_Underwater_Phonics_Blending_91,Say out loud clearly: BLEND UNDERWATER PHONICS SOUNDS TO READ!,speak_u91_1.webp,audio_u91_10.mp3,1,Blend Underwater Phonics Sounds To Read,,,,,,Blend Underwater Phonics Sounds To Read,,,,,,,
speak_repeat,PP2-ENG-X.91_Underwater_Phonics_Blending_91,Say out loud clearly: FISH AND SUN ON THE OCEAN REEF!,speak_u91_2.webp,audio_u91_11.mp3,1,Fish And Sun On The Ocean Reef,,,,,,Fish And Sun On The Ocean Reef,,,,,,,
matching,PP2-ENG-X.91_Underwater_Phonics_Blending_91,Match underwater blended words!,,,1,,,,,,,,Fish 🐟,FISH,Sun ☀️,SUN,Pig 🐖,PIG
matching,PP2-ENG-X.91_Underwater_Phonics_Blending_91,Match reef blend sounds!,,,1,,,,,,,,/f//i//sh/,FISH,/s//u//n/,SUN,/p//i//g/,PIG
multiple_choice,PP2-ENG-X.92_Underwater_Prepositions_92,Where is the fish swimming IN the coral reef?,u92_q1.webp,audio_u92_1.mp3,1,IN,ON,UNDER,,,1,,,,,,,
multiple_choice,PP2-ENG-X.92_Underwater_Prepositions_92,Where is the crab resting ON top of the rock?,u92_q2.webp,audio_u92_2.mp3,1,ON,IN,UNDER,,,1,,,,,,,
multiple_choice,PP2-ENG-X.92_Underwater_Prepositions_92,Where is the starfish resting UNDER the shell?,u92_q3.webp,audio_u92_3.mp3,1,UNDER,IN,ON,,,1,,,,,,,
multiple_choice,PP2-ENG-X.92_Underwater_Prepositions_92,The pearl is ___ the clam shell.,u92_q4.webp,audio_u92_4.mp3,1,IN,ON,UNDER,,,1,,,,,,,
multiple_choice,PP2-ENG-X.92_Underwater_Prepositions_92,The submarine rests ___ the sand.,u92_q5.webp,audio_u92_5.mp3,1,ON,IN,UNDER,,,1,,,,,,,
multiple_choice,PP2-ENG-X.92_Underwater_Prepositions_92,The sea turtle swims ___ the boat.,u92_q6.webp,audio_u92_6.mp3,1,UNDER,IN,ON,,,1,,,,,,,
count_objects,PP2-ENG-X.92_Underwater_Prepositions_92,Count 3 pearls IN clam shells!,u92_count1.webp,audio_u92_7.mp3,1,3,2,4,,🦪,3,,,,,,,
count_objects,PP2-ENG-X.92_Underwater_Prepositions_92,Count 4 crabs ON rocks!,u92_count2.webp,audio_u92_8.mp3,1,4,2,5,,🦀,4,,,,,,,
count_objects,PP2-ENG-X.92_Underwater_Prepositions_92,Count 2 starfish UNDER water!,u92_count3.webp,audio_u92_9.mp3,1,2,1,3,,⭐,2,,,,,,,
speak_repeat,PP2-ENG-X.92_Underwater_Prepositions_92,Say out loud clearly: UNDERWATER PREPOSITIONS IN ON AND UNDER!,speak_u92_1.webp,audio_u92_10.mp3,1,Underwater Prepositions In On And Under,,,,,,Underwater Prepositions In On And Under,,,,,,,
speak_repeat,PP2-ENG-X.92_Underwater_Prepositions_92,Say out loud clearly: FISH IN WATER AND CRAB ON ROCK!,speak_u92_2.webp,audio_u92_11.mp3,1,Fish In Water And Crab On Rock,,,,,,Fish In Water And Crab On Rock,,,,,,,
matching,PP2-ENG-X.92_Underwater_Prepositions_92,Match underwater positions!,,,1,,,,,,,,Inside 🦪,IN,Top 🦀,ON,Below ⭐,UNDER
matching,PP2-ENG-X.92_Underwater_Prepositions_92,Match preposition words!,,,1,,,,,,,,In,IN,On,ON,Under,UNDER
multiple_choice,PP2-ENG-X.93_Safari_Digraphs_93,Which digraph letters make /sh/ in safari SHIP?,s93_q1.webp,audio_s93_1.mp3,1,SH,CH,TH,,,1,,,,,,,
multiple_choice,PP2-ENG-X.93_Safari_Digraphs_93,Which digraph letters make /ch/ in safari CHIP?,s93_q2.webp,audio_s93_2.mp3,1,CH,SH,TH,,,1,,,,,,,
multiple_choice,PP2-ENG-X.93_Safari_Digraphs_93,Which digraph letters make /th/ in safari PATH?,s93_q3.webp,audio_s93_3.mp3,1,TH,SH,CH,,,1,,,,,,,
multiple_choice,PP2-ENG-X.93_Safari_Digraphs_93,Which animal word ends with SH sound?,s93_q4.webp,audio_s93_4.mp3,1,FISH,CAT,LION,,,1,,,,,,,
multiple_choice,PP2-ENG-X.93_Safari_Digraphs_93,Which safari bird word starts with CH sound?,s93_q5.webp,audio_s93_5.mp3,1,CHICK,DUCK,HEN,,,1,,,,,,,
multiple_choice,PP2-ENG-X.93_Safari_Digraphs_93,SH, CH, and TH are safari...?,s93_q6.webp,audio_s93_6.mp3,1,DIGRAPHS,NUMBERS,COLORS,,,1,,,,,,,
count_objects,PP2-ENG-X.93_Safari_Digraphs_93,Count 4 swimming fish with SH sound!,s93_count1.webp,audio_s93_7.mp3,1,4,2,5,,🐟,4,,,,,,,
count_objects,PP2-ENG-X.93_Safari_Digraphs_93,Count 3 baby chicks with CH sound!,s93_count2.webp,audio_s93_8.mp3,1,3,1,4,,🐥,3,,,,,,,
count_objects,PP2-ENG-X.93_Safari_Digraphs_93,Count 2 safari paths with TH sound!,s93_count3.webp,audio_s93_9.mp3,1,2,1,3,,🛤️,2,,,,,,,
speak_repeat,PP2-ENG-X.93_Safari_Digraphs_93,Say out loud clearly: SAFARI DIGRAPHS SH CH AND TH!,speak_s93_1.webp,audio_s93_10.mp3,1,Safari Digraphs SH CH And TH,,,,,,Safari Digraphs SH CH And TH,,,,,,,
speak_repeat,PP2-ENG-X.93_Safari_Digraphs_93,Say out loud clearly: FISH CHICK AND PATH ARE SAFARI DIGRAPH WORDS!,speak_s93_2.webp,audio_s93_11.mp3,1,Fish Chick And Path Are Safari Digraph Words,,,,,,Fish Chick And Path Are Safari Digraph Words,,,,,,,
matching,PP2-ENG-X.93_Safari_Digraphs_93,Match safari digraph words!,,,1,,,,,,,,Fish 🐟,SH,Chick 🐥,CH,Path 🛤️,TH
matching,PP2-ENG-X.93_Safari_Digraphs_93,Match digraph sounds!,,,1,,,,,,,,/sh/,SH,/ch/,CH,/th/,TH
multiple_choice,PP2-ENG-X.94_Safari_Story_Tortoise_Hare_94,Who won the safari race by moving slow and steady?,s94_q1.webp,audio_s94_1.mp3,1,TORTOISE,HARE,LION,,,1,,,,,,,
multiple_choice,PP2-ENG-X.94_Safari_Story_Tortoise_Hare_94,Why did the fast Hare lose the safari race?,s94_q2.webp,audio_s94_2.mp3,1,FELL ASLEEP,RAN FAST,LOST WAY,,,1,,,,,,,
multiple_choice,PP2-ENG-X.94_Safari_Story_Tortoise_Hare_94,What moral lesson does the story teach us?,s94_q3.webp,audio_s94_3.mp3,1,PERSEVERANCE,LAZINESS,PRIDE,,,1,,,,,,,
multiple_choice,PP2-ENG-X.94_Safari_Story_Tortoise_Hare_94,Slow and steady wins the...?,s94_q4.webp,audio_s94_4.mp3,1,RACE,GAME,TOY,,,1,,,,,,,
multiple_choice,PP2-ENG-X.94_Safari_Story_Tortoise_Hare_94,The Tortoise never gave up because he had...?,s94_q5.webp,audio_s94_5.mp3,1,PATIENCE,ANGER,SPEED,,,1,,,,,,,
multiple_choice,PP2-ENG-X.94_Safari_Story_Tortoise_Hare_94,The Hare was boastful about his...?,s94_q6.webp,audio_s94_6.mp3,1,SPEED,SLEEP,TOYS,,,1,,,,,,,
count_objects,PP2-ENG-X.94_Safari_Story_Tortoise_Hare_94,Count 1 patient Tortoise on safari!,s94_count1.webp,audio_s94_7.mp3,1,1,2,3,,🐢,1,,,,,,,
count_objects,PP2-ENG-X.94_Safari_Story_Tortoise_Hare_94,Count 1 fast Hare on safari!,s94_count2.webp,audio_s94_8.mp3,1,1,2,3,,🐇,1,,,,,,,
count_objects,PP2-ENG-X.94_Safari_Story_Tortoise_Hare_94,Count 3 winner trophies of perseverance!,s94_count3.webp,audio_s94_9.mp3,1,3,1,4,,🏆,3,,,,,,,
speak_repeat,PP2-ENG-X.94_Safari_Story_Tortoise_Hare_94,Say out loud clearly: SAFARI STORY TORTOISE AND HARE COMPREHENSION!,speak_s94_1.webp,audio_s94_10.mp3,1,Safari Story Tortoise And Hare Comprehension,,,,,,Safari Story Tortoise And Hare Comprehension,,,,,,,
speak_repeat,PP2-ENG-X.94_Safari_Story_Tortoise_Hare_94,Say out loud clearly: SLOW AND STEADY WINS THE RACE ON SAFARI!,speak_s94_2.webp,audio_s94_11.mp3,1,Slow And Steady Wins The Race On Safari,,,,,,Slow And Steady Wins The Race On Safari,,,,,,,
matching,PP2-ENG-X.94_Safari_Story_Tortoise_Hare_94,Match safari story characters!,,,1,,,,,,,,Tortoise 🐢,STEADY,Hare 🐇,FAST,Trophy 🏆,WINNER
matching,PP2-ENG-X.94_Safari_Story_Tortoise_Hare_94,Match story moral terms!,,,1,,,,,,,,Persevere,WIN,Patience,STEADY,Race,RACE
multiple_choice,PP2-ENG-X.95_Nursery_Rhyme_CVC_Song_95,Which CVC word in the song rhymes with CAT?,n95_q1.webp,audio_n95_1.mp3,1,HAT,DOG,PIG,,,1,,,,,,,
multiple_choice,PP2-ENG-X.95_Nursery_Rhyme_CVC_Song_95,Which CVC word in the song rhymes with MAN?,n95_q2.webp,audio_n95_2.mp3,1,VAN,CAT,BUG,,,1,,,,,,,
multiple_choice,PP2-ENG-X.95_Nursery_Rhyme_CVC_Song_95,Which CVC word in the song rhymes with PIG?,n95_q3.webp,audio_n95_3.mp3,1,DIG,HAT,HOP,,,1,,,,,,,
multiple_choice,PP2-ENG-X.95_Nursery_Rhyme_CVC_Song_95,Which CVC word in the song rhymes with HOP?,n95_q4.webp,audio_n95_4.mp3,1,POP,MAN,PEN,,,1,,,,,,,
multiple_choice,PP2-ENG-X.95_Nursery_Rhyme_CVC_Song_95,Which CVC word in the song rhymes with BUG?,n95_q5.webp,audio_n95_5.mp3,1,RUG,PIG,CAT,,,1,,,,,,,
multiple_choice,PP2-ENG-X.95_Nursery_Rhyme_CVC_Song_95,Singing CVC rhyming songs makes reading...?,n95_q6.webp,audio_n95_6.mp3,1,FUN,HARD,DARK,,,1,,,,,,,
count_objects,PP2-ENG-X.95_Nursery_Rhyme_CVC_Song_95,Count 5 musical notes in the CVC song!,n95_count1.webp,audio_n95_7.mp3,1,5,3,4,,🎵,5,,,,,,,
count_objects,PP2-ENG-X.95_Nursery_Rhyme_CVC_Song_95,Count 4 happy singing kids!,n95_count2.webp,audio_n95_8.mp3,1,4,2,3,,😃,4,,,,,,,
count_objects,PP2-ENG-X.95_Nursery_Rhyme_CVC_Song_95,Count 3 rhyming word cards!,n95_count3.webp,audio_n95_9.mp3,1,3,1,5,,🃏,3,,,,,,,
speak_repeat,PP2-ENG-X.95_Nursery_Rhyme_CVC_Song_95,Say out loud clearly: NURSERY RHYME CVC WORD SONG FUN!,speak_n95_1.webp,audio_n95_10.mp3,1,Nursery Rhyme CVC Word Song Fun,,,,,,Nursery Rhyme CVC Word Song Fun,,,,,,,
speak_repeat,PP2-ENG-X.95_Nursery_Rhyme_CVC_Song_95,Say out loud clearly: CAT HAT MAN VAN PIG DIG HOP POP!,speak_n95_2.webp,audio_n95_11.mp3,1,Cat Hat Man Van Pig Dig Hop Pop,,,,,,Cat Hat Man Van Pig Dig Hop Pop,,,,,,,
matching,PP2-ENG-X.95_Nursery_Rhyme_CVC_Song_95,Match nursery rhyme CVC words!,,,1,,,,,,,,Cat 🐱,HAT,Man 👨,VAN,Pig 🐖,DIG
matching,PP2-ENG-X.95_Nursery_Rhyme_CVC_Song_95,Match CVC song rhyming words!,,,1,,,,,,,,Hop 🐸,POP,Bug 🐛,RUG,Hen 🐔,PEN
multiple_choice,PP2-ENG-X.96_Phonics_Mastery_96,Which word belongs to the -at family in phonics mastery?,p96_q1.webp,audio_p96_1.mp3,1,CAT,PIG,BUG,,,1,,,,,,,
multiple_choice,PP2-ENG-X.96_Phonics_Mastery_96,Which digraph makes the /sh/ sound in SHOP?,p96_q2.webp,audio_p96_2.mp3,1,SH,CH,TH,,,1,,,,,,,
multiple_choice,PP2-ENG-X.96_Phonics_Mastery_96,Which digraph makes the /ch/ sound in CHIP?,p96_q3.webp,audio_p96_3.mp3,1,CH,SH,TH,,,1,,,,,,,
multiple_choice,PP2-ENG-X.96_Phonics_Mastery_96,Which digraph makes the /th/ sound in THIN?,p96_q4.webp,audio_p96_4.mp3,1,TH,SH,CH,,,1,,,,,,,
multiple_choice,PP2-ENG-X.96_Phonics_Mastery_96,Which CVC word belongs to the -ug family?,p96_q5.webp,audio_p96_5.mp3,1,BUG,PIG,HEN,,,1,,,,,,,
multiple_choice,PP2-ENG-X.96_Phonics_Mastery_96,Mastering phonics CVC and digraphs makes reading...?,p96_q6.webp,audio_p96_6.mp3,1,EASY,HARD,DARK,,,1,,,,,,,
count_objects,PP2-ENG-X.96_Phonics_Mastery_96,Count 5 phonics mastery star trophies!,p96_count1.webp,audio_p96_7.mp3,1,5,3,4,,🏆,5,,,,,,,
count_objects,PP2-ENG-X.96_Phonics_Mastery_96,Count 4 phonics sound cards!,p96_count2.webp,audio_p96_8.mp3,1,4,2,3,,🃏,4,,,,,,,
count_objects,PP2-ENG-X.96_Phonics_Mastery_96,Count 3 winner medals!,p96_count3.webp,audio_p96_9.mp3,1,3,1,5,,🥇,3,,,,,,,
speak_repeat,PP2-ENG-X.96_Phonics_Mastery_96,Say out loud clearly: PHONICS CVC AND DIGRAPH MASTERY!,speak_p96_1.webp,audio_p96_10.mp3,1,Phonics CVC And Digraph Mastery,,,,,,Phonics CVC And Digraph Mastery,,,,,,,
speak_repeat,PP2-ENG-X.96_Phonics_Mastery_96,Say out loud clearly: READ THREE LETTER CVC AND DIGRAPH WORDS!,speak_p96_2.webp,audio_p96_11.mp3,1,Read Three Letter CVC And Digraph Words,,,,,,Read Three Letter CVC And Digraph Words,,,,,,,
matching,PP2-ENG-X.96_Phonics_Mastery_96,Match phonics mastery words!,,,1,,,,,,,,Cat 🐱,-AT,Shop 🏪,SH,Chip 🍟,CH
matching,PP2-ENG-X.96_Phonics_Mastery_96,Match phonics digraphs!,,,1,,,,,,,,Thin 📏,TH,Bug 🐛,-UG,Pig 🐖,-IG
multiple_choice,PP2-ENG-X.97_Grammar_Prepositions_97,Where is the cat in sentence: The cat is IN the box?,gp97_q1.webp,audio_g97_1.mp3,1,IN,ON,UNDER,,,1,,,,,,,
multiple_choice,PP2-ENG-X.97_Grammar_Prepositions_97,Where is the hat in sentence: The hat is ON the mat?,gp97_q2.webp,audio_g97_2.mp3,1,ON,IN,UNDER,,,1,,,,,,,
multiple_choice,PP2-ENG-X.97_Grammar_Prepositions_97,Where is the dog in sentence: The dog is UNDER the bed?,gp97_q3.webp,audio_g97_3.mp3,1,UNDER,IN,ON,,,1,,,,,,,
multiple_choice,PP2-ENG-X.97_Grammar_Prepositions_97,Where is the puppy hiding: The puppy is BEHIND the tree?,gp97_q4.webp,audio_g97_4.mp3,1,BEHIND,IN,ON,,,1,,,,,,,
multiple_choice,PP2-ENG-X.97_Grammar_Prepositions_97,Where is the chair: The chair is NEXT TO the desk?,gp97_q5.webp,audio_g97_5.mp3,1,NEXT TO,UNDER,IN,,,1,,,,,,,
multiple_choice,PP2-ENG-X.97_Grammar_Prepositions_97,Prepositions tell us location and...?,gp97_q6.webp,audio_g97_6.mp3,1,POSITION,ACTION,COLOR,,,1,,,,,,,
count_objects,PP2-ENG-X.97_Grammar_Prepositions_97,Count 4 sentence cards with prepositions!,gp97_count1.webp,audio_g97_7.mp3,1,4,2,3,,📝,4,,,,,,,
count_objects,PP2-ENG-X.97_Grammar_Prepositions_97,Count 3 preposition location blocks!,gp97_count2.webp,audio_g97_8.mp3,1,3,1,5,,🧱,3,,,,,,,
count_objects,PP2-ENG-X.97_Grammar_Prepositions_97,Count 2 reader star medals!,gp97_count3.webp,audio_g97_9.mp3,1,2,1,3,,🥇,2,,,,,,,
speak_repeat,PP2-ENG-X.97_Grammar_Prepositions_97,Say out loud clearly: GRAMMAR PREPOSITIONS IN ON UNDER BEHIND!,speak_g97_1.webp,audio_g97_10.mp3,1,Grammar Prepositions In On Under Behind,,,,,,Grammar Prepositions In On Under Behind,,,,,,,
speak_repeat,PP2-ENG-X.97_Grammar_Prepositions_97,Say out loud clearly: PREPOSITIONS SHOW WHERE NOUNS ARE IN SENTENCES!,speak_g97_2.webp,audio_g97_11.mp3,1,Prepositions Show Where Nouns Are In Sentences,,,,,,Prepositions Show Where Nouns Are In Sentences,,,,,,,
matching,PP2-ENG-X.97_Grammar_Prepositions_97,Match preposition locations!,,,1,,,,,,,,In box,IN,On mat,ON,Under bed,UNDER
matching,PP2-ENG-X.97_Grammar_Prepositions_97,Match preposition words!,,,1,,,,,,,,Behind,BEHIND,Next to,NEXT TO,In,IN
multiple_choice,PP2-ENG-X.98_Storybook_Three_Pigs_98,Which pig built the strong house of bricks?,s98_q1.webp,audio_s98_1.mp3,1,THIRD PIG,FIRST PIG,SECOND PIG,,,1,,,,,,,
multiple_choice,PP2-ENG-X.98_Storybook_Three_Pigs_98,What bad animal tried to blow the houses down?,s98_q2.webp,audio_s98_2.mp3,1,WOLF,FOX,BEAR,,,1,,,,,,,
multiple_choice,PP2-ENG-X.98_Storybook_Three_Pigs_98,Why couldn't the wolf blow down the brick house?,s98_q3.webp,audio_s98_3.mp3,1,STRONG BRICKS,WEAK STRAW,WOOD,,,1,,,,,,,
multiple_choice,PP2-ENG-X.98_Storybook_Three_Pigs_98,What moral lesson does the story teach us?,s98_q4.webp,audio_s98_4.mp3,1,HARD WORK,LAZINESS,PLAY,,,1,,,,,,,
multiple_choice,PP2-ENG-X.98_Storybook_Three_Pigs_98,Building with hard work keeps us...?,s98_q5.webp,audio_s98_5.mp3,1,SAFE,AFRAID,LOST,,,1,,,,,,,
multiple_choice,PP2-ENG-X.98_Storybook_Three_Pigs_98,I'll huff and I'll puff and I'll blow your house...?,s98_q6.webp,audio_s98_6.mp3,1,DOWN,UP,IN,,,1,,,,,,,
count_objects,PP2-ENG-X.98_Storybook_Three_Pigs_98,Count 3 little pigs in the storybook!,s98_count1.webp,audio_s98_7.mp3,1,3,2,4,,🐖,3,,,,,,,
count_objects,PP2-ENG-X.98_Storybook_Three_Pigs_98,Count 1 wolf in the storybook!,s98_count2.webp,audio_s98_8.mp3,1,1,2,3,,🐺,1,,,,,,,
count_objects,PP2-ENG-X.98_Storybook_Three_Pigs_98,Count 3 houses made of straw, wood, and brick!,s98_count3.webp,audio_s98_9.mp3,1,3,2,4,,🛖,3,,,,,,,
speak_repeat,PP2-ENG-X.98_Storybook_Three_Pigs_98,Say out loud clearly: STORYBOOK THREE LITTLE PIGS COMPREHENSION!,speak_s98_1.webp,audio_s98_10.mp3,1,Storybook Three Little Pigs Comprehension,,,,,,Storybook Three Little Pigs Comprehension,,,,,,,
speak_repeat,PP2-ENG-X.98_Storybook_Three_Pigs_98,Say out loud clearly: HARD WORK BUILDS A STRONG HOUSE OF BRICKS!,speak_s98_2.webp,audio_s98_11.mp3,1,Hard Work Builds A Strong House Of Bricks,,,,,,Hard Work Builds A Strong House Of Bricks,,,,,,,
matching,PP2-ENG-X.98_Storybook_Three_Pigs_98,Match house materials!,,,1,,,,,,,,Straw 🌾,WEAK,Wood 🪵,MEDIUM,Brick 🧱,STRONG
matching,PP2-ENG-X.98_Storybook_Three_Pigs_98,Match story lessons!,,,1,,,,,,,,Hard work,SAFE,Lazy,WEAK,Brick,STRONG
multiple_choice,PP2-ENG-X.99_Writing_Letter_Tracing_99,Trace the CVC word for a meowing animal: C-A-T makes...?,w99_q1.webp,audio_w99_1.mp3,1,CAT,DOG,PIG,,,1,,,,,,,
multiple_choice,PP2-ENG-X.99_Writing_Letter_Tracing_99,Trace the CVC word for a barking animal: D-O-G makes...?,w99_q2.webp,audio_w99_2.mp3,1,DOG,CAT,HAT,,,1,,,,,,,
multiple_choice,PP2-ENG-X.99_Writing_Letter_Tracing_99,Trace the CVC word for a pink farm animal: P-I-G makes...?,w99_q3.webp,audio_w99_3.mp3,1,PIG,BUG,HEN,,,1,,,,,,,
multiple_choice,PP2-ENG-X.99_Writing_Letter_Tracing_99,Trace the CVC word for a crawling insect: B-U-G makes...?,w99_q4.webp,audio_w99_4.mp3,1,BUG,RUG,MUG,,,1,,,,,,,
multiple_choice,PP2-ENG-X.99_Writing_Letter_Tracing_99,Trace the CVC word for a farm bird: H-E-N makes...?,w99_q5.webp,audio_w99_5.mp3,1,HEN,PEN,TEN,,,1,,,,,,,
multiple_choice,PP2-ENG-X.99_Writing_Letter_Tracing_99,Tracing CVC words builds neat handwriting...?,w99_q6.webp,audio_w99_6.mp3,1,SKILLS,SPEED,NOISE,,,1,,,,,,,
count_objects,PP2-ENG-X.99_Writing_Letter_Tracing_99,Count 5 tracing pencils!,w99_count1.webp,audio_w99_7.mp3,1,5,3,4,,✏️,5,,,,,,,
count_objects,PP2-ENG-X.99_Writing_Letter_Tracing_99,Count 4 CVC word tracing slates!,w99_count2.webp,audio_w99_8.mp3,1,4,2,3,,📝,4,,,,,,,
count_objects,PP2-ENG-X.99_Writing_Letter_Tracing_99,Count 3 handwriting medals!,w99_count3.webp,audio_w99_9.mp3,1,3,1,5,,🥇,3,,,,,,,
speak_repeat,PP2-ENG-X.99_Writing_Letter_Tracing_99,Say out loud clearly: WRITING LETTER TRACING CVC WORDS!,speak_w99_1.webp,audio_w99_10.mp3,1,Writing Letter Tracing CVC Words,,,,,,Writing Letter Tracing CVC Words,,,,,,,
speak_repeat,PP2-ENG-X.99_Writing_Letter_Tracing_99,Say out loud clearly: TRACE THREE LETTER CVC WORDS NEATLY!,speak_w99_2.webp,audio_w99_11.mp3,1,Trace Three Letter CVC Words Neatly,,,,,,Trace Three Letter CVC Words Neatly,,,,,,,
matching,PP2-ENG-X.99_Writing_Letter_Tracing_99,Match CVC words to pictures!,,,1,,,,,,,,C-A-T,🐱,D-O-G,🐶,P-I-G,🐖
matching,PP2-ENG-X.99_Writing_Letter_Tracing_99,Match tracing practice!,,,1,,,,,,,,Cat,CAT,Dog,DOG,Bug,BUG
multiple_choice,PP2-ENG-X.100_PP2_English_Super_Master_100,Which CVC word belongs to the -at family at Century 100?,esm100_q1.webp,audio_e100_1.mp3,1,CAT,PIG,BUG,,,1,,,,,,,
multiple_choice,PP2-ENG-X.100_PP2_English_Super_Master_100,Which digraph makes the /sh/ sound in SHIP?,esm100_q2.webp,audio_e100_2.mp3,1,SH,CH,TH,,,1,,,,,,,
multiple_choice,PP2-ENG-X.100_PP2_English_Super_Master_100,Which sight word completes: I ___ a red car?,esm100_q3.webp,audio_e100_3.mp3,1,SEE,GO,WE,,,1,,,,,,,
multiple_choice,PP2-ENG-X.100_PP2_English_Super_Master_100,Which plural noun adds -s to CAT?,esm100_q4.webp,audio_e100_4.mp3,1,CATS,CAT,CATON,,,1,,,,,,,
multiple_choice,PP2-ENG-X.100_PP2_English_Super_Master_100,Which pronoun replaces a boy's name?,esm100_q5.webp,audio_e100_5.mp3,1,HE,SHE,THEY,,,1,,,,,,,
multiple_choice,PP2-ENG-X.100_PP2_English_Super_Master_100,What milestone level is reached at Mission 100?,esm100_q6.webp,audio_e100_6.mp3,1,CENTURY MASTER,BEGINNER,STARTER,,,1,,,,,,,
count_objects,PP2-ENG-X.100_PP2_English_Super_Master_100,Count 20 century master star trophies!,esm100_count1.webp,audio_e100_7.mp3,1,20,18,19,,🏆,20,,,,,,,
count_objects,PP2-ENG-X.100_PP2_English_Super_Master_100,Count 15 century master medals!,esm100_count2.webp,audio_e100_8.mp3,1,15,12,18,,🥇,15,,,,,,,
count_objects,PP2-ENG-X.100_PP2_English_Super_Master_100,Count 10 century master crowns!,esm100_count3.webp,audio_e100_9.mp3,1,10,8,12,,👑,10,,,,,,,
speak_repeat,PP2-ENG-X.100_PP2_English_Super_Master_100,Say out loud clearly: I AM A PP2 ENGLISH CENTURY MASTER ONE HUNDRED!,speak_e100_1.webp,audio_e100_10.mp3,1,I Am A PP2 English Century Master One Hundred,,,,,,I Am A PP2 English Century Master One Hundred,,,,,,,
speak_repeat,PP2-ENG-X.100_PP2_English_Super_Master_100,Say out loud clearly: ONE HUNDRED MISSIONS OF PP2 ENGLISH SUCCESS!,speak_e100_2.webp,audio_e100_11.mp3,1,One Hundred Missions Of PP2 English Success,,,,,,One Hundred Missions Of PP2 English Success,,,,,,,
matching,PP2-ENG-X.100_PP2_English_Super_Master_100,Match century english domains!,,,1,,,,,,,,Phonics,SH,CVC,CAT,Sight word,SEE
matching,PP2-ENG-X.100_PP2_English_Super_Master_100,Match century master symbols!,,,1,,,,,,,,Trophy 🏆,MASTER,Medal 🥇,WINNER,Crown 👑,CENTURY
multiple_choice,PP2-ENG-X.101_Dinosaur_Phonics_CVC_101,Which dinosaur CVC word belongs to -at family and meows?,dcv101_q1.webp,audio_d101_1.mp3,1,CAT,DOG,PIG,,,1,,,,,,,
multiple_choice,PP2-ENG-X.101_Dinosaur_Phonics_CVC_101,Which dinosaur CVC word belongs to -an family and drives?,dcv101_q2.webp,audio_d101_2.mp3,1,VAN,CAT,BUG,,,1,,,,,,,
multiple_choice,PP2-ENG-X.101_Dinosaur_Phonics_CVC_101,Which dinosaur CVC word belongs to -ig family and oinks?,dcv101_q3.webp,audio_d101_3.mp3,1,PIG,HAT,HOP,,,1,,,,,,,
multiple_choice,PP2-ENG-X.101_Dinosaur_Phonics_CVC_101,Which dinosaur CVC word belongs to -op family and jumps?,dcv101_q4.webp,audio_d101_4.mp3,1,HOP,POP,MAN,,,1,,,,,,,
multiple_choice,PP2-ENG-X.101_Dinosaur_Phonics_CVC_101,Which dinosaur CVC word belongs to -ug family and crawls?,dcv101_q5.webp,audio_d101_5.mp3,1,BUG,RUG,MUG,,,1,,,,,,,
multiple_choice,PP2-ENG-X.101_Dinosaur_Phonics_CVC_101,Three-letter CVC words have a vowel in the...?,dcv101_q6.webp,audio_d101_6.mp3,1,MIDDLE,START,END,,,1,,,,,,,
count_objects,PP2-ENG-X.101_Dinosaur_Phonics_CVC_101,Count 4 CVC cats on dinosaur island!,dcv101_count1.webp,audio_d101_7.mp3,1,4,2,3,,🐱,4,,,,,,,
count_objects,PP2-ENG-X.101_Dinosaur_Phonics_CVC_101,Count 5 CVC pigs on dinosaur trail!,dcv101_count2.webp,audio_d101_8.mp3,1,5,3,4,,🐖,5,,,,,,,
count_objects,PP2-ENG-X.101_Dinosaur_Phonics_CVC_101,Count 3 CVC bugs under dino leaves!,dcv101_count3.webp,audio_d101_9.mp3,1,3,1,4,,🐛,3,,,,,,,
speak_repeat,PP2-ENG-X.101_Dinosaur_Phonics_CVC_101,Say out loud clearly: DINOSAUR PHONICS CVC SHOWDOWN!,speak_d101_1.webp,audio_d101_10.mp3,1,Dinosaur Phonics CVC Showdown,,,,,,Dinosaur Phonics CVC Showdown,,,,,,,
speak_repeat,PP2-ENG-X.101_Dinosaur_Phonics_CVC_101,Say out loud clearly: READ THREE LETTER CVC WORDS WITH DINOSAURS!,speak_d101_2.webp,audio_d101_11.mp3,1,Read Three Letter CVC Words With Dinosaurs,,,,,,Read Three Letter CVC Words With Dinosaurs,,,,,,,
matching,PP2-ENG-X.101_Dinosaur_Phonics_CVC_101,Match dinosaur CVC words!,,,1,,,,,,,,Cat 🐱,CAT,Dog 🐶,DOG,Pig 🐖,PIG
matching,PP2-ENG-X.101_Dinosaur_Phonics_CVC_101,Match dino CVC word families!,,,1,,,,,,,,Hop 🐸,-OP,Bug 🐛,-UG,Hen 🐔,-EN
multiple_choice,PP2-ENG-X.102_Dinosaur_Grammar_Pronouns_102,Which pronoun replaces a boy dinosaur name?,dpr102_q1.webp,audio_d102_1.mp3,1,HE,SHE,THEY,,,1,,,,,,,
multiple_choice,PP2-ENG-X.102_Dinosaur_Grammar_Pronouns_102,Which pronoun replaces a girl dinosaur name?,dpr102_q2.webp,audio_d102_2.mp3,1,SHE,HE,IT,,,1,,,,,,,
multiple_choice,PP2-ENG-X.102_Dinosaur_Grammar_Pronouns_102,Which pronoun replaces a herd of dinosaurs?,dpr102_q3.webp,audio_d102_3.mp3,1,THEY,HE,SHE,,,1,,,,,,,
multiple_choice,PP2-ENG-X.102_Dinosaur_Grammar_Pronouns_102,Which pronoun replaces a dino egg or rock?,dpr102_q4.webp,audio_d102_4.mp3,1,IT,HE,SHE,,,1,,,,,,,
multiple_choice,PP2-ENG-X.102_Dinosaur_Grammar_Pronouns_102,The T-Rex is big = ___ is big.,dpr102_q5.webp,audio_d102_5.mp3,1,HE,SHE,IT,,,1,,,,,,,
multiple_choice,PP2-ENG-X.102_Dinosaur_Grammar_Pronouns_102,Pronouns take the place of dinosaur...?,dpr102_q6.webp,audio_d102_6.mp3,1,NOUNS,VERBS,COLORS,,,1,,,,,,,
count_objects,PP2-ENG-X.102_Dinosaur_Grammar_Pronouns_102,Count 3 boy dinosaurs represented by HE!,dpr102_count1.webp,audio_d102_7.mp3,1,3,1,4,,🦕,3,,,,,,,
count_objects,PP2-ENG-X.102_Dinosaur_Grammar_Pronouns_102,Count 4 girl dinosaurs represented by SHE!,dpr102_count2.webp,audio_d102_8.mp3,1,4,2,5,,🦖,4,,,,,,,
count_objects,PP2-ENG-X.102_Dinosaur_Grammar_Pronouns_102,Count 5 dinosaurs represented by THEY!,dpr102_count3.webp,audio_d102_9.mp3,1,5,3,4,,🦕,5,,,,,,,
speak_repeat,PP2-ENG-X.102_Dinosaur_Grammar_Pronouns_102,Say out loud clearly: DINOSAUR PRONOUNS HE SHE THEY AND IT!,speak_d102_1.webp,audio_d102_10.mp3,1,Dinosaur Pronouns HE SHE THEY And IT,,,,,,Dinosaur Pronouns HE SHE THEY And IT,,,,,,,
speak_repeat,PP2-ENG-X.102_Dinosaur_Grammar_Pronouns_102,Say out loud clearly: HE ROARS SHE RUNS THEY ROAM ON DINOSAUR ISLAND!,speak_d102_2.webp,audio_d102_11.mp3,1,He Roars She Runs They Roam On Dinosaur Island,,,,,,He Roars She Runs They Roam On Dinosaur Island,,,,,,,
matching,PP2-ENG-X.102_Dinosaur_Grammar_Pronouns_102,Match dino pronouns to nouns!,,,1,,,,,,,,Boy Dino 🦕,HE,Girl Dino 🦖,SHE,Dino Herd 🦕,THEY
matching,PP2-ENG-X.102_Dinosaur_Grammar_Pronouns_102,Match dino pronouns!,,,1,,,,,,,,T-Rex,HE,Triceratops,SHE,Egg,IT
multiple_choice,PP2-ENG-X.103_Pirate_Cove_Digraphs_103,Which digraph letters make /sh/ sound in pirate SHIP?,pcd103_q1.webp,audio_p103_1.mp3,1,SH,CH,TH,,,1,,,,,,,
multiple_choice,PP2-ENG-X.103_Pirate_Cove_Digraphs_103,Which digraph letters make /ch/ sound in pirate CHIP?,pcd103_q2.webp,audio_p103_2.mp3,1,CH,SH,TH,,,1,,,,,,,
multiple_choice,PP2-ENG-X.103_Pirate_Cove_Digraphs_103,Which digraph letters make /th/ sound in pirate PATH?,pcd103_q3.webp,audio_p103_3.mp3,1,TH,SH,CH,,,1,,,,,,,
multiple_choice,PP2-ENG-X.103_Pirate_Cove_Digraphs_103,Which swimming animal ends with SH sound?,pcd103_q4.webp,audio_p103_4.mp3,1,FISH,CAT,DOG,,,1,,,,,,,
multiple_choice,PP2-ENG-X.103_Pirate_Cove_Digraphs_103,Which seat word ends with CH sound?,pcd103_q5.webp,audio_p103_5.mp3,1,BENCH,SHOP,THIN,,,1,,,,,,,
multiple_choice,PP2-ENG-X.103_Pirate_Cove_Digraphs_103,SH, CH, and TH are pirate cove...?,pcd103_q6.webp,audio_p103_6.mp3,1,DIGRAPHS,NUMBERS,COLORS,,,1,,,,,,,
count_objects,PP2-ENG-X.103_Pirate_Cove_Digraphs_103,Count 3 pirate ships with SH sound!,pcd103_count1.webp,audio_p103_7.mp3,1,3,2,4,,🚢,3,,,,,,,
count_objects,PP2-ENG-X.103_Pirate_Cove_Digraphs_103,Count 4 treasure chips with CH sound!,pcd103_count2.webp,audio_p103_8.mp3,1,4,2,5,,🍟,4,,,,,,,
count_objects,PP2-ENG-X.103_Pirate_Cove_Digraphs_103,Count 2 map paths with TH sound!,pcd103_count3.webp,audio_p103_9.mp3,1,2,1,3,,🛤️,2,,,,,,,
speak_repeat,PP2-ENG-X.103_Pirate_Cove_Digraphs_103,Say out loud clearly: PIRATE COVE DIGRAPHS SH CH AND TH!,speak_p103_1.webp,audio_p103_10.mp3,1,Pirate Cove Digraphs SH CH And TH,,,,,,Pirate Cove Digraphs SH CH And TH,,,,,,,
speak_repeat,PP2-ENG-X.103_Pirate_Cove_Digraphs_103,Say out loud clearly: SHIP CHIP AND PATH ON PIRATE MAP!,speak_p103_2.webp,audio_p103_11.mp3,1,Ship Chip And Path On Pirate Map,,,,,,Ship Chip And Path On Pirate Map,,,,,,,
matching,PP2-ENG-X.103_Pirate_Cove_Digraphs_103,Match pirate digraph words!,,,1,,,,,,,,Ship 🚢,SH,Chip 🍟,CH,Path 🛤️,TH
matching,PP2-ENG-X.103_Pirate_Cove_Digraphs_103,Match digraph sounds!,,,1,,,,,,,,/sh/,SH,/ch/,CH,/th/,TH
multiple_choice,PP2-ENG-X.104_Pirate_Prepositions_104,Where is the treasure chest buried IN the ground?,pp104_q1.webp,audio_p104_1.mp3,1,IN,ON,UNDER,,,1,,,,,,,
multiple_choice,PP2-ENG-X.104_Pirate_Prepositions_104,Where is the pirate flag ON top of the ship mast?,pp104_q2.webp,audio_p104_2.mp3,1,ON,IN,UNDER,,,1,,,,,,,
multiple_choice,PP2-ENG-X.104_Pirate_Prepositions_104,Where is the anchor resting UNDER the sea water?,pp104_q3.webp,audio_p104_3.mp3,1,UNDER,IN,ON,,,1,,,,,,,
multiple_choice,PP2-ENG-X.104_Pirate_Prepositions_104,Where is the parrot sitting ON the captain's shoulder?,pp104_q4.webp,audio_p104_4.mp3,1,ON,IN,UNDER,,,1,,,,,,,
multiple_choice,PP2-ENG-X.104_Pirate_Prepositions_104,Where is the gold coin IN the treasure box?,pp104_q5.webp,audio_p104_5.mp3,1,IN,ON,UNDER,,,1,,,,,,,
multiple_choice,PP2-ENG-X.104_Pirate_Prepositions_104,Preposition words show pirate map...?,pp104_q6.webp,audio_p104_6.mp3,1,LOCATION,ACTION,COLOR,,,1,,,,,,,
count_objects,PP2-ENG-X.104_Pirate_Prepositions_104,Count 3 chests IN the sand!,pp104_count1.webp,audio_p104_7.mp3,1,3,2,4,,🏴‍☠️,3,,,,,,,
count_objects,PP2-ENG-X.104_Pirate_Prepositions_104,Count 4 flags ON ship masts!,pp104_count2.webp,audio_p104_8.mp3,1,4,2,5,,🚩,4,,,,,,,
count_objects,PP2-ENG-X.104_Pirate_Prepositions_104,Count 2 anchors UNDER water!,pp104_count3.webp,audio_p104_9.mp3,1,2,1,3,,⚓,2,,,,,,,
speak_repeat,PP2-ENG-X.104_Pirate_Prepositions_104,Say out loud clearly: PIRATE PREPOSITIONS IN ON AND UNDER!,speak_p104_1.webp,audio_p104_10.mp3,1,Pirate Prepositions In On And Under,,,,,,Pirate Prepositions In On And Under,,,,,,,
speak_repeat,PP2-ENG-X.104_Pirate_Prepositions_104,Say out loud clearly: COIN IN CHEST AND FLAG ON SHIP!,speak_p104_2.webp,audio_p104_11.mp3,1,Coin In Chest And Flag On Ship,,,,,,Coin In Chest And Flag On Ship,,,,,,,
matching,PP2-ENG-X.104_Pirate_Prepositions_104,Match pirate preposition locations!,,,1,,,,,,,,Inside,IN,Top,ON,Below,UNDER
matching,PP2-ENG-X.104_Pirate_Prepositions_104,Match preposition words!,,,1,,,,,,,,In,IN,On,ON,Under,UNDER
multiple_choice,PP2-ENG-X.105_Space_Sight_Words_105,Find space sight word CAN: I CAN fly rocket.,ssw105_q1.webp,audio_s105_1.mp3,1,CAN,SEE,LIKE,,,1,,,,,,,
multiple_choice,PP2-ENG-X.105_Space_Sight_Words_105,Find space sight word SEE: I SEE stars.,ssw105_q2.webp,audio_s105_2.mp3,1,SEE,CAN,GO,,,1,,,,,,,
multiple_choice,PP2-ENG-X.105_Space_Sight_Words_105,Find space sight word LIKE: I LIKE space.,ssw105_q3.webp,audio_s105_3.mp3,1,LIKE,SEE,WE,,,1,,,,,,,
multiple_choice,PP2-ENG-X.105_Space_Sight_Words_105,Find space sight word GO: We GO to moon.,ssw105_q4.webp,audio_s105_4.mp3,1,GO,MY,LIKE,,,1,,,,,,,
multiple_choice,PP2-ENG-X.105_Space_Sight_Words_105,Find space sight word WE: WE are astronauts.,ssw105_q5.webp,audio_s105_5.mp3,1,WE,MY,GO,,,1,,,,,,,
multiple_choice,PP2-ENG-X.105_Space_Sight_Words_105,Find space sight word MY: MY red rocket.,ssw105_q6.webp,audio_s105_6.mp3,1,MY,WE,CAN,,,1,,,,,,,
count_objects,PP2-ENG-X.105_Space_Sight_Words_105,Count 4 space sight word CAN cards!,ssw105_count1.webp,audio_s105_7.mp3,1,4,2,3,,🃏,4,,,,,,,
count_objects,PP2-ENG-X.105_Space_Sight_Words_105,Count 3 space sight word SEE stars!,ssw105_count2.webp,audio_s105_8.mp3,1,3,1,5,,⭐,3,,,,,,,
count_objects,PP2-ENG-X.105_Space_Sight_Words_105,Count 5 sight word LIKE rockets!,ssw105_count3.webp,audio_s105_9.mp3,1,5,3,4,,🚀,5,,,,,,,
speak_repeat,PP2-ENG-X.105_Space_Sight_Words_105,Say out loud clearly: SPACE SIGHT WORDS LEVEL THREE CAN SEE LIKE GO WE MY!,speak_s105_1.webp,audio_s105_10.mp3,1,Space Sight Words Level Three CAN SEE LIKE GO WE MY,,,,,,Space Sight Words Level Three CAN SEE LIKE GO WE MY,,,,,,,
speak_repeat,PP2-ENG-X.105_Space_Sight_Words_105,Say out loud clearly: READ SIGHT WORDS IN THE GALAXY!,speak_s105_2.webp,audio_s105_11.mp3,1,Read Sight Words In The Galaxy,,,,,,Read Sight Words In The Galaxy,,,,,,,
matching,PP2-ENG-X.105_Space_Sight_Words_105,Match space sight words!,,,1,,,,,,,,C-A-N,CAN,S-E-E,SEE,L-I-K-E,LIKE
matching,PP2-ENG-X.105_Space_Sight_Words_105,Match more space sight words!,,,1,,,,,,,,G-O,GO,W-E,WE,M-Y,MY
multiple_choice,PP2-ENG-X.106_Space_Plural_Nouns_106,What is the plural form of one ROCKET in space?,spn106_q1.webp,audio_s106_1.mp3,1,ROCKETS,ROCKET,ROCKETES,,,1,,,,,,,
multiple_choice,PP2-ENG-X.106_Space_Plural_Nouns_106,What is the plural form of one STAR in space?,spn106_q2.webp,audio_s106_2.mp3,1,STARS,STAR,STARES,,,1,,,,,,,
multiple_choice,PP2-ENG-X.106_Space_Plural_Nouns_106,What is the plural form of one MOON in galaxy?,spn106_q3.webp,audio_s106_3.mp3,1,MOONS,MOON,MOONES,,,1,,,,,,,
multiple_choice,PP2-ENG-X.106_Space_Plural_Nouns_106,What is the plural form of one PLANET in galaxy?,spn106_q4.webp,audio_s106_4.mp3,1,PLANETS,PLANET,PLANETES,,,1,,,,,,,
multiple_choice,PP2-ENG-X.106_Space_Plural_Nouns_106,Adding letter -S to a space noun means there are...?,spn106_q5.webp,audio_s106_5.mp3,1,MORE THAN ONE,ONLY ONE,NONE,,,1,,,,,,,
multiple_choice,PP2-ENG-X.106_Space_Plural_Nouns_106,One alien, two...?,spn106_q6.webp,audio_s106_6.mp3,1,ALIENS,ALIEN,ALIENES,,,1,,,,,,,
count_objects,PP2-ENG-X.106_Space_Plural_Nouns_106,Count 4 plural space ROCKETS!,spn106_count1.webp,audio_s106_7.mp3,1,4,2,3,,🚀,4,,,,,,,
count_objects,PP2-ENG-X.106_Space_Plural_Nouns_106,Count 5 plural space STARS!,spn106_count2.webp,audio_s106_8.mp3,1,5,3,4,,⭐,5,,,,,,,
count_objects,PP2-ENG-X.106_Space_Plural_Nouns_106,Count 3 plural space PLANETS!,spn106_count3.webp,audio_s106_9.mp3,1,3,1,4,,🪐,3,,,,,,,
speak_repeat,PP2-ENG-X.106_Space_Plural_Nouns_106,Say out loud clearly: SPACE PLURAL NOUNS ADDING S ROCKETS STARS MOONS PLANETS!,speak_s106_1.webp,audio_s106_10.mp3,1,Space Plural Nouns Adding S Rockets Stars Moons Planets,,,,,,Space Plural Nouns Adding S Rockets Stars Moons Planets,,,,,,,
speak_repeat,PP2-ENG-X.106_Space_Plural_Nouns_106,Say out loud clearly: ADD S TO MAKE MORE THAN ONE IN THE GALAXY!,speak_s106_2.webp,audio_s106_11.mp3,1,Add S To Make More Than One In The Galaxy,,,,,,Add S To Make More Than One In The Galaxy,,,,,,,
matching,PP2-ENG-X.106_Space_Plural_Nouns_106,Match singular and plural space nouns!,,,1,,,,,,,,One Rocket 🚀,ROCKETS,One Star ⭐,STARS,One Planet 🪐,PLANETS
matching,PP2-ENG-X.106_Space_Plural_Nouns_106,Match plural -s words!,,,1,,,,,,,,Rocket,ROCKETS,Star,STARS,Moon,MOONS
multiple_choice,PP2-ENG-X.107_Circus_Consonant_Blends_107,Which letters blend together in circus STOP sign?,ccb107_q1.webp,audio_c107_1.mp3,1,ST,SP,SK,,,1,,,,,,,
multiple_choice,PP2-ENG-X.107_Circus_Consonant_Blends_107,Which letters blend together in circus SPOON prop?,ccb107_q2.webp,audio_c107_2.mp3,1,SP,ST,SK,,,1,,,,,,,
multiple_choice,PP2-ENG-X.107_Circus_Consonant_Blends_107,Which letters blend together in circus SKY tent?,ccb107_q3.webp,audio_c107_3.mp3,1,SK,ST,SP,,,1,,,,,,,
multiple_choice,PP2-ENG-X.107_Circus_Consonant_Blends_107,Which word starts with ST blend and means halt?,ccb107_q4.webp,audio_c107_4.mp3,1,STOP,GO,RUN,,,1,,,,,,,
multiple_choice,PP2-ENG-X.107_Circus_Consonant_Blends_107,Which eating utensil starts with SP blend?,ccb107_q5.webp,audio_c107_5.mp3,1,SPOON,FORK,CUP,,,1,,,,,,,
multiple_choice,PP2-ENG-X.107_Circus_Consonant_Blends_107,Consonant blends smoothly combine two letter...?,ccb107_q6.webp,audio_c107_6.mp3,1,SOUNDS,NUMBERS,COLORS,,,1,,,,,,,
count_objects,PP2-ENG-X.107_Circus_Consonant_Blends_107,Count 3 red STOP signs at circus!,ccb107_count1.webp,audio_c107_7.mp3,1,3,2,4,,🛑,3,,,,,,,
count_objects,PP2-ENG-X.107_Circus_Consonant_Blends_107,Count 4 circus spoons with SP blend!,ccb107_count2.webp,audio_c107_8.mp3,1,4,2,5,,🥄,4,,,,,,,
count_objects,PP2-ENG-X.107_Circus_Consonant_Blends_107,Count 2 circus sky scenes!,ccb107_count3.webp,audio_c107_9.mp3,1,2,1,3,,🌌,2,,,,,,,
speak_repeat,PP2-ENG-X.107_Circus_Consonant_Blends_107,Say out loud clearly: CIRCUS CONSONANT BLENDS ST SP AND SK!,speak_c107_1.webp,audio_c107_10.mp3,1,Circus Consonant Blends ST SP And SK,,,,,,Circus Consonant Blends ST SP And SK,,,,,,,
speak_repeat,PP2-ENG-X.107_Circus_Consonant_Blends_107,Say out loud clearly: ST FOR STOP SP FOR SPOON SK FOR SKY AT CIRCUS!,speak_c107_2.webp,audio_c107_11.mp3,1,ST For Stop SP For Spoon SK For Sky At Circus,,,,,,ST For Stop SP For Spoon SK For Sky At Circus,,,,,,,
matching,PP2-ENG-X.107_Circus_Consonant_Blends_107,Match circus consonant blends!,,,1,,,,,,,,Stop 🛑,ST,Spoon 🥄,SP,Sky 🌌,SK
matching,PP2-ENG-X.107_Circus_Consonant_Blends_107,Match blend words!,,,1,,,,,,,,Stop,STOP,Spoon,SPOON,Sky,SKY
multiple_choice,PP2-ENG-X.108_Circus_Question_Words_108,Which question word asks about a circus PERSON?,cqw108_q1.webp,audio_c108_1.mp3,1,WHO,WHAT,WHERE,,,1,,,,,,,
multiple_choice,PP2-ENG-X.108_Circus_Question_Words_108,Which question word asks about a circus THING?,cqw108_q2.webp,audio_c108_2.mp3,1,WHAT,WHO,WHERE,,,1,,,,,,,
multiple_choice,PP2-ENG-X.108_Circus_Question_Words_108,Which question word asks about a circus PLACE?,cqw108_q3.webp,audio_c108_3.mp3,1,WHERE,WHO,WHAT,,,1,,,,,,,
multiple_choice,PP2-ENG-X.108_Circus_Question_Words_108,Which question word asks about TIME?,cqw108_q4.webp,audio_c108_4.mp3,1,WHEN,WHO,WHAT,,,1,,,,,,,
multiple_choice,PP2-ENG-X.108_Circus_Question_Words_108,___ is juggling the balls? Answer: The clown.,cqw108_q5.webp,audio_c108_5.mp3,1,WHO,WHAT,WHERE,,,1,,,,,,,
multiple_choice,PP2-ENG-X.108_Circus_Question_Words_108,___ is the circus tent? Answer: At the park.,cqw108_q6.webp,audio_c108_6.mp3,1,WHERE,WHO,WHAT,,,1,,,,,,,
count_objects,PP2-ENG-X.108_Circus_Question_Words_108,Count 4 question mark cards at circus!,cqw108_count1.webp,audio_c108_7.mp3,1,4,2,3,,❓,4,,,,,,,
count_objects,PP2-ENG-X.108_Circus_Question_Words_108,Count 3 WHO question cards!,cqw108_count2.webp,audio_c108_8.mp3,1,3,1,5,,❓,3,,,,,,,
count_objects,PP2-ENG-X.108_Circus_Question_Words_108,Count 2 WHERE question map signs!,cqw108_count3.webp,audio_c108_9.mp3,1,2,1,4,,🗺️,2,,,,,,,
speak_repeat,PP2-ENG-X.108_Circus_Question_Words_108,Say out loud clearly: CIRCUS QUESTION WORDS WHO WHAT WHERE WHEN!,speak_c108_1.webp,audio_c108_10.mp3,1,Circus Question Words WHO WHAT WHERE WHEN,,,,,,Circus Question Words WHO WHAT WHERE WHEN,,,,,,,
speak_repeat,PP2-ENG-X.108_Circus_Question_Words_108,Say out loud clearly: ASK QUESTIONS TO LEARN AT THE CIRCUS!,speak_c108_2.webp,audio_c108_11.mp3,1,Ask Questions To Learn At The Circus,,,,,,Ask Questions To Learn At The Circus,,,,,,,
matching,PP2-ENG-X.108_Circus_Question_Words_108,Match circus question words!,,,1,,,,,,,,Clown,WHO,Popcorn,WHAT,Tent,WHERE
matching,PP2-ENG-X.108_Circus_Question_Words_108,Match question meanings!,,,1,,,,,,,,Person,WHO,Thing,WHAT,Place,WHERE
multiple_choice,PP2-ENG-X.109_Superhero_Sentence_Building_109,Complete superhero sentence: THE HERO CAN ___.,ssb109_q1.webp,audio_s109_1.mp3,1,FLY,HAT,RED,,,1,,,,,,,
multiple_choice,PP2-ENG-X.109_Superhero_Sentence_Building_109,Complete superhero sentence: I SEE A ___.,ssb109_q2.webp,audio_s109_2.mp3,1,SHIELD,RUN,HOP,,,1,,,,,,,
multiple_choice,PP2-ENG-X.109_Superhero_Sentence_Building_109,Complete superhero sentence: WE CAN SAVE THE ___.,ssb109_q3.webp,audio_s109_3.mp3,1,CITY,SING,JUMP,,,1,,,,,,,
multiple_choice,PP2-ENG-X.109_Superhero_Sentence_Building_109,Which capital word starts superhero sentence?,ssb109_q4.webp,audio_s109_4.mp3,1,THE,the,tHE,,,1,,,,,,,
multiple_choice,PP2-ENG-X.109_Superhero_Sentence_Building_109,What mark ends superhero sentence?,ssb109_q5.webp,audio_s109_5.mp3,1,PERIOD,COMMA,SPACE,,,1,,,,,,,
multiple_choice,PP2-ENG-X.109_Superhero_Sentence_Building_109,Building sentences gives us reading...?,ssb109_q6.webp,audio_s109_6.mp3,1,POWER,FEAR,NOISE,,,1,,,,,,,
count_objects,PP2-ENG-X.109_Superhero_Sentence_Building_109,Count 3 superhero power sentence cards!,ssb109_count1.webp,audio_s109_7.mp3,1,3,2,4,,📝,3,,,,,,,
count_objects,PP2-ENG-X.109_Superhero_Sentence_Building_109,Count 5 sentence building shields!,ssb109_count2.webp,audio_s109_8.mp3,1,5,3,4,,🛡️,5,,,,,,,
count_objects,PP2-ENG-X.109_Superhero_Sentence_Building_109,Count 2 hero power medals!,ssb109_count3.webp,audio_s109_9.mp3,1,2,1,3,,🥇,2,,,,,,,
speak_repeat,PP2-ENG-X.109_Superhero_Sentence_Building_109,Say out loud clearly: SUPERHERO SENTENCE BUILDING POWER THE HERO CAN FLY!,speak_s109_1.webp,audio_s109_10.mp3,1,Superhero Sentence Building Power The Hero Can Fly,,,,,,Superhero Sentence Building Power The Hero Can Fly,,,,,,,
speak_repeat,PP2-ENG-X.109_Superhero_Sentence_Building_109,Say out loud clearly: BUILD SENTENCES WITH CAPITAL AND PERIOD!,speak_s109_2.webp,audio_s109_11.mp3,1,Build Sentences With Capital And Period,,,,,,Build Sentences With Capital And Period,,,,,,,
matching,PP2-ENG-X.109_Superhero_Sentence_Building_109,Match superhero sentence parts!,,,1,,,,,,,,The hero,CAN FLY,I see,A SHIELD,We can save,THE CITY
matching,PP2-ENG-X.109_Superhero_Sentence_Building_109,Match sentence rules!,,,1,,,,,,,,Start,CAPITAL,End,PERIOD,Words,SPACE
multiple_choice,PP2-ENG-X.110_Superhero_Writing_Tracing_110,Trace CVC word for meowing animal: C-A-T makes...?,swt110_q1.webp,audio_s110_1.mp3,1,CAT,DOG,PIG,,,1,,,,,,,
multiple_choice,PP2-ENG-X.110_Superhero_Writing_Tracing_110,Trace CVC word for barking animal: D-O-G makes...?,swt110_q2.webp,audio_s110_2.mp3,1,DOG,CAT,HAT,,,1,,,,,,,
multiple_choice,PP2-ENG-X.110_Superhero_Writing_Tracing_110,Trace CVC word for pink farm animal: P-I-G makes...?,swt110_q3.webp,audio_s110_3.mp3,1,PIG,BUG,HEN,,,1,,,,,,,
multiple_choice,PP2-ENG-X.110_Superhero_Writing_Tracing_110,Trace CVC word for crawling insect: B-U-G makes...?,swt110_q4.webp,audio_s110_4.mp3,1,BUG,RUG,MUG,,,1,,,,,,,
multiple_choice,PP2-ENG-X.110_Superhero_Writing_Tracing_110,Trace CVC word for farm bird: H-E-N makes...?,swt110_q5.webp,audio_s110_5.mp3,1,HEN,PEN,TEN,,,1,,,,,,,
multiple_choice,PP2-ENG-X.110_Superhero_Writing_Tracing_110,Tracing CVC words builds neat handwriting...?,swt110_q6.webp,audio_s110_6.mp3,1,SKILLS,SPEED,NOISE,,,1,,,,,,,
count_objects,PP2-ENG-X.110_Superhero_Writing_Tracing_110,Count 5 tracing pencils!,swt110_count1.webp,audio_s110_7.mp3,1,5,3,4,,✏️,5,,,,,,,
count_objects,PP2-ENG-X.110_Superhero_Writing_Tracing_110,Count 4 CVC word tracing slates!,swt110_count2.webp,audio_s110_8.mp3,1,4,2,3,,📝,4,,,,,,,
count_objects,PP2-ENG-X.110_Superhero_Writing_Tracing_110,Count 3 handwriting medals!,swt110_count3.webp,audio_s110_9.mp3,1,3,1,5,,🥇,3,,,,,,,
speak_repeat,PP2-ENG-X.110_Superhero_Writing_Tracing_110,Say out loud clearly: SUPERHERO WRITING TRACING CVC WORDS!,speak_s110_1.webp,audio_s110_10.mp3,1,Superhero Writing Tracing CVC Words,,,,,,Superhero Writing Tracing CVC Words,,,,,,,
speak_repeat,PP2-ENG-X.110_Superhero_Writing_Tracing_110,Say out loud clearly: TRACE THREE LETTER CVC WORDS WITH SUPERPOWER!,speak_s110_2.webp,audio_s110_11.mp3,1,Trace Three Letter CVC Words With Superpower,,,,,,Trace Three Letter CVC Words With Superpower,,,,,,,
matching,PP2-ENG-X.110_Superhero_Writing_Tracing_110,Match CVC words to pictures!,,,1,,,,,,,,C-A-T,🐱,D-O-G,🐶,P-I-G,🐖
matching,PP2-ENG-X.110_Superhero_Writing_Tracing_110,Match tracing practice!,,,1,,,,,,,,Cat,CAT,Dog,DOG,Bug,BUG
multiple_choice,PP2-ENG-X.111_Underwater_CVC_Words_111,Which CVC word underwater rhymes with CAT?,ucw111_q1.webp,audio_u111_1.mp3,1,HAT,DOG,PIG,,,1,,,,,,,
multiple_choice,PP2-ENG-X.111_Underwater_CVC_Words_111,Which CVC word underwater rhymes with MAN?,ucw111_q2.webp,audio_u111_2.mp3,1,VAN,CAT,BUG,,,1,,,,,,,
multiple_choice,PP2-ENG-X.111_Underwater_CVC_Words_111,Which CVC word underwater rhymes with PIG?,ucw111_q3.webp,audio_u111_3.mp3,1,DIG,HAT,HOP,,,1,,,,,,,
multiple_choice,PP2-ENG-X.111_Underwater_CVC_Words_111,Which CVC word underwater rhymes with HOP?,ucw111_q4.webp,audio_u111_4.mp3,1,POP,MAN,PEN,,,1,,,,,,,
multiple_choice,PP2-ENG-X.111_Underwater_CVC_Words_111,Which CVC word underwater rhymes with BUG?,ucw111_q5.webp,audio_u111_5.mp3,1,RUG,PIG,CAT,,,1,,,,,,,
multiple_choice,PP2-ENG-X.111_Underwater_CVC_Words_111,Which CVC word underwater rhymes with HEN?,ucw111_q6.webp,audio_u111_6.mp3,1,PEN,DOG,RUN,,,1,,,,,,,
count_objects,PP2-ENG-X.111_Underwater_CVC_Words_111,Count 5 CVC word shells underwater!,ucw111_count1.webp,audio_u111_7.mp3,1,5,3,4,,🐚,5,,,,,,,
count_objects,PP2-ENG-X.111_Underwater_CVC_Words_111,Count 3 fish swimming near CVC words!,ucw111_count2.webp,audio_u111_8.mp3,1,3,1,4,,🐠,3,,,,,,,
count_objects,PP2-ENG-X.111_Underwater_CVC_Words_111,Count 2 clam CVC word boxes!,ucw111_count3.webp,audio_u111_9.mp3,1,2,1,3,,🦪,2,,,,,,,
speak_repeat,PP2-ENG-X.111_Underwater_CVC_Words_111,Say out loud clearly: UNDERWATER CVC WORDS RHYMING CAT HAT MAN VAN PIG DIG!,speak_u111_1.webp,audio_u111_10.mp3,1,Underwater CVC Words Rhyming Cat Hat Man Van Pig Dig,,,,,,Underwater CVC Words Rhyming Cat Hat Man Van Pig Dig,,,,,,,
speak_repeat,PP2-ENG-X.111_Underwater_CVC_Words_111,Say out loud clearly: RHYME THREE LETTER CVC WORDS UNDERWATER!,speak_u111_2.webp,audio_u111_11.mp3,1,Rhyme Three Letter CVC Words Underwater,,,,,,Rhyme Three Letter CVC Words Underwater,,,,,,,
matching,PP2-ENG-X.111_Underwater_CVC_Words_111,Match underwater CVC rhyming words!,,,1,,,,,,,,Cat 🐱,HAT,Man 👨,VAN,Pig 🐖,DIG
matching,PP2-ENG-X.111_Underwater_CVC_Words_111,Match more underwater CVC words!,,,1,,,,,,,,Hop 🐸,POP,Bug 🐛,RUG,Hen 🐔,PEN
multiple_choice,PP2-ENG-X.112_Underwater_Story_Three_Pigs_112,Which pig built the strong house of bricks in underwater story?,usp112_q1.webp,audio_u112_1.mp3,1,THIRD PIG,FIRST PIG,SECOND PIG,,,1,,,,,,,
multiple_choice,PP2-ENG-X.112_Underwater_Story_Three_Pigs_112,What bad animal tried to huff and puff houses down?,usp112_q2.webp,audio_u112_2.mp3,1,WOLF,FOX,BEAR,,,1,,,,,,,
multiple_choice,PP2-ENG-X.112_Underwater_Story_Three_Pigs_112,Why couldn't the wolf blow down brick house?,usp112_q3.webp,audio_u112_3.mp3,1,STRONG BRICKS,WEAK STRAW,WOOD,,,1,,,,,,,
multiple_choice,PP2-ENG-X.112_Underwater_Story_Three_Pigs_112,What moral lesson does the story teach us?,usp112_q4.webp,audio_u112_4.mp3,1,HARD WORK,LAZINESS,PLAY,,,1,,,,,,,
multiple_choice,PP2-ENG-X.112_Underwater_Story_Three_Pigs_112,Working hard keeps us safe and...?,usp112_q5.webp,audio_u112_5.mp3,1,PROTECTED,AFRAID,LOST,,,1,,,,,,,
multiple_choice,PP2-ENG-X.112_Underwater_Story_Three_Pigs_112,The third pig showed wisdom and...?,usp112_q6.webp,audio_u112_6.mp3,1,HARD WORK,LAZINESS,FEAR,,,1,,,,,,,
count_objects,PP2-ENG-X.112_Underwater_Story_Three_Pigs_112,Count 3 little pigs underwater!,usp112_count1.webp,audio_u112_7.mp3,1,3,2,4,,🐖,3,,,,,,,
count_objects,PP2-ENG-X.112_Underwater_Story_Three_Pigs_112,Count 1 wolf in the story!,usp112_count2.webp,audio_u112_8.mp3,1,1,2,3,,🐺,1,,,,,,,
count_objects,PP2-ENG-X.112_Underwater_Story_Three_Pigs_112,Count 3 houses made of straw, wood, and brick!,usp112_count3.webp,audio_u112_9.mp3,1,3,2,4,,🛖,3,,,,,,,
speak_repeat,PP2-ENG-X.112_Underwater_Story_Three_Pigs_112,Say out loud clearly: UNDERWATER STORY THREE LITTLE PIGS COMPREHENSION!,speak_u112_1.webp,audio_u112_10.mp3,1,Underwater Story Three Little Pigs Comprehension,,,,,,Underwater Story Three Little Pigs Comprehension,,,,,,,
speak_repeat,PP2-ENG-X.112_Underwater_Story_Three_Pigs_112,Say out loud clearly: HARD WORK BUILDS A STRONG HOUSE OF BRICKS!,speak_u112_2.webp,audio_u112_11.mp3,1,Hard Work Builds A Strong House Of Bricks,,,,,,Hard Work Builds A Strong House Of Bricks,,,,,,,
matching,PP2-ENG-X.112_Underwater_Story_Three_Pigs_112,Match house materials!,,,1,,,,,,,,Straw 🌾,WEAK,Wood 🪵,MEDIUM,Brick 🧱,STRONG
matching,PP2-ENG-X.112_Underwater_Story_Three_Pigs_112,Match story lessons!,,,1,,,,,,,,Hard work,SAFE,Lazy,WEAK,Brick,STRONG
multiple_choice,PP2-ENG-X.113_Safari_Animal_Digraphs_113,Which digraph letters make /sh/ in safari SHIP?,sad113_q1.webp,audio_s113_1.mp3,1,SH,CH,TH,,,1,,,,,,,
multiple_choice,PP2-ENG-X.113_Safari_Animal_Digraphs_113,Which digraph letters make /ch/ in safari CHIP?,sad113_q2.webp,audio_s113_2.mp3,1,CH,SH,TH,,,1,,,,,,,
multiple_choice,PP2-ENG-X.113_Safari_Animal_Digraphs_113,Which digraph letters make /th/ in safari PATH?,sad113_q3.webp,audio_s113_3.mp3,1,TH,SH,CH,,,1,,,,,,,
multiple_choice,PP2-ENG-X.113_Safari_Animal_Digraphs_113,Which animal word ends with SH sound?,sad113_q4.webp,audio_s113_4.mp3,1,FISH,CAT,LION,,,1,,,,,,,
multiple_choice,PP2-ENG-X.113_Safari_Animal_Digraphs_113,Which safari bird word starts with CH sound?,sad113_q5.webp,audio_s113_5.mp3,1,CHICK,DUCK,HEN,,,1,,,,,,,
multiple_choice,PP2-ENG-X.113_Safari_Animal_Digraphs_113,SH, CH, and TH are safari animal...?,sad113_q6.webp,audio_s113_6.mp3,1,DIGRAPHS,NUMBERS,COLORS,,,1,,,,,,,
count_objects,PP2-ENG-X.113_Safari_Animal_Digraphs_113,Count 4 swimming fish with SH sound!,sad113_count1.webp,audio_s113_7.mp3,1,4,2,5,,🐟,4,,,,,,,
count_objects,PP2-ENG-X.113_Safari_Animal_Digraphs_113,Count 3 baby chicks with CH sound!,sad113_count2.webp,audio_s113_8.mp3,1,3,1,4,,🐥,3,,,,,,,
count_objects,PP2-ENG-X.113_Safari_Animal_Digraphs_113,Count 2 safari paths with TH sound!,sad113_count3.webp,audio_s113_9.mp3,1,2,1,3,,🛤️,2,,,,,,,
speak_repeat,PP2-ENG-X.113_Safari_Animal_Digraphs_113,Say out loud clearly: SAFARI ANIMAL DIGRAPHS SH CH AND TH!,speak_s113_1.webp,audio_s113_10.mp3,1,Safari Animal Digraphs SH CH And TH,,,,,,Safari Animal Digraphs SH CH And TH,,,,,,,
speak_repeat,PP2-ENG-X.113_Safari_Animal_Digraphs_113,Say out loud clearly: FISH CHICK AND PATH ARE SAFARI DIGRAPH WORDS!,speak_s113_2.webp,audio_s113_11.mp3,1,Fish Chick And Path Are Safari Digraph Words,,,,,,Fish Chick And Path Are Safari Digraph Words,,,,,,,
matching,PP2-ENG-X.113_Safari_Animal_Digraphs_113,Match safari digraph words!,,,1,,,,,,,,Fish 🐟,SH,Chick 🐥,CH,Path 🛤️,TH
matching,PP2-ENG-X.113_Safari_Animal_Digraphs_113,Match digraph sounds!,,,1,,,,,,,,/sh/,SH,/ch/,CH,/th/,TH
multiple_choice,PP2-ENG-X.114_Safari_Prepositions_114,Where is lion sitting IN the safari cave?,sp114_q1.webp,audio_s114_1.mp3,1,IN,ON,UNDER,,,1,,,,,,,
multiple_choice,PP2-ENG-X.114_Safari_Prepositions_114,Where is monkey sitting ON the tree branch?,sp114_q2.webp,audio_s114_2.mp3,1,ON,IN,UNDER,,,1,,,,,,,
multiple_choice,PP2-ENG-X.114_Safari_Prepositions_114,Where is snake resting UNDER the tree shade?,sp114_q3.webp,audio_s114_3.mp3,1,UNDER,IN,ON,,,1,,,,,,,
multiple_choice,PP2-ENG-X.114_Safari_Prepositions_114,Where is bird perched ON top of rock?,sp114_q4.webp,audio_s114_4.mp3,1,ON,IN,UNDER,,,1,,,,,,,
multiple_choice,PP2-ENG-X.114_Safari_Prepositions_114,Where is zebra resting IN the tall grass?,sp114_q5.webp,audio_s114_5.mp3,1,IN,ON,UNDER,,,1,,,,,,,
multiple_choice,PP2-ENG-X.114_Safari_Prepositions_114,Preposition words show safari animal...?,sp114_q6.webp,audio_s114_6.mp3,1,LOCATION,COLOR,NUMBER,,,1,,,,,,,
count_objects,PP2-ENG-X.114_Safari_Prepositions_114,Count 3 lions IN the cave!,sp114_count1.webp,audio_s114_7.mp3,1,3,2,4,,🦁,3,,,,,,,
count_objects,PP2-ENG-X.114_Safari_Prepositions_114,Count 4 monkeys ON tree branches!,sp114_count2.webp,audio_s114_8.mp3,1,4,2,5,,🐒,4,,,,,,,
count_objects,PP2-ENG-X.114_Safari_Prepositions_114,Count 2 snakes UNDER shade!,sp114_count3.webp,audio_s114_9.mp3,1,2,1,3,,🐍,2,,,,,,,
speak_repeat,PP2-ENG-X.114_Safari_Prepositions_114,Say out loud clearly: SAFARI PREPOSITIONS IN ON AND UNDER!,speak_s114_1.webp,audio_s114_10.mp3,1,Safari Prepositions In On And Under,,,,,,Safari Prepositions In On And Under,,,,,,,
speak_repeat,PP2-ENG-X.114_Safari_Prepositions_114,Say out loud clearly: LION IN CAVE AND MONKEY ON TREE!,speak_s114_2.webp,audio_s114_11.mp3,1,Lion In Cave And Monkey On Tree,,,,,,Lion In Cave And Monkey On Tree,,,,,,,
matching,PP2-ENG-X.114_Safari_Prepositions_114,Match safari animal locations!,,,1,,,,,,,,In cave,IN,On tree,ON,Under shade,UNDER
matching,PP2-ENG-X.114_Safari_Prepositions_114,Match preposition words!,,,1,,,,,,,,In,IN,On,ON,Under,UNDER
multiple_choice,PP2-ENG-X.115_Nursery_Rhyme_Plural_Nouns_115,In rhyme, what is plural form of one CAT?,nrp115_q1.webp,audio_n115_1.mp3,1,CATS,CAT,CATON,,,1,,,,,,,
multiple_choice,PP2-ENG-X.115_Nursery_Rhyme_Plural_Nouns_115,In rhyme, what is plural form of one DOG?,nrp115_q2.webp,audio_n115_2.mp3,1,DOGS,DOG,DOGES,,,1,,,,,,,
multiple_choice,PP2-ENG-X.115_Nursery_Rhyme_Plural_Nouns_115,In rhyme, what is plural form of one BOOK?,nrp115_q3.webp,audio_n115_3.mp3,1,BOOKS,BOOK,BOOKES,,,1,,,,,,,
multiple_choice,PP2-ENG-X.115_Nursery_Rhyme_Plural_Nouns_115,In rhyme, what is plural form of one PEN?,nrp115_q4.webp,audio_n115_4.mp3,1,PENS,PEN,PENES,,,1,,,,,,,
multiple_choice,PP2-ENG-X.115_Nursery_Rhyme_Plural_Nouns_115,Adding letter -S to a rhyme noun means there are...?,nrp115_q5.webp,audio_n115_5.mp3,1,MORE THAN ONE,ONLY ONE,NONE,,,1,,,,,,,
multiple_choice,PP2-ENG-X.115_Nursery_Rhyme_Plural_Nouns_115,One star, two...?,nrp115_q6.webp,audio_n115_6.mp3,1,STARS,STAR,STARES,,,1,,,,,,,
count_objects,PP2-ENG-X.115_Nursery_Rhyme_Plural_Nouns_115,Count 4 plural CATS in the rhyme!,nrp115_count1.webp,audio_n115_7.mp3,1,4,2,3,,🐱,4,,,,,,,
count_objects,PP2-ENG-X.115_Nursery_Rhyme_Plural_Nouns_115,Count 5 plural DOGS in the rhyme!,nrp115_count2.webp,audio_n115_8.mp3,1,5,3,4,,🐶,5,,,,,,,
count_objects,PP2-ENG-X.115_Nursery_Rhyme_Plural_Nouns_115,Count 3 plural STARS!,nrp115_count3.webp,audio_n115_9.mp3,1,3,1,4,,⭐,3,,,,,,,
speak_repeat,PP2-ENG-X.115_Nursery_Rhyme_Plural_Nouns_115,Say out loud clearly: NURSERY RHYME PLURAL NOUNS ADDING LETTER S!,speak_n115_1.webp,audio_n115_10.mp3,1,Nursery Rhyme Plural Nouns Adding Letter S,,,,,,Nursery Rhyme Plural Nouns Adding Letter S,,,,,,,
speak_repeat,PP2-ENG-X.115_Nursery_Rhyme_Plural_Nouns_115,Say out loud clearly: CATS DOGS BOOKS PENS AND STARS!,speak_n115_2.webp,audio_n115_11.mp3,1,Cats Dogs Books Pens And Stars,,,,,,Cats Dogs Books Pens And Stars,,,,,,,
matching,PP2-ENG-X.115_Nursery_Rhyme_Plural_Nouns_115,Match singular and plural rhyme nouns!,,,1,,,,,,,,One Cat 🐱,CATS,One Dog 🐶,DOGS,One Star ⭐,STARS
matching,PP2-ENG-X.115_Nursery_Rhyme_Plural_Nouns_115,Match plural -s words!,,,1,,,,,,,,Cat,CATS,Dog,DOGS,Star,STARS
multiple_choice,PP2-ENG-X.116_Phonics_Digraph_Mastery_116,Which digraph makes /sh/ sound in SHOP?,pdm116_q1.webp,audio_p116_1.mp3,1,SH,CH,TH,,,1,,,,,,,
multiple_choice,PP2-ENG-X.116_Phonics_Digraph_Mastery_116,Which digraph makes /ch/ sound in CHIP?,pdm116_q2.webp,audio_p116_2.mp3,1,CH,SH,TH,,,1,,,,,,,
multiple_choice,PP2-ENG-X.116_Phonics_Digraph_Mastery_116,Which digraph makes /th/ sound in THIN?,pdm116_q3.webp,audio_p116_3.mp3,1,TH,SH,CH,,,1,,,,,,,
multiple_choice,PP2-ENG-X.116_Phonics_Digraph_Mastery_116,Which word ends with SH sound?,pdm116_q4.webp,audio_p116_4.mp3,1,FISH,CHIP,PATH,,,1,,,,,,,
multiple_choice,PP2-ENG-X.116_Phonics_Digraph_Mastery_116,Which word ends with CH sound?,pdm116_q5.webp,audio_p116_5.mp3,1,BENCH,SHOP,THIN,,,1,,,,,,,
multiple_choice,PP2-ENG-X.116_Phonics_Digraph_Mastery_116,SH, CH, and TH are digraph...?,pdm116_q6.webp,audio_p116_6.mp3,1,MASTERY,NUMBERS,COLORS,,,1,,,,,,,
count_objects,PP2-ENG-X.116_Phonics_Digraph_Mastery_116,Count 5 digraph master star trophies!,pdm116_count1.webp,audio_p116_7.mp3,1,5,3,4,,🏆,5,,,,,,,
count_objects,PP2-ENG-X.116_Phonics_Digraph_Mastery_116,Count 4 digraph sound cards!,pdm116_count2.webp,audio_p116_8.mp3,1,4,2,3,,🃏,4,,,,,,,
count_objects,PP2-ENG-X.116_Phonics_Digraph_Mastery_116,Count 3 winner medals!,pdm116_count3.webp,audio_p116_9.mp3,1,3,1,5,,🥇,3,,,,,,,
speak_repeat,PP2-ENG-X.116_Phonics_Digraph_Mastery_116,Say out loud clearly: PHONICS DIGRAPH MASTERY SH CH AND TH!,speak_p116_1.webp,audio_p116_10.mp3,1,Phonics Digraph Mastery SH CH And TH,,,,,,Phonics Digraph Mastery SH CH And TH,,,,,,,
speak_repeat,PP2-ENG-X.116_Phonics_Digraph_Mastery_116,Say out loud clearly: SH CH AND TH DIGRAPHS ARE EASY TO READ!,speak_p116_2.webp,audio_p116_11.mp3,1,SH CH And TH Digraphs Are Easy To Read,,,,,,SH CH And TH Digraphs Are Easy To Read,,,,,,,
matching,PP2-ENG-X.116_Phonics_Digraph_Mastery_116,Match digraph sounds!,,,1,,,,,,,,Shop 🏪,SH,Chip 🍟,CH,Thin 📏,TH
matching,PP2-ENG-X.116_Phonics_Digraph_Mastery_116,Match master digraph words!,,,1,,,,,,,,Ship,SHIP,Bench,BENCH,Path,PATH
multiple_choice,PP2-ENG-X.117_PP2_English_Curriculum_Review_117,Which CVC word belongs to the -at family in full review?,ecr117_q1.webp,audio_e117_1.mp3,1,CAT,PIG,BUG,,,1,,,,,,,
multiple_choice,PP2-ENG-X.117_PP2_English_Curriculum_Review_117,Which digraph makes the /sh/ sound in SHIP?,ecr117_q2.webp,audio_e117_2.mp3,1,SH,CH,TH,,,1,,,,,,,
multiple_choice,PP2-ENG-X.117_PP2_English_Curriculum_Review_117,Which sight word completes: I ___ a red car?,ecr117_q3.webp,audio_e117_3.mp3,1,SEE,GO,WE,,,1,,,,,,,
multiple_choice,PP2-ENG-X.117_PP2_English_Curriculum_Review_117,Which plural noun adds -s to CAT?,ecr117_q4.webp,audio_e117_4.mp3,1,CATS,CAT,CATON,,,1,,,,,,,
multiple_choice,PP2-ENG-X.117_PP2_English_Curriculum_Review_117,Which pronoun replaces a boy's name?,ecr117_q5.webp,audio_e117_5.mp3,1,HE,SHE,THEY,,,1,,,,,,,
multiple_choice,PP2-ENG-X.117_PP2_English_Curriculum_Review_117,What review milestone is reached at Mission 117?,ecr117_q6.webp,audio_e117_6.mp3,1,FULL CURRICULUM REVIEW,BEGINNER,STARTER,,,1,,,,,,,
count_objects,PP2-ENG-X.117_PP2_English_Curriculum_Review_117,Count 20 curriculum review star trophies!,ecr117_count1.webp,audio_e117_7.mp3,1,20,18,19,,🏆,20,,,,,,,
count_objects,PP2-ENG-X.117_PP2_English_Curriculum_Review_117,Count 15 review counting medals!,ecr117_count2.webp,audio_e117_8.mp3,1,15,12,18,,🥇,15,,,,,,,
count_objects,PP2-ENG-X.117_PP2_English_Curriculum_Review_117,Count 10 review crowns!,ecr117_count3.webp,audio_e117_9.mp3,1,10,8,12,,👑,10,,,,,,,
speak_repeat,PP2-ENG-X.117_PP2_English_Curriculum_Review_117,Say out loud clearly: PP2 ENGLISH FULL CURRICULUM REVIEW SUCCESS!,speak_e117_1.webp,audio_e117_10.mp3,1,PP2 English Full Curriculum Review Success,,,,,,PP2 English Full Curriculum Review Success,,,,,,,
speak_repeat,PP2-ENG-X.117_PP2_English_Curriculum_Review_117,Say out loud clearly: PHONICS CVC DIGRAPHS SIGHT WORDS AND GRAMMAR REVIEW!,speak_e117_2.webp,audio_e117_11.mp3,1,Phonics CVC Digraphs Sight Words And Grammar Review,,,,,,Phonics CVC Digraphs Sight Words And Grammar Review,,,,,,,
matching,PP2-ENG-X.117_PP2_English_Curriculum_Review_117,Match curriculum english domains!,,,1,,,,,,,,Phonics,SH,CVC,CAT,Sight word,SEE
matching,PP2-ENG-X.117_PP2_English_Curriculum_Review_117,Match review symbols!,,,1,,,,,,,,Trophy 🏆,MASTER,Medal 🥇,WINNER,Crown 👑,REVIEW
multiple_choice,PP2-ENG-X.118_PP2_English_Ultimate_Challenge_118,Which CVC word belongs to the -at family in ultimate challenge?,euc118_q1.webp,audio_e118_1.mp3,1,CAT,PIG,BUG,,,1,,,,,,,
multiple_choice,PP2-ENG-X.118_PP2_English_Ultimate_Challenge_118,Which digraph makes the /sh/ sound in SHIP?,euc118_q2.webp,audio_e118_2.mp3,1,SH,CH,TH,,,1,,,,,,,
multiple_choice,PP2-ENG-X.118_PP2_English_Ultimate_Challenge_118,Which sight word completes: I ___ a red car?,euc118_q3.webp,audio_e118_3.mp3,1,SEE,GO,WE,,,1,,,,,,,
multiple_choice,PP2-ENG-X.118_PP2_English_Ultimate_Challenge_118,Which plural noun adds -s to CAT?,euc118_q4.webp,audio_e118_4.mp3,1,CATS,CAT,CATON,,,1,,,,,,,
multiple_choice,PP2-ENG-X.118_PP2_English_Ultimate_Challenge_118,Which pronoun replaces a boy's name?,euc118_q5.webp,audio_e118_5.mp3,1,HE,SHE,THEY,,,1,,,,,,,
multiple_choice,PP2-ENG-X.118_PP2_English_Ultimate_Challenge_118,What challenge level is reached at Mission 118?,euc118_q6.webp,audio_e118_6.mp3,1,ULTIMATE CHALLENGE,BEGINNER,STARTER,,,1,,,,,,,
count_objects,PP2-ENG-X.118_PP2_English_Ultimate_Challenge_118,Count 20 ultimate challenge star trophies!,euc118_count1.webp,audio_e118_7.mp3,1,20,18,19,,🏆,20,,,,,,,
count_objects,PP2-ENG-X.118_PP2_English_Ultimate_Challenge_118,Count 15 ultimate challenge medals!,euc118_count2.webp,audio_e118_8.mp3,1,15,12,18,,🥇,15,,,,,,,
count_objects,PP2-ENG-X.118_PP2_English_Ultimate_Challenge_118,Count 10 ultimate challenge crowns!,euc118_count3.webp,audio_e118_9.mp3,1,10,8,12,,👑,10,,,,,,,
speak_repeat,PP2-ENG-X.118_PP2_English_Ultimate_Challenge_118,Say out loud clearly: PP2 ENGLISH ULTIMATE CHALLENGE SUCCESS!,speak_e118_1.webp,audio_e118_10.mp3,1,PP2 English Ultimate Challenge Success,,,,,,PP2 English Ultimate Challenge Success,,,,,,,
speak_repeat,PP2-ENG-X.118_PP2_English_Ultimate_Challenge_118,Say out loud clearly: I PASSED THE ULTIMATE PP2 ENGLISH CHALLENGE!,speak_e118_2.webp,audio_e118_11.mp3,1,I Passed The Ultimate PP2 English Challenge,,,,,,I Passed The Ultimate PP2 English Challenge,,,,,,,
matching,PP2-ENG-X.118_PP2_English_Ultimate_Challenge_118,Match ultimate challenge domains!,,,1,,,,,,,,Phonics,SH,CVC,CAT,Sight word,SEE
matching,PP2-ENG-X.118_PP2_English_Ultimate_Challenge_118,Match ultimate challenge symbols!,,,1,,,,,,,,Trophy 🏆,MASTER,Medal 🥇,WINNER,Crown 👑,ULTIMATE
multiple_choice,PP2-ENG-X.119_PP2_English_Grand_Champion_119,Which CVC word belongs to -at family at graduation?,egc119_q1.webp,audio_e119_1.mp3,1,CAT,PIG,BUG,,,1,,,,,,,
multiple_choice,PP2-ENG-X.119_PP2_English_Grand_Champion_119,Which digraph makes the /sh/ sound in SHIP?,egc119_q2.webp,audio_e119_2.mp3,1,SH,CH,TH,,,1,,,,,,,
multiple_choice,PP2-ENG-X.119_PP2_English_Grand_Champion_119,Which sight word completes: I ___ a red car?,egc119_q3.webp,audio_e119_3.mp3,1,SEE,GO,WE,,,1,,,,,,,
multiple_choice,PP2-ENG-X.119_PP2_English_Grand_Champion_119,Which plural noun adds -s to CAT?,egc119_q4.webp,audio_e119_4.mp3,1,CATS,CAT,CATON,,,1,,,,,,,
multiple_choice,PP2-ENG-X.119_PP2_English_Grand_Champion_119,Which pronoun replaces a boy's name?,egc119_q5.webp,audio_e119_5.mp3,1,HE,SHE,THEY,,,1,,,,,,,
multiple_choice,PP2-ENG-X.119_PP2_English_Grand_Champion_119,What milestone level is reached at Mission 119?,egc119_q6.webp,audio_e119_6.mp3,1,GRAND CHAMPION,BEGINNER,STARTER,,,1,,,,,,,
count_objects,PP2-ENG-X.119_PP2_English_Grand_Champion_119,Count 20 grand champion star trophies!,egc119_count1.webp,audio_e119_7.mp3,1,20,18,19,,🏆,20,,,,,,,
count_objects,PP2-ENG-X.119_PP2_English_Grand_Champion_119,Count 15 grand champion gold medals!,egc119_count2.webp,audio_e119_8.mp3,1,15,12,18,,🥇,15,,,,,,,
count_objects,PP2-ENG-X.119_PP2_English_Grand_Champion_119,Count 10 grand champion crowns!,egc119_count3.webp,audio_e119_9.mp3,1,10,8,12,,👑,10,,,,,,,
speak_repeat,PP2-ENG-X.119_PP2_English_Grand_Champion_119,Say out loud clearly: I AM A PP2 ENGLISH GRAND CHAMPION!,speak_e119_1.webp,audio_e119_10.mp3,1,I Am A PP2 English Grand Champion,,,,,,I Am A PP2 English Grand Champion,,,,,,,
speak_repeat,PP2-ENG-X.119_PP2_English_Grand_Champion_119,Say out loud clearly: ONE HUNDRED NINETEEN MISSIONS OF ENGLISH GRADUATION SUCCESS!,speak_e119_2.webp,audio_e119_11.mp3,1,One Hundred Nineteen Missions Of English Graduation Success,,,,,,One Hundred Nineteen Missions Of English Graduation Success,,,,,,,
matching,PP2-ENG-X.119_PP2_English_Grand_Champion_119,Match grand champion english domains!,,,1,,,,,,,,Phonics,SH,CVC,CAT,Sight word,SEE
matching,PP2-ENG-X.119_PP2_English_Grand_Champion_119,Match grand champion symbols!,,,1,,,,,,,,Trophy 🏆,CHAMPION,Medal 🥇,WINNER,Crown 👑,GRADUATION
multiple_choice,PP2-ENG-X.120_PP2_English_Grand_Champion_120,Which CVC word belongs to -at family at final graduation?,egc120_q1.webp,audio_e120_1.mp3,1,CAT,PIG,BUG,,,1,,,,,,,
multiple_choice,PP2-ENG-X.120_PP2_English_Grand_Champion_120,Which digraph makes the /sh/ sound in SHIP?,egc120_q2.webp,audio_e120_2.mp3,1,SH,CH,TH,,,1,,,,,,,
multiple_choice,PP2-ENG-X.120_PP2_English_Grand_Champion_120,Which sight word completes: I ___ a red car?,egc120_q3.webp,audio_e120_3.mp3,1,SEE,GO,WE,,,1,,,,,,,
multiple_choice,PP2-ENG-X.120_PP2_English_Grand_Champion_120,Which plural noun adds -s to CAT?,egc120_q4.webp,audio_e120_4.mp3,1,CATS,CAT,CATON,,,1,,,,,,,
multiple_choice,PP2-ENG-X.120_PP2_English_Grand_Champion_120,Which pronoun replaces a boy's name?,egc120_q5.webp,audio_e120_5.mp3,1,HE,SHE,THEY,,,1,,,,,,,
multiple_choice,PP2-ENG-X.120_PP2_English_Grand_Champion_120,What milestone level is reached at final Mission 120?,egc120_q6.webp,audio_e120_6.mp3,1,FINAL GRADUATION GRAND CHAMPION,BEGINNER,STARTER,,,1,,,,,,,
count_objects,PP2-ENG-X.120_PP2_English_Grand_Champion_120,Count 20 grand champion star trophies!,egc120_count1.webp,audio_e120_7.mp3,1,20,18,19,,🏆,20,,,,,,,
count_objects,PP2-ENG-X.120_PP2_English_Grand_Champion_120,Count 15 grand champion gold medals!,egc120_count2.webp,audio_e120_8.mp3,1,15,12,18,,🥇,15,,,,,,,
count_objects,PP2-ENG-X.120_PP2_English_Grand_Champion_120,Count 10 grand champion crowns!,egc120_count3.webp,audio_e120_9.mp3,1,10,8,12,,👑,10,,,,,,,
speak_repeat,PP2-ENG-X.120_PP2_English_Grand_Champion_120,Say out loud clearly: I AM A PP2 ENGLISH FINAL GRADUATION GRAND CHAMPION!,speak_e120_1.webp,audio_e120_10.mp3,1,I Am A PP2 English Final Graduation Grand Champion,,,,,,I Am A PP2 English Final Graduation Grand Champion,,,,,,,
speak_repeat,PP2-ENG-X.120_PP2_English_Grand_Champion_120,Say out loud clearly: ONE HUNDRED TWENTY MISSIONS OF ENGLISH GRADUATION SUCCESS!,speak_e120_2.webp,audio_e120_11.mp3,1,One Hundred Twenty Missions Of English Graduation Success,,,,,,One Hundred Twenty Missions Of English Graduation Success,,,,,,,
matching,PP2-ENG-X.120_PP2_English_Grand_Champion_120,Match final grand champion domains!,,,1,,,,,,,,Phonics,SH,CVC,CAT,Sight word,SEE
matching,PP2-ENG-X.120_PP2_English_Grand_Champion_120,Match final graduation symbols!,,,1,,,,,,,,Trophy 🏆,CHAMPION,Medal 🥇,WINNER,Crown 👑,GRADUATION