mission_code,filename,prompt_text,background_type,category
PG-MATH-1.1.1,apple_tree.webp,"A single juicy red apples are hanging on the tree, 2D soft-shaded children's illustration, friendly rounded shapes, vibrant saturated colors, clean simple composition, kid-friendly educational style",scene,count_object
PG-MATH-1.1.1,apple_branch.webp,"A single red apples on the branch, 2D soft-shaded children's illustration, friendly rounded shapes, vibrant saturated colors, clean simple composition, kid-friendly educational style",scene,count_object
PG-MATH-1.1.1,apple_basket.webp,"A single apples are in the basket, 2D soft-shaded children's illustration, friendly rounded shapes, vibrant saturated colors, clean simple composition, kid-friendly educational style",scene,count_object
PG-MATH-1.1.1,apple_grass.webp,"A single juicy red apples on the grass, 2D soft-shaded children's illustration, friendly rounded shapes, vibrant saturated colors, clean simple composition, kid-friendly educational style",scene,count_object
PG-MATH-1.1.1,apple_picked.webp,"A single red apples did leo pick, 2D soft-shaded children's illustration, friendly rounded shapes, vibrant saturated colors, clean simple composition, kid-friendly educational style, white background",white,count_object
PG-MATH-1.1.1,apple_box.webp,"A single 3 apples in the box, 2D soft-shaded children's illustration, friendly rounded shapes, vibrant saturated colors, clean simple composition, kid-friendly educational style",scene,count_object
PG-MATH-1.1.1,apple_top.webp,"A single apples are hanging near the top, 2D soft-shaded children's illustration, friendly rounded shapes, vibrant saturated colors, clean simple composition, kid-friendly educational style, white background",white,count_object
PG-MATH-1.1.1,apple_all.webp,"A single red apples together, 2D soft-shaded children's illustration, friendly rounded shapes, vibrant saturated colors, clean simple composition, kid-friendly educational style, white background",white,count_object
PG-MATH-1.1.1,mc_q9.webp,"A single 1 red apple, 2D soft-shaded children's illustration, friendly rounded shapes, vibrant saturated colors, clean simple composition, kid-friendly educational style, white background",white,multiple_choice
PG-MATH-1.1.1,mc_q10.webp,"A single basket has 2 red apples, 2D soft-shaded children's illustration, friendly rounded shapes, vibrant saturated colors, clean simple composition, kid-friendly educational style, white background",white,multiple_choice
PG-MATH-1.1.1,mc_q11.webp,"A single tree has 3 red apples, 2D soft-shaded children's illustration, friendly rounded shapes, vibrant saturated colors, clean simple composition, kid-friendly educational style, white background",white,multiple_choice
PG-MATH-1.1.1,mc_q12.webp,"A single 1 apple, 2D soft-shaded children's illustration, friendly rounded shapes, vibrant saturated colors, clean simple composition, kid-friendly educational style, white background",white,multiple_choice
PG-MATH-1.1.1,mc_q13.webp,"A single 2 apples, 2D soft-shaded children's illustration, friendly rounded shapes, vibrant saturated colors, clean simple composition, kid-friendly educational style, white background",white,multiple_choice
PG-MATH-1.1.1,mc_q14.webp,"A single 3 apples, 2D soft-shaded children's illustration, friendly rounded shapes, vibrant saturated colors, clean simple composition, kid-friendly educational style, white background",white,multiple_choice
PG-MATH-1.1.1,apple_single.webp,"A single one apple, 2D soft-shaded children's illustration, friendly rounded shapes, vibrant saturated colors, clean simple composition, kid-friendly educational style, white background",white,speak_visual
PG-MATH-1.1.1,apple_two.webp,"A single two apples, 2D soft-shaded children's illustration, friendly rounded shapes, vibrant saturated colors, clean simple composition, kid-friendly educational style, white background",white,speak_visual
PG-MATH-1.1.1,apple_three.webp,"A single three apples, 2D soft-shaded children's illustration, friendly rounded shapes, vibrant saturated colors, clean simple composition, kid-friendly educational style, white background",white,speak_visual
PG-MATH-1.1.2,banana_basket.webp,"A single yellow bananas are in the basket, 2D soft-shaded children's illustration, friendly rounded shapes, vibrant saturated colors, clean simple composition, kid-friendly educational style",scene,count_object
PG-MATH-1.1.2,banana_tree.webp,"A single yellow bananas on the tree, 2D soft-shaded children's illustration, friendly rounded shapes, vibrant saturated colors, clean simple composition, kid-friendly educational style",scene,count_object
PG-MATH-1.1.2,banana_picked.webp,"A single sweet bananas did monkey leo pick, 2D soft-shaded children's illustration, friendly rounded shapes, vibrant saturated colors, clean simple composition, kid-friendly educational style, white background",white,count_object
PG-MATH-1.1.2,banana_grass.webp,"A single yellow bananas on the grass, 2D soft-shaded children's illustration, friendly rounded shapes, vibrant saturated colors, clean simple composition, kid-friendly educational style",scene,count_object
PG-MATH-1.1.2,banana_box.webp,"A single bananas are in the box, 2D soft-shaded children's illustration, friendly rounded shapes, vibrant saturated colors, clean simple composition, kid-friendly educational style",scene,count_object
PG-MATH-1.1.2,banana_all.webp,"A single 3 bananas together, 2D soft-shaded children's illustration, friendly rounded shapes, vibrant saturated colors, clean simple composition, kid-friendly educational style, white background",white,count_object
PG-MATH-1.1.2,banana_top.webp,"A single bananas are hanging near the top, 2D soft-shaded children's illustration, friendly rounded shapes, vibrant saturated colors, clean simple composition, kid-friendly educational style, white background",white,count_object
PG-MATH-1.1.2,banana_plate.webp,"A single ripe bananas on the plate, 2D soft-shaded children's illustration, friendly rounded shapes, vibrant saturated colors, clean simple composition, kid-friendly educational style",scene,count_object
PG-MATH-1.1.2,banana_single.webp,"A single one banana, 2D soft-shaded children's illustration, friendly rounded shapes, vibrant saturated colors, clean simple composition, kid-friendly educational style, white background",white,speak_visual
PG-MATH-1.1.2,banana_two.webp,"A single two bananas, 2D soft-shaded children's illustration, friendly rounded shapes, vibrant saturated colors, clean simple composition, kid-friendly educational style, white background",white,speak_visual
PG-MATH-1.1.2,banana_three.webp,"A single three bananas, 2D soft-shaded children's illustration, friendly rounded shapes, vibrant saturated colors, clean simple composition, kid-friendly educational style, white background",white,speak_visual
PG-MATH-1.1.3,car_track.webp,"A single red toy cars are on the track, 2D soft-shaded children's illustration, friendly rounded shapes, vibrant saturated colors, clean simple composition, kid-friendly educational style",scene,count_object
PG-MATH-1.1.3,car_garage.webp,"A single toy cars in the garage, 2D soft-shaded children's illustration, friendly rounded shapes, vibrant saturated colors, clean simple composition, kid-friendly educational style",scene,count_object
PG-MATH-1.1.3,car_race.webp,"A single toy cars did leo race, 2D soft-shaded children's illustration, friendly rounded shapes, vibrant saturated colors, clean simple composition, kid-friendly educational style, white background",white,count_object
PG-MATH-1.1.3,car_rug.webp,"A single toy cars on the rug, 2D soft-shaded children's illustration, friendly rounded shapes, vibrant saturated colors, clean simple composition, kid-friendly educational style",scene,count_object
PG-MATH-1.1.3,car_parked.webp,"A single cars are parked in a row, 2D soft-shaded children's illustration, friendly rounded shapes, vibrant saturated colors, clean simple composition, kid-friendly educational style, white background",white,count_object
PG-MATH-1.1.3,car_all.webp,"A single 3 toy cars together, 2D soft-shaded children's illustration, friendly rounded shapes, vibrant saturated colors, clean simple composition, kid-friendly educational style, white background",white,count_object
PG-MATH-1.1.3,car_finish.webp,"A single cars are near the finish line, 2D soft-shaded children's illustration, friendly rounded shapes, vibrant saturated colors, clean simple composition, kid-friendly educational style, white background",white,count_object
PG-MATH-1.1.3,car_street.webp,"A single fast cars on the street, 2D soft-shaded children's illustration, friendly rounded shapes, vibrant saturated colors, clean simple composition, kid-friendly educational style",scene,count_object
PG-MATH-1.1.3,car_single.webp,"A single one car, 2D soft-shaded children's illustration, friendly rounded shapes, vibrant saturated colors, clean simple composition, kid-friendly educational style, white background",white,speak_visual
PG-MATH-1.1.3,car_two.webp,"A single two cars, 2D soft-shaded children's illustration, friendly rounded shapes, vibrant saturated colors, clean simple composition, kid-friendly educational style, white background",white,speak_visual
PG-MATH-1.1.3,car_three.webp,"A single three cars, 2D soft-shaded children's illustration, friendly rounded shapes, vibrant saturated colors, clean simple composition, kid-friendly educational style, white background",white,speak_visual
PG-MATH-1.1.4,kitten_mat.webp,"A single fluffy kittens are playing on the mat, 2D soft-shaded children's illustration, friendly rounded shapes, vibrant saturated colors, clean simple composition, kid-friendly educational style",scene,count_object
PG-MATH-1.1.4,kitten_milk.webp,"A single kittens drinking milk, 2D soft-shaded children's illustration, friendly rounded shapes, vibrant saturated colors, clean simple composition, kid-friendly educational style, white background",white,count_object
PG-MATH-1.1.4,kitten_basket.webp,"A single kittens are sleeping in the basket, 2D soft-shaded children's illustration, friendly rounded shapes, vibrant saturated colors, clean simple composition, kid-friendly educational style",scene,count_object
PG-MATH-1.1.4,kitten_yarn.webp,"A single kittens playing with yarn, 2D soft-shaded children's illustration, friendly rounded shapes, vibrant saturated colors, clean simple composition, kid-friendly educational style, white background",white,count_object
PG-MATH-1.1.4,kitten_sofa.webp,"A single kittens are near the sofa, 2D soft-shaded children's illustration, friendly rounded shapes, vibrant saturated colors, clean simple composition, kid-friendly educational style, white background",white,count_object
PG-MATH-1.1.4,kitten_all.webp,"A single 3 cute kittens together, 2D soft-shaded children's illustration, friendly rounded shapes, vibrant saturated colors, clean simple composition, kid-friendly educational style, white background",white,count_object
PG-MATH-1.1.4,kitten_window.webp,"A single kittens are sitting by the window, 2D soft-shaded children's illustration, friendly rounded shapes, vibrant saturated colors, clean simple composition, kid-friendly educational style, white background",white,count_object
PG-MATH-1.1.4,kitten_purr.webp,"A single happy kittens purring, 2D soft-shaded children's illustration, friendly rounded shapes, vibrant saturated colors, clean simple composition, kid-friendly educational style, white background",white,count_object
PG-MATH-1.1.4,kitten_single.webp,"A single one kitten, 2D soft-shaded children's illustration, friendly rounded shapes, vibrant saturated colors, clean simple composition, kid-friendly educational style, white background",white,speak_visual
PG-MATH-1.1.4,kitten_two.webp,"A single two kittens, 2D soft-shaded children's illustration, friendly rounded shapes, vibrant saturated colors, clean simple composition, kid-friendly educational style, white background",white,speak_visual
PG-MATH-1.1.4,kitten_three.webp,"A single three kittens, 2D soft-shaded children's illustration, friendly rounded shapes, vibrant saturated colors, clean simple composition, kid-friendly educational style, white background",white,speak_visual
PG-MATH-1.1.5,star_sky.webp,"A single shiny golden stars are sparkling in the sky, 2D soft-shaded children's illustration, friendly rounded shapes, vibrant saturated colors, clean simple composition, kid-friendly educational style",scene,count_object
PG-MATH-1.1.5,star_moon.webp,"A single stars near the moon, 2D soft-shaded children's illustration, friendly rounded shapes, vibrant saturated colors, clean simple composition, kid-friendly educational style, white background",white,count_object
PG-MATH-1.1.5,star_leo.webp,"A single stars did astronaut leo count, 2D soft-shaded children's illustration, friendly rounded shapes, vibrant saturated colors, clean simple composition, kid-friendly educational style, white background",white,count_object
PG-MATH-1.1.5,star_night.webp,"A single bright stars on the night sky, 2D soft-shaded children's illustration, friendly rounded shapes, vibrant saturated colors, clean simple composition, kid-friendly educational style",scene,count_object
PG-MATH-1.1.5,star_cloud.webp,"A single stars are shining above the cloud, 2D soft-shaded children's illustration, friendly rounded shapes, vibrant saturated colors, clean simple composition, kid-friendly educational style, white background",white,count_object
PG-MATH-1.1.5,star_all.webp,"A single 3 stars together, 2D soft-shaded children's illustration, friendly rounded shapes, vibrant saturated colors, clean simple composition, kid-friendly educational style, white background",white,count_object
PG-MATH-1.1.5,star_wand.webp,"A single stars are on leo's magic wand, 2D soft-shaded children's illustration, friendly rounded shapes, vibrant saturated colors, clean simple composition, kid-friendly educational style, white background",white,count_object
PG-MATH-1.1.5,star_banner.webp,"A single sparkling stars on the banner, 2D soft-shaded children's illustration, friendly rounded shapes, vibrant saturated colors, clean simple composition, kid-friendly educational style",scene,count_object
PG-MATH-1.1.5,star_single.webp,"A single one star, 2D soft-shaded children's illustration, friendly rounded shapes, vibrant saturated colors, clean simple composition, kid-friendly educational style, white background",white,speak_visual
PG-MATH-1.1.5,star_two.webp,"A single two stars, 2D soft-shaded children's illustration, friendly rounded shapes, vibrant saturated colors, clean simple composition, kid-friendly educational style, white background",white,speak_visual
PG-MATH-1.1.5,star_three.webp,"A single three stars, 2D soft-shaded children's illustration, friendly rounded shapes, vibrant saturated colors, clean simple composition, kid-friendly educational style, white background",white,speak_visual
PG-MATH-1.1.6,balloon_sky.webp,"A single red party balloons are floating in the sky, 2D soft-shaded children's illustration, friendly rounded shapes, vibrant saturated colors, clean simple composition, kid-friendly educational style",scene,count_object
PG-MATH-1.1.6,balloon_fence.webp,"A single balloons tied to the fence, 2D soft-shaded children's illustration, friendly rounded shapes, vibrant saturated colors, clean simple composition, kid-friendly educational style, white background",white,count_object
PG-MATH-1.1.6,balloon_leo.webp,"A single balloons is leo holding at the party, 2D soft-shaded children's illustration, friendly rounded shapes, vibrant saturated colors, clean simple composition, kid-friendly educational style, white background",white,count_object
PG-MATH-1.1.6,balloon_cake.webp,"A single bright balloons near the cake, 2D soft-shaded children's illustration, friendly rounded shapes, vibrant saturated colors, clean simple composition, kid-friendly educational style, white background",white,count_object
PG-MATH-1.1.6,balloon_high.webp,"A single balloons are hovering high, 2D soft-shaded children's illustration, friendly rounded shapes, vibrant saturated colors, clean simple composition, kid-friendly educational style, white background",white,count_object
PG-MATH-1.1.6,balloon_all.webp,"A single 3 red balloons together, 2D soft-shaded children's illustration, friendly rounded shapes, vibrant saturated colors, clean simple composition, kid-friendly educational style, white background",white,count_object
PG-MATH-1.1.6,balloon_gift.webp,"A single balloons are tied to the gift box, 2D soft-shaded children's illustration, friendly rounded shapes, vibrant saturated colors, clean simple composition, kid-friendly educational style, white background",white,count_object
PG-MATH-1.1.6,balloon_park.webp,"A single colorful balloons at the park, 2D soft-shaded children's illustration, friendly rounded shapes, vibrant saturated colors, clean simple composition, kid-friendly educational style, white background",white,count_object
PG-MATH-1.1.6,balloon_single.webp,"A single one balloon, 2D soft-shaded children's illustration, friendly rounded shapes, vibrant saturated colors, clean simple composition, kid-friendly educational style, white background",white,speak_visual
PG-MATH-1.1.6,balloon_two.webp,"A single two balloons, 2D soft-shaded children's illustration, friendly rounded shapes, vibrant saturated colors, clean simple composition, kid-friendly educational style, white background",white,speak_visual
PG-MATH-1.1.6,balloon_three.webp,"A single three balloons, 2D soft-shaded children's illustration, friendly rounded shapes, vibrant saturated colors, clean simple composition, kid-friendly educational style, white background",white,speak_visual
PG-MATH-1.1.7,bird_branch.webp,"A single blue birds are sitting on the branch, 2D soft-shaded children's illustration, friendly rounded shapes, vibrant saturated colors, clean simple composition, kid-friendly educational style",scene,count_object
PG-MATH-1.1.7,bird_sky.webp,"A single birds flying in the sky, 2D soft-shaded children's illustration, friendly rounded shapes, vibrant saturated colors, clean simple composition, kid-friendly educational style",scene,count_object
PG-MATH-1.1.7,bird_nest.webp,"A single little birds are in the nest, 2D soft-shaded children's illustration, friendly rounded shapes, vibrant saturated colors, clean simple composition, kid-friendly educational style",scene,count_object
PG-MATH-1.1.7,bird_garden.webp,"A single birds chirping in the garden, 2D soft-shaded children's illustration, friendly rounded shapes, vibrant saturated colors, clean simple composition, kid-friendly educational style",scene,count_object
PG-MATH-1.1.7,bird_water.webp,"A single birds are drinking water, 2D soft-shaded children's illustration, friendly rounded shapes, vibrant saturated colors, clean simple composition, kid-friendly educational style, white background",white,count_object
PG-MATH-1.1.7,bird_all.webp,"A single 3 flying birds together, 2D soft-shaded children's illustration, friendly rounded shapes, vibrant saturated colors, clean simple composition, kid-friendly educational style, white background",white,count_object
PG-MATH-1.1.7,bird_roof.webp,"A single birds are sitting on the roof, 2D soft-shaded children's illustration, friendly rounded shapes, vibrant saturated colors, clean simple composition, kid-friendly educational style",scene,count_object
PG-MATH-1.1.7,bird_tree.webp,"A single colorful birds on the tree, 2D soft-shaded children's illustration, friendly rounded shapes, vibrant saturated colors, clean simple composition, kid-friendly educational style",scene,count_object
PG-MATH-1.1.7,bird_single.webp,"A single one bird, 2D soft-shaded children's illustration, friendly rounded shapes, vibrant saturated colors, clean simple composition, kid-friendly educational style, white background",white,speak_visual
PG-MATH-1.1.7,bird_two.webp,"A single two birds, 2D soft-shaded children's illustration, friendly rounded shapes, vibrant saturated colors, clean simple composition, kid-friendly educational style, white background",white,speak_visual
PG-MATH-1.1.7,bird_three.webp,"A single three birds, 2D soft-shaded children's illustration, friendly rounded shapes, vibrant saturated colors, clean simple composition, kid-friendly educational style, white background",white,speak_visual
PG-MATH-1.1.8,cake_table.webp,"A single birthday cakes are on the party table, 2D soft-shaded children's illustration, friendly rounded shapes, vibrant saturated colors, clean simple composition, kid-friendly educational style",scene,count_object
PG-MATH-1.1.8,cake_tray.webp,"A single strawberry cakes on the tray, 2D soft-shaded children's illustration, friendly rounded shapes, vibrant saturated colors, clean simple composition, kid-friendly educational style",scene,count_object
PG-MATH-1.1.8,cake_leo.webp,"A single cakes did leo bake for dessert, 2D soft-shaded children's illustration, friendly rounded shapes, vibrant saturated colors, clean simple composition, kid-friendly educational style, white background",white,count_object
PG-MATH-1.1.8,cake_bakery.webp,"A single chocolate cakes in the bakery, 2D soft-shaded children's illustration, friendly rounded shapes, vibrant saturated colors, clean simple composition, kid-friendly educational style",scene,count_object
PG-MATH-1.1.8,cake_platter.webp,"A single cupcakes are on the platter, 2D soft-shaded children's illustration, friendly rounded shapes, vibrant saturated colors, clean simple composition, kid-friendly educational style",scene,count_object
PG-MATH-1.1.8,cake_all.webp,"A single 3 yummy cakes together, 2D soft-shaded children's illustration, friendly rounded shapes, vibrant saturated colors, clean simple composition, kid-friendly educational style, white background",white,count_object
PG-MATH-1.1.8,cake_candles.webp,"A single cakes have burning candles, 2D soft-shaded children's illustration, friendly rounded shapes, vibrant saturated colors, clean simple composition, kid-friendly educational style, white background",white,count_object
PG-MATH-1.1.8,cake_sweet.webp,"A single sweet party cakes, 2D soft-shaded children's illustration, friendly rounded shapes, vibrant saturated colors, clean simple composition, kid-friendly educational style, white background",white,count_object
PG-MATH-1.1.8,cake_single.webp,"A single one cake, 2D soft-shaded children's illustration, friendly rounded shapes, vibrant saturated colors, clean simple composition, kid-friendly educational style, white background",white,speak_visual
PG-MATH-1.1.8,cake_two.webp,"A single two cakes, 2D soft-shaded children's illustration, friendly rounded shapes, vibrant saturated colors, clean simple composition, kid-friendly educational style, white background",white,speak_visual
PG-MATH-1.1.8,cake_three.webp,"A single three cakes, 2D soft-shaded children's illustration, friendly rounded shapes, vibrant saturated colors, clean simple composition, kid-friendly educational style, white background",white,speak_visual
PG-MATH-1.2.10,orange_basket.webp,"A single juicy oranges are in the basket, 2D soft-shaded children's illustration, friendly rounded shapes, vibrant saturated colors, clean simple composition, kid-friendly educational style",scene,count_object
PG-MATH-1.2.10,orange_stand.webp,"A single oranges on the fruit stand, 2D soft-shaded children's illustration, friendly rounded shapes, vibrant saturated colors, clean simple composition, kid-friendly educational style",scene,count_object
PG-MATH-1.2.10,orange_slice.webp,"A single oranges did leo slice for lunch, 2D soft-shaded children's illustration, friendly rounded shapes, vibrant saturated colors, clean simple composition, kid-friendly educational style, white background",white,count_object
PG-MATH-1.2.10,orange_tree.webp,"A single oranges on the tree branch, 2D soft-shaded children's illustration, friendly rounded shapes, vibrant saturated colors, clean simple composition, kid-friendly educational style",scene,count_object
PG-MATH-1.2.10,orange_bowl.webp,"A single oranges are in the big fruit bowl, 2D soft-shaded children's illustration, friendly rounded shapes, vibrant saturated colors, clean simple composition, kid-friendly educational style",scene,count_object
PG-MATH-1.2.10,orange_all.webp,"A single 3 oranges together, 2D soft-shaded children's illustration, friendly rounded shapes, vibrant saturated colors, clean simple composition, kid-friendly educational style, white background",white,count_object
PG-MATH-1.2.10,orange_box.webp,"A single oranges are packed in the box, 2D soft-shaded children's illustration, friendly rounded shapes, vibrant saturated colors, clean simple composition, kid-friendly educational style",scene,count_object
PG-MATH-1.2.10,orange_platter.webp,"A single sweet oranges on the platter, 2D soft-shaded children's illustration, friendly rounded shapes, vibrant saturated colors, clean simple composition, kid-friendly educational style",scene,count_object
PG-MATH-1.2.10,orange_four.webp,"A single four oranges, 2D soft-shaded children's illustration, friendly rounded shapes, vibrant saturated colors, clean simple composition, kid-friendly educational style, white background",white,speak_visual
PG-MATH-1.2.10,orange_five.webp,"A single five oranges, 2D soft-shaded children's illustration, friendly rounded shapes, vibrant saturated colors, clean simple composition, kid-friendly educational style, white background",white,speak_visual
PG-MATH-1.2.11,backpack_shelf.webp,"A single blue school backpacks are on the cubby shelf, 2D soft-shaded children's illustration, friendly rounded shapes, vibrant saturated colors, clean simple composition, kid-friendly educational style",scene,count_object
PG-MATH-1.2.11,backpack_hooks.webp,"A single backpacks hanging on hooks, 2D soft-shaded children's illustration, friendly rounded shapes, vibrant saturated colors, clean simple composition, kid-friendly educational style, white background",white,count_object
PG-MATH-1.2.11,backpack_desk.webp,"A single backpacks did students leave at the desk, 2D soft-shaded children's illustration, friendly rounded shapes, vibrant saturated colors, clean simple composition, kid-friendly educational style, white background",white,count_object
PG-MATH-1.2.11,backpack_bus.webp,"A single red backpacks on the bus, 2D soft-shaded children's illustration, friendly rounded shapes, vibrant saturated colors, clean simple composition, kid-friendly educational style",scene,count_object
PG-MATH-1.2.11,backpack_packed.webp,"A single backpacks are packed for school, 2D soft-shaded children's illustration, friendly rounded shapes, vibrant saturated colors, clean simple composition, kid-friendly educational style, white background",white,count_object
PG-MATH-1.2.11,backpack_all.webp,"A single 3 backpacks together, 2D soft-shaded children's illustration, friendly rounded shapes, vibrant saturated colors, clean simple composition, kid-friendly educational style, white background",white,count_object
PG-MATH-1.2.11,backpack_bench.webp,"A single backpacks are on the playground bench, 2D soft-shaded children's illustration, friendly rounded shapes, vibrant saturated colors, clean simple composition, kid-friendly educational style",scene,count_object
PG-MATH-1.2.11,backpack_bright.webp,"A single bright backpacks, 2D soft-shaded children's illustration, friendly rounded shapes, vibrant saturated colors, clean simple composition, kid-friendly educational style, white background",white,count_object
PG-MATH-1.2.11,backpack_four.webp,"A single four backpacks, 2D soft-shaded children's illustration, friendly rounded shapes, vibrant saturated colors, clean simple composition, kid-friendly educational style, white background",white,speak_visual
PG-MATH-1.2.11,backpack_five.webp,"A single five backpacks, 2D soft-shaded children's illustration, friendly rounded shapes, vibrant saturated colors, clean simple composition, kid-friendly educational style, white background",white,speak_visual
PG-MATH-1.2.11,backpack_bag.webp,"A single school bag, 2D soft-shaded children's illustration, friendly rounded shapes, vibrant saturated colors, clean simple composition, kid-friendly educational style, white background",white,speak_visual
PG-MATH-1.2.12,bear_box.webp,"A single teddy bears are inside the toy box, 2D soft-shaded children's illustration, friendly rounded shapes, vibrant saturated colors, clean simple composition, kid-friendly educational style, white background",white,count_object
PG-MATH-1.2.12,bear_rug.webp,"A single teddy bears sitting on the rug, 2D soft-shaded children's illustration, friendly rounded shapes, vibrant saturated colors, clean simple composition, kid-friendly educational style",scene,count_object
PG-MATH-1.2.12,bear_hug.webp,"A single teddy bears did leo hug at bedtime, 2D soft-shaded children's illustration, friendly rounded shapes, vibrant saturated colors, clean simple composition, kid-friendly educational style, white background",white,count_object
PG-MATH-1.2.12,bear_shelf.webp,"A single brown teddy bears on the shelf, 2D soft-shaded children's illustration, friendly rounded shapes, vibrant saturated colors, clean simple composition, kid-friendly educational style",scene,count_object
PG-MATH-1.2.12,bear_party.webp,"A single teddy bears are at the tea party, 2D soft-shaded children's illustration, friendly rounded shapes, vibrant saturated colors, clean simple composition, kid-friendly educational style, white background",white,count_object
PG-MATH-1.2.12,bear_all.webp,"A single 3 teddy bears together, 2D soft-shaded children's illustration, friendly rounded shapes, vibrant saturated colors, clean simple composition, kid-friendly educational style, white background",white,count_object
PG-MATH-1.2.12,bear_ribbon.webp,"A single teddy bears have red ribbons, 2D soft-shaded children's illustration, friendly rounded shapes, vibrant saturated colors, clean simple composition, kid-friendly educational style, white background",white,count_object
PG-MATH-1.2.12,bear_fluffy.webp,"A single fluffy teddy bears, 2D soft-shaded children's illustration, friendly rounded shapes, vibrant saturated colors, clean simple composition, kid-friendly educational style, white background",white,count_object
PG-MATH-1.2.12,bear_four.webp,"A single four teddy bears, 2D soft-shaded children's illustration, friendly rounded shapes, vibrant saturated colors, clean simple composition, kid-friendly educational style, white background",white,speak_visual
PG-MATH-1.2.12,bear_five.webp,"A single five teddy bears, 2D soft-shaded children's illustration, friendly rounded shapes, vibrant saturated colors, clean simple composition, kid-friendly educational style, white background",white,speak_visual
PG-MATH-1.2.12,bear_chest.webp,"A single toy chest, 2D soft-shaded children's illustration, friendly rounded shapes, vibrant saturated colors, clean simple composition, kid-friendly educational style, white background",white,speak_visual
PG-MATH-1.2.13,bird_fence.webp,"A single yellow birds are singing on the fence, 2D soft-shaded children's illustration, friendly rounded shapes, vibrant saturated colors, clean simple composition, kid-friendly educational style",scene,count_object
PG-MATH-1.2.13,bird_house.webp,"A single birds in the birdhouse, 2D soft-shaded children's illustration, friendly rounded shapes, vibrant saturated colors, clean simple composition, kid-friendly educational style",scene,count_object
PG-MATH-1.2.13,bird_cloud.webp,"A single birds are flying near the cloud, 2D soft-shaded children's illustration, friendly rounded shapes, vibrant saturated colors, clean simple composition, kid-friendly educational style, white background",white,count_object
PG-MATH-1.2.13,bird_grass.webp,"A single birds sitting on the green grass, 2D soft-shaded children's illustration, friendly rounded shapes, vibrant saturated colors, clean simple composition, kid-friendly educational style",scene,count_object
PG-MATH-1.2.13,bird_crumbs.webp,"A single birds are eating breadcrumbs, 2D soft-shaded children's illustration, friendly rounded shapes, vibrant saturated colors, clean simple composition, kid-friendly educational style, white background",white,count_object
PG-MATH-1.2.13,bird_sing.webp,"A single 3 singing birds together, 2D soft-shaded children's illustration, friendly rounded shapes, vibrant saturated colors, clean simple composition, kid-friendly educational style, white background",white,count_object
PG-MATH-1.2.13,bird_wire.webp,"A single birds are perched on the wire, 2D soft-shaded children's illustration, friendly rounded shapes, vibrant saturated colors, clean simple composition, kid-friendly educational style",scene,count_object
PG-MATH-1.2.13,bird_four.webp,"A single four birds, 2D soft-shaded children's illustration, friendly rounded shapes, vibrant saturated colors, clean simple composition, kid-friendly educational style, white background",white,speak_visual
PG-MATH-1.2.13,bird_five.webp,"A single five birds, 2D soft-shaded children's illustration, friendly rounded shapes, vibrant saturated colors, clean simple composition, kid-friendly educational style, white background",white,speak_visual
PG-MATH-1.2.13,bird_chirp.webp,"A single chirping birds, 2D soft-shaded children's illustration, friendly rounded shapes, vibrant saturated colors, clean simple composition, kid-friendly educational style, white background",white,speak_visual
PG-MATH-1.2.14,race_track.webp,"A single red race cars are zooming on the track, 2D soft-shaded children's illustration, friendly rounded shapes, vibrant saturated colors, clean simple composition, kid-friendly educational style",scene,count_object
PG-MATH-1.2.14,race_start.webp,"A single race cars lined up at the start, 2D soft-shaded children's illustration, friendly rounded shapes, vibrant saturated colors, clean simple composition, kid-friendly educational style, white background",white,count_object
PG-MATH-1.2.14,race_flag.webp,"A single race cars passed the checkered flag, 2D soft-shaded children's illustration, friendly rounded shapes, vibrant saturated colors, clean simple composition, kid-friendly educational style, white background",white,count_object
PG-MATH-1.2.14,race_turn.webp,"A single fast cars zooming around the turn, 2D soft-shaded children's illustration, friendly rounded shapes, vibrant saturated colors, clean simple composition, kid-friendly educational style, white background",white,count_object
PG-MATH-1.2.14,race_pit.webp,"A single race cars are in the pit stop, 2D soft-shaded children's illustration, friendly rounded shapes, vibrant saturated colors, clean simple composition, kid-friendly educational style",scene,count_object
PG-MATH-1.2.14,race_all.webp,"A single 3 race cars together, 2D soft-shaded children's illustration, friendly rounded shapes, vibrant saturated colors, clean simple composition, kid-friendly educational style, white background",white,count_object
PG-MATH-1.2.14,race_bridge.webp,"A single cars are zooming under the bridge, 2D soft-shaded children's illustration, friendly rounded shapes, vibrant saturated colors, clean simple composition, kid-friendly educational style",scene,count_object
PG-MATH-1.2.14,race_speedy.webp,"A single speedy race cars, 2D soft-shaded children's illustration, friendly rounded shapes, vibrant saturated colors, clean simple composition, kid-friendly educational style, white background",white,count_object
PG-MATH-1.2.14,race_four.webp,"A single four race cars, 2D soft-shaded children's illustration, friendly rounded shapes, vibrant saturated colors, clean simple composition, kid-friendly educational style, white background",white,speak_visual
PG-MATH-1.2.14,race_five.webp,"A single five race cars, 2D soft-shaded children's illustration, friendly rounded shapes, vibrant saturated colors, clean simple composition, kid-friendly educational style, white background",white,speak_visual
PG-MATH-1.2.15,tree_mountain.webp,"A single tall pine trees are on the mountain, 2D soft-shaded children's illustration, friendly rounded shapes, vibrant saturated colors, clean simple composition, kid-friendly educational style",scene,count_object
PG-MATH-1.2.15,tree_park.webp,"A single green trees in the park, 2D soft-shaded children's illustration, friendly rounded shapes, vibrant saturated colors, clean simple composition, kid-friendly educational style",scene,count_object
PG-MATH-1.2.15,tree_apples.webp,"A single trees have red apples, 2D soft-shaded children's illustration, friendly rounded shapes, vibrant saturated colors, clean simple composition, kid-friendly educational style, white background",white,count_object
PG-MATH-1.2.15,tree_river.webp,"A single leafy trees near the river, 2D soft-shaded children's illustration, friendly rounded shapes, vibrant saturated colors, clean simple composition, kid-friendly educational style, white background",white,count_object
PG-MATH-1.2.15,tree_forest.webp,"A single tall trees are in the forest, 2D soft-shaded children's illustration, friendly rounded shapes, vibrant saturated colors, clean simple composition, kid-friendly educational style",scene,count_object
PG-MATH-1.2.15,tree_all.webp,"A single 3 trees together, 2D soft-shaded children's illustration, friendly rounded shapes, vibrant saturated colors, clean simple composition, kid-friendly educational style, white background",white,count_object
PG-MATH-1.2.15,tree_wind.webp,"A single trees are swaying in the wind, 2D soft-shaded children's illustration, friendly rounded shapes, vibrant saturated colors, clean simple composition, kid-friendly educational style",scene,count_object
PG-MATH-1.2.15,tree_pine.webp,"A single green pine trees, 2D soft-shaded children's illustration, friendly rounded shapes, vibrant saturated colors, clean simple composition, kid-friendly educational style, white background",white,count_object
PG-MATH-1.2.15,tree_four.webp,"A single four trees, 2D soft-shaded children's illustration, friendly rounded shapes, vibrant saturated colors, clean simple composition, kid-friendly educational style, white background",white,speak_visual
PG-MATH-1.2.15,tree_five.webp,"A single five trees, 2D soft-shaded children's illustration, friendly rounded shapes, vibrant saturated colors, clean simple composition, kid-friendly educational style, white background",white,speak_visual
PG-MATH-1.2.15,tree_tall.webp,"A single tall trees, 2D soft-shaded children's illustration, friendly rounded shapes, vibrant saturated colors, clean simple composition, kid-friendly educational style, white background",white,speak_visual
PG-MATH-1.2.16,cookie_tray.webp,"A single chocolate chip cookies are on the tray, 2D soft-shaded children's illustration, friendly rounded shapes, vibrant saturated colors, clean simple composition, kid-friendly educational style",scene,count_object
PG-MATH-1.2.16,cookie_plate.webp,"A single cookies on the plate, 2D soft-shaded children's illustration, friendly rounded shapes, vibrant saturated colors, clean simple composition, kid-friendly educational style",scene,count_object
PG-MATH-1.2.16,cookie_bake.webp,"A single cookies did leo bake for snack time, 2D soft-shaded children's illustration, friendly rounded shapes, vibrant saturated colors, clean simple composition, kid-friendly educational style, white background",white,count_object
PG-MATH-1.2.16,cookie_jar.webp,"A single crunchy cookies in the jar, 2D soft-shaded children's illustration, friendly rounded shapes, vibrant saturated colors, clean simple composition, kid-friendly educational style",scene,count_object
PG-MATH-1.2.16,cookie_counter.webp,"A single cookies are on the bakery counter, 2D soft-shaded children's illustration, friendly rounded shapes, vibrant saturated colors, clean simple composition, kid-friendly educational style",scene,count_object
PG-MATH-1.2.16,cookie_all.webp,"A single 3 cookies together, 2D soft-shaded children's illustration, friendly rounded shapes, vibrant saturated colors, clean simple composition, kid-friendly educational style, white background",white,count_object
PG-MATH-1.2.16,cookie_sprinkles.webp,"A single cookies have sweet sprinkles, 2D soft-shaded children's illustration, friendly rounded shapes, vibrant saturated colors, clean simple composition, kid-friendly educational style, white background",white,count_object
PG-MATH-1.2.16,cookie_choco.webp,"A single yummy chocolate cookies, 2D soft-shaded children's illustration, friendly rounded shapes, vibrant saturated colors, clean simple composition, kid-friendly educational style, white background",white,count_object
PG-MATH-1.2.16,cookie_four.webp,"A single four cookies, 2D soft-shaded children's illustration, friendly rounded shapes, vibrant saturated colors, clean simple composition, kid-friendly educational style, white background",white,speak_visual
PG-MATH-1.2.16,cookie_five.webp,"A single five cookies, 2D soft-shaded children's illustration, friendly rounded shapes, vibrant saturated colors, clean simple composition, kid-friendly educational style, white background",white,speak_visual
PG-MATH-1.2.16,cookie_yummy.webp,"A single yummy cookies, 2D soft-shaded children's illustration, friendly rounded shapes, vibrant saturated colors, clean simple composition, kid-friendly educational style, white background",white,speak_visual
PG-MATH-1.2.9,cow_field.webp,"A single spotted cows are grazing in the farm field, 2D soft-shaded children's illustration, friendly rounded shapes, vibrant saturated colors, clean simple composition, kid-friendly educational style",scene,count_object
PG-MATH-1.2.9,cow_barn.webp,"A single cows near the barn, 2D soft-shaded children's illustration, friendly rounded shapes, vibrant saturated colors, clean simple composition, kid-friendly educational style, white background",white,count_object
PG-MATH-1.2.9,cow_grass.webp,"A single cows are eating green grass, 2D soft-shaded children's illustration, friendly rounded shapes, vibrant saturated colors, clean simple composition, kid-friendly educational style, white background",white,count_object
PG-MATH-1.2.9,cow_meadow.webp,"A single friendly cows in the meadow, 2D soft-shaded children's illustration, friendly rounded shapes, vibrant saturated colors, clean simple composition, kid-friendly educational style",scene,count_object
PG-MATH-1.2.9,cow_tree.webp,"A single cows are resting under the big tree, 2D soft-shaded children's illustration, friendly rounded shapes, vibrant saturated colors, clean simple composition, kid-friendly educational style",scene,count_object
PG-MATH-1.2.9,cow_all.webp,"A single 3 farm cows together, 2D soft-shaded children's illustration, friendly rounded shapes, vibrant saturated colors, clean simple composition, kid-friendly educational style, white background",white,count_object
PG-MATH-1.2.9,cow_water.webp,"A single cows are drinking water from the trough, 2D soft-shaded children's illustration, friendly rounded shapes, vibrant saturated colors, clean simple composition, kid-friendly educational style, white background",white,count_object
PG-MATH-1.2.9,cow_happy.webp,"A single happy farm cows, 2D soft-shaded children's illustration, friendly rounded shapes, vibrant saturated colors, clean simple composition, kid-friendly educational style, white background",white,count_object
PG-MATH-1.2.9,cow_four.webp,"A single four cows, 2D soft-shaded children's illustration, friendly rounded shapes, vibrant saturated colors, clean simple composition, kid-friendly educational style, white background",white,speak_visual
PG-MATH-1.2.9,cow_five.webp,"A single five cows, 2D soft-shaded children's illustration, friendly rounded shapes, vibrant saturated colors, clean simple composition, kid-friendly educational style, white background",white,speak_visual
PG-MATH-1.2.9,cow_farm.webp,"A single farm animals, 2D soft-shaded children's illustration, friendly rounded shapes, vibrant saturated colors, clean simple composition, kid-friendly educational style, white background",white,speak_visual
PG-MATH-1.3.17,shroom_clearing.webp,"A single red mushrooms are in the forest clearing, 2D soft-shaded children's illustration, friendly rounded shapes, vibrant saturated colors, clean simple composition, kid-friendly educational style",scene,count_object
PG-MATH-1.3.17,shroom_log.webp,"A single mushrooms growing near the log, 2D soft-shaded children's illustration, friendly rounded shapes, vibrant saturated colors, clean simple composition, kid-friendly educational style, white background",white,count_object
PG-MATH-1.3.17,shroom_squirrel.webp,"A single mushrooms did squirrel leo find, 2D soft-shaded children's illustration, friendly rounded shapes, vibrant saturated colors, clean simple composition, kid-friendly educational style, white background",white,count_object
PG-MATH-1.3.17,shroom_moss.webp,"A single dotted mushrooms on the moss, 2D soft-shaded children's illustration, friendly rounded shapes, vibrant saturated colors, clean simple composition, kid-friendly educational style",scene,count_object
PG-MATH-1.3.17,shroom_pine.webp,"A single mushrooms are under the pine tree, 2D soft-shaded children's illustration, friendly rounded shapes, vibrant saturated colors, clean simple composition, kid-friendly educational style",scene,count_object
PG-MATH-1.3.17,shroom_all6.webp,"A single 6 forest mushrooms, 2D soft-shaded children's illustration, friendly rounded shapes, vibrant saturated colors, clean simple composition, kid-friendly educational style, white background",white,count_object
PG-MATH-1.3.17,shroom_row.webp,"A single mushrooms are in a neat row, 2D soft-shaded children's illustration, friendly rounded shapes, vibrant saturated colors, clean simple composition, kid-friendly educational style, white background",white,count_object
PG-MATH-1.3.17,shroom_all10.webp,"A single 10 mushrooms in the deep forest, 2D soft-shaded children's illustration, friendly rounded shapes, vibrant saturated colors, clean simple composition, kid-friendly educational style",scene,count_object
PG-MATH-1.3.17,shroom_six.webp,"A single six mushrooms, 2D soft-shaded children's illustration, friendly rounded shapes, vibrant saturated colors, clean simple composition, kid-friendly educational style, white background",white,speak_visual
PG-MATH-1.3.17,shroom_eight.webp,"A single eight mushrooms, 2D soft-shaded children's illustration, friendly rounded shapes, vibrant saturated colors, clean simple composition, kid-friendly educational style, white background",white,speak_visual
PG-MATH-1.3.17,shroom_ten.webp,"A single ten mushrooms, 2D soft-shaded children's illustration, friendly rounded shapes, vibrant saturated colors, clean simple composition, kid-friendly educational style, white background",white,speak_visual
PG-MATH-1.3.18,turtle_coral.webp,"A single sea turtles are swimming near the coral, 2D soft-shaded children's illustration, friendly rounded shapes, vibrant saturated colors, clean simple composition, kid-friendly educational style, white background",white,count_object
PG-MATH-1.3.18,turtle_glide.webp,"A single sea turtles gliding through the water, 2D soft-shaded children's illustration, friendly rounded shapes, vibrant saturated colors, clean simple composition, kid-friendly educational style, white background",white,count_object
PG-MATH-1.3.18,turtle_diver.webp,"A single turtles did diver leo spot, 2D soft-shaded children's illustration, friendly rounded shapes, vibrant saturated colors, clean simple composition, kid-friendly educational style, white background",white,count_object
PG-MATH-1.3.18,turtle_sand.webp,"A single green turtles on the sandy reef, 2D soft-shaded children's illustration, friendly rounded shapes, vibrant saturated colors, clean simple composition, kid-friendly educational style",scene,count_object
PG-MATH-1.3.18,turtle_surface.webp,"A single sea turtles are floating near the surface, 2D soft-shaded children's illustration, friendly rounded shapes, vibrant saturated colors, clean simple composition, kid-friendly educational style, white background",white,count_object
PG-MATH-1.3.18,turtle_all6.webp,"A single 6 sea turtles together, 2D soft-shaded children's illustration, friendly rounded shapes, vibrant saturated colors, clean simple composition, kid-friendly educational style, white background",white,count_object
PG-MATH-1.3.18,turtle_together.webp,"A single turtles are swimming together, 2D soft-shaded children's illustration, friendly rounded shapes, vibrant saturated colors, clean simple composition, kid-friendly educational style, white background",white,count_object
PG-MATH-1.3.18,turtle_all10.webp,"A single 10 turtles in the ocean reef, 2D soft-shaded children's illustration, friendly rounded shapes, vibrant saturated colors, clean simple composition, kid-friendly educational style",scene,count_object
PG-MATH-1.3.18,turtle_six.webp,"A single six turtles, 2D soft-shaded children's illustration, friendly rounded shapes, vibrant saturated colors, clean simple composition, kid-friendly educational style, white background",white,speak_visual
PG-MATH-1.3.18,turtle_eight.webp,"A single eight turtles, 2D soft-shaded children's illustration, friendly rounded shapes, vibrant saturated colors, clean simple composition, kid-friendly educational style, white background",white,speak_visual
PG-MATH-1.3.18,turtle_ten.webp,"A single ten turtles, 2D soft-shaded children's illustration, friendly rounded shapes, vibrant saturated colors, clean simple composition, kid-friendly educational style, white background",white,speak_visual
PG-MATH-1.3.19,lion_rocks.webp,"A single roaring lions are resting on the rocks, 2D soft-shaded children's illustration, friendly rounded shapes, vibrant saturated colors, clean simple composition, kid-friendly educational style",scene,count_object
PG-MATH-1.3.19,lion_grass.webp,"A single lions walking through the savanna grass, 2D soft-shaded children's illustration, friendly rounded shapes, vibrant saturated colors, clean simple composition, kid-friendly educational style, white background",white,count_object
PG-MATH-1.3.19,lion_ranger.webp,"A single lions did safari ranger leo count, 2D soft-shaded children's illustration, friendly rounded shapes, vibrant saturated colors, clean simple composition, kid-friendly educational style, white background",white,count_object
PG-MATH-1.3.19,lion_cubs.webp,"A single lion cubs playing under the acacia tree, 2D soft-shaded children's illustration, friendly rounded shapes, vibrant saturated colors, clean simple composition, kid-friendly educational style",scene,count_object
PG-MATH-1.3.19,lion_river.webp,"A single lions are drinking water from the river, 2D soft-shaded children's illustration, friendly rounded shapes, vibrant saturated colors, clean simple composition, kid-friendly educational style, white background",white,count_object
PG-MATH-1.3.19,lion_all6.webp,"A single 6 safari lions, 2D soft-shaded children's illustration, friendly rounded shapes, vibrant saturated colors, clean simple composition, kid-friendly educational style, white background",white,count_object
PG-MATH-1.3.19,lion_together.webp,"A single lions are sitting together, 2D soft-shaded children's illustration, friendly rounded shapes, vibrant saturated colors, clean simple composition, kid-friendly educational style, white background",white,count_object
PG-MATH-1.3.19,lion_all10.webp,"A single 10 lions on the jungle safari, 2D soft-shaded children's illustration, friendly rounded shapes, vibrant saturated colors, clean simple composition, kid-friendly educational style",scene,count_object
PG-MATH-1.3.19,lion_six.webp,"A single six lions, 2D soft-shaded children's illustration, friendly rounded shapes, vibrant saturated colors, clean simple composition, kid-friendly educational style, white background",white,speak_visual
PG-MATH-1.3.19,lion_eight.webp,"A single eight lions, 2D soft-shaded children's illustration, friendly rounded shapes, vibrant saturated colors, clean simple composition, kid-friendly educational style, white background",white,speak_visual
PG-MATH-1.3.19,lion_ten.webp,"A single ten lions, 2D soft-shaded children's illustration, friendly rounded shapes, vibrant saturated colors, clean simple composition, kid-friendly educational style, white background",white,speak_visual
PG-MATH-1.3.20,tomato_stall.webp,"A single red tomatoes are displayed on the stall, 2D soft-shaded children's illustration, friendly rounded shapes, vibrant saturated colors, clean simple composition, kid-friendly educational style",scene,count_object
PG-MATH-1.3.20,tomato_crate.webp,"A single ripe tomatoes in the crate, 2D soft-shaded children's illustration, friendly rounded shapes, vibrant saturated colors, clean simple composition, kid-friendly educational style",scene,count_object
PG-MATH-1.3.20,tomato_basket.webp,"A single tomatoes did leo put in the basket, 2D soft-shaded children's illustration, friendly rounded shapes, vibrant saturated colors, clean simple composition, kid-friendly educational style",scene,count_object
PG-MATH-1.3.20,tomato_table.webp,"A single juicy tomatoes on the market table, 2D soft-shaded children's illustration, friendly rounded shapes, vibrant saturated colors, clean simple composition, kid-friendly educational style",scene,count_object
PG-MATH-1.3.20,tomato_scale.webp,"A single tomatoes are weighed on the scale, 2D soft-shaded children's illustration, friendly rounded shapes, vibrant saturated colors, clean simple composition, kid-friendly educational style",scene,count_object
PG-MATH-1.3.20,tomato_all6.webp,"A single 6 market tomatoes, 2D soft-shaded children's illustration, friendly rounded shapes, vibrant saturated colors, clean simple composition, kid-friendly educational style, white background",white,count_object
PG-MATH-1.3.20,tomato_row.webp,"A single tomatoes are in a neat row, 2D soft-shaded children's illustration, friendly rounded shapes, vibrant saturated colors, clean simple composition, kid-friendly educational style, white background",white,count_object
PG-MATH-1.3.20,tomato_all10.webp,"A single 10 tomatoes on the stall, 2D soft-shaded children's illustration, friendly rounded shapes, vibrant saturated colors, clean simple composition, kid-friendly educational style",scene,count_object
PG-MATH-1.3.20,tomato_six.webp,"A single six tomatoes, 2D soft-shaded children's illustration, friendly rounded shapes, vibrant saturated colors, clean simple composition, kid-friendly educational style, white background",white,speak_visual
PG-MATH-1.3.20,tomato_eight.webp,"A single eight tomatoes, 2D soft-shaded children's illustration, friendly rounded shapes, vibrant saturated colors, clean simple composition, kid-friendly educational style, white background",white,speak_visual
PG-MATH-1.3.20,tomato_ten.webp,"A single ten tomatoes, 2D soft-shaded children's illustration, friendly rounded shapes, vibrant saturated colors, clean simple composition, kid-friendly educational style, white background",white,speak_visual
PG-MATH-1.3.21,rocket_pad.webp,"A single red space rockets are on the launchpad, 2D soft-shaded children's illustration, friendly rounded shapes, vibrant saturated colors, clean simple composition, kid-friendly educational style",scene,count_object
PG-MATH-1.3.21,rocket_moon.webp,"A single rockets flying past the moon, 2D soft-shaded children's illustration, friendly rounded shapes, vibrant saturated colors, clean simple composition, kid-friendly educational style, white background",white,count_object
PG-MATH-1.3.21,rocket_launch.webp,"A single rockets did astronaut leo launch, 2D soft-shaded children's illustration, friendly rounded shapes, vibrant saturated colors, clean simple composition, kid-friendly educational style, white background",white,count_object
PG-MATH-1.3.21,rocket_stars.webp,"A single shiny rockets zooming past stars, 2D soft-shaded children's illustration, friendly rounded shapes, vibrant saturated colors, clean simple composition, kid-friendly educational style, white background",white,count_object
PG-MATH-1.3.21,rocket_planet.webp,"A single rockets are orbiting the planet, 2D soft-shaded children's illustration, friendly rounded shapes, vibrant saturated colors, clean simple composition, kid-friendly educational style, white background",white,count_object
PG-MATH-1.3.21,rocket_all6.webp,"A single 6 space rockets, 2D soft-shaded children's illustration, friendly rounded shapes, vibrant saturated colors, clean simple composition, kid-friendly educational style, white background",white,count_object
PG-MATH-1.3.21,rocket_takeoff.webp,"A single rockets are lined up for takeoff, 2D soft-shaded children's illustration, friendly rounded shapes, vibrant saturated colors, clean simple composition, kid-friendly educational style, white background",white,count_object
PG-MATH-1.3.21,rocket_all10.webp,"A single 10 space rockets in orbit, 2D soft-shaded children's illustration, friendly rounded shapes, vibrant saturated colors, clean simple composition, kid-friendly educational style, white background",white,count_object
PG-MATH-1.3.21,rocket_six.webp,"A single six rockets, 2D soft-shaded children's illustration, friendly rounded shapes, vibrant saturated colors, clean simple composition, kid-friendly educational style, white background",white,speak_visual
PG-MATH-1.3.21,rocket_eight.webp,"A single eight rockets, 2D soft-shaded children's illustration, friendly rounded shapes, vibrant saturated colors, clean simple composition, kid-friendly educational style, white background",white,speak_visual
PG-MATH-1.3.21,rocket_ten.webp,"A single ten rockets, 2D soft-shaded children's illustration, friendly rounded shapes, vibrant saturated colors, clean simple composition, kid-friendly educational style, white background",white,speak_visual
PG-MATH-1.3.22,zebra_zoo.webp,"A single striped zebras are grazing at the zoo, 2D soft-shaded children's illustration, friendly rounded shapes, vibrant saturated colors, clean simple composition, kid-friendly educational style, white background",white,count_object
PG-MATH-1.3.22,zebra_water.webp,"A single zebras near the watering hole, 2D soft-shaded children's illustration, friendly rounded shapes, vibrant saturated colors, clean simple composition, kid-friendly educational style, white background",white,count_object
PG-MATH-1.3.22,zebra_hill.webp,"A single black and white zebras on the hill, 2D soft-shaded children's illustration, friendly rounded shapes, vibrant saturated colors, clean simple composition, kid-friendly educational style",scene,count_object
PG-MATH-1.3.22,zebra_run.webp,"A single zebras are running together, 2D soft-shaded children's illustration, friendly rounded shapes, vibrant saturated colors, clean simple composition, kid-friendly educational style, white background",white,count_object
PG-MATH-1.3.22,zebra_all6.webp,"A single 6 zoo zebras, 2D soft-shaded children's illustration, friendly rounded shapes, vibrant saturated colors, clean simple composition, kid-friendly educational style, white background",white,count_object
PG-MATH-1.3.22,zebra_herd.webp,"A single zebras are in a herd, 2D soft-shaded children's illustration, friendly rounded shapes, vibrant saturated colors, clean simple composition, kid-friendly educational style, white background",white,count_object
PG-MATH-1.3.22,zebra_all10.webp,"A single 10 zebras in the zoo safari, 2D soft-shaded children's illustration, friendly rounded shapes, vibrant saturated colors, clean simple composition, kid-friendly educational style",scene,count_object
PG-MATH-1.3.22,zebra_six.webp,"A single six zebras, 2D soft-shaded children's illustration, friendly rounded shapes, vibrant saturated colors, clean simple composition, kid-friendly educational style, white background",white,speak_visual
PG-MATH-1.3.22,zebra_eight.webp,"A single eight zebras, 2D soft-shaded children's illustration, friendly rounded shapes, vibrant saturated colors, clean simple composition, kid-friendly educational style, white background",white,speak_visual
PG-MATH-1.3.22,zebra_ten.webp,"A single ten zebras, 2D soft-shaded children's illustration, friendly rounded shapes, vibrant saturated colors, clean simple composition, kid-friendly educational style, white background",white,speak_visual
PG-MATH-1.3.23,bee_flower.webp,"A single buzzing honeybees are flying near flowers, 2D soft-shaded children's illustration, friendly rounded shapes, vibrant saturated colors, clean simple composition, kid-friendly educational style, white background",white,count_object
PG-MATH-1.3.23,bee_garden.webp,"A single bees collecting honey in the garden, 2D soft-shaded children's illustration, friendly rounded shapes, vibrant saturated colors, clean simple composition, kid-friendly educational style",scene,count_object
PG-MATH-1.3.23,bee_gardener.webp,"A single honeybees did gardener leo spot, 2D soft-shaded children's illustration, friendly rounded shapes, vibrant saturated colors, clean simple composition, kid-friendly educational style, white background",white,count_object
PG-MATH-1.3.23,bee_sunflower.webp,"A single yellow honeybees on the sunflower, 2D soft-shaded children's illustration, friendly rounded shapes, vibrant saturated colors, clean simple composition, kid-friendly educational style",scene,count_object
PG-MATH-1.3.23,bee_hive.webp,"A single honeybees are buzzing around the hive, 2D soft-shaded children's illustration, friendly rounded shapes, vibrant saturated colors, clean simple composition, kid-friendly educational style, white background",white,count_object
PG-MATH-1.3.23,bee_all6.webp,"A single 6 garden honeybees, 2D soft-shaded children's illustration, friendly rounded shapes, vibrant saturated colors, clean simple composition, kid-friendly educational style, white background",white,count_object
PG-MATH-1.3.23,bee_line.webp,"A single honeybees are flying in a line, 2D soft-shaded children's illustration, friendly rounded shapes, vibrant saturated colors, clean simple composition, kid-friendly educational style, white background",white,count_object
PG-MATH-1.3.23,bee_all10.webp,"A single 10 honeybees in the flower garden, 2D soft-shaded children's illustration, friendly rounded shapes, vibrant saturated colors, clean simple composition, kid-friendly educational style",scene,count_object
PG-MATH-1.3.23,bee_six.webp,"A single six bees, 2D soft-shaded children's illustration, friendly rounded shapes, vibrant saturated colors, clean simple composition, kid-friendly educational style, white background",white,speak_visual
PG-MATH-1.3.23,bee_eight.webp,"A single eight bees, 2D soft-shaded children's illustration, friendly rounded shapes, vibrant saturated colors, clean simple composition, kid-friendly educational style, white background",white,speak_visual
PG-MATH-1.3.23,bee_ten.webp,"A single ten bees, 2D soft-shaded children's illustration, friendly rounded shapes, vibrant saturated colors, clean simple composition, kid-friendly educational style, white background",white,speak_visual
PG-MATH-1.3.24,sandwich_basket.webp,"A single sandwiches are packed in the picnic basket, 2D soft-shaded children's illustration, friendly rounded shapes, vibrant saturated colors, clean simple composition, kid-friendly educational style",scene,count_object
PG-MATH-1.3.24,sandwich_mat.webp,"A single sandwiches laid out on the mat, 2D soft-shaded children's illustration, friendly rounded shapes, vibrant saturated colors, clean simple composition, kid-friendly educational style",scene,count_object
PG-MATH-1.3.24,sandwich_chef.webp,"A single sandwiches did chef leo make, 2D soft-shaded children's illustration, friendly rounded shapes, vibrant saturated colors, clean simple composition, kid-friendly educational style, white background",white,count_object
PG-MATH-1.3.24,sandwich_tray.webp,"A single delicious sandwiches on the tray, 2D soft-shaded children's illustration, friendly rounded shapes, vibrant saturated colors, clean simple composition, kid-friendly educational style",scene,count_object
PG-MATH-1.3.24,sandwich_lunch.webp,"A single sandwiches are ready for lunch, 2D soft-shaded children's illustration, friendly rounded shapes, vibrant saturated colors, clean simple composition, kid-friendly educational style, white background",white,count_object
PG-MATH-1.3.24,sandwich_all6.webp,"A single 6 picnic sandwiches, 2D soft-shaded children's illustration, friendly rounded shapes, vibrant saturated colors, clean simple composition, kid-friendly educational style, white background",white,count_object
PG-MATH-1.3.24,sandwich_half.webp,"A single sandwiches are cut in half, 2D soft-shaded children's illustration, friendly rounded shapes, vibrant saturated colors, clean simple composition, kid-friendly educational style, white background",white,count_object
PG-MATH-1.3.24,sandwich_all10.webp,"A single 10 sandwiches for the picnic, 2D soft-shaded children's illustration, friendly rounded shapes, vibrant saturated colors, clean simple composition, kid-friendly educational style, white background",white,count_object
PG-MATH-1.3.24,sandwich_six.webp,"A single six sandwiches, 2D soft-shaded children's illustration, friendly rounded shapes, vibrant saturated colors, clean simple composition, kid-friendly educational style, white background",white,speak_visual
PG-MATH-1.3.24,sandwich_eight.webp,"A single eight sandwiches, 2D soft-shaded children's illustration, friendly rounded shapes, vibrant saturated colors, clean simple composition, kid-friendly educational style, white background",white,speak_visual
PG-MATH-1.3.24,sandwich_ten.webp,"A single ten sandwiches, 2D soft-shaded children's illustration, friendly rounded shapes, vibrant saturated colors, clean simple composition, kid-friendly educational style, white background",white,speak_visual
PG-MATH-1.3.25,candle_cake.webp,"A single burning candles are on the birthday cake, 2D soft-shaded children's illustration, friendly rounded shapes, vibrant saturated colors, clean simple composition, kid-friendly educational style",scene,count_object
PG-MATH-1.3.25,candle_cupcake.webp,"A single candles standing on the cupcakes, 2D soft-shaded children's illustration, friendly rounded shapes, vibrant saturated colors, clean simple composition, kid-friendly educational style",scene,count_object
PG-MATH-1.3.25,candle_blow.webp,"A single candles did birthday boy leo blow out, 2D soft-shaded children's illustration, friendly rounded shapes, vibrant saturated colors, clean simple composition, kid-friendly educational style, white background",white,count_object
PG-MATH-1.3.25,candle_big.webp,"A single colorful candles on the big cake, 2D soft-shaded children's illustration, friendly rounded shapes, vibrant saturated colors, clean simple composition, kid-friendly educational style",scene,count_object
PG-MATH-1.3.25,candle_glowing.webp,"A single candles are glowing bright, 2D soft-shaded children's illustration, friendly rounded shapes, vibrant saturated colors, clean simple composition, kid-friendly educational style, white background",white,count_object
PG-MATH-1.3.25,candle_all6.webp,"A single 6 party candles, 2D soft-shaded children's illustration, friendly rounded shapes, vibrant saturated colors, clean simple composition, kid-friendly educational style, white background",white,count_object
PG-MATH-1.3.25,candle_circle.webp,"A single candles are placed in a circle, 2D soft-shaded children's illustration, friendly rounded shapes, vibrant saturated colors, clean simple composition, kid-friendly educational style, white background",white,count_object
PG-MATH-1.3.25,candle_all10.webp,"A single 10 candles on the birthday cake, 2D soft-shaded children's illustration, friendly rounded shapes, vibrant saturated colors, clean simple composition, kid-friendly educational style",scene,count_object
PG-MATH-1.3.25,candle_six.webp,"A single six candles, 2D soft-shaded children's illustration, friendly rounded shapes, vibrant saturated colors, clean simple composition, kid-friendly educational style, white background",white,speak_visual
PG-MATH-1.3.25,candle_eight.webp,"A single eight candles, 2D soft-shaded children's illustration, friendly rounded shapes, vibrant saturated colors, clean simple composition, kid-friendly educational style, white background",white,speak_visual
PG-MATH-1.3.25,candle_ten.webp,"A single ten candles, 2D soft-shaded children's illustration, friendly rounded shapes, vibrant saturated colors, clean simple composition, kid-friendly educational style, white background",white,speak_visual
PG-MATH-1.3.26,chair_room.webp,"A single wooden chairs are in the classroom, 2D soft-shaded children's illustration, friendly rounded shapes, vibrant saturated colors, clean simple composition, kid-friendly educational style",scene,count_object
PG-MATH-1.3.26,desk_row.webp,"A single student desks in a row, 2D soft-shaded children's illustration, friendly rounded shapes, vibrant saturated colors, clean simple composition, kid-friendly educational style, white background",white,count_object
PG-MATH-1.3.26,pencil_jar.webp,"A single yellow pencils are in the jar, 2D soft-shaded children's illustration, friendly rounded shapes, vibrant saturated colors, clean simple composition, kid-friendly educational style",scene,count_object
PG-MATH-1.3.26,book_shelf.webp,"A single colorful storybooks on the shelf, 2D soft-shaded children's illustration, friendly rounded shapes, vibrant saturated colors, clean simple composition, kid-friendly educational style",scene,count_object
PG-MATH-1.3.26,brush_art.webp,"A single paint brushes did teacher leo lay out, 2D soft-shaded children's illustration, friendly rounded shapes, vibrant saturated colors, clean simple composition, kid-friendly educational style, white background",white,count_object
PG-MATH-1.3.26,chair_all.webp,"A single 6 chairs, 2D soft-shaded children's illustration, friendly rounded shapes, vibrant saturated colors, clean simple composition, kid-friendly educational style, white background",white,count_object
PG-MATH-1.3.26,pencil_see.webp,"A single pencils do you see, 2D soft-shaded children's illustration, friendly rounded shapes, vibrant saturated colors, clean simple composition, kid-friendly educational style, white background",white,count_object
PG-MATH-1.3.26,brush_all.webp,"A single 10 paint brushes for art time, 2D soft-shaded children's illustration, friendly rounded shapes, vibrant saturated colors, clean simple composition, kid-friendly educational style, white background",white,count_object
PG-MATH-1.3.26,seq_q15.webp,"A single what comes next in the school sequence, 2D soft-shaded children's illustration, friendly rounded shapes, vibrant saturated colors, clean simple composition, kid-friendly educational style, white background",white,complete_pattern
PG-MATH-1.3.26,pattern_q16.webp,"A single complete the classroom pattern: book pencil book pencil..., 2D soft-shaded children's illustration, friendly rounded shapes, vibrant saturated colors, clean simple composition, kid-friendly educational style, white background",white,complete_pattern
PG-MATH-1.3.26,seq_q17.webp,"A single find the missing number: _ 2 3 4 5, 2D soft-shaded children's illustration, friendly rounded shapes, vibrant saturated colors, clean simple composition, kid-friendly educational style, white background",white,complete_pattern
PG-MATH-1.3.26,seq_q18.webp,"A single complete sequence: 6 7 8 9 _, 2D soft-shaded children's illustration, friendly rounded shapes, vibrant saturated colors, clean simple composition, kid-friendly educational style, white background",white,complete_pattern
PG-MATH-1.3.26,seq_q19.webp,"A single what comes after 9? 6 7 8 9 _, 2D soft-shaded children's illustration, friendly rounded shapes, vibrant saturated colors, clean simple composition, kid-friendly educational style, white background",white,complete_pattern
PG-MATH-1.3.26,seq_q20.webp,"A single complete final sub-strand 1.3 sequence: 1 2 3 ... 9 _, 2D soft-shaded children's illustration, friendly rounded shapes, vibrant saturated colors, clean simple composition, kid-friendly educational style, white background",white,complete_pattern
PG-MATH-1.4.27,num1_card.webp,"A single number card shows number 1, 2D soft-shaded children's illustration, friendly rounded shapes, vibrant saturated colors, clean simple composition, kid-friendly educational style, white background",white,multiple_choice
PG-MATH-1.4.27,num2_card.webp,"A single find and tap number 2, 2D soft-shaded children's illustration, friendly rounded shapes, vibrant saturated colors, clean simple composition, kid-friendly educational style, white background",white,multiple_choice
PG-MATH-1.4.27,num3_card.webp,"A single where is number 3 hidden on the safari tree, 2D soft-shaded children's illustration, friendly rounded shapes, vibrant saturated colors, clean simple composition, kid-friendly educational style, white background",white,multiple_choice
PG-MATH-1.4.27,num4_card.webp,"A single giant number 4 badge, 2D soft-shaded children's illustration, friendly rounded shapes, vibrant saturated colors, clean simple composition, kid-friendly educational style, white background",white,multiple_choice
PG-MATH-1.4.27,num5_card.webp,"A single stone has number 5 written on it, 2D soft-shaded children's illustration, friendly rounded shapes, vibrant saturated colors, clean simple composition, kid-friendly educational style, white background",white,multiple_choice
PG-MATH-1.4.27,num6_card.webp,"A single find number 6 in ranger leo's notebook, 2D soft-shaded children's illustration, friendly rounded shapes, vibrant saturated colors, clean simple composition, kid-friendly educational style, white background",white,multiple_choice
PG-MATH-1.4.27,num7_card.webp,"A single wooden sign shows number 7, 2D soft-shaded children's illustration, friendly rounded shapes, vibrant saturated colors, clean simple composition, kid-friendly educational style, white background",white,multiple_choice
PG-MATH-1.4.27,num8_card.webp,"A single number 8 on the safari jeep, 2D soft-shaded children's illustration, friendly rounded shapes, vibrant saturated colors, clean simple composition, kid-friendly educational style, white background",white,multiple_choice
PG-MATH-1.4.27,num9_card.webp,"A single flag shows number 9, 2D soft-shaded children's illustration, friendly rounded shapes, vibrant saturated colors, clean simple composition, kid-friendly educational style, white background",white,multiple_choice
PG-MATH-1.4.27,num10_card.webp,"A single number 10 at the safari gate, 2D soft-shaded children's illustration, friendly rounded shapes, vibrant saturated colors, clean simple composition, kid-friendly educational style, white background",white,multiple_choice
PG-MATH-1.4.27,num1_speak.webp,"A single number one, 2D soft-shaded children's illustration, friendly rounded shapes, vibrant saturated colors, clean simple composition, kid-friendly educational style, white background",white,speak_visual
PG-MATH-1.4.27,num5_speak.webp,"A single number five, 2D soft-shaded children's illustration, friendly rounded shapes, vibrant saturated colors, clean simple composition, kid-friendly educational style, white background",white,speak_visual
PG-MATH-1.4.27,num10_speak.webp,"A single number ten, 2D soft-shaded children's illustration, friendly rounded shapes, vibrant saturated colors, clean simple composition, kid-friendly educational style, white background",white,speak_visual
PG-MATH-1.4.27,num5_count.webp,"A single number 5 signs do you see, 2D soft-shaded children's illustration, friendly rounded shapes, vibrant saturated colors, clean simple composition, kid-friendly educational style, white background",white,count_object
PG-MATH-1.4.27,num10_count.webp,"A single number 10 flags at the finish line, 2D soft-shaded children's illustration, friendly rounded shapes, vibrant saturated colors, clean simple composition, kid-friendly educational style, white background",white,count_object
PG-MATH-1.4.27,line_q19.webp,"A single number completes the line: 1 2 3 _ 5, 2D soft-shaded children's illustration, friendly rounded shapes, vibrant saturated colors, clean simple composition, kid-friendly educational style, white background",white,complete_pattern
PG-MATH-1.4.27,line_q20.webp,"A single number completes the line: 6 7 _ 9 10, 2D soft-shaded children's illustration, friendly rounded shapes, vibrant saturated colors, clean simple composition, kid-friendly educational style, white background",white,complete_pattern
PG-MATH-1.4.28,egg_num1.webp,"A single dino egg has number 1 written on it, 2D soft-shaded children's illustration, friendly rounded shapes, vibrant saturated colors, clean simple composition, kid-friendly educational style, white background",white,multiple_choice
PG-MATH-1.4.28,foot_num2.webp,"A single find number 2 on the t-rex footprint, 2D soft-shaded children's illustration, friendly rounded shapes, vibrant saturated colors, clean simple composition, kid-friendly educational style, white background",white,multiple_choice
PG-MATH-1.4.28,volcano_num3.webp,"A single volcano stone shows number 3, 2D soft-shaded children's illustration, friendly rounded shapes, vibrant saturated colors, clean simple composition, kid-friendly educational style, white background",white,multiple_choice
PG-MATH-1.4.28,wing_num4.webp,"A single number 4 on the pterodactyl wing, 2D soft-shaded children's illustration, friendly rounded shapes, vibrant saturated colors, clean simple composition, kid-friendly educational style, white background",white,multiple_choice
PG-MATH-1.4.28,nest_num5.webp,"A single dino nest has number 5, 2D soft-shaded children's illustration, friendly rounded shapes, vibrant saturated colors, clean simple composition, kid-friendly educational style, white background",white,multiple_choice
PG-MATH-1.4.28,shield_num6.webp,"A single find number 6 on the triceratops shield, 2D soft-shaded children's illustration, friendly rounded shapes, vibrant saturated colors, clean simple composition, kid-friendly educational style, white background",white,multiple_choice
PG-MATH-1.4.28,cave_num7.webp,"A single jungle cave shows number 7, 2D soft-shaded children's illustration, friendly rounded shapes, vibrant saturated colors, clean simple composition, kid-friendly educational style, white background",white,multiple_choice
PG-MATH-1.4.28,spine_num8.webp,"A single number 8 on the stegosaurus spine, 2D soft-shaded children's illustration, friendly rounded shapes, vibrant saturated colors, clean simple composition, kid-friendly educational style, white background",white,multiple_choice
PG-MATH-1.4.28,fossil_num9.webp,"A single fossil shows number 9, 2D soft-shaded children's illustration, friendly rounded shapes, vibrant saturated colors, clean simple composition, kid-friendly educational style, white background",white,multiple_choice
PG-MATH-1.4.28,gate_num10.webp,"A single number 10 at dino valley gate, 2D soft-shaded children's illustration, friendly rounded shapes, vibrant saturated colors, clean simple composition, kid-friendly educational style, white background",white,multiple_choice
PG-MATH-1.4.28,num2_speak.webp,"A single number two, 2D soft-shaded children's illustration, friendly rounded shapes, vibrant saturated colors, clean simple composition, kid-friendly educational style, white background",white,speak_visual
PG-MATH-1.4.28,num6_speak.webp,"A single number six, 2D soft-shaded children's illustration, friendly rounded shapes, vibrant saturated colors, clean simple composition, kid-friendly educational style, white background",white,speak_visual
PG-MATH-1.4.28,foot_count.webp,"A single 4 dinosaur footprints, 2D soft-shaded children's illustration, friendly rounded shapes, vibrant saturated colors, clean simple composition, kid-friendly educational style, white background",white,count_object
PG-MATH-1.4.28,egg_count.webp,"A single 8 dino eggs in the nest, 2D soft-shaded children's illustration, friendly rounded shapes, vibrant saturated colors, clean simple composition, kid-friendly educational style",scene,count_object
PG-MATH-1.4.29,coin_num1.webp,"A single gold coin shows number 1, 2D soft-shaded children's illustration, friendly rounded shapes, vibrant saturated colors, clean simple composition, kid-friendly educational style, white background",white,multiple_choice
PG-MATH-1.4.29,flag_num2.webp,"A single find number 2 on captain leo's pirate flag, 2D soft-shaded children's illustration, friendly rounded shapes, vibrant saturated colors, clean simple composition, kid-friendly educational style, white background",white,multiple_choice
PG-MATH-1.4.29,chest_num3.webp,"A single treasure chest has number 3 painted on it, 2D soft-shaded children's illustration, friendly rounded shapes, vibrant saturated colors, clean simple composition, kid-friendly educational style, white background",white,multiple_choice
PG-MATH-1.4.29,wheel_num4.webp,"A single number 4 on the pirate ship wheel, 2D soft-shaded children's illustration, friendly rounded shapes, vibrant saturated colors, clean simple composition, kid-friendly educational style, white background",white,multiple_choice
PG-MATH-1.4.29,map_num5.webp,"A single treasure map shows number 5, 2D soft-shaded children's illustration, friendly rounded shapes, vibrant saturated colors, clean simple composition, kid-friendly educational style, white background",white,multiple_choice
PG-MATH-1.4.29,anchor_num6.webp,"A single find number 6 on the pirate anchor, 2D soft-shaded children's illustration, friendly rounded shapes, vibrant saturated colors, clean simple composition, kid-friendly educational style, white background",white,multiple_choice
PG-MATH-1.4.29,ruby_num7.webp,"A single ruby jewel shows number 7, 2D soft-shaded children's illustration, friendly rounded shapes, vibrant saturated colors, clean simple composition, kid-friendly educational style, white background",white,multiple_choice
PG-MATH-1.4.29,glass_num8.webp,"A single number 8 on the pirate spyglass, 2D soft-shaded children's illustration, friendly rounded shapes, vibrant saturated colors, clean simple composition, kid-friendly educational style, white background",white,multiple_choice
PG-MATH-1.4.29,parrot_num9.webp,"A single pirate parrot badge shows number 9, 2D soft-shaded children's illustration, friendly rounded shapes, vibrant saturated colors, clean simple composition, kid-friendly educational style, white background",white,multiple_choice
PG-MATH-1.4.29,chest_num10.webp,"A single number 10 on the island treasure chest, 2D soft-shaded children's illustration, friendly rounded shapes, vibrant saturated colors, clean simple composition, kid-friendly educational style, white background",white,multiple_choice
PG-MATH-1.4.29,num3_speak.webp,"A single number three, 2D soft-shaded children's illustration, friendly rounded shapes, vibrant saturated colors, clean simple composition, kid-friendly educational style, white background",white,speak_visual
PG-MATH-1.4.29,num7_speak.webp,"A single number seven, 2D soft-shaded children's illustration, friendly rounded shapes, vibrant saturated colors, clean simple composition, kid-friendly educational style, white background",white,speak_visual
PG-MATH-1.4.29,hunt_speak.webp,"A single treasure hunt, 2D soft-shaded children's illustration, friendly rounded shapes, vibrant saturated colors, clean simple composition, kid-friendly educational style, white background",white,speak_visual
PG-MATH-1.4.29,coin_count.webp,"A single 5 gold coins in the chest, 2D soft-shaded children's illustration, friendly rounded shapes, vibrant saturated colors, clean simple composition, kid-friendly educational style",scene,count_object
PG-MATH-1.4.29,ruby_count.webp,"A single 10 ruby jewels, 2D soft-shaded children's illustration, friendly rounded shapes, vibrant saturated colors, clean simple composition, kid-friendly educational style, white background",white,count_object
PG-MATH-1.4.29,trail_q19.webp,"A single number completes the trail: 1 _ 3 4 5, 2D soft-shaded children's illustration, friendly rounded shapes, vibrant saturated colors, clean simple composition, kid-friendly educational style, white background",white,complete_pattern
PG-MATH-1.4.29,trail_q20.webp,"A single number completes the trail: 6 7 _ 9 10, 2D soft-shaded children's illustration, friendly rounded shapes, vibrant saturated colors, clean simple composition, kid-friendly educational style, white background",white,complete_pattern
PG-MATH-1.4.30,rocket_num1.webp,"A single space rocket shows number 1, 2D soft-shaded children's illustration, friendly rounded shapes, vibrant saturated colors, clean simple composition, kid-friendly educational style, white background",white,multiple_choice
PG-MATH-1.4.30,rover_num2.webp,"A single find number 2 on the moon rover, 2D soft-shaded children's illustration, friendly rounded shapes, vibrant saturated colors, clean simple composition, kid-friendly educational style, white background",white,multiple_choice
PG-MATH-1.4.30,helmet_num3.webp,"A single astronaut helmet shows number 3, 2D soft-shaded children's illustration, friendly rounded shapes, vibrant saturated colors, clean simple composition, kid-friendly educational style, white background",white,multiple_choice
PG-MATH-1.4.30,station_num4.webp,"A single number 4 on the space station, 2D soft-shaded children's illustration, friendly rounded shapes, vibrant saturated colors, clean simple composition, kid-friendly educational style, white background",white,multiple_choice
PG-MATH-1.4.30,planet_num5.webp,"A single planet flag shows number 5, 2D soft-shaded children's illustration, friendly rounded shapes, vibrant saturated colors, clean simple composition, kid-friendly educational style, white background",white,multiple_choice
PG-MATH-1.4.30,sat_num6.webp,"A single find number 6 on the satellite dish, 2D soft-shaded children's illustration, friendly rounded shapes, vibrant saturated colors, clean simple composition, kid-friendly educational style, white background",white,multiple_choice
PG-MATH-1.4.30,star_num7.webp,"A single shining star shows number 7, 2D soft-shaded children's illustration, friendly rounded shapes, vibrant saturated colors, clean simple composition, kid-friendly educational style, white background",white,multiple_choice
PG-MATH-1.4.30,ship_num8.webp,"A single number 8 on the alien spaceship, 2D soft-shaded children's illustration, friendly rounded shapes, vibrant saturated colors, clean simple composition, kid-friendly educational style, white background",white,multiple_choice
PG-MATH-1.4.30,comet_num9.webp,"A single comet badge shows number 9, 2D soft-shaded children's illustration, friendly rounded shapes, vibrant saturated colors, clean simple composition, kid-friendly educational style, white background",white,multiple_choice
PG-MATH-1.4.30,num4_speak.webp,"A single number four, 2D soft-shaded children's illustration, friendly rounded shapes, vibrant saturated colors, clean simple composition, kid-friendly educational style, white background",white,speak_visual
PG-MATH-1.4.30,num8_speak.webp,"A single number eight, 2D soft-shaded children's illustration, friendly rounded shapes, vibrant saturated colors, clean simple composition, kid-friendly educational style, white background",white,speak_visual
PG-MATH-1.4.30,blast_speak.webp,"A single blast off, 2D soft-shaded children's illustration, friendly rounded shapes, vibrant saturated colors, clean simple composition, kid-friendly educational style, white background",white,speak_visual
PG-MATH-1.4.30,rocket_count.webp,"A single 6 space rockets flying in orbit, 2D soft-shaded children's illustration, friendly rounded shapes, vibrant saturated colors, clean simple composition, kid-friendly educational style, white background",white,count_object
PG-MATH-1.4.30,star_count.webp,"A single 10 shining stars in deep space, 2D soft-shaded children's illustration, friendly rounded shapes, vibrant saturated colors, clean simple composition, kid-friendly educational style, white background",white,count_object
PG-MATH-1.4.30,count_q19.webp,"A single number completes the countdown: 1 2 3 _ 5, 2D soft-shaded children's illustration, friendly rounded shapes, vibrant saturated colors, clean simple composition, kid-friendly educational style, white background",white,complete_pattern
PG-MATH-1.4.30,count_q20.webp,"A single number completes the space line: 6 7 8 _ 10, 2D soft-shaded children's illustration, friendly rounded shapes, vibrant saturated colors, clean simple composition, kid-friendly educational style, white background",white,complete_pattern
PG-MATH-1.4.31,hat_num1.webp,"A single clown hat shows number 1, 2D soft-shaded children's illustration, friendly rounded shapes, vibrant saturated colors, clean simple composition, kid-friendly educational style, white background",white,multiple_choice
PG-MATH-1.4.31,tent_num2.webp,"A single find number 2 on the circus tent, 2D soft-shaded children's illustration, friendly rounded shapes, vibrant saturated colors, clean simple composition, kid-friendly educational style, white background",white,multiple_choice
PG-MATH-1.4.31,ball_num3.webp,"A single circus ball has number 3, 2D soft-shaded children's illustration, friendly rounded shapes, vibrant saturated colors, clean simple composition, kid-friendly educational style, white background",white,multiple_choice
PG-MATH-1.4.31,bowtie_num4.webp,"A single number 4 on clown leo's bowtie, 2D soft-shaded children's illustration, friendly rounded shapes, vibrant saturated colors, clean simple composition, kid-friendly educational style, white background",white,multiple_choice
PG-MATH-1.4.31,wagon_num5.webp,"A single circus wagon shows number 5, 2D soft-shaded children's illustration, friendly rounded shapes, vibrant saturated colors, clean simple composition, kid-friendly educational style, white background",white,multiple_choice
PG-MATH-1.4.31,wheel_num6.webp,"A single find number 6 on the unicycle wheel, 2D soft-shaded children's illustration, friendly rounded shapes, vibrant saturated colors, clean simple composition, kid-friendly educational style, white background",white,multiple_choice
PG-MATH-1.4.31,popcorn_num7.webp,"A single popcorn box shows number 7, 2D soft-shaded children's illustration, friendly rounded shapes, vibrant saturated colors, clean simple composition, kid-friendly educational style, white background",white,multiple_choice
PG-MATH-1.4.31,cannon_num8.webp,"A single number 8 on the circus cannon, 2D soft-shaded children's illustration, friendly rounded shapes, vibrant saturated colors, clean simple composition, kid-friendly educational style, white background",white,multiple_choice
PG-MATH-1.4.31,balloon_num9.webp,"A single circus balloon shows number 9, 2D soft-shaded children's illustration, friendly rounded shapes, vibrant saturated colors, clean simple composition, kid-friendly educational style, white background",white,multiple_choice
PG-MATH-1.4.31,ring_num10.webp,"A single number 10 at the circus ring gate, 2D soft-shaded children's illustration, friendly rounded shapes, vibrant saturated colors, clean simple composition, kid-friendly educational style, white background",white,multiple_choice
PG-MATH-1.4.31,clown_speak.webp,"A single circus clown, 2D soft-shaded children's illustration, friendly rounded shapes, vibrant saturated colors, clean simple composition, kid-friendly educational style, white background",white,speak_visual
PG-MATH-1.4.31,clown_count.webp,"A single circus clowns are juggling balls, 2D soft-shaded children's illustration, friendly rounded shapes, vibrant saturated colors, clean simple composition, kid-friendly educational style, white background",white,count_object
PG-MATH-1.4.31,popcorn_count.webp,"A single 8 popcorn boxes in the circus stand, 2D soft-shaded children's illustration, friendly rounded shapes, vibrant saturated colors, clean simple composition, kid-friendly educational style",scene,count_object
PG-MATH-1.4.31,badge_clown.webp,"A single final circus clown master badge, 2D soft-shaded children's illustration, friendly rounded shapes, vibrant saturated colors, clean simple composition, kid-friendly educational style, white background",white,multiple_choice
PG-MATH-1.4.32,tractor_num1.webp,"A single green tractor shows number 1, 2D soft-shaded children's illustration, friendly rounded shapes, vibrant saturated colors, clean simple composition, kid-friendly educational style, white background",white,multiple_choice
PG-MATH-1.4.32,barn_num2.webp,"A single find number 2 on the red farm barn, 2D soft-shaded children's illustration, friendly rounded shapes, vibrant saturated colors, clean simple composition, kid-friendly educational style, white background",white,multiple_choice
PG-MATH-1.4.32,hay_num3.webp,"A single hay bale shows number 3, 2D soft-shaded children's illustration, friendly rounded shapes, vibrant saturated colors, clean simple composition, kid-friendly educational style, white background",white,multiple_choice
PG-MATH-1.4.32,hat_num4.webp,"A single number 4 on farmer leo's hat, 2D soft-shaded children's illustration, friendly rounded shapes, vibrant saturated colors, clean simple composition, kid-friendly educational style, white background",white,multiple_choice
PG-MATH-1.4.32,fence_num5.webp,"A single farm fence sign shows number 5, 2D soft-shaded children's illustration, friendly rounded shapes, vibrant saturated colors, clean simple composition, kid-friendly educational style, white background",white,multiple_choice
PG-MATH-1.4.32,bucket_num6.webp,"A single find number 6 on the milk bucket, 2D soft-shaded children's illustration, friendly rounded shapes, vibrant saturated colors, clean simple composition, kid-friendly educational style, white background",white,multiple_choice
PG-MATH-1.4.32,mill_num7.webp,"A single windmill blade shows number 7, 2D soft-shaded children's illustration, friendly rounded shapes, vibrant saturated colors, clean simple composition, kid-friendly educational style, white background",white,multiple_choice
PG-MATH-1.4.32,coop_num8.webp,"A single number 8 on the chicken coop door, 2D soft-shaded children's illustration, friendly rounded shapes, vibrant saturated colors, clean simple composition, kid-friendly educational style, white background",white,multiple_choice
PG-MATH-1.4.32,crate_num9.webp,"A single apple crate shows number 9, 2D soft-shaded children's illustration, friendly rounded shapes, vibrant saturated colors, clean simple composition, kid-friendly educational style, white background",white,multiple_choice
PG-MATH-1.4.32,tractor_speak.webp,"A single farm tractor, 2D soft-shaded children's illustration, friendly rounded shapes, vibrant saturated colors, clean simple composition, kid-friendly educational style, white background",white,speak_visual
PG-MATH-1.4.32,finder_speak.webp,"A single number finder, 2D soft-shaded children's illustration, friendly rounded shapes, vibrant saturated colors, clean simple composition, kid-friendly educational style, white background",white,speak_visual
PG-MATH-1.4.32,tractor_count.webp,"A single green tractors are driving on the farm, 2D soft-shaded children's illustration, friendly rounded shapes, vibrant saturated colors, clean simple composition, kid-friendly educational style",scene,count_object
PG-MATH-1.4.32,barn_count.webp,"A single 6 red farm barns in the valley, 2D soft-shaded children's illustration, friendly rounded shapes, vibrant saturated colors, clean simple composition, kid-friendly educational style",scene,count_object
PG-MATH-1.4.32,badge_tractor.webp,"A single final farm tractor master badge, 2D soft-shaded children's illustration, friendly rounded shapes, vibrant saturated colors, clean simple composition, kid-friendly educational style, white background",white,multiple_choice
PG-MATH-1.5.33,train_q1.webp,"A single number goes in the missing train carriage: 1 _ 3 4 5, 2D soft-shaded children's illustration, friendly rounded shapes, vibrant saturated colors, clean simple composition, kid-friendly educational style, white background",white,complete_pattern
PG-MATH-1.5.33,train_q2.webp,"A single number comes after 2 on the train: 1 2 _ 4 5, 2D soft-shaded children's illustration, friendly rounded shapes, vibrant saturated colors, clean simple composition, kid-friendly educational style, white background",white,complete_pattern
PG-MATH-1.5.33,train_q3.webp,"A single number comes after 3 on the train: 1 2 3 _ 5, 2D soft-shaded children's illustration, friendly rounded shapes, vibrant saturated colors, clean simple composition, kid-friendly educational style, white background",white,complete_pattern
PG-MATH-1.5.33,train_q4.webp,"A single carriage completes the line: 1 2 3 4 _, 2D soft-shaded children's illustration, friendly rounded shapes, vibrant saturated colors, clean simple composition, kid-friendly educational style, white background",white,complete_pattern
PG-MATH-1.5.33,car1.webp,"A single carriage is carriage number 1, 2D soft-shaded children's illustration, friendly rounded shapes, vibrant saturated colors, clean simple composition, kid-friendly educational style, white background",white,multiple_choice
PG-MATH-1.5.33,car2.webp,"A single carriage is carriage number 2, 2D soft-shaded children's illustration, friendly rounded shapes, vibrant saturated colors, clean simple composition, kid-friendly educational style, white background",white,multiple_choice
PG-MATH-1.5.33,car3.webp,"A single carriage is carriage number 3, 2D soft-shaded children's illustration, friendly rounded shapes, vibrant saturated colors, clean simple composition, kid-friendly educational style, white background",white,multiple_choice
PG-MATH-1.5.33,car4.webp,"A single carriage is carriage number 4, 2D soft-shaded children's illustration, friendly rounded shapes, vibrant saturated colors, clean simple composition, kid-friendly educational style, white background",white,multiple_choice
PG-MATH-1.5.33,car5.webp,"A single carriage is carriage number 5, 2D soft-shaded children's illustration, friendly rounded shapes, vibrant saturated colors, clean simple composition, kid-friendly educational style, white background",white,multiple_choice
PG-MATH-1.5.33,board_speak.webp,"A single all aboard, 2D soft-shaded children's illustration, friendly rounded shapes, vibrant saturated colors, clean simple composition, kid-friendly educational style, white background",white,speak_visual
PG-MATH-1.5.33,train_speak.webp,"A single number train, 2D soft-shaded children's illustration, friendly rounded shapes, vibrant saturated colors, clean simple composition, kid-friendly educational style, white background",white,speak_visual
PG-MATH-1.5.33,train_count.webp,"A single carriages are attached to the train, 2D soft-shaded children's illustration, friendly rounded shapes, vibrant saturated colors, clean simple composition, kid-friendly educational style, white background",white,count_object
PG-MATH-1.5.33,whistle_count.webp,"A single 3 train whistles blowing, 2D soft-shaded children's illustration, friendly rounded shapes, vibrant saturated colors, clean simple composition, kid-friendly educational style, white background",white,count_object
PG-MATH-1.5.33,train_seq17.webp,"A single what comes next: 1 2 3 4 _, 2D soft-shaded children's illustration, friendly rounded shapes, vibrant saturated colors, clean simple composition, kid-friendly educational style, white background",white,complete_pattern
PG-MATH-1.5.33,train_seq18.webp,"A single what is the first number: _ 2 3 4 5, 2D soft-shaded children's illustration, friendly rounded shapes, vibrant saturated colors, clean simple composition, kid-friendly educational style, white background",white,complete_pattern
PG-MATH-1.5.33,train_seq19.webp,"A single find the missing middle number: 1 2 _ 4 5, 2D soft-shaded children's illustration, friendly rounded shapes, vibrant saturated colors, clean simple composition, kid-friendly educational style, white background",white,complete_pattern
PG-MATH-1.5.33,train_seq20.webp,"A single complete the full 1 to 5 train line, 2D soft-shaded children's illustration, friendly rounded shapes, vibrant saturated colors, clean simple composition, kid-friendly educational style, white background",white,complete_pattern
PG-MATH-1.5.34,stair_q1.webp,"A single step comes after step 1: 1 _ 3 4 5, 2D soft-shaded children's illustration, friendly rounded shapes, vibrant saturated colors, clean simple composition, kid-friendly educational style, white background",white,complete_pattern
PG-MATH-1.5.34,stair_q2.webp,"A single step comes after step 3: 1 2 3 _ 5, 2D soft-shaded children's illustration, friendly rounded shapes, vibrant saturated colors, clean simple composition, kid-friendly educational style, white background",white,complete_pattern
PG-MATH-1.5.34,stair_q3.webp,"A single step completes the climb: 1 2 3 4 _, 2D soft-shaded children's illustration, friendly rounded shapes, vibrant saturated colors, clean simple composition, kid-friendly educational style, white background",white,complete_pattern
PG-MATH-1.5.34,stair_q4.webp,"A single step comes before step 2: _ 2 3 4 5, 2D soft-shaded children's illustration, friendly rounded shapes, vibrant saturated colors, clean simple composition, kid-friendly educational style, white background",white,complete_pattern
PG-MATH-1.5.34,step2.webp,"A single step is step number 2, 2D soft-shaded children's illustration, friendly rounded shapes, vibrant saturated colors, clean simple composition, kid-friendly educational style, white background",white,multiple_choice
PG-MATH-1.5.34,step4.webp,"A single step is step number 4, 2D soft-shaded children's illustration, friendly rounded shapes, vibrant saturated colors, clean simple composition, kid-friendly educational style, white background",white,multiple_choice
PG-MATH-1.5.34,step5.webp,"A single step is the top step number 5, 2D soft-shaded children's illustration, friendly rounded shapes, vibrant saturated colors, clean simple composition, kid-friendly educational style, white background",white,multiple_choice
PG-MATH-1.5.34,climb_speak.webp,"A single climb high, 2D soft-shaded children's illustration, friendly rounded shapes, vibrant saturated colors, clean simple composition, kid-friendly educational style, white background",white,speak_visual
PG-MATH-1.5.34,step5_speak.webp,"A single step five, 2D soft-shaded children's illustration, friendly rounded shapes, vibrant saturated colors, clean simple composition, kid-friendly educational style, white background",white,speak_visual
PG-MATH-1.5.34,stair_count.webp,"A single steps did leo climb, 2D soft-shaded children's illustration, friendly rounded shapes, vibrant saturated colors, clean simple composition, kid-friendly educational style, white background",white,count_object
PG-MATH-1.5.34,flag_count.webp,"A single 3 flag markers on the stairs, 2D soft-shaded children's illustration, friendly rounded shapes, vibrant saturated colors, clean simple composition, kid-friendly educational style",scene,count_object
PG-MATH-1.5.34,stair_seq15.webp,"A single what step comes next: 1 2 3 _ 5, 2D soft-shaded children's illustration, friendly rounded shapes, vibrant saturated colors, clean simple composition, kid-friendly educational style, white background",white,complete_pattern
PG-MATH-1.5.34,stair_seq16.webp,"A single complete the sequence: 6 7 _ 9 10, 2D soft-shaded children's illustration, friendly rounded shapes, vibrant saturated colors, clean simple composition, kid-friendly educational style, white background",white,complete_pattern
PG-MATH-1.5.34,stair_seq17.webp,"A single what is the top step: 1 2 3 4 _, 2D soft-shaded children's illustration, friendly rounded shapes, vibrant saturated colors, clean simple composition, kid-friendly educational style, white background",white,complete_pattern
PG-MATH-1.5.34,stair_seq18.webp,"A single complete staircase: 6 7 8 9 _, 2D soft-shaded children's illustration, friendly rounded shapes, vibrant saturated colors, clean simple composition, kid-friendly educational style, white background",white,complete_pattern
PG-MATH-1.5.34,stair_seq19.webp,"A single find missing step: 1 2 _ 4 5, 2D soft-shaded children's illustration, friendly rounded shapes, vibrant saturated colors, clean simple composition, kid-friendly educational style, white background",white,complete_pattern
PG-MATH-1.5.34,stair_seq20.webp,"A single complete full 1 to 10 staircase climb, 2D soft-shaded children's illustration, friendly rounded shapes, vibrant saturated colors, clean simple composition, kid-friendly educational style, white background",white,complete_pattern
PG-MATH-1.5.35,numline_q1.webp,"A single number completes the line: 1 2 3 4 5 6 7 8 _ 10, 2D soft-shaded children's illustration, friendly rounded shapes, vibrant saturated colors, clean simple composition, kid-friendly educational style, white background",white,complete_pattern
PG-MATH-1.5.35,numline_q2.webp,"A single number comes after 5: 1 2 3 4 5 _ 7 8 9 10, 2D soft-shaded children's illustration, friendly rounded shapes, vibrant saturated colors, clean simple composition, kid-friendly educational style, white background",white,complete_pattern
PG-MATH-1.5.35,numline_q3.webp,"A single number comes after 7: 1 2 3 4 5 6 7 _ 9 10, 2D soft-shaded children's illustration, friendly rounded shapes, vibrant saturated colors, clean simple composition, kid-friendly educational style, white background",white,complete_pattern
PG-MATH-1.5.35,numline_q4.webp,"A single number comes at the end: 1 2 3 4 5 6 7 8 9 _, 2D soft-shaded children's illustration, friendly rounded shapes, vibrant saturated colors, clean simple composition, kid-friendly educational style, white background",white,complete_pattern
PG-MATH-1.5.35,spot6.webp,"A single spot on the line is number 6, 2D soft-shaded children's illustration, friendly rounded shapes, vibrant saturated colors, clean simple composition, kid-friendly educational style, white background",white,multiple_choice
PG-MATH-1.5.35,spot8.webp,"A single spot on the line is number 8, 2D soft-shaded children's illustration, friendly rounded shapes, vibrant saturated colors, clean simple composition, kid-friendly educational style, white background",white,multiple_choice
PG-MATH-1.5.35,spot10.webp,"A single spot on the line is number 10, 2D soft-shaded children's illustration, friendly rounded shapes, vibrant saturated colors, clean simple composition, kid-friendly educational style, white background",white,multiple_choice
PG-MATH-1.5.35,line_speak.webp,"A single number line, 2D soft-shaded children's illustration, friendly rounded shapes, vibrant saturated colors, clean simple composition, kid-friendly educational style, white background",white,speak_visual
PG-MATH-1.5.35,ten_speak.webp,"A single ten, 2D soft-shaded children's illustration, friendly rounded shapes, vibrant saturated colors, clean simple composition, kid-friendly educational style, white background",white,speak_visual
PG-MATH-1.5.35,line_count.webp,"A single numbers are on a 1 to 10 number line, 2D soft-shaded children's illustration, friendly rounded shapes, vibrant saturated colors, clean simple composition, kid-friendly educational style, white background",white,count_object
PG-MATH-1.5.35,line_seq15.webp,"A single what comes next: 6 7 8 _ 10, 2D soft-shaded children's illustration, friendly rounded shapes, vibrant saturated colors, clean simple composition, kid-friendly educational style, white background",white,complete_pattern
PG-MATH-1.5.35,line_seq16.webp,"A single what comes next: 1 2 3 4 _, 2D soft-shaded children's illustration, friendly rounded shapes, vibrant saturated colors, clean simple composition, kid-friendly educational style, white background",white,complete_pattern
PG-MATH-1.5.35,line_seq17.webp,"A single find the missing middle: 6 _ 8 9 10, 2D soft-shaded children's illustration, friendly rounded shapes, vibrant saturated colors, clean simple composition, kid-friendly educational style, white background",white,complete_pattern
PG-MATH-1.5.35,line_seq18.webp,"A single complete sequence: 1 2 _ 4 5 6 7 8 9 10, 2D soft-shaded children's illustration, friendly rounded shapes, vibrant saturated colors, clean simple composition, kid-friendly educational style, white background",white,complete_pattern
PG-MATH-1.5.35,line_seq19.webp,"A single find missing number: 1 2 3 4 5 6 _ 8 9 10, 2D soft-shaded children's illustration, friendly rounded shapes, vibrant saturated colors, clean simple composition, kid-friendly educational style, white background",white,complete_pattern
PG-MATH-1.5.35,line_seq20.webp,"A single complete the full 1 to 10 number line master, 2D soft-shaded children's illustration, friendly rounded shapes, vibrant saturated colors, clean simple composition, kid-friendly educational style, white background",white,complete_pattern
PG-MATH-1.5.36,dino_stone1.webp,"A single footprint stone comes next: 1 2 3 _ 5, 2D soft-shaded children's illustration, friendly rounded shapes, vibrant saturated colors, clean simple composition, kid-friendly educational style, white background",white,complete_pattern
PG-MATH-1.5.36,dino_stone2.webp,"A single footprint stone comes next: 6 7 8 _ 10, 2D soft-shaded children's illustration, friendly rounded shapes, vibrant saturated colors, clean simple composition, kid-friendly educational style, white background",white,complete_pattern
PG-MATH-1.5.36,dino_stone3.webp,"A single find the missing stone: 1 _ 3 4 5, 2D soft-shaded children's illustration, friendly rounded shapes, vibrant saturated colors, clean simple composition, kid-friendly educational style, white background",white,complete_pattern
PG-MATH-1.5.36,dino_stone4.webp,"A single find the missing stone: 6 _ 8 9 10, 2D soft-shaded children's illustration, friendly rounded shapes, vibrant saturated colors, clean simple composition, kid-friendly educational style, white background",white,complete_pattern
PG-MATH-1.5.36,stone3.webp,"A single stone is stone number 3, 2D soft-shaded children's illustration, friendly rounded shapes, vibrant saturated colors, clean simple composition, kid-friendly educational style, white background",white,multiple_choice
PG-MATH-1.5.36,stone7.webp,"A single stone is stone number 7, 2D soft-shaded children's illustration, friendly rounded shapes, vibrant saturated colors, clean simple composition, kid-friendly educational style, white background",white,multiple_choice
PG-MATH-1.5.36,stone10.webp,"A single stone is stone number 10, 2D soft-shaded children's illustration, friendly rounded shapes, vibrant saturated colors, clean simple composition, kid-friendly educational style, white background",white,multiple_choice
PG-MATH-1.5.36,stones_speak.webp,"A single stepping stones, 2D soft-shaded children's illustration, friendly rounded shapes, vibrant saturated colors, clean simple composition, kid-friendly educational style, white background",white,speak_visual
PG-MATH-1.5.36,trail_speak.webp,"A single dinosaur trail, 2D soft-shaded children's illustration, friendly rounded shapes, vibrant saturated colors, clean simple composition, kid-friendly educational style, white background",white,speak_visual
PG-MATH-1.5.36,stone_count.webp,"A single dino footprint stones did t-rex cross, 2D soft-shaded children's illustration, friendly rounded shapes, vibrant saturated colors, clean simple composition, kid-friendly educational style, white background",white,count_object
PG-MATH-1.5.36,lava_count.webp,"A single 5 stepping stones across the lava river, 2D soft-shaded children's illustration, friendly rounded shapes, vibrant saturated colors, clean simple composition, kid-friendly educational style, white background",white,count_object
PG-MATH-1.5.36,seq_q16.webp,"A single what stone comes next: 6 7 8 9 _, 2D soft-shaded children's illustration, friendly rounded shapes, vibrant saturated colors, clean simple composition, kid-friendly educational style, white background",white,complete_pattern
PG-MATH-1.5.37,down_q1.webp,"A single number comes next in countdown: 5 4 3 _ 1, 2D soft-shaded children's illustration, friendly rounded shapes, vibrant saturated colors, clean simple composition, kid-friendly educational style, white background",white,complete_pattern
PG-MATH-1.5.37,down_q2.webp,"A single number completes countdown: 10 9 8 7 6 5 4 3 _ 1, 2D soft-shaded children's illustration, friendly rounded shapes, vibrant saturated colors, clean simple composition, kid-friendly educational style, white background",white,complete_pattern
PG-MATH-1.5.37,down_q3.webp,"A single find missing countdown number: 3 2 _ blast off, 2D soft-shaded children's illustration, friendly rounded shapes, vibrant saturated colors, clean simple composition, kid-friendly educational style, white background",white,complete_pattern
PG-MATH-1.5.37,up_q4.webp,"A single number comes after 1 in forward launch: 1 _ 3 4 5, 2D soft-shaded children's illustration, friendly rounded shapes, vibrant saturated colors, clean simple composition, kid-friendly educational style, white background",white,complete_pattern
PG-MATH-1.5.37,time3.webp,"A single countdown timer shows 3 seconds remaining, 2D soft-shaded children's illustration, friendly rounded shapes, vibrant saturated colors, clean simple composition, kid-friendly educational style, white background",white,multiple_choice
PG-MATH-1.5.37,time1.webp,"A single countdown timer shows 1 second remaining, 2D soft-shaded children's illustration, friendly rounded shapes, vibrant saturated colors, clean simple composition, kid-friendly educational style, white background",white,multiple_choice
PG-MATH-1.5.37,btn10.webp,"A single launch button shows number 10, 2D soft-shaded children's illustration, friendly rounded shapes, vibrant saturated colors, clean simple composition, kid-friendly educational style, white background",white,multiple_choice
PG-MATH-1.5.37,down_speak.webp,"A single countdown, 2D soft-shaded children's illustration, friendly rounded shapes, vibrant saturated colors, clean simple composition, kid-friendly educational style, white background",white,speak_visual
PG-MATH-1.5.37,pad_count.webp,"A single space rockets are counting down on the launchpad, 2D soft-shaded children's illustration, friendly rounded shapes, vibrant saturated colors, clean simple composition, kid-friendly educational style",scene,count_object
PG-MATH-1.6.38,basket_count.webp,"A single juicy red apples are in the basket, 2D soft-shaded children's illustration, friendly rounded shapes, vibrant saturated colors, clean simple composition, kid-friendly educational style",scene,count_object
PG-MATH-1.6.38,branch_count.webp,"A single 8 green apples on the branch, 2D soft-shaded children's illustration, friendly rounded shapes, vibrant saturated colors, clean simple composition, kid-friendly educational style",scene,count_object
PG-MATH-1.6.38,match_speak.webp,"A single apple match, 2D soft-shaded children's illustration, friendly rounded shapes, vibrant saturated colors, clean simple composition, kid-friendly educational style, white background",white,speak_visual
PG-MATH-1.6.38,five_speak.webp,"A single five apples, 2D soft-shaded children's illustration, friendly rounded shapes, vibrant saturated colors, clean simple composition, kid-friendly educational style, white background",white,speak_visual
PG-MATH-1.6.38,box4.webp,"A single box has 4 red apples, 2D soft-shaded children's illustration, friendly rounded shapes, vibrant saturated colors, clean simple composition, kid-friendly educational style, white background",white,multiple_choice
PG-MATH-1.6.38,basket7.webp,"A single basket has 7 green apples, 2D soft-shaded children's illustration, friendly rounded shapes, vibrant saturated colors, clean simple composition, kid-friendly educational style, white background",white,multiple_choice
PG-MATH-1.6.39,field_cows.webp,"A single spotted cows are grazing in the field, 2D soft-shaded children's illustration, friendly rounded shapes, vibrant saturated colors, clean simple composition, kid-friendly educational style",scene,count_object
PG-MATH-1.6.39,chicks_count.webp,"A single 8 yellow chicks feeding on grain, 2D soft-shaded children's illustration, friendly rounded shapes, vibrant saturated colors, clean simple composition, kid-friendly educational style, white background",white,count_object
PG-MATH-1.6.39,cows_speak.webp,"A single five cows, 2D soft-shaded children's illustration, friendly rounded shapes, vibrant saturated colors, clean simple composition, kid-friendly educational style, white background",white,speak_visual
PG-MATH-1.6.39,horses4.webp,"A single field has 4 horses, 2D soft-shaded children's illustration, friendly rounded shapes, vibrant saturated colors, clean simple composition, kid-friendly educational style, white background",white,multiple_choice
PG-MATH-1.6.39,ducks7.webp,"A single pond has 7 ducks, 2D soft-shaded children's illustration, friendly rounded shapes, vibrant saturated colors, clean simple composition, kid-friendly educational style, white background",white,multiple_choice
PG-MATH-1.6.40,chest_bears.webp,"A single teddy bears are inside the toy chest, 2D soft-shaded children's illustration, friendly rounded shapes, vibrant saturated colors, clean simple composition, kid-friendly educational style, white background",white,count_object
PG-MATH-1.6.40,box_cars.webp,"A single 8 toy cars parked in the toy box, 2D soft-shaded children's illustration, friendly rounded shapes, vibrant saturated colors, clean simple composition, kid-friendly educational style",scene,count_object
PG-MATH-1.6.40,toys_speak.webp,"A single five toys, 2D soft-shaded children's illustration, friendly rounded shapes, vibrant saturated colors, clean simple composition, kid-friendly educational style, white background",white,speak_visual
PG-MATH-1.6.40,bears4.webp,"A single chest has 4 teddy bears, 2D soft-shaded children's illustration, friendly rounded shapes, vibrant saturated colors, clean simple composition, kid-friendly educational style, white background",white,multiple_choice
PG-MATH-1.6.40,cars7.webp,"A single rug has 7 toy cars, 2D soft-shaded children's illustration, friendly rounded shapes, vibrant saturated colors, clean simple composition, kid-friendly educational style, white background",white,multiple_choice
PG-MATH-1.6.41,stand_oranges.webp,"A single oranges are displayed on the fruit stand, 2D soft-shaded children's illustration, friendly rounded shapes, vibrant saturated colors, clean simple composition, kid-friendly educational style",scene,count_object
PG-MATH-1.6.41,rack_bananas.webp,"A single 8 yellow bananas hanging on the rack, 2D soft-shaded children's illustration, friendly rounded shapes, vibrant saturated colors, clean simple composition, kid-friendly educational style",scene,count_object
PG-MATH-1.6.41,oranges_speak.webp,"A single five oranges, 2D soft-shaded children's illustration, friendly rounded shapes, vibrant saturated colors, clean simple composition, kid-friendly educational style, white background",white,speak_visual
PG-MATH-1.6.41,pineapples4.webp,"A single stand has 4 pineapples, 2D soft-shaded children's illustration, friendly rounded shapes, vibrant saturated colors, clean simple composition, kid-friendly educational style, white background",white,multiple_choice
PG-MATH-1.6.41,lemons7.webp,"A single basket has 7 lemons, 2D soft-shaded children's illustration, friendly rounded shapes, vibrant saturated colors, clean simple composition, kid-friendly educational style, white background",white,multiple_choice
PG-MATH-1.6.42,board_circles.webp,"A single round circles do you see on the board, 2D soft-shaded children's illustration, friendly rounded shapes, vibrant saturated colors, clean simple composition, kid-friendly educational style",scene,count_object
PG-MATH-1.6.42,grid_squares.webp,"A single 8 blue squares on the grid, 2D soft-shaded children's illustration, friendly rounded shapes, vibrant saturated colors, clean simple composition, kid-friendly educational style",scene,count_object
PG-MATH-1.6.42,master_speak.webp,"A single shape master, 2D soft-shaded children's illustration, friendly rounded shapes, vibrant saturated colors, clean simple composition, kid-friendly educational style, white background",white,speak_visual
PG-MATH-1.6.42,shapes_speak.webp,"A single five shapes, 2D soft-shaded children's illustration, friendly rounded shapes, vibrant saturated colors, clean simple composition, kid-friendly educational style, white background",white,speak_visual
PG-MATH-1.6.42,ovals4.webp,"A single board has 4 green ovals, 2D soft-shaded children's illustration, friendly rounded shapes, vibrant saturated colors, clean simple composition, kid-friendly educational style, white background",white,multiple_choice
PG-MATH-1.6.42,stars7.webp,"A single grid has 7 purple stars, 2D soft-shaded children's illustration, friendly rounded shapes, vibrant saturated colors, clean simple composition, kid-friendly educational style, white background",white,multiple_choice
PG-MATH-2.1.43,circle_clock.webp,"A single object is shaped like a round circle, 2D soft-shaded children's illustration, friendly rounded shapes, vibrant saturated colors, clean simple composition, kid-friendly educational style, white background",white,multiple_choice
PG-MATH-2.1.43,circle_sun.webp,"A single find the round yellow circle item, 2D soft-shaded children's illustration, friendly rounded shapes, vibrant saturated colors, clean simple composition, kid-friendly educational style, white background",white,multiple_choice
PG-MATH-2.1.43,circle_orange.webp,"A single fruit is shaped like a round circle, 2D soft-shaded children's illustration, friendly rounded shapes, vibrant saturated colors, clean simple composition, kid-friendly educational style, white background",white,multiple_choice
PG-MATH-2.1.43,circle_wheel.webp,"A single round circle wheel, 2D soft-shaded children's illustration, friendly rounded shapes, vibrant saturated colors, clean simple composition, kid-friendly educational style, white background",white,multiple_choice
PG-MATH-2.1.43,circle_balloon.webp,"A single party balloon is a round circle shape, 2D soft-shaded children's illustration, friendly rounded shapes, vibrant saturated colors, clean simple composition, kid-friendly educational style, white background",white,multiple_choice
PG-MATH-2.1.43,circle_speak.webp,"A single round circle, 2D soft-shaded children's illustration, friendly rounded shapes, vibrant saturated colors, clean simple composition, kid-friendly educational style, white background",white,speak_visual
PG-MATH-2.1.43,detective_speak.webp,"A single circle detective, 2D soft-shaded children's illustration, friendly rounded shapes, vibrant saturated colors, clean simple composition, kid-friendly educational style, white background",white,speak_visual
PG-MATH-2.1.43,circle_count.webp,"A single round yellow circles do you see, 2D soft-shaded children's illustration, friendly rounded shapes, vibrant saturated colors, clean simple composition, kid-friendly educational style, white background",white,count_object
PG-MATH-2.1.43,wheel_count.webp,"A single 5 round wheels on detective leo's cart, 2D soft-shaded children's illustration, friendly rounded shapes, vibrant saturated colors, clean simple composition, kid-friendly educational style, white background",white,count_object
PG-MATH-2.1.43,cookies3.webp,"A single tray holds 3 round cookies, 2D soft-shaded children's illustration, friendly rounded shapes, vibrant saturated colors, clean simple composition, kid-friendly educational style, white background",white,multiple_choice
PG-MATH-2.1.43,circle1.webp,"A single picture with 1 big round circle, 2D soft-shaded children's illustration, friendly rounded shapes, vibrant saturated colors, clean simple composition, kid-friendly educational style, white background",white,multiple_choice
PG-MATH-2.1.43,pattern_q15.webp,"A single what comes next: circle square circle _, 2D soft-shaded children's illustration, friendly rounded shapes, vibrant saturated colors, clean simple composition, kid-friendly educational style, white background",white,complete_pattern
PG-MATH-2.1.43,found_speak.webp,"A single i found the circle, 2D soft-shaded children's illustration, friendly rounded shapes, vibrant saturated colors, clean simple composition, kid-friendly educational style, white background",white,speak_visual
PG-MATH-2.1.43,coin_circle.webp,"A single coin is shaped like a round circle, 2D soft-shaded children's illustration, friendly rounded shapes, vibrant saturated colors, clean simple composition, kid-friendly educational style, white background",white,multiple_choice
PG-MATH-2.1.43,button_circle.webp,"A single button is a round circle, 2D soft-shaded children's illustration, friendly rounded shapes, vibrant saturated colors, clean simple composition, kid-friendly educational style, white background",white,multiple_choice
PG-MATH-2.1.43,badge_circle.webp,"A single final round circle detective badge, 2D soft-shaded children's illustration, friendly rounded shapes, vibrant saturated colors, clean simple composition, kid-friendly educational style, white background",white,multiple_choice
PG-MATH-2.2.44,square_box.webp,"A single object is shaped like a square with 4 equal sides, 2D soft-shaded children's illustration, friendly rounded shapes, vibrant saturated colors, clean simple composition, kid-friendly educational style, white background",white,multiple_choice
PG-MATH-2.2.44,square_window.webp,"A single find the blue square item in the classroom, 2D soft-shaded children's illustration, friendly rounded shapes, vibrant saturated colors, clean simple composition, kid-friendly educational style, white background",white,multiple_choice
PG-MATH-2.2.44,square_block.webp,"A single toy is shaped like a square, 2D soft-shaded children's illustration, friendly rounded shapes, vibrant saturated colors, clean simple composition, kid-friendly educational style, white background",white,multiple_choice
PG-MATH-2.2.44,square_frame.webp,"A single square picture frame, 2D soft-shaded children's illustration, friendly rounded shapes, vibrant saturated colors, clean simple composition, kid-friendly educational style, white background",white,multiple_choice
PG-MATH-2.2.44,square_tile.webp,"A single board game tile is a square, 2D soft-shaded children's illustration, friendly rounded shapes, vibrant saturated colors, clean simple composition, kid-friendly educational style, white background",white,multiple_choice
PG-MATH-2.2.44,square_speak.webp,"A single square box, 2D soft-shaded children's illustration, friendly rounded shapes, vibrant saturated colors, clean simple composition, kid-friendly educational style, white background",white,speak_visual
PG-MATH-2.2.44,sides_speak.webp,"A single four equal sides, 2D soft-shaded children's illustration, friendly rounded shapes, vibrant saturated colors, clean simple composition, kid-friendly educational style, white background",white,speak_visual
PG-MATH-2.2.44,square_count.webp,"A single blue squares do you see on the wall, 2D soft-shaded children's illustration, friendly rounded shapes, vibrant saturated colors, clean simple composition, kid-friendly educational style",scene,count_object
PG-MATH-2.2.44,gift_count.webp,"A single 3 square gift boxes under the tree, 2D soft-shaded children's illustration, friendly rounded shapes, vibrant saturated colors, clean simple composition, kid-friendly educational style",scene,count_object
PG-MATH-2.2.44,blocks4.webp,"A single rug holds 4 square blocks, 2D soft-shaded children's illustration, friendly rounded shapes, vibrant saturated colors, clean simple composition, kid-friendly educational style, white background",white,multiple_choice
PG-MATH-2.2.44,square1.webp,"A single picture with 1 big blue square, 2D soft-shaded children's illustration, friendly rounded shapes, vibrant saturated colors, clean simple composition, kid-friendly educational style, white background",white,multiple_choice
PG-MATH-2.2.44,napkin_square.webp,"A single napkin is folded into a square, 2D soft-shaded children's illustration, friendly rounded shapes, vibrant saturated colors, clean simple composition, kid-friendly educational style, white background",white,multiple_choice
PG-MATH-2.2.44,cushion_square.webp,"A single cushion is a square shape, 2D soft-shaded children's illustration, friendly rounded shapes, vibrant saturated colors, clean simple composition, kid-friendly educational style, white background",white,multiple_choice
PG-MATH-2.2.44,badge_square.webp,"A single final square box detective badge, 2D soft-shaded children's illustration, friendly rounded shapes, vibrant saturated colors, clean simple composition, kid-friendly educational style, white background",white,multiple_choice
PG-MATH-2.3.45,tri_slice.webp,"A single object has 3 corners and is shaped like a triangle, 2D soft-shaded children's illustration, friendly rounded shapes, vibrant saturated colors, clean simple composition, kid-friendly educational style, white background",white,multiple_choice
PG-MATH-2.3.45,tri_hat.webp,"A single find the yellow triangle item at the party, 2D soft-shaded children's illustration, friendly rounded shapes, vibrant saturated colors, clean simple composition, kid-friendly educational style, white background",white,multiple_choice
PG-MATH-2.3.45,tri_sign.webp,"A single sign on the road is a triangle shape, 2D soft-shaded children's illustration, friendly rounded shapes, vibrant saturated colors, clean simple composition, kid-friendly educational style, white background",white,multiple_choice
PG-MATH-2.3.45,tri_peak.webp,"A single triangle mountain peak, 2D soft-shaded children's illustration, friendly rounded shapes, vibrant saturated colors, clean simple composition, kid-friendly educational style, white background",white,multiple_choice
PG-MATH-2.3.45,tri_watermelon.webp,"A single food slice is a triangle shape, 2D soft-shaded children's illustration, friendly rounded shapes, vibrant saturated colors, clean simple composition, kid-friendly educational style, white background",white,multiple_choice
PG-MATH-2.3.45,tri_speak.webp,"A single triangle mountain, 2D soft-shaded children's illustration, friendly rounded shapes, vibrant saturated colors, clean simple composition, kid-friendly educational style, white background",white,speak_visual
PG-MATH-2.3.45,corners_speak.webp,"A single three corners, 2D soft-shaded children's illustration, friendly rounded shapes, vibrant saturated colors, clean simple composition, kid-friendly educational style, white background",white,speak_visual
PG-MATH-2.3.45,tri_count.webp,"A single yellow triangles do you see on the banner, 2D soft-shaded children's illustration, friendly rounded shapes, vibrant saturated colors, clean simple composition, kid-friendly educational style",scene,count_object
PG-MATH-2.3.45,peak_count.webp,"A single 5 triangle mountain peaks in the distance, 2D soft-shaded children's illustration, friendly rounded shapes, vibrant saturated colors, clean simple composition, kid-friendly educational style",scene,count_object
PG-MATH-2.3.45,pizza3.webp,"A single tray holds 3 triangle pizza slices, 2D soft-shaded children's illustration, friendly rounded shapes, vibrant saturated colors, clean simple composition, kid-friendly educational style, white background",white,multiple_choice
PG-MATH-2.3.45,tri1.webp,"A single picture with 1 big yellow triangle, 2D soft-shaded children's illustration, friendly rounded shapes, vibrant saturated colors, clean simple composition, kid-friendly educational style, white background",white,multiple_choice
PG-MATH-2.3.45,tri_instrument.webp,"A single music instrument is shaped like a triangle, 2D soft-shaded children's illustration, friendly rounded shapes, vibrant saturated colors, clean simple composition, kid-friendly educational style, white background",white,multiple_choice
PG-MATH-2.3.45,sail_tri.webp,"A single sailboat sail is a triangle shape, 2D soft-shaded children's illustration, friendly rounded shapes, vibrant saturated colors, clean simple composition, kid-friendly educational style, white background",white,multiple_choice
PG-MATH-2.3.45,badge_tri.webp,"A single final triangle mountain quest badge, 2D soft-shaded children's illustration, friendly rounded shapes, vibrant saturated colors, clean simple composition, kid-friendly educational style, white background",white,multiple_choice
PG-MATH-2.4.46,rect_door.webp,"A single object is shaped like a long rectangle with 2 long and 2 short sides, 2D soft-shaded children's illustration, friendly rounded shapes, vibrant saturated colors, clean simple composition, kid-friendly educational style, white background",white,multiple_choice
PG-MATH-2.4.46,rect_board.webp,"A single find the orange rectangle item in the classroom, 2D soft-shaded children's illustration, friendly rounded shapes, vibrant saturated colors, clean simple composition, kid-friendly educational style, white background",white,multiple_choice
PG-MATH-2.4.46,rect_bus.webp,"A single toy is shaped like a long rectangle, 2D soft-shaded children's illustration, friendly rounded shapes, vibrant saturated colors, clean simple composition, kid-friendly educational style, white background",white,multiple_choice
PG-MATH-2.4.46,rect_box.webp,"A single rectangle cereal box, 2D soft-shaded children's illustration, friendly rounded shapes, vibrant saturated colors, clean simple composition, kid-friendly educational style, white background",white,multiple_choice
PG-MATH-2.4.46,rect_phone.webp,"A single smartphone is a long rectangle shape, 2D soft-shaded children's illustration, friendly rounded shapes, vibrant saturated colors, clean simple composition, kid-friendly educational style, white background",white,multiple_choice
PG-MATH-2.4.46,rect_speak.webp,"A single long rectangle, 2D soft-shaded children's illustration, friendly rounded shapes, vibrant saturated colors, clean simple composition, kid-friendly educational style, white background",white,speak_visual
PG-MATH-2.4.46,rect_count.webp,"A single orange rectangles do you see on the wall, 2D soft-shaded children's illustration, friendly rounded shapes, vibrant saturated colors, clean simple composition, kid-friendly educational style",scene,count_object
PG-MATH-2.4.46,book_count.webp,"A single 3 rectangle books on the teacher's desk, 2D soft-shaded children's illustration, friendly rounded shapes, vibrant saturated colors, clean simple composition, kid-friendly educational style",scene,count_object
PG-MATH-2.4.46,boxes4.webp,"A single shelf holds 4 rectangle boxes, 2D soft-shaded children's illustration, friendly rounded shapes, vibrant saturated colors, clean simple composition, kid-friendly educational style, white background",white,multiple_choice
PG-MATH-2.4.46,rect1.webp,"A single picture with 1 big orange rectangle, 2D soft-shaded children's illustration, friendly rounded shapes, vibrant saturated colors, clean simple composition, kid-friendly educational style, white background",white,multiple_choice
PG-MATH-2.4.46,env_rect.webp,"A single envelope is a rectangle shape, 2D soft-shaded children's illustration, friendly rounded shapes, vibrant saturated colors, clean simple composition, kid-friendly educational style, white background",white,multiple_choice
PG-MATH-2.4.46,rug_rect.webp,"A single rug is a long rectangle shape, 2D soft-shaded children's illustration, friendly rounded shapes, vibrant saturated colors, clean simple composition, kid-friendly educational style, white background",white,multiple_choice
PG-MATH-2.4.46,badge_rect.webp,"A single final long rectangle explorer badge, 2D soft-shaded children's illustration, friendly rounded shapes, vibrant saturated colors, clean simple composition, kid-friendly educational style, white background",white,multiple_choice
PG-MATH-2.5.47,shape_circle.webp,"A single shape is the round circle, 2D soft-shaded children's illustration, friendly rounded shapes, vibrant saturated colors, clean simple composition, kid-friendly educational style, white background",white,multiple_choice
PG-MATH-2.5.47,shape_square.webp,"A single shape is the 4-sided equal square, 2D soft-shaded children's illustration, friendly rounded shapes, vibrant saturated colors, clean simple composition, kid-friendly educational style, white background",white,multiple_choice
PG-MATH-2.5.47,shape_tri.webp,"A single shape is the 3-cornered triangle, 2D soft-shaded children's illustration, friendly rounded shapes, vibrant saturated colors, clean simple composition, kid-friendly educational style, white background",white,multiple_choice
PG-MATH-2.5.47,shape_rect.webp,"A single shape is the long rectangle, 2D soft-shaded children's illustration, friendly rounded shapes, vibrant saturated colors, clean simple composition, kid-friendly educational style, white background",white,multiple_choice
PG-MATH-2.5.47,shapes_count.webp,"A single total shapes do you see on the treasure map, 2D soft-shaded children's illustration, friendly rounded shapes, vibrant saturated colors, clean simple composition, kid-friendly educational style",scene,count_object
PG-MATH-2.5.47,badge_count.webp,"A single 5 shape badges collected by leo, 2D soft-shaded children's illustration, friendly rounded shapes, vibrant saturated colors, clean simple composition, kid-friendly educational style, white background",white,count_object
PG-MATH-2.5.47,pattern_q11.webp,"A single what comes next: 🟡 🟦 🔺 🟡 🟦 _, 2D soft-shaded children's illustration, friendly rounded shapes, vibrant saturated colors, clean simple composition, kid-friendly educational style, white background",white,complete_pattern
PG-MATH-2.5.47,pattern_q12.webp,"A single complete final shape island sequence: circle square triangle rectangle _, 2D soft-shaded children's illustration, friendly rounded shapes, vibrant saturated colors, clean simple composition, kid-friendly educational style, white background",white,complete_pattern
PG-MATH-2.5.47,nocorners.webp,"A single shape has no corners, 2D soft-shaded children's illustration, friendly rounded shapes, vibrant saturated colors, clean simple composition, kid-friendly educational style, white background",white,multiple_choice
PG-MATH-2.5.47,threecorners.webp,"A single shape has exactly 3 corners, 2D soft-shaded children's illustration, friendly rounded shapes, vibrant saturated colors, clean simple composition, kid-friendly educational style, white background",white,multiple_choice
PG-MATH-2.5.47,foursides.webp,"A single shape has 4 equal sides, 2D soft-shaded children's illustration, friendly rounded shapes, vibrant saturated colors, clean simple composition, kid-friendly educational style, white background",white,multiple_choice
PG-MATH-2.5.47,champ_speak.webp,"A single shape champion, 2D soft-shaded children's illustration, friendly rounded shapes, vibrant saturated colors, clean simple composition, kid-friendly educational style, white background",white,speak_visual
PG-MATH-2.5.47,trophy.webp,"A single final shape island grand master trophy, 2D soft-shaded children's illustration, friendly rounded shapes, vibrant saturated colors, clean simple composition, kid-friendly educational style, white background",white,multiple_choice
PG-MATH-2.5.47,crown.webp,"A single crown to complete world 2, 2D soft-shaded children's illustration, friendly rounded shapes, vibrant saturated colors, clean simple composition, kid-friendly educational style, white background",white,multiple_choice
PG-MATH-3.1.48,red_apple.webp,"A single fruit is bright red, 2D soft-shaded children's illustration, friendly rounded shapes, vibrant saturated colors, clean simple composition, kid-friendly educational style, white background",white,multiple_choice
PG-MATH-3.1.48,blue_sky.webp,"A single item is bright blue, 2D soft-shaded children's illustration, friendly rounded shapes, vibrant saturated colors, clean simple composition, kid-friendly educational style, white background",white,multiple_choice
PG-MATH-3.1.48,yellow_banana.webp,"A single fruit is bright yellow, 2D soft-shaded children's illustration, friendly rounded shapes, vibrant saturated colors, clean simple composition, kid-friendly educational style, white background",white,multiple_choice
PG-MATH-3.1.48,red_truck.webp,"A single red fire engine, 2D soft-shaded children's illustration, friendly rounded shapes, vibrant saturated colors, clean simple composition, kid-friendly educational style, white background",white,multiple_choice
PG-MATH-3.1.48,blue_ocean.webp,"A single blue ocean water, 2D soft-shaded children's illustration, friendly rounded shapes, vibrant saturated colors, clean simple composition, kid-friendly educational style, white background",white,multiple_choice
PG-MATH-3.1.48,colors_speak.webp,"A single red blue yellow, 2D soft-shaded children's illustration, friendly rounded shapes, vibrant saturated colors, clean simple composition, kid-friendly educational style, white background",white,speak_visual
PG-MATH-3.1.48,primary_speak.webp,"A single primary colours, 2D soft-shaded children's illustration, friendly rounded shapes, vibrant saturated colors, clean simple composition, kid-friendly educational style, white background",white,speak_visual
PG-MATH-3.1.48,red_count.webp,"A single red apples are in the basket, 2D soft-shaded children's illustration, friendly rounded shapes, vibrant saturated colors, clean simple composition, kid-friendly educational style",scene,count_object
PG-MATH-3.1.48,blue_count.webp,"A single 4 blue balloons in the sky, 2D soft-shaded children's illustration, friendly rounded shapes, vibrant saturated colors, clean simple composition, kid-friendly educational style",scene,count_object
PG-MATH-3.1.48,yellow_sun.webp,"A single sun is bright yellow, 2D soft-shaded children's illustration, friendly rounded shapes, vibrant saturated colors, clean simple composition, kid-friendly educational style, white background",white,multiple_choice
PG-MATH-3.1.48,red_berries.webp,"A single picture with red strawberries, 2D soft-shaded children's illustration, friendly rounded shapes, vibrant saturated colors, clean simple composition, kid-friendly educational style, white background",white,multiple_choice
PG-MATH-3.1.48,know_speak.webp,"A single i know my colours, 2D soft-shaded children's illustration, friendly rounded shapes, vibrant saturated colors, clean simple composition, kid-friendly educational style, white background",white,speak_visual
PG-MATH-3.1.48,blue_bird.webp,"A single bird is bright blue, 2D soft-shaded children's illustration, friendly rounded shapes, vibrant saturated colors, clean simple composition, kid-friendly educational style, white background",white,multiple_choice
PG-MATH-3.1.48,red_rose.webp,"A single flower is bright red, 2D soft-shaded children's illustration, friendly rounded shapes, vibrant saturated colors, clean simple composition, kid-friendly educational style, white background",white,multiple_choice
PG-MATH-3.1.48,badge_primary.webp,"A single final primary colours hunt badge, 2D soft-shaded children's illustration, friendly rounded shapes, vibrant saturated colors, clean simple composition, kid-friendly educational style, white background",white,multiple_choice
PG-MATH-3.2.49,green_leaf.webp,"A single leaf is bright green, 2D soft-shaded children's illustration, friendly rounded shapes, vibrant saturated colors, clean simple composition, kid-friendly educational style, white background",white,multiple_choice
PG-MATH-3.2.49,orange_carrot.webp,"A single vegetable is bright orange, 2D soft-shaded children's illustration, friendly rounded shapes, vibrant saturated colors, clean simple composition, kid-friendly educational style, white background",white,multiple_choice
PG-MATH-3.2.49,purple_grapes.webp,"A single fruit is bright purple, 2D soft-shaded children's illustration, friendly rounded shapes, vibrant saturated colors, clean simple composition, kid-friendly educational style, white background",white,multiple_choice
PG-MATH-3.2.49,green_frog.webp,"A single green frog on the lily pad, 2D soft-shaded children's illustration, friendly rounded shapes, vibrant saturated colors, clean simple composition, kid-friendly educational style, white background",white,multiple_choice
PG-MATH-3.2.49,orange_pumpkin.webp,"A single orange pumpkin in the garden, 2D soft-shaded children's illustration, friendly rounded shapes, vibrant saturated colors, clean simple composition, kid-friendly educational style, white background",white,multiple_choice
PG-MATH-3.2.49,sec_speak.webp,"A single green orange purple, 2D soft-shaded children's illustration, friendly rounded shapes, vibrant saturated colors, clean simple composition, kid-friendly educational style, white background",white,speak_visual
PG-MATH-3.2.49,sec_col_speak.webp,"A single secondary colours, 2D soft-shaded children's illustration, friendly rounded shapes, vibrant saturated colors, clean simple composition, kid-friendly educational style, white background",white,speak_visual
PG-MATH-3.2.49,frog_count.webp,"A single green frogs do you see on lily pads, 2D soft-shaded children's illustration, friendly rounded shapes, vibrant saturated colors, clean simple composition, kid-friendly educational style, white background",white,count_object
PG-MATH-3.2.49,carrot_count.webp,"A single 4 orange carrots in the garden, 2D soft-shaded children's illustration, friendly rounded shapes, vibrant saturated colors, clean simple composition, kid-friendly educational style",scene,count_object
PG-MATH-3.2.49,purple_bunch.webp,"A single bunch has purple grapes, 2D soft-shaded children's illustration, friendly rounded shapes, vibrant saturated colors, clean simple composition, kid-friendly educational style, white background",white,multiple_choice
PG-MATH-3.2.49,green_trees.webp,"A single picture with green trees, 2D soft-shaded children's illustration, friendly rounded shapes, vibrant saturated colors, clean simple composition, kid-friendly educational style, white background",white,multiple_choice
PG-MATH-3.2.49,beautiful_speak.webp,"A single beautiful colours, 2D soft-shaded children's illustration, friendly rounded shapes, vibrant saturated colors, clean simple composition, kid-friendly educational style, white background",white,speak_visual
PG-MATH-3.2.49,green_dino.webp,"A single dinosaur is bright green, 2D soft-shaded children's illustration, friendly rounded shapes, vibrant saturated colors, clean simple composition, kid-friendly educational style, white background",white,multiple_choice
PG-MATH-3.2.49,purple_fly.webp,"A single butterfly is bright purple, 2D soft-shaded children's illustration, friendly rounded shapes, vibrant saturated colors, clean simple composition, kid-friendly educational style, white background",white,multiple_choice
PG-MATH-3.2.49,badge_sec.webp,"A single final secondary colours hunt badge, 2D soft-shaded children's illustration, friendly rounded shapes, vibrant saturated colors, clean simple composition, kid-friendly educational style, white background",white,multiple_choice
PG-MATH-3.3.50,balloon_count.webp,"A single colorful rainbow balloons do you see, 2D soft-shaded children's illustration, friendly rounded shapes, vibrant saturated colors, clean simple composition, kid-friendly educational style, white background",white,count_object
PG-MATH-3.3.50,rainbow_count.webp,"A single 7 rainbow stripes across the sky, 2D soft-shaded children's illustration, friendly rounded shapes, vibrant saturated colors, clean simple composition, kid-friendly educational style, white background",white,count_object
PG-MATH-3.3.50,rainbow_speak.webp,"A single rainbow colour match, 2D soft-shaded children's illustration, friendly rounded shapes, vibrant saturated colors, clean simple composition, kid-friendly educational style, white background",white,speak_visual
PG-MATH-3.3.50,apples4.webp,"A single basket holds 4 green apples, 2D soft-shaded children's illustration, friendly rounded shapes, vibrant saturated colors, clean simple composition, kid-friendly educational style, white background",white,multiple_choice
PG-MATH-3.3.50,rainbow_sky.webp,"A single sky has a bright colorful rainbow, 2D soft-shaded children's illustration, friendly rounded shapes, vibrant saturated colors, clean simple composition, kid-friendly educational style, white background",white,multiple_choice
PG-MATH-3.3.51,red_basket_count.webp,"A single red apples are in the red basket, 2D soft-shaded children's illustration, friendly rounded shapes, vibrant saturated colors, clean simple composition, kid-friendly educational style",scene,count_object
PG-MATH-3.3.51,yellow_basket_count.webp,"A single 5 yellow bananas in the yellow basket, 2D soft-shaded children's illustration, friendly rounded shapes, vibrant saturated colors, clean simple composition, kid-friendly educational style",scene,count_object
PG-MATH-3.3.51,sort_speak.webp,"A single color sorting, 2D soft-shaded children's illustration, friendly rounded shapes, vibrant saturated colors, clean simple composition, kid-friendly educational style, white background",white,speak_visual
PG-MATH-3.3.51,red_speak.webp,"A single red basket, 2D soft-shaded children's illustration, friendly rounded shapes, vibrant saturated colors, clean simple composition, kid-friendly educational style, white background",white,speak_visual
PG-MATH-3.3.51,green3.webp,"A single basket has 3 green cucumbers, 2D soft-shaded children's illustration, friendly rounded shapes, vibrant saturated colors, clean simple composition, kid-friendly educational style, white background",white,multiple_choice
PG-MATH-3.3.51,carrots5.webp,"A single basket has 5 orange carrots, 2D soft-shaded children's illustration, friendly rounded shapes, vibrant saturated colors, clean simple composition, kid-friendly educational style, white background",white,multiple_choice
PG-MATH-3.3.52,color_red.webp,"A single color is the bright red apple, 2D soft-shaded children's illustration, friendly rounded shapes, vibrant saturated colors, clean simple composition, kid-friendly educational style, white background",white,multiple_choice
PG-MATH-3.3.52,color_blue.webp,"A single color is the ocean blue water, 2D soft-shaded children's illustration, friendly rounded shapes, vibrant saturated colors, clean simple composition, kid-friendly educational style, white background",white,multiple_choice
PG-MATH-3.3.52,color_yellow.webp,"A single color is the bright yellow sun, 2D soft-shaded children's illustration, friendly rounded shapes, vibrant saturated colors, clean simple composition, kid-friendly educational style, white background",white,multiple_choice
PG-MATH-3.3.52,color_green.webp,"A single color is the forest green leaf, 2D soft-shaded children's illustration, friendly rounded shapes, vibrant saturated colors, clean simple composition, kid-friendly educational style, white background",white,multiple_choice
PG-MATH-3.3.52,pots_count.webp,"A single rainbow paint pots do you see on the table, 2D soft-shaded children's illustration, friendly rounded shapes, vibrant saturated colors, clean simple composition, kid-friendly educational style",scene,count_object
PG-MATH-3.3.52,balloons_count.webp,"A single 7 rainbow balloons floating high, 2D soft-shaded children's illustration, friendly rounded shapes, vibrant saturated colors, clean simple composition, kid-friendly educational style, white background",white,count_object
PG-MATH-3.3.52,orange_mix.webp,"A single color is made by mixing red & yellow, 2D soft-shaded children's illustration, friendly rounded shapes, vibrant saturated colors, clean simple composition, kid-friendly educational style, white background",white,multiple_choice
PG-MATH-3.3.52,green_mix.webp,"A single color is made by mixing blue & yellow, 2D soft-shaded children's illustration, friendly rounded shapes, vibrant saturated colors, clean simple composition, kid-friendly educational style, white background",white,multiple_choice
PG-MATH-3.3.52,purple_mix.webp,"A single color is made by mixing red & blue, 2D soft-shaded children's illustration, friendly rounded shapes, vibrant saturated colors, clean simple composition, kid-friendly educational style, white background",white,multiple_choice
PG-MATH-3.3.52,love_speak.webp,"A single i love colours, 2D soft-shaded children's illustration, friendly rounded shapes, vibrant saturated colors, clean simple composition, kid-friendly educational style, white background",white,speak_visual
PG-MATH-4.1.53,big_dino.webp,"A single animal is big, 2D soft-shaded children's illustration, friendly rounded shapes, vibrant saturated colors, clean simple composition, kid-friendly educational style, white background",white,multiple_choice
PG-MATH-4.1.53,tiny_mouse.webp,"A single animal is small, 2D soft-shaded children's illustration, friendly rounded shapes, vibrant saturated colors, clean simple composition, kid-friendly educational style, white background",white,multiple_choice
PG-MATH-4.1.53,big_apple.webp,"A single big red apple, 2D soft-shaded children's illustration, friendly rounded shapes, vibrant saturated colors, clean simple composition, kid-friendly educational style, white background",white,multiple_choice
PG-MATH-4.1.53,small_ball.webp,"A single small yellow ball, 2D soft-shaded children's illustration, friendly rounded shapes, vibrant saturated colors, clean simple composition, kid-friendly educational style, white background",white,multiple_choice
PG-MATH-4.1.53,big_tree.webp,"A single tree is big, 2D soft-shaded children's illustration, friendly rounded shapes, vibrant saturated colors, clean simple composition, kid-friendly educational style, white background",white,multiple_choice
PG-MATH-4.1.53,size_speak.webp,"A single big and small, 2D soft-shaded children's illustration, friendly rounded shapes, vibrant saturated colors, clean simple composition, kid-friendly educational style, white background",white,speak_visual
PG-MATH-4.1.53,dino_speak.webp,"A single giant dinosaur, 2D soft-shaded children's illustration, friendly rounded shapes, vibrant saturated colors, clean simple composition, kid-friendly educational style, white background",white,speak_visual
PG-MATH-4.1.53,dino_count.webp,"A single big dinosaurs do you see in the valley, 2D soft-shaded children's illustration, friendly rounded shapes, vibrant saturated colors, clean simple composition, kid-friendly educational style",scene,count_object
PG-MATH-4.1.53,mouse_count.webp,"A single 5 tiny mice eating cheese, 2D soft-shaded children's illustration, friendly rounded shapes, vibrant saturated colors, clean simple composition, kid-friendly educational style, white background",white,count_object
PG-MATH-4.1.53,big_box.webp,"A single box is big, 2D soft-shaded children's illustration, friendly rounded shapes, vibrant saturated colors, clean simple composition, kid-friendly educational style, white background",white,multiple_choice
PG-MATH-4.1.53,small_star.webp,"A single star is small, 2D soft-shaded children's illustration, friendly rounded shapes, vibrant saturated colors, clean simple composition, kid-friendly educational style, white background",white,multiple_choice
PG-MATH-4.1.53,big_house.webp,"A single house is big, 2D soft-shaded children's illustration, friendly rounded shapes, vibrant saturated colors, clean simple composition, kid-friendly educational style, white background",white,multiple_choice
PG-MATH-4.1.53,small_rock.webp,"A single rock is small, 2D soft-shaded children's illustration, friendly rounded shapes, vibrant saturated colors, clean simple composition, kid-friendly educational style, white background",white,multiple_choice
PG-MATH-4.1.53,badge_size.webp,"A single final big & small detective badge, 2D soft-shaded children's illustration, friendly rounded shapes, vibrant saturated colors, clean simple composition, kid-friendly educational style, white background",white,multiple_choice
PG-MATH-4.1.54,big_chest.webp,"A single pirate chest is big, 2D soft-shaded children's illustration, friendly rounded shapes, vibrant saturated colors, clean simple composition, kid-friendly educational style, white background",white,multiple_choice
PG-MATH-4.1.54,small_ship.webp,"A single pirate ship is small, 2D soft-shaded children's illustration, friendly rounded shapes, vibrant saturated colors, clean simple composition, kid-friendly educational style, white background",white,multiple_choice
PG-MATH-4.1.54,big_coin.webp,"A single big gold coin, 2D soft-shaded children's illustration, friendly rounded shapes, vibrant saturated colors, clean simple composition, kid-friendly educational style, white background",white,multiple_choice
PG-MATH-4.1.54,pirate_speak.webp,"A single pirate chest size sort, 2D soft-shaded children's illustration, friendly rounded shapes, vibrant saturated colors, clean simple composition, kid-friendly educational style, white background",white,speak_visual
PG-MATH-4.1.54,treasure_speak.webp,"A single big treasure, 2D soft-shaded children's illustration, friendly rounded shapes, vibrant saturated colors, clean simple composition, kid-friendly educational style, white background",white,speak_visual
PG-MATH-4.1.54,coins_count.webp,"A single big gold coins are in the chest, 2D soft-shaded children's illustration, friendly rounded shapes, vibrant saturated colors, clean simple composition, kid-friendly educational style",scene,count_object
PG-MATH-4.1.54,gems_count.webp,"A single 3 small ruby gems on the map, 2D soft-shaded children's illustration, friendly rounded shapes, vibrant saturated colors, clean simple composition, kid-friendly educational style",scene,count_object
PG-MATH-4.1.54,big_hat.webp,"A single pirate hat is big, 2D soft-shaded children's illustration, friendly rounded shapes, vibrant saturated colors, clean simple composition, kid-friendly educational style, white background",white,multiple_choice
PG-MATH-4.1.54,small_key.webp,"A single picture with 1 small key, 2D soft-shaded children's illustration, friendly rounded shapes, vibrant saturated colors, clean simple composition, kid-friendly educational style, white background",white,multiple_choice
PG-MATH-4.1.54,ahoy_speak.webp,"A single ahoy pirate, 2D soft-shaded children's illustration, friendly rounded shapes, vibrant saturated colors, clean simple composition, kid-friendly educational style, white background",white,speak_visual
PG-MATH-4.1.54,big_scope.webp,"A single telescope is big, 2D soft-shaded children's illustration, friendly rounded shapes, vibrant saturated colors, clean simple composition, kid-friendly educational style, white background",white,multiple_choice
PG-MATH-4.1.54,small_island.webp,"A single island is small, 2D soft-shaded children's illustration, friendly rounded shapes, vibrant saturated colors, clean simple composition, kid-friendly educational style, white background",white,multiple_choice
PG-MATH-4.1.54,badge_pirate.webp,"A single final pirate treasure chest size badge, 2D soft-shaded children's illustration, friendly rounded shapes, vibrant saturated colors, clean simple composition, kid-friendly educational style, white background",white,multiple_choice
PG-MATH-4.2.55,tall_giraffe.webp,"A single safari animal is tall, 2D soft-shaded children's illustration, friendly rounded shapes, vibrant saturated colors, clean simple composition, kid-friendly educational style, white background",white,multiple_choice
PG-MATH-4.2.55,short_meerkat.webp,"A single animal is short, 2D soft-shaded children's illustration, friendly rounded shapes, vibrant saturated colors, clean simple composition, kid-friendly educational style, white background",white,multiple_choice
PG-MATH-4.2.55,tall_tree.webp,"A single tall safari coconut tree, 2D soft-shaded children's illustration, friendly rounded shapes, vibrant saturated colors, clean simple composition, kid-friendly educational style, white background",white,multiple_choice
PG-MATH-4.2.55,short_bush.webp,"A single short bush in the savanna, 2D soft-shaded children's illustration, friendly rounded shapes, vibrant saturated colors, clean simple composition, kid-friendly educational style, white background",white,multiple_choice
PG-MATH-4.2.55,tall_ladder.webp,"A single ladder is tall, 2D soft-shaded children's illustration, friendly rounded shapes, vibrant saturated colors, clean simple composition, kid-friendly educational style, white background",white,multiple_choice
PG-MATH-4.2.55,height_speak.webp,"A single tall and short, 2D soft-shaded children's illustration, friendly rounded shapes, vibrant saturated colors, clean simple composition, kid-friendly educational style, white background",white,speak_visual
PG-MATH-4.2.55,giraffe_speak.webp,"A single tall giraffe, 2D soft-shaded children's illustration, friendly rounded shapes, vibrant saturated colors, clean simple composition, kid-friendly educational style, white background",white,speak_visual
PG-MATH-4.2.55,giraffe_count.webp,"A single tall giraffes are eating leaves, 2D soft-shaded children's illustration, friendly rounded shapes, vibrant saturated colors, clean simple composition, kid-friendly educational style, white background",white,count_object
PG-MATH-4.2.55,meerkat_count.webp,"A single 6 short meerkats standing on guard, 2D soft-shaded children's illustration, friendly rounded shapes, vibrant saturated colors, clean simple composition, kid-friendly educational style, white background",white,count_object
PG-MATH-4.2.55,tall_tower.webp,"A single tower is tall, 2D soft-shaded children's illustration, friendly rounded shapes, vibrant saturated colors, clean simple composition, kid-friendly educational style, white background",white,multiple_choice
PG-MATH-4.2.55,short_grass.webp,"A single grass is short, 2D soft-shaded children's illustration, friendly rounded shapes, vibrant saturated colors, clean simple composition, kid-friendly educational style, white background",white,multiple_choice
PG-MATH-4.2.55,measure_speak.webp,"A single i can measure height, 2D soft-shaded children's illustration, friendly rounded shapes, vibrant saturated colors, clean simple composition, kid-friendly educational style, white background",white,speak_visual
PG-MATH-4.2.55,tall_building.webp,"A single building is tall, 2D soft-shaded children's illustration, friendly rounded shapes, vibrant saturated colors, clean simple composition, kid-friendly educational style, white background",white,multiple_choice
PG-MATH-4.2.55,short_fence.webp,"A single fence is short, 2D soft-shaded children's illustration, friendly rounded shapes, vibrant saturated colors, clean simple composition, kid-friendly educational style, white background",white,multiple_choice
PG-MATH-4.2.55,badge_height.webp,"A single final height quest master badge, 2D soft-shaded children's illustration, friendly rounded shapes, vibrant saturated colors, clean simple composition, kid-friendly educational style, white background",white,multiple_choice
PG-MATH-4.3.56,long_snake.webp,"A single jungle animal is long, 2D soft-shaded children's illustration, friendly rounded shapes, vibrant saturated colors, clean simple composition, kid-friendly educational style, white background",white,multiple_choice
PG-MATH-4.3.56,short_caterpillar.webp,"A single insect is short, 2D soft-shaded children's illustration, friendly rounded shapes, vibrant saturated colors, clean simple composition, kid-friendly educational style, white background",white,multiple_choice
PG-MATH-4.3.56,long_ruler.webp,"A single long wooden ruler, 2D soft-shaded children's illustration, friendly rounded shapes, vibrant saturated colors, clean simple composition, kid-friendly educational style, white background",white,multiple_choice
PG-MATH-4.3.56,short_ribbon.webp,"A single short ribbon on the gift, 2D soft-shaded children's illustration, friendly rounded shapes, vibrant saturated colors, clean simple composition, kid-friendly educational style, white background",white,multiple_choice
PG-MATH-4.3.56,long_train.webp,"A single toy train is long, 2D soft-shaded children's illustration, friendly rounded shapes, vibrant saturated colors, clean simple composition, kid-friendly educational style, white background",white,multiple_choice
PG-MATH-4.3.56,length_speak.webp,"A single long and short, 2D soft-shaded children's illustration, friendly rounded shapes, vibrant saturated colors, clean simple composition, kid-friendly educational style, white background",white,speak_visual
PG-MATH-4.3.56,snake_speak.webp,"A single long snake, 2D soft-shaded children's illustration, friendly rounded shapes, vibrant saturated colors, clean simple composition, kid-friendly educational style, white background",white,speak_visual
PG-MATH-4.3.56,snake_count.webp,"A single long snakes are slithering on the rock, 2D soft-shaded children's illustration, friendly rounded shapes, vibrant saturated colors, clean simple composition, kid-friendly educational style",scene,count_object
PG-MATH-4.3.56,cat_count.webp,"A single 5 short caterpillars on the leaf, 2D soft-shaded children's illustration, friendly rounded shapes, vibrant saturated colors, clean simple composition, kid-friendly educational style",scene,count_object
PG-MATH-4.3.56,long_rope.webp,"A single jump rope is long, 2D soft-shaded children's illustration, friendly rounded shapes, vibrant saturated colors, clean simple composition, kid-friendly educational style, white background",white,multiple_choice
PG-MATH-4.3.56,short_pencil.webp,"A single pencil is short, 2D soft-shaded children's illustration, friendly rounded shapes, vibrant saturated colors, clean simple composition, kid-friendly educational style, white background",white,multiple_choice
PG-MATH-4.3.56,compare_speak.webp,"A single i can compare length, 2D soft-shaded children's illustration, friendly rounded shapes, vibrant saturated colors, clean simple composition, kid-friendly educational style, white background",white,speak_visual
PG-MATH-4.3.56,long_bridge.webp,"A single bridge is long, 2D soft-shaded children's illustration, friendly rounded shapes, vibrant saturated colors, clean simple composition, kid-friendly educational style, white background",white,multiple_choice
PG-MATH-4.3.56,short_tail.webp,"A single tail is short, 2D soft-shaded children's illustration, friendly rounded shapes, vibrant saturated colors, clean simple composition, kid-friendly educational style, white background",white,multiple_choice
PG-MATH-4.3.56,badge_length.webp,"A single final length challenge master badge, 2D soft-shaded children's illustration, friendly rounded shapes, vibrant saturated colors, clean simple composition, kid-friendly educational style, white background",white,multiple_choice
PG-MATH-4.4.57,heavy_elephant.webp,"A single jungle animal is heavy, 2D soft-shaded children's illustration, friendly rounded shapes, vibrant saturated colors, clean simple composition, kid-friendly educational style, white background",white,multiple_choice
PG-MATH-4.4.57,light_feather.webp,"A single object is light, 2D soft-shaded children's illustration, friendly rounded shapes, vibrant saturated colors, clean simple composition, kid-friendly educational style, white background",white,multiple_choice
PG-MATH-4.4.57,heavy_stone.webp,"A single heavy stone boulder, 2D soft-shaded children's illustration, friendly rounded shapes, vibrant saturated colors, clean simple composition, kid-friendly educational style, white background",white,multiple_choice
PG-MATH-4.4.57,light_balloon.webp,"A single light party balloon floating in air, 2D soft-shaded children's illustration, friendly rounded shapes, vibrant saturated colors, clean simple composition, kid-friendly educational style, white background",white,multiple_choice
PG-MATH-4.4.57,heavy_truck.webp,"A single vehicle is heavy, 2D soft-shaded children's illustration, friendly rounded shapes, vibrant saturated colors, clean simple composition, kid-friendly educational style, white background",white,multiple_choice
PG-MATH-4.4.57,weight_speak.webp,"A single heavy and light, 2D soft-shaded children's illustration, friendly rounded shapes, vibrant saturated colors, clean simple composition, kid-friendly educational style, white background",white,speak_visual
PG-MATH-4.4.57,elephant_speak.webp,"A single heavy elephant, 2D soft-shaded children's illustration, friendly rounded shapes, vibrant saturated colors, clean simple composition, kid-friendly educational style, white background",white,speak_visual
PG-MATH-4.4.57,elephant_count.webp,"A single heavy elephants do you see by the river, 2D soft-shaded children's illustration, friendly rounded shapes, vibrant saturated colors, clean simple composition, kid-friendly educational style, white background",white,count_object
PG-MATH-4.4.57,feather_count.webp,"A single 5 light feathers floating down, 2D soft-shaded children's illustration, friendly rounded shapes, vibrant saturated colors, clean simple composition, kid-friendly educational style, white background",white,count_object
PG-MATH-4.4.57,scale_heavy.webp,"A single weight scale has the heavy object down, 2D soft-shaded children's illustration, friendly rounded shapes, vibrant saturated colors, clean simple composition, kid-friendly educational style, white background",white,multiple_choice
PG-MATH-4.4.57,light_float.webp,"A single object is light enough to float in wind, 2D soft-shaded children's illustration, friendly rounded shapes, vibrant saturated colors, clean simple composition, kid-friendly educational style, white background",white,multiple_choice
PG-MATH-4.4.57,heavy_watermelon.webp,"A single fruit is heavy, 2D soft-shaded children's illustration, friendly rounded shapes, vibrant saturated colors, clean simple composition, kid-friendly educational style, white background",white,multiple_choice
PG-MATH-4.4.57,light_kite.webp,"A single toy is light, 2D soft-shaded children's illustration, friendly rounded shapes, vibrant saturated colors, clean simple composition, kid-friendly educational style, white background",white,multiple_choice
PG-MATH-4.4.57,badge_weight.webp,"A single final heavy & light master badge, 2D soft-shaded children's illustration, friendly rounded shapes, vibrant saturated colors, clean simple composition, kid-friendly educational style, white background",white,multiple_choice
PG-MATH-4.5.58,more_jug.webp,"A single container holds more liquid, 2D soft-shaded children's illustration, friendly rounded shapes, vibrant saturated colors, clean simple composition, kid-friendly educational style, white background",white,multiple_choice
PG-MATH-4.5.58,less_cup.webp,"A single container holds less liquid, 2D soft-shaded children's illustration, friendly rounded shapes, vibrant saturated colors, clean simple composition, kid-friendly educational style, white background",white,multiple_choice
PG-MATH-4.5.58,full_jar.webp,"A single container that is full of cookies, 2D soft-shaded children's illustration, friendly rounded shapes, vibrant saturated colors, clean simple composition, kid-friendly educational style, white background",white,multiple_choice
PG-MATH-4.5.58,empty_glass.webp,"A single glass that is empty, 2D soft-shaded children's illustration, friendly rounded shapes, vibrant saturated colors, clean simple composition, kid-friendly educational style, white background",white,multiple_choice
PG-MATH-4.5.58,more_bucket.webp,"A single bucket holds more water, 2D soft-shaded children's illustration, friendly rounded shapes, vibrant saturated colors, clean simple composition, kid-friendly educational style, white background",white,multiple_choice
PG-MATH-4.5.58,capacity_speak.webp,"A single full and empty, 2D soft-shaded children's illustration, friendly rounded shapes, vibrant saturated colors, clean simple composition, kid-friendly educational style, white background",white,speak_visual
PG-MATH-4.5.58,moreless_speak.webp,"A single more and less, 2D soft-shaded children's illustration, friendly rounded shapes, vibrant saturated colors, clean simple composition, kid-friendly educational style, white background",white,speak_visual
PG-MATH-4.5.58,jug_count.webp,"A single full juice jugs are on the table, 2D soft-shaded children's illustration, friendly rounded shapes, vibrant saturated colors, clean simple composition, kid-friendly educational style",scene,count_object
PG-MATH-4.5.58,cookie_count.webp,"A single 5 cookies inside the full jar, 2D soft-shaded children's illustration, friendly rounded shapes, vibrant saturated colors, clean simple composition, kid-friendly educational style, white background",white,count_object
PG-MATH-4.5.58,full_bowl.webp,"A single bowl is full of fruit, 2D soft-shaded children's illustration, friendly rounded shapes, vibrant saturated colors, clean simple composition, kid-friendly educational style, white background",white,multiple_choice
PG-MATH-4.5.58,empty_box.webp,"A single box is empty, 2D soft-shaded children's illustration, friendly rounded shapes, vibrant saturated colors, clean simple composition, kid-friendly educational style, white background",white,multiple_choice
PG-MATH-4.5.58,more_pool.webp,"A single swimming pool holds more water, 2D soft-shaded children's illustration, friendly rounded shapes, vibrant saturated colors, clean simple composition, kid-friendly educational style, white background",white,multiple_choice
PG-MATH-4.5.58,full_basket.webp,"A single basket is full of red apples, 2D soft-shaded children's illustration, friendly rounded shapes, vibrant saturated colors, clean simple composition, kid-friendly educational style, white background",white,multiple_choice
PG-MATH-4.5.58,badge_capacity.webp,"A single final capacity quest master badge, 2D soft-shaded children's illustration, friendly rounded shapes, vibrant saturated colors, clean simple composition, kid-friendly educational style, white background",white,multiple_choice
PG-MATH-5.1.59,diff_duck.webp,"A single animal is different from the rest, 2D soft-shaded children's illustration, friendly rounded shapes, vibrant saturated colors, clean simple composition, kid-friendly educational style, white background",white,multiple_choice
PG-MATH-5.1.59,diff_banana.webp,"A single fruit is different from the apples, 2D soft-shaded children's illustration, friendly rounded shapes, vibrant saturated colors, clean simple composition, kid-friendly educational style, white background",white,multiple_choice
PG-MATH-5.1.59,same_pair.webp,"A single pair that is exactly the same, 2D soft-shaded children's illustration, friendly rounded shapes, vibrant saturated colors, clean simple composition, kid-friendly educational style, white background",white,multiple_choice
PG-MATH-5.1.59,samediff_speak.webp,"A single same and different, 2D soft-shaded children's illustration, friendly rounded shapes, vibrant saturated colors, clean simple composition, kid-friendly educational style, white background",white,speak_visual
PG-MATH-5.1.59,dog_pairs.webp,"A single matching dog pairs do you see, 2D soft-shaded children's illustration, friendly rounded shapes, vibrant saturated colors, clean simple composition, kid-friendly educational style, white background",white,count_object
PG-MATH-5.1.59,apple_same.webp,"A single 4 identical red apple cards, 2D soft-shaded children's illustration, friendly rounded shapes, vibrant saturated colors, clean simple composition, kid-friendly educational style, white background",white,count_object
PG-MATH-5.1.59,diff_car.webp,"A single toy is different from the bouncy balls, 2D soft-shaded children's illustration, friendly rounded shapes, vibrant saturated colors, clean simple composition, kid-friendly educational style, white background",white,multiple_choice
PG-MATH-5.1.59,diff_bird.webp,"A single bird is different from the bluebirds, 2D soft-shaded children's illustration, friendly rounded shapes, vibrant saturated colors, clean simple composition, kid-friendly educational style, white background",white,multiple_choice
PG-MATH-5.1.59,diff_speak.webp,"A single i can find what is different, 2D soft-shaded children's illustration, friendly rounded shapes, vibrant saturated colors, clean simple composition, kid-friendly educational style, white background",white,speak_visual
PG-MATH-5.1.59,diff_hat.webp,"A single hat is different from the birthday hats, 2D soft-shaded children's illustration, friendly rounded shapes, vibrant saturated colors, clean simple composition, kid-friendly educational style, white background",white,multiple_choice
PG-MATH-5.1.59,diff_shoe.webp,"A single shoe is different from the red sneakers, 2D soft-shaded children's illustration, friendly rounded shapes, vibrant saturated colors, clean simple composition, kid-friendly educational style, white background",white,multiple_choice
PG-MATH-5.1.59,badge_samediff.webp,"A single final same & different master badge, 2D soft-shaded children's illustration, friendly rounded shapes, vibrant saturated colors, clean simple composition, kid-friendly educational style, white background",white,multiple_choice
PG-MATH-5.2.60,red_basket.webp,"A single basket is for red fruits, 2D soft-shaded children's illustration, friendly rounded shapes, vibrant saturated colors, clean simple composition, kid-friendly educational style, white background",white,multiple_choice
PG-MATH-5.2.60,yellow_basket.webp,"A single basket is for yellow fruits, 2D soft-shaded children's illustration, friendly rounded shapes, vibrant saturated colors, clean simple composition, kid-friendly educational style, white background",white,multiple_choice
PG-MATH-5.2.60,basket_speak.webp,"A single fruit basket, 2D soft-shaded children's illustration, friendly rounded shapes, vibrant saturated colors, clean simple composition, kid-friendly educational style, white background",white,speak_visual
PG-MATH-5.2.60,apples_count.webp,"A single red apples are sorted in the red basket, 2D soft-shaded children's illustration, friendly rounded shapes, vibrant saturated colors, clean simple composition, kid-friendly educational style",scene,count_object
PG-MATH-5.2.60,bananas_count.webp,"A single 5 yellow bananas in the yellow basket, 2D soft-shaded children's illustration, friendly rounded shapes, vibrant saturated colors, clean simple composition, kid-friendly educational style",scene,count_object
PG-MATH-5.2.60,green_fruit.webp,"A single fruit belongs in the green basket, 2D soft-shaded children's illustration, friendly rounded shapes, vibrant saturated colors, clean simple composition, kid-friendly educational style, white background",white,multiple_choice
PG-MATH-5.2.60,purple_fruit.webp,"A single fruit belongs in the purple basket, 2D soft-shaded children's illustration, friendly rounded shapes, vibrant saturated colors, clean simple composition, kid-friendly educational style, white background",white,multiple_choice
PG-MATH-5.2.60,fruits_speak.webp,"A single i can sort fruits, 2D soft-shaded children's illustration, friendly rounded shapes, vibrant saturated colors, clean simple composition, kid-friendly educational style, white background",white,speak_visual
PG-MATH-5.2.60,red_choice.webp,"A single fruit goes into the red basket, 2D soft-shaded children's illustration, friendly rounded shapes, vibrant saturated colors, clean simple composition, kid-friendly educational style, white background",white,multiple_choice
PG-MATH-5.2.60,orange_choice.webp,"A single fruit goes into the orange basket, 2D soft-shaded children's illustration, friendly rounded shapes, vibrant saturated colors, clean simple composition, kid-friendly educational style, white background",white,multiple_choice
PG-MATH-5.2.60,badge_sort.webp,"A single final fruit sorting master badge, 2D soft-shaded children's illustration, friendly rounded shapes, vibrant saturated colors, clean simple composition, kid-friendly educational style, white background",white,multiple_choice
PG-MATH-5.3.61,circle_chest.webp,"A single toy chest is for circle toys, 2D soft-shaded children's illustration, friendly rounded shapes, vibrant saturated colors, clean simple composition, kid-friendly educational style, white background",white,multiple_choice
PG-MATH-5.3.61,square_chest.webp,"A single toy chest is for square toys, 2D soft-shaded children's illustration, friendly rounded shapes, vibrant saturated colors, clean simple composition, kid-friendly educational style, white background",white,multiple_choice
PG-MATH-5.3.61,shape_speak.webp,"A single sort by shape, 2D soft-shaded children's illustration, friendly rounded shapes, vibrant saturated colors, clean simple composition, kid-friendly educational style, white background",white,speak_visual
PG-MATH-5.3.61,chest_speak.webp,"A single toy chest, 2D soft-shaded children's illustration, friendly rounded shapes, vibrant saturated colors, clean simple composition, kid-friendly educational style, white background",white,speak_visual
PG-MATH-5.3.61,balls_count.webp,"A single round balls are inside the circle chest, 2D soft-shaded children's illustration, friendly rounded shapes, vibrant saturated colors, clean simple composition, kid-friendly educational style, white background",white,count_object
PG-MATH-5.3.61,boxes_count.webp,"A single 3 gift boxes inside the square chest, 2D soft-shaded children's illustration, friendly rounded shapes, vibrant saturated colors, clean simple composition, kid-friendly educational style, white background",white,count_object
PG-MATH-5.3.61,circle_toy.webp,"A single toy belongs in the circle chest, 2D soft-shaded children's illustration, friendly rounded shapes, vibrant saturated colors, clean simple composition, kid-friendly educational style, white background",white,multiple_choice
PG-MATH-5.3.61,tri_toy.webp,"A single toy belongs in the triangle chest, 2D soft-shaded children's illustration, friendly rounded shapes, vibrant saturated colors, clean simple composition, kid-friendly educational style, white background",white,multiple_choice
PG-MATH-5.3.61,square_choice.webp,"A single toy goes into the square chest, 2D soft-shaded children's illustration, friendly rounded shapes, vibrant saturated colors, clean simple composition, kid-friendly educational style, white background",white,multiple_choice
PG-MATH-5.3.61,circle_choice.webp,"A single toy goes into the circle chest, 2D soft-shaded children's illustration, friendly rounded shapes, vibrant saturated colors, clean simple composition, kid-friendly educational style, white background",white,multiple_choice
PG-MATH-5.3.61,badge_toys.webp,"A single final toy sorting master badge, 2D soft-shaded children's illustration, friendly rounded shapes, vibrant saturated colors, clean simple composition, kid-friendly educational style, white background",white,multiple_choice
PG-MATH-5.4.62,big_wardrobe.webp,"A single wardrobe is for big clothes, 2D soft-shaded children's illustration, friendly rounded shapes, vibrant saturated colors, clean simple composition, kid-friendly educational style, white background",white,multiple_choice
PG-MATH-5.4.62,small_basket.webp,"A single basket is for small socks, 2D soft-shaded children's illustration, friendly rounded shapes, vibrant saturated colors, clean simple composition, kid-friendly educational style, white background",white,multiple_choice
PG-MATH-5.4.62,big_shirt.webp,"A single big shirt, 2D soft-shaded children's illustration, friendly rounded shapes, vibrant saturated colors, clean simple composition, kid-friendly educational style, white background",white,multiple_choice
PG-MATH-5.4.62,clothes_speak.webp,"A single big and small clothes, 2D soft-shaded children's illustration, friendly rounded shapes, vibrant saturated colors, clean simple composition, kid-friendly educational style, white background",white,speak_visual
PG-MATH-5.4.62,shirts_count.webp,"A single big shirts are hung in the wardrobe, 2D soft-shaded children's illustration, friendly rounded shapes, vibrant saturated colors, clean simple composition, kid-friendly educational style",scene,count_object
PG-MATH-5.4.62,socks_count.webp,"A single 5 small socks in the laundry basket, 2D soft-shaded children's illustration, friendly rounded shapes, vibrant saturated colors, clean simple composition, kid-friendly educational style",scene,count_object
PG-MATH-5.4.62,big_coat.webp,"A single garment is big, 2D soft-shaded children's illustration, friendly rounded shapes, vibrant saturated colors, clean simple composition, kid-friendly educational style, white background",white,multiple_choice
PG-MATH-5.4.62,small_sock.webp,"A single garment is small, 2D soft-shaded children's illustration, friendly rounded shapes, vibrant saturated colors, clean simple composition, kid-friendly educational style, white background",white,multiple_choice
PG-MATH-5.4.62,big_shoe.webp,"A single shoe is big, 2D soft-shaded children's illustration, friendly rounded shapes, vibrant saturated colors, clean simple composition, kid-friendly educational style, white background",white,multiple_choice
PG-MATH-5.4.62,small_hat.webp,"A single hat is small, 2D soft-shaded children's illustration, friendly rounded shapes, vibrant saturated colors, clean simple composition, kid-friendly educational style, white background",white,multiple_choice
PG-MATH-5.4.62,badge_clothes.webp,"A single final clothes sorting master badge, 2D soft-shaded children's illustration, friendly rounded shapes, vibrant saturated colors, clean simple composition, kid-friendly educational style, white background",white,multiple_choice
PG-MATH-5.5.63,fruit_crate.webp,"A single crate is for fruits, 2D soft-shaded children's illustration, friendly rounded shapes, vibrant saturated colors, clean simple composition, kid-friendly educational style, white background",white,multiple_choice
PG-MATH-5.5.63,veg_crate.webp,"A single crate is for vegetables, 2D soft-shaded children's illustration, friendly rounded shapes, vibrant saturated colors, clean simple composition, kid-friendly educational style, white background",white,multiple_choice
PG-MATH-5.5.63,sweet_fruit.webp,"A single item is a sweet fruit, 2D soft-shaded children's illustration, friendly rounded shapes, vibrant saturated colors, clean simple composition, kid-friendly educational style, white background",white,multiple_choice
PG-MATH-5.5.63,grocery_speak.webp,"A single fruits and vegetables, 2D soft-shaded children's illustration, friendly rounded shapes, vibrant saturated colors, clean simple composition, kid-friendly educational style, white background",white,speak_visual
PG-MATH-5.5.63,class_speak.webp,"A single market classification, 2D soft-shaded children's illustration, friendly rounded shapes, vibrant saturated colors, clean simple composition, kid-friendly educational style, white background",white,speak_visual
PG-MATH-5.5.63,carrots_count.webp,"A single 4 orange carrots in the vegetable crate, 2D soft-shaded children's illustration, friendly rounded shapes, vibrant saturated colors, clean simple composition, kid-friendly educational style",scene,count_object
PG-MATH-5.5.63,veg_choice.webp,"A single item is a vegetable, 2D soft-shaded children's illustration, friendly rounded shapes, vibrant saturated colors, clean simple composition, kid-friendly educational style, white background",white,multiple_choice
PG-MATH-5.5.63,fruit_choice.webp,"A single item is a fruit, 2D soft-shaded children's illustration, friendly rounded shapes, vibrant saturated colors, clean simple composition, kid-friendly educational style, white background",white,multiple_choice
PG-MATH-5.5.63,market_speak.webp,"A single i can classify groceries, 2D soft-shaded children's illustration, friendly rounded shapes, vibrant saturated colors, clean simple composition, kid-friendly educational style, white background",white,speak_visual
PG-MATH-5.5.63,fruit_item.webp,"A single item belongs in the fruit crate, 2D soft-shaded children's illustration, friendly rounded shapes, vibrant saturated colors, clean simple composition, kid-friendly educational style, white background",white,multiple_choice
PG-MATH-5.5.63,veg_item.webp,"A single item belongs in the vegetable crate, 2D soft-shaded children's illustration, friendly rounded shapes, vibrant saturated colors, clean simple composition, kid-friendly educational style, white background",white,multiple_choice
PG-MATH-5.5.63,badge_market.webp,"A single final market classification master badge, 2D soft-shaded children's illustration, friendly rounded shapes, vibrant saturated colors, clean simple composition, kid-friendly educational style, white background",white,multiple_choice
PG-MATH-6.1.64,ab_q1.webp,"A single balloon comes next: red blue red blue red _, 2D soft-shaded children's illustration, friendly rounded shapes, vibrant saturated colors, clean simple composition, kid-friendly educational style, white background",white,complete_pattern
PG-MATH-6.1.64,ab_q2.webp,"A single balloon completes the ab pattern: 🔴 🔵 🔴 🔵 _, 2D soft-shaded children's illustration, friendly rounded shapes, vibrant saturated colors, clean simple composition, kid-friendly educational style, white background",white,complete_pattern
PG-MATH-6.1.64,ab_q3.webp,"A single find the missing middle balloon: red blue _ blue red blue, 2D soft-shaded children's illustration, friendly rounded shapes, vibrant saturated colors, clean simple composition, kid-friendly educational style, white background",white,complete_pattern
PG-MATH-6.1.64,ab_q4.webp,"A single balloon completes the pattern: yellow green yellow green _, 2D soft-shaded children's illustration, friendly rounded shapes, vibrant saturated colors, clean simple composition, kid-friendly educational style, white background",white,complete_pattern
PG-MATH-6.1.64,red_balloon.webp,"A single balloon is the red balloon in the ab pattern, 2D soft-shaded children's illustration, friendly rounded shapes, vibrant saturated colors, clean simple composition, kid-friendly educational style, white background",white,multiple_choice
PG-MATH-6.1.64,blue_balloon.webp,"A single balloon is the blue balloon in the ab pattern, 2D soft-shaded children's illustration, friendly rounded shapes, vibrant saturated colors, clean simple composition, kid-friendly educational style, white background",white,multiple_choice
PG-MATH-6.1.64,pattern_speak.webp,"A single ab pattern, 2D soft-shaded children's illustration, friendly rounded shapes, vibrant saturated colors, clean simple composition, kid-friendly educational style, white background",white,speak_visual
PG-MATH-6.1.64,pattern_q13.webp,"A single what comes next: 🔴 🔵 🔴 🔵 🔴 _, 2D soft-shaded children's illustration, friendly rounded shapes, vibrant saturated colors, clean simple composition, kid-friendly educational style, white background",white,complete_pattern
PG-MATH-6.1.64,pattern_q14.webp,"A single what comes next: 🟡 🟢 🟡 🟢 _, 2D soft-shaded children's illustration, friendly rounded shapes, vibrant saturated colors, clean simple composition, kid-friendly educational style, white background",white,complete_pattern
PG-MATH-6.1.64,solve_speak.webp,"A single i can solve patterns, 2D soft-shaded children's illustration, friendly rounded shapes, vibrant saturated colors, clean simple composition, kid-friendly educational style, white background",white,speak_visual
PG-MATH-6.1.64,choice_ab.webp,"A single balloon completes: 🎈(red) 🎈(blue) 🎈(red) _, 2D soft-shaded children's illustration, friendly rounded shapes, vibrant saturated colors, clean simple composition, kid-friendly educational style, white background",white,multiple_choice
PG-MATH-6.1.64,star_ab.webp,"A single star completes: ⭐(gold) ⭐(silver) ⭐(gold) _, 2D soft-shaded children's illustration, friendly rounded shapes, vibrant saturated colors, clean simple composition, kid-friendly educational style, white background",white,multiple_choice
PG-MATH-6.1.64,badge_ab.webp,"A single final party balloon ab pattern master badge, 2D soft-shaded children's illustration, friendly rounded shapes, vibrant saturated colors, clean simple composition, kid-friendly educational style, white background",white,multiple_choice
PG-MATH-6.2.65,aab_q1.webp,"A single fruit comes next: apple apple banana apple apple _, 2D soft-shaded children's illustration, friendly rounded shapes, vibrant saturated colors, clean simple composition, kid-friendly educational style, white background",white,complete_pattern
PG-MATH-6.2.65,aab_q2.webp,"A single fruit completes the aab pattern: 🍎 🍎 🍌 🍎 🍎 _, 2D soft-shaded children's illustration, friendly rounded shapes, vibrant saturated colors, clean simple composition, kid-friendly educational style, white background",white,complete_pattern
PG-MATH-6.2.65,aab_q3.webp,"A single find the missing fruit: apple apple _ apple apple banana, 2D soft-shaded children's illustration, friendly rounded shapes, vibrant saturated colors, clean simple composition, kid-friendly educational style, white background",white,complete_pattern
PG-MATH-6.2.65,aab_q4.webp,"A single fruit completes: star star moon star star _, 2D soft-shaded children's illustration, friendly rounded shapes, vibrant saturated colors, clean simple composition, kid-friendly educational style, white background",white,complete_pattern
PG-MATH-6.2.65,a_fruit.webp,"A single fruit represents 'a' in the aab apple-apple-banana pattern, 2D soft-shaded children's illustration, friendly rounded shapes, vibrant saturated colors, clean simple composition, kid-friendly educational style, white background",white,multiple_choice
PG-MATH-6.2.65,b_fruit.webp,"A single fruit represents 'b' in the aab apple-apple-banana pattern, 2D soft-shaded children's illustration, friendly rounded shapes, vibrant saturated colors, clean simple composition, kid-friendly educational style, white background",white,multiple_choice
PG-MATH-6.2.65,complete_speak.webp,"A single i can complete aab patterns, 2D soft-shaded children's illustration, friendly rounded shapes, vibrant saturated colors, clean simple composition, kid-friendly educational style, white background",white,speak_visual
PG-MATH-6.2.65,choice_aab.webp,"A single item completes: 🐶 🐶 🐱 🐶 🐶 _, 2D soft-shaded children's illustration, friendly rounded shapes, vibrant saturated colors, clean simple composition, kid-friendly educational style, white background",white,multiple_choice
PG-MATH-6.2.65,vehicle_aab.webp,"A single vehicle completes: 🚗 🚗 🚌 🚗 🚗 _, 2D soft-shaded children's illustration, friendly rounded shapes, vibrant saturated colors, clean simple composition, kid-friendly educational style, white background",white,multiple_choice
PG-MATH-6.2.65,badge_aab.webp,"A single final apple banana aab pattern master badge, 2D soft-shaded children's illustration, friendly rounded shapes, vibrant saturated colors, clean simple composition, kid-friendly educational style, white background",white,multiple_choice
PG-MATH-6.3.66,pattern_q1.webp,"A single celestial symbol comes next: sun moon star sun moon _, 2D soft-shaded children's illustration, friendly rounded shapes, vibrant saturated colors, clean simple composition, kid-friendly educational style, white background",white,complete_pattern
PG-MATH-6.3.66,pattern_q2.webp,"A single symbol completes the pattern: ☀️ 🌙 ⭐ ☀️ 🌙 _, 2D soft-shaded children's illustration, friendly rounded shapes, vibrant saturated colors, clean simple composition, kid-friendly educational style, white background",white,complete_pattern
PG-MATH-6.3.66,pattern_q3.webp,"A single find the missing middle symbol: sun _ star sun moon star, 2D soft-shaded children's illustration, friendly rounded shapes, vibrant saturated colors, clean simple composition, kid-friendly educational style, white background",white,complete_pattern
PG-MATH-6.3.66,sun_symbol.webp,"A single symbol is the sun in the celestial pattern, 2D soft-shaded children's illustration, friendly rounded shapes, vibrant saturated colors, clean simple composition, kid-friendly educational style, white background",white,multiple_choice
PG-MATH-6.3.66,moon_symbol.webp,"A single symbol is the moon in the celestial pattern, 2D soft-shaded children's illustration, friendly rounded shapes, vibrant saturated colors, clean simple composition, kid-friendly educational style, white background",white,multiple_choice
PG-MATH-6.3.66,celestial_speak.webp,"A single sun moon star, 2D soft-shaded children's illustration, friendly rounded shapes, vibrant saturated colors, clean simple composition, kid-friendly educational style, white background",white,speak_visual
PG-MATH-6.3.66,sun_count.webp,"A single total sun symbols are in the pattern line, 2D soft-shaded children's illustration, friendly rounded shapes, vibrant saturated colors, clean simple composition, kid-friendly educational style",scene,count_object
PG-MATH-6.3.66,moon_count.webp,"A single 3 moon symbols in the pattern, 2D soft-shaded children's illustration, friendly rounded shapes, vibrant saturated colors, clean simple composition, kid-friendly educational style",scene,count_object
PG-MATH-6.3.66,choice_pattern.webp,"A single symbol completes: ☀️ 🌙 ⭐ ☀️ _, 2D soft-shaded children's illustration, friendly rounded shapes, vibrant saturated colors, clean simple composition, kid-friendly educational style, white background",white,multiple_choice
PG-MATH-6.3.66,choice_moon.webp,"A single symbol completes: 🌙 ⭐ ☀️ 🌙 _, 2D soft-shaded children's illustration, friendly rounded shapes, vibrant saturated colors, clean simple composition, kid-friendly educational style, white background",white,multiple_choice
PG-MATH-6.3.66,badge_pattern.webp,"A single final sun moon star pattern master badge, 2D soft-shaded children's illustration, friendly rounded shapes, vibrant saturated colors, clean simple composition, kid-friendly educational style, white background",white,multiple_choice
PG-MATH-6.3.66,crown_pattern.webp,"A single crown to complete pattern world, 2D soft-shaded children's illustration, friendly rounded shapes, vibrant saturated colors, clean simple composition, kid-friendly educational style, white background",white,multiple_choice
PG-MATH-6.4.67,foot_q1.webp,"A single footprint comes next: lion paw bear paw lion paw _, 2D soft-shaded children's illustration, friendly rounded shapes, vibrant saturated colors, clean simple composition, kid-friendly educational style, white background",white,complete_pattern
PG-MATH-6.4.67,foot_q2.webp,"A single footprint completes: 🐾(lion) 🐾(bear) 🐾(lion) _, 2D soft-shaded children's illustration, friendly rounded shapes, vibrant saturated colors, clean simple composition, kid-friendly educational style, white background",white,complete_pattern
PG-MATH-6.4.67,foot_q3.webp,"A single find the missing middle footprint: lion paw _ lion paw bear paw, 2D soft-shaded children's illustration, friendly rounded shapes, vibrant saturated colors, clean simple composition, kid-friendly educational style, white background",white,complete_pattern
PG-MATH-6.4.67,lion_paw.webp,"A single footprint belongs to the big lion, 2D soft-shaded children's illustration, friendly rounded shapes, vibrant saturated colors, clean simple composition, kid-friendly educational style, white background",white,multiple_choice
PG-MATH-6.4.67,bear_paw.webp,"A single footprint belongs to the fluffy bear, 2D soft-shaded children's illustration, friendly rounded shapes, vibrant saturated colors, clean simple composition, kid-friendly educational style, white background",white,multiple_choice
PG-MATH-6.4.67,paws_speak.webp,"A single lion paw bear paw, 2D soft-shaded children's illustration, friendly rounded shapes, vibrant saturated colors, clean simple composition, kid-friendly educational style, white background",white,speak_visual
PG-MATH-6.4.67,lion_count.webp,"A single lion paws do you see in the trail, 2D soft-shaded children's illustration, friendly rounded shapes, vibrant saturated colors, clean simple composition, kid-friendly educational style",scene,count_object
PG-MATH-6.4.67,bear_count.webp,"A single 3 bear paws on the muddy path, 2D soft-shaded children's illustration, friendly rounded shapes, vibrant saturated colors, clean simple composition, kid-friendly educational style",scene,count_object
PG-MATH-6.4.67,track_speak.webp,"A single i can track animal footprints, 2D soft-shaded children's illustration, friendly rounded shapes, vibrant saturated colors, clean simple composition, kid-friendly educational style, white background",white,speak_visual
PG-MATH-6.4.67,choice_foot.webp,"A single footprint completes: 🐾 🐾 🦆 🐾 🐾 _, 2D soft-shaded children's illustration, friendly rounded shapes, vibrant saturated colors, clean simple composition, kid-friendly educational style, white background",white,multiple_choice
PG-MATH-6.4.67,choice_frog.webp,"A single footprint completes: 🐸 🐸 🐥 🐸 🐸 _, 2D soft-shaded children's illustration, friendly rounded shapes, vibrant saturated colors, clean simple composition, kid-friendly educational style, white background",white,multiple_choice
PG-MATH-6.4.67,badge_foot.webp,"A single final animal footprint pattern badge, 2D soft-shaded children's illustration, friendly rounded shapes, vibrant saturated colors, clean simple composition, kid-friendly educational style, white background",white,multiple_choice
PG-MATH-6.4.67,binoc.webp,"A single safari binoculars to complete the trail, 2D soft-shaded children's illustration, friendly rounded shapes, vibrant saturated colors, clean simple composition, kid-friendly educational style, white background",white,multiple_choice
PG-MATH-6.5.68,rhythm_q1.webp,"A single instrument sound comes next: drum bell drum bell drum _, 2D soft-shaded children's illustration, friendly rounded shapes, vibrant saturated colors, clean simple composition, kid-friendly educational style, white background",white,complete_pattern
PG-MATH-6.5.68,rhythm_q2.webp,"A single instrument completes: 🥁 🔔 🥁 🔔 _, 2D soft-shaded children's illustration, friendly rounded shapes, vibrant saturated colors, clean simple composition, kid-friendly educational style, white background",white,complete_pattern
PG-MATH-6.5.68,rhythm_q3.webp,"A single find the missing middle beat: drum _ drum bell drum bell, 2D soft-shaded children's illustration, friendly rounded shapes, vibrant saturated colors, clean simple composition, kid-friendly educational style, white background",white,complete_pattern
PG-MATH-6.5.68,drum_inst.webp,"A single instrument makes the loud drum beat, 2D soft-shaded children's illustration, friendly rounded shapes, vibrant saturated colors, clean simple composition, kid-friendly educational style, white background",white,multiple_choice
PG-MATH-6.5.68,bell_inst.webp,"A single instrument makes the ringing bell sound, 2D soft-shaded children's illustration, friendly rounded shapes, vibrant saturated colors, clean simple composition, kid-friendly educational style, white background",white,multiple_choice
PG-MATH-6.5.68,rhythm_speak.webp,"A single music rhythm pattern, 2D soft-shaded children's illustration, friendly rounded shapes, vibrant saturated colors, clean simple composition, kid-friendly educational style, white background",white,speak_visual
PG-MATH-6.5.68,beats_speak.webp,"A single drum bell drum bell, 2D soft-shaded children's illustration, friendly rounded shapes, vibrant saturated colors, clean simple composition, kid-friendly educational style, white background",white,speak_visual
PG-MATH-6.5.68,drums_count.webp,"A single drums are in the music room line, 2D soft-shaded children's illustration, friendly rounded shapes, vibrant saturated colors, clean simple composition, kid-friendly educational style",scene,count_object
PG-MATH-6.5.68,bells_count.webp,"A single 3 golden bells ringing on stage, 2D soft-shaded children's illustration, friendly rounded shapes, vibrant saturated colors, clean simple composition, kid-friendly educational style, white background",white,count_object
PG-MATH-6.5.68,beat_speak.webp,"A single i can keep the rhythm, 2D soft-shaded children's illustration, friendly rounded shapes, vibrant saturated colors, clean simple composition, kid-friendly educational style, white background",white,speak_visual
PG-MATH-6.5.68,choice_rhythm.webp,"A single instrument completes: 🥁 🥁 🔔 🥁 🥁 _, 2D soft-shaded children's illustration, friendly rounded shapes, vibrant saturated colors, clean simple composition, kid-friendly educational style, white background",white,multiple_choice
PG-MATH-6.5.68,choice_guitar.webp,"A single instrument completes: 🎸 🎸 🎺 🎸 🎸 _, 2D soft-shaded children's illustration, friendly rounded shapes, vibrant saturated colors, clean simple composition, kid-friendly educational style, white background",white,multiple_choice
PG-MATH-6.5.68,badge_rhythm.webp,"A single final music rhythm pattern master badge, 2D soft-shaded children's illustration, friendly rounded shapes, vibrant saturated colors, clean simple composition, kid-friendly educational style, white background",white,multiple_choice
PG-MATH-6.5.68,note_gold.webp,"A single golden music note to complete world 6, 2D soft-shaded children's illustration, friendly rounded shapes, vibrant saturated colors, clean simple composition, kid-friendly educational style, white background",white,multiple_choice
PG-MATH-7.1.69,bird_above.webp,"A single animal is above in the sky, 2D soft-shaded children's illustration, friendly rounded shapes, vibrant saturated colors, clean simple composition, kid-friendly educational style, white background",white,multiple_choice
PG-MATH-7.1.69,fish_below.webp,"A single animal is below in the water, 2D soft-shaded children's illustration, friendly rounded shapes, vibrant saturated colors, clean simple composition, kid-friendly educational style, white background",white,multiple_choice
PG-MATH-7.1.69,cloud_above.webp,"A single cloud that is above the tree, 2D soft-shaded children's illustration, friendly rounded shapes, vibrant saturated colors, clean simple composition, kid-friendly educational style, white background",white,multiple_choice
PG-MATH-7.1.69,turtle_below.webp,"A single turtle that is below the water, 2D soft-shaded children's illustration, friendly rounded shapes, vibrant saturated colors, clean simple composition, kid-friendly educational style, white background",white,multiple_choice
PG-MATH-7.1.69,plane_above.webp,"A single aeroplane is flying above the clouds, 2D soft-shaded children's illustration, friendly rounded shapes, vibrant saturated colors, clean simple composition, kid-friendly educational style, white background",white,multiple_choice
PG-MATH-7.1.69,position_speak.webp,"A single above and below, 2D soft-shaded children's illustration, friendly rounded shapes, vibrant saturated colors, clean simple composition, kid-friendly educational style, white background",white,speak_visual
PG-MATH-7.1.69,spatial_speak.webp,"A single bird above fish below, 2D soft-shaded children's illustration, friendly rounded shapes, vibrant saturated colors, clean simple composition, kid-friendly educational style, white background",white,speak_visual
PG-MATH-7.1.69,bird_count.webp,"A single birds are flying above the tree, 2D soft-shaded children's illustration, friendly rounded shapes, vibrant saturated colors, clean simple composition, kid-friendly educational style, white background",white,count_object
PG-MATH-7.1.69,fish_count.webp,"A single 4 fish swimming below the water, 2D soft-shaded children's illustration, friendly rounded shapes, vibrant saturated colors, clean simple composition, kid-friendly educational style, white background",white,count_object
PG-MATH-7.1.69,monkey_above.webp,"A single monkey is sitting above on the branch, 2D soft-shaded children's illustration, friendly rounded shapes, vibrant saturated colors, clean simple composition, kid-friendly educational style, white background",white,multiple_choice
PG-MATH-7.1.69,crab_below.webp,"A single crab is crawling below on the sand, 2D soft-shaded children's illustration, friendly rounded shapes, vibrant saturated colors, clean simple composition, kid-friendly educational style, white background",white,multiple_choice
PG-MATH-7.1.69,kite_above.webp,"A single kite is flying high above in the sky, 2D soft-shaded children's illustration, friendly rounded shapes, vibrant saturated colors, clean simple composition, kid-friendly educational style, white background",white,multiple_choice
PG-MATH-7.1.69,chest_below.webp,"A single treasure is buried below the sand, 2D soft-shaded children's illustration, friendly rounded shapes, vibrant saturated colors, clean simple composition, kid-friendly educational style, white background",white,multiple_choice
PG-MATH-7.1.69,badge_spatial.webp,"A single final spatial position master badge, 2D soft-shaded children's illustration, friendly rounded shapes, vibrant saturated colors, clean simple composition, kid-friendly educational style, white background",white,multiple_choice
PG-MATH-7.2.70,bear_inside.webp,"A single teddy bear is inside the toy box, 2D soft-shaded children's illustration, friendly rounded shapes, vibrant saturated colors, clean simple composition, kid-friendly educational style, white background",white,multiple_choice
PG-MATH-7.2.70,car_outside.webp,"A single toy car is outside on the rug, 2D soft-shaded children's illustration, friendly rounded shapes, vibrant saturated colors, clean simple composition, kid-friendly educational style, white background",white,multiple_choice
PG-MATH-7.2.70,apple_inside.webp,"A single apple that is inside the lunchbox, 2D soft-shaded children's illustration, friendly rounded shapes, vibrant saturated colors, clean simple composition, kid-friendly educational style, white background",white,multiple_choice
PG-MATH-7.2.70,puppy_outside.webp,"A single puppy that is outside the doghouse, 2D soft-shaded children's illustration, friendly rounded shapes, vibrant saturated colors, clean simple composition, kid-friendly educational style, white background",white,multiple_choice
PG-MATH-7.2.70,coin_inside.webp,"A single gold coin is inside the treasure chest, 2D soft-shaded children's illustration, friendly rounded shapes, vibrant saturated colors, clean simple composition, kid-friendly educational style, white background",white,multiple_choice
PG-MATH-7.2.70,inout_speak.webp,"A single inside and outside, 2D soft-shaded children's illustration, friendly rounded shapes, vibrant saturated colors, clean simple composition, kid-friendly educational style, white background",white,speak_visual
PG-MATH-7.2.70,box_speak.webp,"A single toys in the box, 2D soft-shaded children's illustration, friendly rounded shapes, vibrant saturated colors, clean simple composition, kid-friendly educational style, white background",white,speak_visual
PG-MATH-7.2.70,toys_inside_count.webp,"A single toys are packed inside the box, 2D soft-shaded children's illustration, friendly rounded shapes, vibrant saturated colors, clean simple composition, kid-friendly educational style, white background",white,count_object
PG-MATH-7.2.70,balls_outside_count.webp,"A single 3 balls scattered outside on the floor, 2D soft-shaded children's illustration, friendly rounded shapes, vibrant saturated colors, clean simple composition, kid-friendly educational style",scene,count_object
PG-MATH-7.2.70,bird_cage.webp,"A single bird is inside the birdcage, 2D soft-shaded children's illustration, friendly rounded shapes, vibrant saturated colors, clean simple composition, kid-friendly educational style, white background",white,multiple_choice
PG-MATH-7.2.70,kitten_outside.webp,"A single kitten is outside playing in grass, 2D soft-shaded children's illustration, friendly rounded shapes, vibrant saturated colors, clean simple composition, kid-friendly educational style, white background",white,multiple_choice
PG-MATH-7.2.70,pencil_case.webp,"A single pencil is inside the pencil case, 2D soft-shaded children's illustration, friendly rounded shapes, vibrant saturated colors, clean simple composition, kid-friendly educational style, white background",white,multiple_choice
PG-MATH-7.2.70,ball_basket.webp,"A single ball is outside the sports basket, 2D soft-shaded children's illustration, friendly rounded shapes, vibrant saturated colors, clean simple composition, kid-friendly educational style, white background",white,multiple_choice
PG-MATH-7.2.70,badge_inout.webp,"A single final inside & outside master badge, 2D soft-shaded children's illustration, friendly rounded shapes, vibrant saturated colors, clean simple composition, kid-friendly educational style, white background",white,multiple_choice
PG-MATH-7.3.71,hide_behind.webp,"A single cute animal is hiding behind the bush, 2D soft-shaded children's illustration, friendly rounded shapes, vibrant saturated colors, clean simple composition, kid-friendly educational style, white background",white,multiple_choice
PG-MATH-7.3.71,front_lion.webp,"A single lion is standing in front of the safari jeep, 2D soft-shaded children's illustration, friendly rounded shapes, vibrant saturated colors, clean simple composition, kid-friendly educational style, white background",white,multiple_choice
PG-MATH-7.3.71,monkey_behind.webp,"A single monkey hiding behind the big palm tree, 2D soft-shaded children's illustration, friendly rounded shapes, vibrant saturated colors, clean simple composition, kid-friendly educational style, white background",white,multiple_choice
PG-MATH-7.3.71,kitten_front.webp,"A single kitten standing in front of the sofa, 2D soft-shaded children's illustration, friendly rounded shapes, vibrant saturated colors, clean simple composition, kid-friendly educational style, white background",white,multiple_choice
PG-MATH-7.3.71,chest_behind.webp,"A single treasure chest is behind the rock, 2D soft-shaded children's illustration, friendly rounded shapes, vibrant saturated colors, clean simple composition, kid-friendly educational style, white background",white,multiple_choice
PG-MATH-7.3.71,behind_speak.webp,"A single behind and in front, 2D soft-shaded children's illustration, friendly rounded shapes, vibrant saturated colors, clean simple composition, kid-friendly educational style, white background",white,speak_visual
PG-MATH-7.3.71,hideseek_speak.webp,"A single hide and seek, 2D soft-shaded children's illustration, friendly rounded shapes, vibrant saturated colors, clean simple composition, kid-friendly educational style, white background",white,speak_visual
PG-MATH-7.3.71,behind_count.webp,"A single animals are hiding behind bushes, 2D soft-shaded children's illustration, friendly rounded shapes, vibrant saturated colors, clean simple composition, kid-friendly educational style, white background",white,count_object
PG-MATH-7.3.71,jeep_count.webp,"A single 4 safari jeeps parked in front of the gate, 2D soft-shaded children's illustration, friendly rounded shapes, vibrant saturated colors, clean simple composition, kid-friendly educational style, white background",white,count_object
PG-MATH-7.3.71,dog_front.webp,"A single dog is sitting in front of the house, 2D soft-shaded children's illustration, friendly rounded shapes, vibrant saturated colors, clean simple composition, kid-friendly educational style, white background",white,multiple_choice
PG-MATH-7.3.71,child_behind.webp,"A single child is hiding behind the curtain, 2D soft-shaded children's illustration, friendly rounded shapes, vibrant saturated colors, clean simple composition, kid-friendly educational style, white background",white,multiple_choice
PG-MATH-7.3.71,find_speak.webp,"A single i can find hiding animals, 2D soft-shaded children's illustration, friendly rounded shapes, vibrant saturated colors, clean simple composition, kid-friendly educational style, white background",white,speak_visual
PG-MATH-7.3.71,bear_behind.webp,"A single bear is standing behind the waterfall, 2D soft-shaded children's illustration, friendly rounded shapes, vibrant saturated colors, clean simple composition, kid-friendly educational style, white background",white,multiple_choice
PG-MATH-7.3.71,bike_front.webp,"A single bicycle is parked in front of the shop, 2D soft-shaded children's illustration, friendly rounded shapes, vibrant saturated colors, clean simple composition, kid-friendly educational style, white background",white,multiple_choice
PG-MATH-7.3.71,badge_hideseek.webp,"A single final hide & seek master badge, 2D soft-shaded children's illustration, friendly rounded shapes, vibrant saturated colors, clean simple composition, kid-friendly educational style, white background",white,multiple_choice
PG-MATH-7.4.72,zebra_near.webp,"A single zebra is near the safari jeep, 2D soft-shaded children's illustration, friendly rounded shapes, vibrant saturated colors, clean simple composition, kid-friendly educational style, white background",white,multiple_choice
PG-MATH-7.4.72,elephant_far.webp,"A single elephant is far away near the mountain, 2D soft-shaded children's illustration, friendly rounded shapes, vibrant saturated colors, clean simple composition, kid-friendly educational style, white background",white,multiple_choice
PG-MATH-7.4.72,fire_near.webp,"A single campfire that is near ranger leo's tent, 2D soft-shaded children's illustration, friendly rounded shapes, vibrant saturated colors, clean simple composition, kid-friendly educational style, white background",white,multiple_choice
PG-MATH-7.4.72,space_far.webp,"A single spaceship that is far away in deep space, 2D soft-shaded children's illustration, friendly rounded shapes, vibrant saturated colors, clean simple composition, kid-friendly educational style, white background",white,multiple_choice
PG-MATH-7.4.72,boat_near.webp,"A single boat is near the sandy shore, 2D soft-shaded children's illustration, friendly rounded shapes, vibrant saturated colors, clean simple composition, kid-friendly educational style, white background",white,multiple_choice
PG-MATH-7.4.72,nearfar_speak.webp,"A single near and far, 2D soft-shaded children's illustration, friendly rounded shapes, vibrant saturated colors, clean simple composition, kid-friendly educational style, white background",white,speak_visual
PG-MATH-7.4.72,jeep_speak.webp,"A single near the jeep far from tree, 2D soft-shaded children's illustration, friendly rounded shapes, vibrant saturated colors, clean simple composition, kid-friendly educational style, white background",white,speak_visual
PG-MATH-7.4.72,near_count.webp,"A single zebras are standing near the safari jeep, 2D soft-shaded children's illustration, friendly rounded shapes, vibrant saturated colors, clean simple composition, kid-friendly educational style, white background",white,count_object
PG-MATH-7.4.72,far_count.webp,"A single 4 mountains that are far away in the distance, 2D soft-shaded children's illustration, friendly rounded shapes, vibrant saturated colors, clean simple composition, kid-friendly educational style",scene,count_object
PG-MATH-7.4.72,ball_near.webp,"A single ball is near the soccer goal, 2D soft-shaded children's illustration, friendly rounded shapes, vibrant saturated colors, clean simple composition, kid-friendly educational style, white background",white,multiple_choice
PG-MATH-7.4.72,island_far.webp,"A single island is far out in the ocean, 2D soft-shaded children's illustration, friendly rounded shapes, vibrant saturated colors, clean simple composition, kid-friendly educational style, white background",white,multiple_choice
PG-MATH-7.4.72,dist_speak.webp,"A single i can measure distance, 2D soft-shaded children's illustration, friendly rounded shapes, vibrant saturated colors, clean simple composition, kid-friendly educational style, white background",white,speak_visual
PG-MATH-7.4.72,bird_near.webp,"A single bird is near the birdfeeder, 2D soft-shaded children's illustration, friendly rounded shapes, vibrant saturated colors, clean simple composition, kid-friendly educational style, white background",white,multiple_choice
PG-MATH-7.4.72,cloud_far.webp,"A single cloud is far in the sky, 2D soft-shaded children's illustration, friendly rounded shapes, vibrant saturated colors, clean simple composition, kid-friendly educational style, white background",white,multiple_choice
PG-MATH-7.4.72,badge_dist.webp,"A single final distance quest master badge, 2D soft-shaded children's illustration, friendly rounded shapes, vibrant saturated colors, clean simple composition, kid-friendly educational style, white background",white,multiple_choice
PG-MATH-7.5.73,left_paw.webp,"A single paw is mascot leo waving on the left, 2D soft-shaded children's illustration, friendly rounded shapes, vibrant saturated colors, clean simple composition, kid-friendly educational style, white background",white,multiple_choice
PG-MATH-7.5.73,right_paw.webp,"A single paw is mascot leo holding out on the right, 2D soft-shaded children's illustration, friendly rounded shapes, vibrant saturated colors, clean simple composition, kid-friendly educational style, white background",white,multiple_choice
PG-MATH-7.5.73,left_shoe.webp,"A single shoe on the left side, 2D soft-shaded children's illustration, friendly rounded shapes, vibrant saturated colors, clean simple composition, kid-friendly educational style, white background",white,multiple_choice
PG-MATH-7.5.73,right_glove.webp,"A single glove on the right side, 2D soft-shaded children's illustration, friendly rounded shapes, vibrant saturated colors, clean simple composition, kid-friendly educational style, white background",white,multiple_choice
PG-MATH-7.5.73,left_arrow.webp,"A single arrow points to the left, 2D soft-shaded children's illustration, friendly rounded shapes, vibrant saturated colors, clean simple composition, kid-friendly educational style, white background",white,multiple_choice
PG-MATH-7.5.73,direction_speak.webp,"A single left and right, 2D soft-shaded children's illustration, friendly rounded shapes, vibrant saturated colors, clean simple composition, kid-friendly educational style, white background",white,speak_visual
PG-MATH-7.5.73,left_count.webp,"A single left paw prints do you see on the trail, 2D soft-shaded children's illustration, friendly rounded shapes, vibrant saturated colors, clean simple composition, kid-friendly educational style",scene,count_object
PG-MATH-7.5.73,right_count.webp,"A single 5 right paw prints in the mud, 2D soft-shaded children's illustration, friendly rounded shapes, vibrant saturated colors, clean simple composition, kid-friendly educational style",scene,count_object
PG-MATH-7.5.73,right_arrow.webp,"A single arrow points to the right, 2D soft-shaded children's illustration, friendly rounded shapes, vibrant saturated colors, clean simple composition, kid-friendly educational style, white background",white,multiple_choice
PG-MATH-7.5.73,left_door.webp,"A single door is on the left side of the hallway, 2D soft-shaded children's illustration, friendly rounded shapes, vibrant saturated colors, clean simple composition, kid-friendly educational style, white background",white,multiple_choice
PG-MATH-7.5.73,left_turn.webp,"A single turn sign directs cars to the left, 2D soft-shaded children's illustration, friendly rounded shapes, vibrant saturated colors, clean simple composition, kid-friendly educational style, white background",white,multiple_choice
PG-MATH-7.5.73,right_turn.webp,"A single turn sign directs cars to the right, 2D soft-shaded children's illustration, friendly rounded shapes, vibrant saturated colors, clean simple composition, kid-friendly educational style, white background",white,multiple_choice
PG-MATH-7.5.73,badge_direction.webp,"A single final left & right master badge, 2D soft-shaded children's illustration, friendly rounded shapes, vibrant saturated colors, clean simple composition, kid-friendly educational style, white background",white,multiple_choice
PG-MATH-7.6.74,spatial_above.webp,"A single bird is above in the sky, 2D soft-shaded children's illustration, friendly rounded shapes, vibrant saturated colors, clean simple composition, kid-friendly educational style, white background",white,multiple_choice
PG-MATH-7.6.74,spatial_inside.webp,"A single teddy bear is inside the toy box, 2D soft-shaded children's illustration, friendly rounded shapes, vibrant saturated colors, clean simple composition, kid-friendly educational style, white background",white,multiple_choice
PG-MATH-7.6.74,spatial_behind.webp,"A single rabbit is hiding behind the bush, 2D soft-shaded children's illustration, friendly rounded shapes, vibrant saturated colors, clean simple composition, kid-friendly educational style, white background",white,multiple_choice
PG-MATH-7.6.74,spatial_near.webp,"A single zebra is standing near the safari jeep, 2D soft-shaded children's illustration, friendly rounded shapes, vibrant saturated colors, clean simple composition, kid-friendly educational style, white background",white,multiple_choice
PG-MATH-7.6.74,spatial_left.webp,"A single arrow points to the left, 2D soft-shaded children's illustration, friendly rounded shapes, vibrant saturated colors, clean simple composition, kid-friendly educational style, white background",white,multiple_choice
PG-MATH-7.6.74,badges_count.webp,"A single spatial position badges did explorer leo collect, 2D soft-shaded children's illustration, friendly rounded shapes, vibrant saturated colors, clean simple composition, kid-friendly educational style, white background",white,count_object
PG-MATH-7.6.74,signs_count.webp,"A single 6 direction signs pointing the way, 2D soft-shaded children's illustration, friendly rounded shapes, vibrant saturated colors, clean simple composition, kid-friendly educational style, white background",white,count_object
PG-MATH-7.6.74,spatial_below.webp,"A single fish is swimming below the water, 2D soft-shaded children's illustration, friendly rounded shapes, vibrant saturated colors, clean simple composition, kid-friendly educational style, white background",white,multiple_choice
PG-MATH-7.6.74,spatial_far.webp,"A single elephant is far away on the mountain, 2D soft-shaded children's illustration, friendly rounded shapes, vibrant saturated colors, clean simple composition, kid-friendly educational style, white background",white,multiple_choice
PG-MATH-7.6.74,world7_speak.webp,"A single i completed world seven, 2D soft-shaded children's illustration, friendly rounded shapes, vibrant saturated colors, clean simple composition, kid-friendly educational style, white background",white,speak_visual
PG-MATH-7.6.74,compass.webp,"A single compass to complete world 7, 2D soft-shaded children's illustration, friendly rounded shapes, vibrant saturated colors, clean simple composition, kid-friendly educational style, white background",white,multiple_choice
PG-MATH-7.7.75,champion_q1.webp,"A single safari apples: how many red apples are on the tree, 2D soft-shaded children's illustration, friendly rounded shapes, vibrant saturated colors, clean simple composition, kid-friendly educational style, white background",white,multiple_choice
PG-MATH-7.7.75,champion_q2.webp,"A single shape is the round circle, 2D soft-shaded children's illustration, friendly rounded shapes, vibrant saturated colors, clean simple composition, kid-friendly educational style, white background",white,multiple_choice
PG-MATH-7.7.75,champion_q3.webp,"A single fruit is bright red, 2D soft-shaded children's illustration, friendly rounded shapes, vibrant saturated colors, clean simple composition, kid-friendly educational style, white background",white,multiple_choice
PG-MATH-7.7.75,champion_q4.webp,"A single animal is big, 2D soft-shaded children's illustration, friendly rounded shapes, vibrant saturated colors, clean simple composition, kid-friendly educational style, white background",white,multiple_choice
PG-MATH-7.7.75,champion_q5.webp,"A single sort the fruits: which item is a fruit, 2D soft-shaded children's illustration, friendly rounded shapes, vibrant saturated colors, clean simple composition, kid-friendly educational style, white background",white,multiple_choice
PG-MATH-7.7.75,champion_q6.webp,"A single complete the pattern: red blue red _, 2D soft-shaded children's illustration, friendly rounded shapes, vibrant saturated colors, clean simple composition, kid-friendly educational style, white background",white,multiple_choice
PG-MATH-7.7.75,champion_q7.webp,"A single bird is above in the sky, 2D soft-shaded children's illustration, friendly rounded shapes, vibrant saturated colors, clean simple composition, kid-friendly educational style, white background",white,multiple_choice
PG-MATH-7.7.75,champion_speak.webp,"A single play group math grand champion, 2D soft-shaded children's illustration, friendly rounded shapes, vibrant saturated colors, clean simple composition, kid-friendly educational style, white background",white,speak_visual
PG-MATH-7.7.75,pp1_speak.webp,"A single i am ready for pp one, 2D soft-shaded children's illustration, friendly rounded shapes, vibrant saturated colors, clean simple composition, kid-friendly educational style, white background",white,speak_visual
PG-MATH-7.7.75,trophies_count.webp,"A single gold trophies did champion leo earn across all 7 worlds, 2D soft-shaded children's illustration, friendly rounded shapes, vibrant saturated colors, clean simple composition, kid-friendly educational style, white background",white,count_object
PG-MATH-7.7.75,medals_count.webp,"A single 10 grand star medals, 2D soft-shaded children's illustration, friendly rounded shapes, vibrant saturated colors, clean simple composition, kid-friendly educational style, white background",white,count_object
PG-MATH-7.7.75,grand_seq14.webp,"A single complete final curriculum line: 1 2 3 4 5 6 7 8 9 _, 2D soft-shaded children's illustration, friendly rounded shapes, vibrant saturated colors, clean simple composition, kid-friendly educational style, white background",white,complete_pattern
PG-MATH-7.7.75,grand_seq15.webp,"A single complete shape sequence: circle square triangle _, 2D soft-shaded children's illustration, friendly rounded shapes, vibrant saturated colors, clean simple composition, kid-friendly educational style, white background",white,complete_pattern
PG-MATH-7.7.75,final_badge.webp,"A single badge shows you finished all play group math missions, 2D soft-shaded children's illustration, friendly rounded shapes, vibrant saturated colors, clean simple composition, kid-friendly educational style, white background",white,multiple_choice
PG-MATH-7.7.75,golden_trophy.webp,"A single golden champion trophy to claim your 3 stars & coins, 2D soft-shaded children's illustration, friendly rounded shapes, vibrant saturated colors, clean simple composition, kid-friendly educational style, white background",white,multiple_choice
PG-MATH-7.7.75,master_crown.webp,"A single master crown to graduate to pp1 mathematics, 2D soft-shaded children's illustration, friendly rounded shapes, vibrant saturated colors, clean simple composition, kid-friendly educational style, white background",white,multiple_choice
PG-MATH-X.76,trex_hatch.webp,"A single baby t-rex dinosaurs are hatching from eggs, 2D soft-shaded children's illustration, friendly rounded shapes, vibrant saturated colors, clean simple composition, kid-friendly educational style, white background",white,count_object
PG-MATH-X.76,stego_count.webp,"A single 5 green stegosaurus dinosaurs eating leaves, 2D soft-shaded children's illustration, friendly rounded shapes, vibrant saturated colors, clean simple composition, kid-friendly educational style, white background",white,count_object
PG-MATH-X.76,egg3.webp,"A single dino egg has number 3 written on it, 2D soft-shaded children's illustration, friendly rounded shapes, vibrant saturated colors, clean simple composition, kid-friendly educational style, white background",white,multiple_choice
PG-MATH-X.76,volcano5.webp,"A single volcano shows number 5, 2D soft-shaded children's illustration, friendly rounded shapes, vibrant saturated colors, clean simple composition, kid-friendly educational style, white background",white,multiple_choice
PG-MATH-X.76,ptero_count.webp,"A single pterodactyls are flying over the peak, 2D soft-shaded children's illustration, friendly rounded shapes, vibrant saturated colors, clean simple composition, kid-friendly educational style, white background",white,count_object
PG-MATH-X.76,big_foot.webp,"A single footprint is big, 2D soft-shaded children's illustration, friendly rounded shapes, vibrant saturated colors, clean simple composition, kid-friendly educational style, white background",white,multiple_choice
PG-MATH-X.76,nest_inside.webp,"A single nest is inside the cave, 2D soft-shaded children's illustration, friendly rounded shapes, vibrant saturated colors, clean simple composition, kid-friendly educational style, white background",white,multiple_choice
PG-MATH-X.76,badge_dino.webp,"A single final dino quest 76 master badge, 2D soft-shaded children's illustration, friendly rounded shapes, vibrant saturated colors, clean simple composition, kid-friendly educational style, white background",white,multiple_choice
PG-MATH-X.76,dino_foot1.webp,"A single 1 dinosaur footprint on the path, 2D soft-shaded children's illustration, friendly rounded shapes, vibrant saturated colors, clean simple composition, kid-friendly educational style",scene,count_object
PG-MATH-X.76,dino_foot2.webp,"A single 2 dinosaur footprints on the mud, 2D soft-shaded children's illustration, friendly rounded shapes, vibrant saturated colors, clean simple composition, kid-friendly educational style",scene,count_object
PG-MATH-X.76,dino_foot3.webp,"A single 3 dinosaur footprints on the rock, 2D soft-shaded children's illustration, friendly rounded shapes, vibrant saturated colors, clean simple composition, kid-friendly educational style",scene,count_object
PG-MATH-X.76,dino_foot4.webp,"A single 4 dinosaur footprints near the river, 2D soft-shaded children's illustration, friendly rounded shapes, vibrant saturated colors, clean simple composition, kid-friendly educational style, white background",white,count_object
PG-MATH-X.76,dino_foot5.webp,"A single 5 dinosaur footprints in the jungle, 2D soft-shaded children's illustration, friendly rounded shapes, vibrant saturated colors, clean simple composition, kid-friendly educational style",scene,count_object
PG-MATH-X.76,dino_foot6.webp,"A single 6 dinosaur footprints by the cave, 2D soft-shaded children's illustration, friendly rounded shapes, vibrant saturated colors, clean simple composition, kid-friendly educational style, white background",white,count_object
PG-MATH-X.76,dino_foot7.webp,"A single 7 dinosaur footprints on the trail, 2D soft-shaded children's illustration, friendly rounded shapes, vibrant saturated colors, clean simple composition, kid-friendly educational style",scene,count_object
PG-MATH-X.76,dino_foot8.webp,"A single 8 dinosaur footprints near the volcano, 2D soft-shaded children's illustration, friendly rounded shapes, vibrant saturated colors, clean simple composition, kid-friendly educational style, white background",white,count_object
PG-MATH-X.76,dino_speak1.webp,"A single one dinosaur, 2D soft-shaded children's illustration, friendly rounded shapes, vibrant saturated colors, clean simple composition, kid-friendly educational style, white background",white,speak_visual
PG-MATH-X.76,dino_speak2.webp,"A single two footprints, 2D soft-shaded children's illustration, friendly rounded shapes, vibrant saturated colors, clean simple composition, kid-friendly educational style, white background",white,speak_visual
PG-MATH-X.76,dino_speak3.webp,"A single three steps, 2D soft-shaded children's illustration, friendly rounded shapes, vibrant saturated colors, clean simple composition, kid-friendly educational style, white background",white,speak_visual
PG-MATH-X.77,fossil_count.webp,"A single ancient dino fossils are buried in sand, 2D soft-shaded children's illustration, friendly rounded shapes, vibrant saturated colors, clean simple composition, kid-friendly educational style, white background",white,count_object
PG-MATH-X.77,bone_count.webp,"A single 8 bone fragments uncovered by archeologist leo, 2D soft-shaded children's illustration, friendly rounded shapes, vibrant saturated colors, clean simple composition, kid-friendly educational style, white background",white,count_object
PG-MATH-X.77,rock6.webp,"A single fossil rock shows number 6, 2D soft-shaded children's illustration, friendly rounded shapes, vibrant saturated colors, clean simple composition, kid-friendly educational style, white background",white,multiple_choice
PG-MATH-X.77,bone8.webp,"A single bone card shows number 8, 2D soft-shaded children's illustration, friendly rounded shapes, vibrant saturated colors, clean simple composition, kid-friendly educational style, white background",white,multiple_choice
PG-MATH-X.77,fossil_speak.webp,"A single fossil hunt, 2D soft-shaded children's illustration, friendly rounded shapes, vibrant saturated colors, clean simple composition, kid-friendly educational style, white background",white,speak_visual
PG-MATH-X.77,skull_count.webp,"A single fossil skulls did leo dig up, 2D soft-shaded children's illustration, friendly rounded shapes, vibrant saturated colors, clean simple composition, kid-friendly educational style, white background",white,count_object
PG-MATH-X.77,museum_count.webp,"A single 10 dinosaur bones in the museum display, 2D soft-shaded children's illustration, friendly rounded shapes, vibrant saturated colors, clean simple composition, kid-friendly educational style",scene,count_object
PG-MATH-X.77,long_bone.webp,"A single bone is long, 2D soft-shaded children's illustration, friendly rounded shapes, vibrant saturated colors, clean simple composition, kid-friendly educational style, white background",white,multiple_choice
PG-MATH-X.77,heavy_fossil.webp,"A single fossil stone is heavy, 2D soft-shaded children's illustration, friendly rounded shapes, vibrant saturated colors, clean simple composition, kid-friendly educational style, white background",white,multiple_choice
PG-MATH-X.77,leo_speak.webp,"A single archaeologist leo, 2D soft-shaded children's illustration, friendly rounded shapes, vibrant saturated colors, clean simple composition, kid-friendly educational style, white background",white,speak_visual
PG-MATH-X.77,fossil_inside.webp,"A single fossil is inside the rock crate, 2D soft-shaded children's illustration, friendly rounded shapes, vibrant saturated colors, clean simple composition, kid-friendly educational style, white background",white,multiple_choice
PG-MATH-X.77,site_near.webp,"A single dig site is near the river, 2D soft-shaded children's illustration, friendly rounded shapes, vibrant saturated colors, clean simple composition, kid-friendly educational style, white background",white,multiple_choice
PG-MATH-X.77,uncover_speak.webp,"A single i uncovered the fossil, 2D soft-shaded children's illustration, friendly rounded shapes, vibrant saturated colors, clean simple composition, kid-friendly educational style, white background",white,speak_visual
PG-MATH-X.77,badge_fossil.webp,"A single final fossil hunt 77 master badge, 2D soft-shaded children's illustration, friendly rounded shapes, vibrant saturated colors, clean simple composition, kid-friendly educational style, white background",white,multiple_choice
PG-MATH-X.78,foot1.webp,"A single 1 dino footprint on the dirt path, 2D soft-shaded children's illustration, friendly rounded shapes, vibrant saturated colors, clean simple composition, kid-friendly educational style",scene,count_object
PG-MATH-X.78,foot2.webp,"A single 2 dino footprints on the muddy trail, 2D soft-shaded children's illustration, friendly rounded shapes, vibrant saturated colors, clean simple composition, kid-friendly educational style",scene,count_object
PG-MATH-X.78,foot3.webp,"A single 3 dino footprints on the stone path, 2D soft-shaded children's illustration, friendly rounded shapes, vibrant saturated colors, clean simple composition, kid-friendly educational style",scene,count_object
PG-MATH-X.78,foot4.webp,"A single 4 dino footprints near the jungle tree, 2D soft-shaded children's illustration, friendly rounded shapes, vibrant saturated colors, clean simple composition, kid-friendly educational style, white background",white,count_object
PG-MATH-X.78,foot5.webp,"A single 5 dino footprints leading to the cave, 2D soft-shaded children's illustration, friendly rounded shapes, vibrant saturated colors, clean simple composition, kid-friendly educational style, white background",white,count_object
PG-MATH-X.78,foot6.webp,"A single 6 dino footprints near the river bank, 2D soft-shaded children's illustration, friendly rounded shapes, vibrant saturated colors, clean simple composition, kid-friendly educational style, white background",white,count_object
PG-MATH-X.78,foot7.webp,"A single 7 dino footprints in the sandy clearing, 2D soft-shaded children's illustration, friendly rounded shapes, vibrant saturated colors, clean simple composition, kid-friendly educational style",scene,count_object
PG-MATH-X.78,foot8.webp,"A single 8 dino footprints around the volcano, 2D soft-shaded children's illustration, friendly rounded shapes, vibrant saturated colors, clean simple composition, kid-friendly educational style, white background",white,count_object
PG-MATH-X.78,bigfoot.webp,"A single footprint trail is big, 2D soft-shaded children's illustration, friendly rounded shapes, vibrant saturated colors, clean simple composition, kid-friendly educational style, white background",white,multiple_choice
PG-MATH-X.78,longtrack.webp,"A single dino track is long, 2D soft-shaded children's illustration, friendly rounded shapes, vibrant saturated colors, clean simple composition, kid-friendly educational style, white background",white,multiple_choice
PG-MATH-X.78,pitin.webp,"A single footprint is inside the mud pit, 2D soft-shaded children's illustration, friendly rounded shapes, vibrant saturated colors, clean simple composition, kid-friendly educational style, white background",white,multiple_choice
PG-MATH-X.78,trail_speak1.webp,"A single dinosaur trail, 2D soft-shaded children's illustration, friendly rounded shapes, vibrant saturated colors, clean simple composition, kid-friendly educational style, white background",white,speak_visual
PG-MATH-X.78,trail_speak2.webp,"A single big footprint, 2D soft-shaded children's illustration, friendly rounded shapes, vibrant saturated colors, clean simple composition, kid-friendly educational style, white background",white,speak_visual
PG-MATH-X.78,trail_speak3.webp,"A single count the steps, 2D soft-shaded children's illustration, friendly rounded shapes, vibrant saturated colors, clean simple composition, kid-friendly educational style, white background",white,speak_visual
PG-MATH-X.79,egg1.webp,"A single 1 spotted dino egg in the warm nest, 2D soft-shaded children's illustration, friendly rounded shapes, vibrant saturated colors, clean simple composition, kid-friendly educational style",scene,count_object
PG-MATH-X.79,egg2.webp,"A single 2 spotted dino eggs in the nest, 2D soft-shaded children's illustration, friendly rounded shapes, vibrant saturated colors, clean simple composition, kid-friendly educational style",scene,count_object
PG-MATH-X.79,egg4.webp,"A single 4 dino eggs hatching in the nest, 2D soft-shaded children's illustration, friendly rounded shapes, vibrant saturated colors, clean simple composition, kid-friendly educational style",scene,count_object
PG-MATH-X.79,egg5.webp,"A single 5 dino eggs glowing in the warm hatchery, 2D soft-shaded children's illustration, friendly rounded shapes, vibrant saturated colors, clean simple composition, kid-friendly educational style",scene,count_object
PG-MATH-X.79,egg6.webp,"A single 6 baby dinosaurs popping out of eggs, 2D soft-shaded children's illustration, friendly rounded shapes, vibrant saturated colors, clean simple composition, kid-friendly educational style, white background",white,count_object
PG-MATH-X.79,egg7.webp,"A single 7 dinosaur eggs nestled by the palm leaves, 2D soft-shaded children's illustration, friendly rounded shapes, vibrant saturated colors, clean simple composition, kid-friendly educational style, white background",white,count_object
PG-MATH-X.79,egg8.webp,"A single 8 dinosaur eggs inside the hatchery cave, 2D soft-shaded children's illustration, friendly rounded shapes, vibrant saturated colors, clean simple composition, kid-friendly educational style, white background",white,count_object
PG-MATH-X.79,giantegg.webp,"A single dinosaur egg is giant, 2D soft-shaded children's illustration, friendly rounded shapes, vibrant saturated colors, clean simple composition, kid-friendly educational style, white background",white,multiple_choice
PG-MATH-X.79,nestin.webp,"A single egg is inside the warm straw nest, 2D soft-shaded children's illustration, friendly rounded shapes, vibrant saturated colors, clean simple composition, kid-friendly educational style, white background",white,multiple_choice
PG-MATH-X.79,coloregg.webp,"A single what color is the speckled dinosaur egg, 2D soft-shaded children's illustration, friendly rounded shapes, vibrant saturated colors, clean simple composition, kid-friendly educational style, white background",white,multiple_choice
PG-MATH-X.79,egg_speak1.webp,"A single dinosaur egg, 2D soft-shaded children's illustration, friendly rounded shapes, vibrant saturated colors, clean simple composition, kid-friendly educational style, white background",white,speak_visual
PG-MATH-X.79,egg_speak2.webp,"A single hatching baby dino, 2D soft-shaded children's illustration, friendly rounded shapes, vibrant saturated colors, clean simple composition, kid-friendly educational style, white background",white,speak_visual
PG-MATH-X.79,egg_speak3.webp,"A single count the eggs, 2D soft-shaded children's illustration, friendly rounded shapes, vibrant saturated colors, clean simple composition, kid-friendly educational style, white background",white,speak_visual
PG-MATH-X.80,lava1.webp,"A single 1 glowing lava rock on the path, 2D soft-shaded children's illustration, friendly rounded shapes, vibrant saturated colors, clean simple composition, kid-friendly educational style",scene,count_object
PG-MATH-X.80,lava2.webp,"A single 2 stepping stones over the lava river, 2D soft-shaded children's illustration, friendly rounded shapes, vibrant saturated colors, clean simple composition, kid-friendly educational style, white background",white,count_object
PG-MATH-X.80,lava3.webp,"A single 3 lava rocks in a row, 2D soft-shaded children's illustration, friendly rounded shapes, vibrant saturated colors, clean simple composition, kid-friendly educational style, white background",white,count_object
PG-MATH-X.80,lava4.webp,"A single 4 lava stones for leo to jump on, 2D soft-shaded children's illustration, friendly rounded shapes, vibrant saturated colors, clean simple composition, kid-friendly educational style, white background",white,count_object
PG-MATH-X.80,lava5.webp,"A single 5 glowing stepping stones near the volcano, 2D soft-shaded children's illustration, friendly rounded shapes, vibrant saturated colors, clean simple composition, kid-friendly educational style, white background",white,count_object
PG-MATH-X.80,lava6.webp,"A single 6 safe rocks across the glowing lava stream, 2D soft-shaded children's illustration, friendly rounded shapes, vibrant saturated colors, clean simple composition, kid-friendly educational style, white background",white,count_object
PG-MATH-X.80,lava7.webp,"A single 7 lava rocks glowing bright orange, 2D soft-shaded children's illustration, friendly rounded shapes, vibrant saturated colors, clean simple composition, kid-friendly educational style, white background",white,count_object
PG-MATH-X.80,lava8.webp,"A single 8 volcano stepping stones to the finish line, 2D soft-shaded children's illustration, friendly rounded shapes, vibrant saturated colors, clean simple composition, kid-friendly educational style, white background",white,count_object
PG-MATH-X.80,highvolcano.webp,"A single volcano mountain is high, 2D soft-shaded children's illustration, friendly rounded shapes, vibrant saturated colors, clean simple composition, kid-friendly educational style, white background",white,multiple_choice
PG-MATH-X.80,nearcrater.webp,"A single rock is near the volcano crater, 2D soft-shaded children's illustration, friendly rounded shapes, vibrant saturated colors, clean simple composition, kid-friendly educational style, white background",white,multiple_choice
PG-MATH-X.80,lavacolor.webp,"A single what color is glowing hot lava, 2D soft-shaded children's illustration, friendly rounded shapes, vibrant saturated colors, clean simple composition, kid-friendly educational style, white background",white,multiple_choice
PG-MATH-X.80,volcano_speak1.webp,"A single volcano jump, 2D soft-shaded children's illustration, friendly rounded shapes, vibrant saturated colors, clean simple composition, kid-friendly educational style, white background",white,speak_visual
PG-MATH-X.80,volcano_speak2.webp,"A single lava rock, 2D soft-shaded children's illustration, friendly rounded shapes, vibrant saturated colors, clean simple composition, kid-friendly educational style, white background",white,speak_visual
PG-MATH-X.80,volcano_speak3.webp,"A single safe jump, 2D soft-shaded children's illustration, friendly rounded shapes, vibrant saturated colors, clean simple composition, kid-friendly educational style, white background",white,speak_visual
PG-MATH-X.81,palm1.webp,"A single 1 leafy palm tree in the t-rex jungle, 2D soft-shaded children's illustration, friendly rounded shapes, vibrant saturated colors, clean simple composition, kid-friendly educational style",scene,count_object
PG-MATH-X.81,trex2.webp,"A single 2 friendly t-rex dinosaurs running, 2D soft-shaded children's illustration, friendly rounded shapes, vibrant saturated colors, clean simple composition, kid-friendly educational style, white background",white,count_object
PG-MATH-X.81,fern3.webp,"A single 3 jungle ferns along the dash path, 2D soft-shaded children's illustration, friendly rounded shapes, vibrant saturated colors, clean simple composition, kid-friendly educational style, white background",white,count_object
PG-MATH-X.81,track4.webp,"A single 4 roaring t-rex footprints, 2D soft-shaded children's illustration, friendly rounded shapes, vibrant saturated colors, clean simple composition, kid-friendly educational style, white background",white,count_object
PG-MATH-X.81,flower5.webp,"A single 5 sparkling jungle flowers, 2D soft-shaded children's illustration, friendly rounded shapes, vibrant saturated colors, clean simple composition, kid-friendly educational style, white background",white,count_object
PG-MATH-X.81,trex6.webp,"A single 6 t-rex dinosaurs dashing through trees, 2D soft-shaded children's illustration, friendly rounded shapes, vibrant saturated colors, clean simple composition, kid-friendly educational style, white background",white,count_object
PG-MATH-X.81,fruit7.webp,"A single 7 jungle fruit bunches hanging above, 2D soft-shaded children's illustration, friendly rounded shapes, vibrant saturated colors, clean simple composition, kid-friendly educational style, white background",white,count_object
PG-MATH-X.81,step8.webp,"A single 8 t-rex footsteps echoing in the jungle, 2D soft-shaded children's illustration, friendly rounded shapes, vibrant saturated colors, clean simple composition, kid-friendly educational style",scene,count_object
PG-MATH-X.81,talltrex.webp,"A single t-rex dinosaur is tall, 2D soft-shaded children's illustration, friendly rounded shapes, vibrant saturated colors, clean simple composition, kid-friendly educational style, white background",white,multiple_choice
PG-MATH-X.81,fasttrex.webp,"A single t-rex is running fast, 2D soft-shaded children's illustration, friendly rounded shapes, vibrant saturated colors, clean simple composition, kid-friendly educational style, white background",white,multiple_choice
PG-MATH-X.81,fronttree.webp,"A single tree is in front of the t-rex, 2D soft-shaded children's illustration, friendly rounded shapes, vibrant saturated colors, clean simple composition, kid-friendly educational style, white background",white,multiple_choice
PG-MATH-X.81,trex_speak1.webp,"A single t-rex jungle dash, 2D soft-shaded children's illustration, friendly rounded shapes, vibrant saturated colors, clean simple composition, kid-friendly educational style, white background",white,speak_visual
PG-MATH-X.81,trex_speak2.webp,"A single run fast t-rex, 2D soft-shaded children's illustration, friendly rounded shapes, vibrant saturated colors, clean simple composition, kid-friendly educational style, white background",white,speak_visual
PG-MATH-X.81,trex_speak3.webp,"A single jungle safari, 2D soft-shaded children's illustration, friendly rounded shapes, vibrant saturated colors, clean simple composition, kid-friendly educational style, white background",white,speak_visual
PG-MATH-X.82,shield1.webp,"A single 1 horned triceratops shield, 2D soft-shaded children's illustration, friendly rounded shapes, vibrant saturated colors, clean simple composition, kid-friendly educational style, white background",white,count_object
PG-MATH-X.82,horn2.webp,"A single 2 triceratops horns on the frill, 2D soft-shaded children's illustration, friendly rounded shapes, vibrant saturated colors, clean simple composition, kid-friendly educational style",scene,count_object
PG-MATH-X.82,tri3.webp,"A single 3 triceratops dinosaurs in the meadow, 2D soft-shaded children's illustration, friendly rounded shapes, vibrant saturated colors, clean simple composition, kid-friendly educational style",scene,count_object
PG-MATH-X.82,shield4.webp,"A single 4 defensive shields in a row, 2D soft-shaded children's illustration, friendly rounded shapes, vibrant saturated colors, clean simple composition, kid-friendly educational style, white background",white,count_object
PG-MATH-X.82,tri5.webp,"A single 5 triceratops dinosaurs grazing together, 2D soft-shaded children's illustration, friendly rounded shapes, vibrant saturated colors, clean simple composition, kid-friendly educational style, white background",white,count_object
PG-MATH-X.82,shield6.webp,"A single 6 horned shields guarding the herd, 2D soft-shaded children's illustration, friendly rounded shapes, vibrant saturated colors, clean simple composition, kid-friendly educational style, white background",white,count_object
PG-MATH-X.82,badge8.webp,"A single 8 triceratops horn badges in the valley, 2D soft-shaded children's illustration, friendly rounded shapes, vibrant saturated colors, clean simple composition, kid-friendly educational style",scene,count_object
PG-MATH-X.82,shape_q12.webp,"A single shape is the triceratops head shield, 2D soft-shaded children's illustration, friendly rounded shapes, vibrant saturated colors, clean simple composition, kid-friendly educational style, white background",white,multiple_choice
PG-MATH-X.82,wide_q13.webp,"A single triceratops shield is wide, 2D soft-shaded children's illustration, friendly rounded shapes, vibrant saturated colors, clean simple composition, kid-friendly educational style, white background",white,multiple_choice
PG-MATH-X.82,behind_q14.webp,"A single triceratops is behind the bush, 2D soft-shaded children's illustration, friendly rounded shapes, vibrant saturated colors, clean simple composition, kid-friendly educational style, white background",white,multiple_choice
PG-MATH-X.82,tri_speak1.webp,"A single triceratops shield, 2D soft-shaded children's illustration, friendly rounded shapes, vibrant saturated colors, clean simple composition, kid-friendly educational style, white background",white,speak_visual
PG-MATH-X.82,tri_speak2.webp,"A single three horns, 2D soft-shaded children's illustration, friendly rounded shapes, vibrant saturated colors, clean simple composition, kid-friendly educational style, white background",white,speak_visual
PG-MATH-X.82,tri_speak3.webp,"A single strong shield, 2D soft-shaded children's illustration, friendly rounded shapes, vibrant saturated colors, clean simple composition, kid-friendly educational style, white background",white,speak_visual
PG-MATH-X.83,ptero1.webp,"A single 1 flying pterodactyl in the blue sky, 2D soft-shaded children's illustration, friendly rounded shapes, vibrant saturated colors, clean simple composition, kid-friendly educational style",scene,count_object
PG-MATH-X.83,ptero2.webp,"A single 2 pterodactyls soaring over mountain peaks, 2D soft-shaded children's illustration, friendly rounded shapes, vibrant saturated colors, clean simple composition, kid-friendly educational style, white background",white,count_object
PG-MATH-X.83,ptero3.webp,"A single 3 pterodactyls gliding through white clouds, 2D soft-shaded children's illustration, friendly rounded shapes, vibrant saturated colors, clean simple composition, kid-friendly educational style, white background",white,count_object
PG-MATH-X.83,wing4.webp,"A single 4 pterodactyl wings flapping in the wind, 2D soft-shaded children's illustration, friendly rounded shapes, vibrant saturated colors, clean simple composition, kid-friendly educational style",scene,count_object
PG-MATH-X.83,ptero5.webp,"A single 5 pterodactyls flying together in a formation, 2D soft-shaded children's illustration, friendly rounded shapes, vibrant saturated colors, clean simple composition, kid-friendly educational style, white background",white,count_object
PG-MATH-X.83,nest6.webp,"A single 6 cliff nests high above the valley, 2D soft-shaded children's illustration, friendly rounded shapes, vibrant saturated colors, clean simple composition, kid-friendly educational style, white background",white,count_object
PG-MATH-X.83,ptero7.webp,"A single 7 soaring pterodactyls near the sun, 2D soft-shaded children's illustration, friendly rounded shapes, vibrant saturated colors, clean simple composition, kid-friendly educational style, white background",white,count_object
PG-MATH-X.83,highptero.webp,"A single pterodactyl is flying high in the sky, 2D soft-shaded children's illustration, friendly rounded shapes, vibrant saturated colors, clean simple composition, kid-friendly educational style, white background",white,multiple_choice
PG-MATH-X.83,widewings.webp,"A single wingspan is wide, 2D soft-shaded children's illustration, friendly rounded shapes, vibrant saturated colors, clean simple composition, kid-friendly educational style, white background",white,multiple_choice
PG-MATH-X.83,cloudabove.webp,"A single cloud is above the pterodactyl, 2D soft-shaded children's illustration, friendly rounded shapes, vibrant saturated colors, clean simple composition, kid-friendly educational style, white background",white,multiple_choice
PG-MATH-X.83,ptero_speak1.webp,"A single pterodactyl sky flight, 2D soft-shaded children's illustration, friendly rounded shapes, vibrant saturated colors, clean simple composition, kid-friendly educational style, white background",white,speak_visual
PG-MATH-X.83,ptero_speak2.webp,"A single soar high, 2D soft-shaded children's illustration, friendly rounded shapes, vibrant saturated colors, clean simple composition, kid-friendly educational style, white background",white,speak_visual
PG-MATH-X.83,ptero_speak3.webp,"A single flying dinosaur, 2D soft-shaded children's illustration, friendly rounded shapes, vibrant saturated colors, clean simple composition, kid-friendly educational style, white background",white,speak_visual
PG-MATH-X.84,crystal1.webp,"A single 1 glowing crystal inside the dino cave, 2D soft-shaded children's illustration, friendly rounded shapes, vibrant saturated colors, clean simple composition, kid-friendly educational style, white background",white,count_object
PG-MATH-X.84,torch2.webp,"A single 2 cave torches lighting the stone wall, 2D soft-shaded children's illustration, friendly rounded shapes, vibrant saturated colors, clean simple composition, kid-friendly educational style, white background",white,count_object
PG-MATH-X.84,cave3.webp,"A single 3 sleeping cave dinos on the rock bed, 2D soft-shaded children's illustration, friendly rounded shapes, vibrant saturated colors, clean simple composition, kid-friendly educational style",scene,count_object
PG-MATH-X.84,gem4.webp,"A single 4 glowing gemstones in the cave tunnel, 2D soft-shaded children's illustration, friendly rounded shapes, vibrant saturated colors, clean simple composition, kid-friendly educational style",scene,count_object
PG-MATH-X.84,rock5.webp,"A single 5 stalactites hanging from the cave ceiling, 2D soft-shaded children's illustration, friendly rounded shapes, vibrant saturated colors, clean simple composition, kid-friendly educational style, white background",white,count_object
PG-MATH-X.84,crystal6.webp,"A single 6 cave crystals shining bright blue, 2D soft-shaded children's illustration, friendly rounded shapes, vibrant saturated colors, clean simple composition, kid-friendly educational style, white background",white,count_object
PG-MATH-X.84,paint7.webp,"A single 7 dino cave paintings on the wall, 2D soft-shaded children's illustration, friendly rounded shapes, vibrant saturated colors, clean simple composition, kid-friendly educational style",scene,count_object
PG-MATH-X.84,light8.webp,"A single 8 explorer flashlights guiding the path, 2D soft-shaded children's illustration, friendly rounded shapes, vibrant saturated colors, clean simple composition, kid-friendly educational style, white background",white,count_object
PG-MATH-X.84,shinygem.webp,"A single cave crystal is shiny, 2D soft-shaded children's illustration, friendly rounded shapes, vibrant saturated colors, clean simple composition, kid-friendly educational style, white background",white,multiple_choice
PG-MATH-X.84,cavein.webp,"A single sleeping dino is inside the cave, 2D soft-shaded children's illustration, friendly rounded shapes, vibrant saturated colors, clean simple composition, kid-friendly educational style, white background",white,multiple_choice
PG-MATH-X.84,nearin.webp,"A single torch is near the cave entrance, 2D soft-shaded children's illustration, friendly rounded shapes, vibrant saturated colors, clean simple composition, kid-friendly educational style, white background",white,multiple_choice
PG-MATH-X.84,cave_speak1.webp,"A single dinosaur cave explorer, 2D soft-shaded children's illustration, friendly rounded shapes, vibrant saturated colors, clean simple composition, kid-friendly educational style, white background",white,speak_visual
PG-MATH-X.84,cave_speak2.webp,"A single shiny crystals, 2D soft-shaded children's illustration, friendly rounded shapes, vibrant saturated colors, clean simple composition, kid-friendly educational style, white background",white,speak_visual
PG-MATH-X.84,cave_speak3.webp,"A single light the cave, 2D soft-shaded children's illustration, friendly rounded shapes, vibrant saturated colors, clean simple composition, kid-friendly educational style, white background",white,speak_visual
PG-MATH-X.85,trophy1.webp,"A single 1 golden dinosaur trophy in the valley, 2D soft-shaded children's illustration, friendly rounded shapes, vibrant saturated colors, clean simple composition, kid-friendly educational style",scene,count_object
PG-MATH-X.85,badge2.webp,"A single 2 master badges awarded to leo, 2D soft-shaded children's illustration, friendly rounded shapes, vibrant saturated colors, clean simple composition, kid-friendly educational style, white background",white,count_object
PG-MATH-X.85,dino3.webp,"A single 3 dinosaur friends celebrating victory, 2D soft-shaded children's illustration, friendly rounded shapes, vibrant saturated colors, clean simple composition, kid-friendly educational style, white background",white,count_object
PG-MATH-X.85,coin4.webp,"A single 4 star coins collected in dinosaur valley, 2D soft-shaded children's illustration, friendly rounded shapes, vibrant saturated colors, clean simple composition, kid-friendly educational style, white background",white,count_object
PG-MATH-X.85,fire5.webp,"A single 5 sparkling fireworks lighting the sky, 2D soft-shaded children's illustration, friendly rounded shapes, vibrant saturated colors, clean simple composition, kid-friendly educational style, white background",white,count_object
PG-MATH-X.85,banner6.webp,"A single 6 master dinosaur banners waving high, 2D soft-shaded children's illustration, friendly rounded shapes, vibrant saturated colors, clean simple composition, kid-friendly educational style, white background",white,count_object
PG-MATH-X.85,star7.webp,"A single 7 victory star badges on screen, 2D soft-shaded children's illustration, friendly rounded shapes, vibrant saturated colors, clean simple composition, kid-friendly educational style, white background",white,count_object
PG-MATH-X.85,cheer8.webp,"A single 8 dinosaur valley champions cheering, 2D soft-shaded children's illustration, friendly rounded shapes, vibrant saturated colors, clean simple composition, kid-friendly educational style, white background",white,count_object
PG-MATH-X.85,goldtrophy.webp,"A single trophy is golden & shiny, 2D soft-shaded children's illustration, friendly rounded shapes, vibrant saturated colors, clean simple composition, kid-friendly educational style, white background",white,multiple_choice
PG-MATH-X.85,highstar.webp,"A single victory star is high in the sky, 2D soft-shaded children's illustration, friendly rounded shapes, vibrant saturated colors, clean simple composition, kid-friendly educational style, white background",white,multiple_choice
PG-MATH-X.85,masterbadge.webp,"A single dinosaur valley master champion badge, 2D soft-shaded children's illustration, friendly rounded shapes, vibrant saturated colors, clean simple composition, kid-friendly educational style, white background",white,multiple_choice
PG-MATH-X.85,master_speak1.webp,"A single dinosaur valley master, 2D soft-shaded children's illustration, friendly rounded shapes, vibrant saturated colors, clean simple composition, kid-friendly educational style, white background",white,speak_visual
PG-MATH-X.85,master_speak2.webp,"A single victory trophy, 2D soft-shaded children's illustration, friendly rounded shapes, vibrant saturated colors, clean simple composition, kid-friendly educational style, white background",white,speak_visual
PG-MATH-X.85,master_speak3.webp,"A single i am a math champion, 2D soft-shaded children's illustration, friendly rounded shapes, vibrant saturated colors, clean simple composition, kid-friendly educational style, white background",white,speak_visual
PG-MATH-X.86,chest_beach.webp,"A single gold treasure chests are buried on the beach, 2D soft-shaded children's illustration, friendly rounded shapes, vibrant saturated colors, clean simple composition, kid-friendly educational style",scene,count_object
PG-MATH-X.86,flag6.webp,"A single pirate flag shows number 6, 2D soft-shaded children's illustration, friendly rounded shapes, vibrant saturated colors, clean simple composition, kid-friendly educational style, white background",white,multiple_choice
PG-MATH-X.86,parrot_count.webp,"A single pirate parrots are sitting on the mast, 2D soft-shaded children's illustration, friendly rounded shapes, vibrant saturated colors, clean simple composition, kid-friendly educational style",scene,count_object
PG-MATH-X.86,ship_count.webp,"A single 5 pirate ships sailing in the harbor, 2D soft-shaded children's illustration, friendly rounded shapes, vibrant saturated colors, clean simple composition, kid-friendly educational style",scene,count_object
PG-MATH-X.86,heavy_chest.webp,"A single chest is heavy, 2D soft-shaded children's illustration, friendly rounded shapes, vibrant saturated colors, clean simple composition, kid-friendly educational style, white background",white,multiple_choice
PG-MATH-X.86,red_parrot.webp,"A single parrot is bright red, 2D soft-shaded children's illustration, friendly rounded shapes, vibrant saturated colors, clean simple composition, kid-friendly educational style, white background",white,multiple_choice
PG-MATH-X.86,long_glass.webp,"A single spyglass is long, 2D soft-shaded children's illustration, friendly rounded shapes, vibrant saturated colors, clean simple composition, kid-friendly educational style, white background",white,multiple_choice
PG-MATH-X.86,gold_speak.webp,"A single i found the gold, 2D soft-shaded children's illustration, friendly rounded shapes, vibrant saturated colors, clean simple composition, kid-friendly educational style, white background",white,speak_visual
PG-MATH-X.87,coin1.webp,"A single 1 shiny pirate gold coin, 2D soft-shaded children's illustration, friendly rounded shapes, vibrant saturated colors, clean simple composition, kid-friendly educational style, white background",white,count_object
PG-MATH-X.87,coin2.webp,"A single 2 gold coins stacked in the chest, 2D soft-shaded children's illustration, friendly rounded shapes, vibrant saturated colors, clean simple composition, kid-friendly educational style",scene,count_object
PG-MATH-X.87,coin3.webp,"A single 3 gold coins on the treasure map, 2D soft-shaded children's illustration, friendly rounded shapes, vibrant saturated colors, clean simple composition, kid-friendly educational style",scene,count_object
PG-MATH-X.87,coin5.webp,"A single 5 shiny gold coins in the pouch, 2D soft-shaded children's illustration, friendly rounded shapes, vibrant saturated colors, clean simple composition, kid-friendly educational style",scene,count_object
PG-MATH-X.87,coin6.webp,"A single 6 gold coins sparkling in the sun, 2D soft-shaded children's illustration, friendly rounded shapes, vibrant saturated colors, clean simple composition, kid-friendly educational style",scene,count_object
PG-MATH-X.87,coin7.webp,"A single 7 gold coins stacked high on the table, 2D soft-shaded children's illustration, friendly rounded shapes, vibrant saturated colors, clean simple composition, kid-friendly educational style",scene,count_object
PG-MATH-X.87,coin8.webp,"A single 8 gold coins in the pirate treasure pile, 2D soft-shaded children's illustration, friendly rounded shapes, vibrant saturated colors, clean simple composition, kid-friendly educational style",scene,count_object
PG-MATH-X.87,tallstack.webp,"A single coin stack is tall, 2D soft-shaded children's illustration, friendly rounded shapes, vibrant saturated colors, clean simple composition, kid-friendly educational style, white background",white,multiple_choice
PG-MATH-X.87,pouchin.webp,"A single coin is inside the leather pouch, 2D soft-shaded children's illustration, friendly rounded shapes, vibrant saturated colors, clean simple composition, kid-friendly educational style, white background",white,multiple_choice
PG-MATH-X.87,coincol.webp,"A single what color is pirate gold coin, 2D soft-shaded children's illustration, friendly rounded shapes, vibrant saturated colors, clean simple composition, kid-friendly educational style, white background",white,multiple_choice
PG-MATH-X.87,coin_speak1.webp,"A single pirate gold coin, 2D soft-shaded children's illustration, friendly rounded shapes, vibrant saturated colors, clean simple composition, kid-friendly educational style, white background",white,speak_visual
PG-MATH-X.87,coin_speak2.webp,"A single stack the coins, 2D soft-shaded children's illustration, friendly rounded shapes, vibrant saturated colors, clean simple composition, kid-friendly educational style, white background",white,speak_visual
PG-MATH-X.87,coin_speak3.webp,"A single shiny treasure, 2D soft-shaded children's illustration, friendly rounded shapes, vibrant saturated colors, clean simple composition, kid-friendly educational style, white background",white,speak_visual
PG-MATH-X.88,chest1.webp,"A single 1 pirate treasure chest filled with jewels, 2D soft-shaded children's illustration, friendly rounded shapes, vibrant saturated colors, clean simple composition, kid-friendly educational style, white background",white,count_object
PG-MATH-X.88,key2.webp,"A single 2 brass keys to unlock the treasure chest, 2D soft-shaded children's illustration, friendly rounded shapes, vibrant saturated colors, clean simple composition, kid-friendly educational style, white background",white,count_object
PG-MATH-X.88,chest3.webp,"A single 3 pirate treasure chests on the sandy island, 2D soft-shaded children's illustration, friendly rounded shapes, vibrant saturated colors, clean simple composition, kid-friendly educational style",scene,count_object
PG-MATH-X.88,key4.webp,"A single 4 golden keys hanging on the captain's belt, 2D soft-shaded children's illustration, friendly rounded shapes, vibrant saturated colors, clean simple composition, kid-friendly educational style",scene,count_object
PG-MATH-X.88,chest5.webp,"A single 5 treasure chests unlocked by captain leo, 2D soft-shaded children's illustration, friendly rounded shapes, vibrant saturated colors, clean simple composition, kid-friendly educational style, white background",white,count_object
PG-MATH-X.88,lock6.webp,"A single 6 pirate locks glowing with silver numbers, 2D soft-shaded children's illustration, friendly rounded shapes, vibrant saturated colors, clean simple composition, kid-friendly educational style, white background",white,count_object
PG-MATH-X.88,chest7.webp,"A single 7 jeweled treasure chests on pirate island, 2D soft-shaded children's illustration, friendly rounded shapes, vibrant saturated colors, clean simple composition, kid-friendly educational style, white background",white,count_object
PG-MATH-X.88,key8.webp,"A single 8 treasure chest keys in the wooden box, 2D soft-shaded children's illustration, friendly rounded shapes, vibrant saturated colors, clean simple composition, kid-friendly educational style",scene,count_object
PG-MATH-X.88,keymatch3.webp,"A single key matches the lock with number 3, 2D soft-shaded children's illustration, friendly rounded shapes, vibrant saturated colors, clean simple composition, kid-friendly educational style, white background",white,multiple_choice
PG-MATH-X.88,heavychest.webp,"A single treasure chest is heavy, 2D soft-shaded children's illustration, friendly rounded shapes, vibrant saturated colors, clean simple composition, kid-friendly educational style, white background",white,multiple_choice
PG-MATH-X.88,keyin.webp,"A single key is inside the lock, 2D soft-shaded children's illustration, friendly rounded shapes, vibrant saturated colors, clean simple composition, kid-friendly educational style, white background",white,multiple_choice
PG-MATH-X.88,hole_q14.webp,"A single what shape is the keyhole on the chest, 2D soft-shaded children's illustration, friendly rounded shapes, vibrant saturated colors, clean simple composition, kid-friendly educational style, white background",white,multiple_choice
PG-MATH-X.88,chest_speak1.webp,"A single pirate treasure chest, 2D soft-shaded children's illustration, friendly rounded shapes, vibrant saturated colors, clean simple composition, kid-friendly educational style, white background",white,speak_visual
PG-MATH-X.88,chest_speak2.webp,"A single unlock the treasure, 2D soft-shaded children's illustration, friendly rounded shapes, vibrant saturated colors, clean simple composition, kid-friendly educational style, white background",white,speak_visual
PG-MATH-X.88,chest_speak3.webp,"A single golden key, 2D soft-shaded children's illustration, friendly rounded shapes, vibrant saturated colors, clean simple composition, kid-friendly educational style, white background",white,speak_visual
